domain,label,suffix
jjjskphbjytaz.sysu.edu.cn,0.0,edu.cn
imrh-access.gome.com.cn,0.0,com.cn
zdrllhmo.page.link,1.0,page.link
paperswithco.sysu.edu.cn,0.0,edu.cn
juping.baidu.com,0.0,baidu.com
adultbox.club,1.0,adultbox.club
quwjboxhph.sysu.edu.cn,0.0,edu.cn
ver32.jixunjsq.com,0.0,jixunjsq.com
seyso.org,1.0,seyso.org
wiki.hk.mikecrm.com,0.0,mikecrm.com
3f765c382c0d372719b9bf1bf24a8670.safeframe.googlesyndication.com,0.0,googlesyndication.com
upcdn-szbd.bilivideo.com,0.0,bilivideo.com
w4dasvax2nwguyu6jjva-f-219490429-clientnsv4-s.akamaihd.net,0.0,akamaihd.net
clctabtn.page.link,1.0,page.link
grabpanda.com,1.0,grabpanda.com
xiyou.co.cnki.net,0.0,cnki.net
wfttbhath.sysu.edu.cn,0.0,edu.cn
tecrux.net,1.0,tecrux.net
vsfqhlyo.page.link,1.0,page.link
you2mentor.com,1.0,you2mentor.com
freelistingsa.co.za,1.0,co.za
w4dasvax2ll5eyu6jqiq-f-dfb66cd3f-clientnsv4-s.akamaihd.net,0.0,akamaihd.net
iknow-data.cdn.bcebos.com,0.0,bcebos.com
r3---sn-npoldn7d.googlevideo.com,0.0,googlevideo.com
a-0.19-a7000201.0.170c.d0f.3ea5.210.0.p16gjzk7nqt8wqgufitb27z7r6.avts.mcafee.com,0.0,mcafee.com
73a2y5.tdum.alibaba.com,0.0,alibaba.com
nlhatvhg.page.link,1.0,page.link
spatrinity.sysu.edu.cn,0.0,edu.cn
inflatablez.io,1.0,inflatablez.io
dns1.cs.nthu.edu.tw,0.0,edu.tw
blushingtonbeauty.co.uk,1.0,co.uk
letsgo-oman.com,1.0,letsgo-oman.com
issjyinmail.sysu.edu.cn,0.0,edu.cn
3c66b805e6a6f72c3ac0e12a05fd348a.safeframe.googlesyndication.com,0.0,googlesyndication.com
f33309ab0f152a9b4ce51e34864579c8.safeframe.googlesyndication.com,0.0,googlesyndication.com
btsizaucpeg.sysu.edu.cn,0.0,edu.cn
w4dasvaxfdy4syu7ldya-f-f7fca8d06-clientnsv4-s.akamaihd.net,0.0,akamaihd.net
hfc14-nmail.s3.nie.netease.com,0.0,netease.com
3278f180a3524d6c837675c4a98b28be.fp.measure.office.com,0.0,office.com
technologysansar.com,1.0,technologysansar.com
math.berkeley.edu,0.0,berkeley.edu
oversea.cnki.net.fafu.vpn358.com,0.0,vpn358.com
069a129e8dbf1a6a613611f65156d7e1.safeframe.googlesyndication.com,0.0,googlesyndication.com
86dc0373f83642c444ce4438ddb62733.safeframe.googlesyndication.com,0.0,googlesyndication.com
40e5f2716d0cee9d4786ffc2f3065c35.safeframe.googlesyndication.com,0.0,googlesyndication.com
uumu.fi,1.0,uumu.fi
grupobogar.com,1.0,grupobogar.com
www.business-standard.com,0.0,business-standard.com
sb2-hetao.oss-cn-beijing.aliyuncs.com,0.0,aliyuncs.com
only-11005-112-97-84-7.nstool.netease.com,0.0,netease.com
zj2fdlixfqz3eyu6pdyq-f-a412dbb88-clientnsv4-s.akamaihd.net,0.0,akamaihd.net
cdn2.techbang.com,0.0,techbang.com
ieipjfzc.page.link,1.0,page.link
w4dasvaxh7zvgyu6w6oq-pykq92-6e0a395b2-clientnsv4-s.akamaihd.net,0.0,akamaihd.net
ngarengan.com,1.0,ngarengan.com
a73.photo.store.qq.com,0.0,qq.com
dajrnzyqdu.sysu.edu.cn,0.0,edu.cn
gmfylzza.page.link,1.0,page.link
img-szwhg.chaoxing.com,0.0,chaoxing.com
sxsq.2023.ebeenj.com,1.0,ebeenj.com
zgwqx.2023.ebeenj.com,1.0,ebeenj.com
www.mathzh.sysu.edu.cn,0.0,edu.cn
ksfqxcpx.page.link,1.0,page.link
pla-prod-tm-ingest-01.trafficmanager.net,0.0,trafficmanager.net
w4dasvfydplsgyu66wra-f-a59038e84-clientnsv4-s.akamaihd.net,0.0,akamaihd.net
alesryc.sysu.edu.cn,0.0,edu.cn
kizbahaf.page.link,1.0,page.link
d9183bd28a218183b3a5ef49c092634c.safeframe.googlesyndication.com,0.0,googlesyndication.com
tcservices.com,1.0,tcservices.com
eduearn.org,1.0,eduearn.org
ybxlxomx.page.link,1.0,page.link
laughingpenguinleather.files.wordpress.com,0.0,wordpress.com
p3.qpic.cn,0.0,qpic.cn
yaomfjlq.page.link,1.0,page.link
drawbox.pt,1.0,drawbox.pt
cloudhawktech.com,1.0,cloudhawktech.com
w4dasvaxfdy4syu6fjdq-f-71232b914-clientnsv4-s.akamaihd.net,0.0,akamaihd.net
vn.abcxzy.com,1.0,abcxzy.com
gitlab.com,1.0,gitlab.com
ajpglobalshopping.com,1.0,ajpglobalshopping.com
72k6ns9a24zs6ekrzpys2an72qik26mxoejhee2m79611ba59563ec39sac.d.aa.online-metrix.net,0.0,online-metrix.net
72k6ns9attkxykmhgd66tzig5hmfpfvyupv4mz3i1b0e302b32f723a2sac.d.aa.online-metrix.net,0.0,online-metrix.net
vfbolcam.page.link,1.0,page.link
rr5---sn-n8v7sney.googlevideo.com,0.0,googlevideo.com
hillstonmotorinn.com.au,1.0,com.au
nwauwzte.page.link,1.0,page.link
hectorlavarellofoundation.org,1.0,hectorlavarellofoundation.org
44.18.33.45.sbl.spamhaus.org,0.0,spamhaus.org
nuobmkqm.page.link,1.0,page.link
mastersite.fun,1.0,mastersite.fun
jdbyrafi.page.link,1.0,page.link
polipositiva.com.br,1.0,com.br
ouchi-work-mei.com,1.0,ouchi-work-mei.com
satellite-navigation.springeropen.com,0.0,springeropen.com
studentuonschoolnz-my.sharepoint.com,0.0,sharepoint.com
frinddrfbzjl.sysu.edu.cn,0.0,edu.cn
hijrr.com,1.0,hijrr.com
t4.wnacg.top,0.0,wnacg.top
stockjs.finance.qq.com,0.0,qq.com
baff7c4aebc625fbd9242420d90d4513.safeframe.googlesyndication.com,0.0,googlesyndication.com
b23f9dba6ac95108e3323ac9512451e8.safeframe.googlesyndication.com,0.0,googlesyndication.com
38302230e1f091880d1878ab724764c3.safeframe.googlesyndication.com,0.0,googlesyndication.com
26a478820d034dbda2151a8307fe7541.fp.measure.office.com,0.0,office.com
1717.1000uc.com,1.0,1000uc.com
yxbxpkda.page.link,1.0,page.link
smiqjycrl.sysu.edu.cn,0.0,edu.cn
www.patrickforeilly.com,1.0,patrickforeilly.com
vsjinfotech.com,1.0,vsjinfotech.com
pocketworld.onelink.me,0.0,onelink.me
washingtonscolympia.letch.online,1.0,letch.online
srcdevelop.com,1.0,srcdevelop.com
zn25inj3kdru9g2u9-proquest.siteintercept.qualtrics.com,0.0,qualtrics.com
a9e5n.tdum.alibaba.com,0.0,alibaba.com
member.zlongame.com,0.0,zlongame.com
zj2fdlixfqz3eyu6ladq-f-73d0f8607-clientnsv4-s.akamaihd.net,0.0,akamaihd.net
tw.mail.yahoo.com,0.0,yahoo.com
wbyvfnub.page.link,1.0,page.link
cohenlegalteam.com,1.0,cohenlegalteam.com
files.catbox.moe,1.0,catbox.moe
iral-as.mrface.com,1.0,mrface.com
88t7l4.tdum.alibaba.com,0.0,alibaba.com
prod-illustrations.s3.amazonaws.com,0.0,amazonaws.com
chatnoir.life,1.0,chatnoir.life
1030073339.docs.qq.com,0.0,qq.com
f8edbe1240d949b5801c4f0386168638.fp.measure.office.com,0.0,office.com
mediatrans9.com,1.0,mediatrans9.com
pull-flv-l6-spe.ixigua.com,0.0,ixigua.com
www.myip.com,0.0,myip.com
trouter2-azsc-jpea-0-a.trouter.teams.microsoft.com,0.0,microsoft.com
amec.com.pk,1.0,com.pk
clickme.net,0.0,clickme.net
w4dasvaxfdy2syu6ts2q-f-a3119a836-clientnsv4-s.akamaihd.net,0.0,akamaihd.net
img.jianzhimao.com,0.0,jianzhimao.com
cdn3.dan.com,0.0,dan.com
fanyi.bailepin.com,0.0,bailepin.com
only-165185-112-96-65-232.nstool.netease.com,0.0,netease.com
sports-windows.com,1.0,sports-windows.com
zditthqx.page.link,1.0,page.link
fgb.swu.edu.cn,0.0,edu.cn
b5849f2e8d545dad0ff8c567c0351610.safeframe.googlesyndication.com,0.0,googlesyndication.com
zarbafeh.shop,1.0,zarbafeh.shop
shariiph.com,1.0,shariiph.com
iwes.whu.edu.cn,0.0,edu.cn
crcu.jlu.edu.cn,0.0,edu.cn
c-csigns.com,1.0,c-csigns.com
appstore.picovr.com,0.0,picovr.com
thessclothing.com,1.0,thessclothing.com
libbobur.uz,1.0,libbobur.uz
krippenfreunde-schnaittenbach.de,1.0,krippenfreunde-schnaittenbach.de
legopreview2-10023938.file.myqcloud.com,0.0,myqcloud.com
eaaqeubqakbeajqacqlxqaaaabrj5r4k-f-2e7b84714-clienttons-s.akamaihd.net,0.0,akamaihd.net
vtkyvnby.page.link,1.0,page.link
app.eeo.com.cn,0.0,com.cn
esellbazar.com,1.0,esellbazar.com
106.94.238.13.sbl.spamhaus.org,0.0,spamhaus.org
1cdcbd7113cfde847cbf60fa26f61d1b.safeframe.googlesyndication.com,0.0,googlesyndication.com
newireluck2.com,1.0,newireluck2.com
a-0.19-a3000001.c080081.16a8.c13.3ea5.210.0.wmankg6pparfcsjpssscwa63wb.avts.mcafee.com,0.0,mcafee.com
hznmtmeg.page.link,1.0,page.link
colombiacomputersupport.com,1.0,colombiacomputersupport.com
mishop.pandora.xiaomi.com,0.0,xiaomi.com
centurygames.helpshift.com,0.0,helpshift.com
html.gxjy.sdei.edu.cn,0.0,edu.cn
cc-hn14.lol.qq.com,0.0,qq.com
image38.360doc.com,0.0,360doc.com
alawnevavqnl.sysu.edu.cn,0.0,edu.cn
klvrtull.page.link,1.0,page.link
pasteio.com,1.0,pasteio.com
79f31a14c8664a8ea6cfea20876dee47.fp.measure.office.com,0.0,office.com
gas.modernconflict2.gaijin.net,0.0,gaijin.net
ec-habilitar.com,1.0,ec-habilitar.com
www91.intel.cn,0.0,intel.cn
5f1ce1330be64e9fb73f67e8d5a51e67.fp.measure.office.com,0.0,office.com
ccleanercloud.zendesk.com,0.0,zendesk.com
fotilflijnmt.sysu.edu.cn,0.0,edu.cn
hiylngmn.page.link,1.0,page.link
cfff0ea0be3008ad1ffd997c26506358.safeframe.googlesyndication.com,0.0,googlesyndication.com
72k6ns9a75iecsooliu5opg3c4y2ldsmod6732qk04c36697ce0c4799sac.d.aa.online-metrix.net,0.0,online-metrix.net
hdbemmfr.page.link,1.0,page.link
dealsfordell.com,1.0,dealsfordell.com
okakafc.com,1.0,okakafc.com
cd.textfiles.com,1.0,textfiles.com
mangguoqian.lofter.com,0.0,lofter.com
us01xmppapi-ngxsvr2.zoom.us,0.0,zoom.us
originrmb.oss-cn-shanghai.aliyuncs.com,0.0,aliyuncs.com
modant-seabulk.com,1.0,modant-seabulk.com
khabarbhandar.com,1.0,khabarbhandar.com
bnz05pap001.storage.live.com,0.0,live.com
cdn.us.oss.api.autodesk.com,1.0,autodesk.com
183-6-9-77_s-23-48-214-105_ts-1654583442-clienttons-s.akamaihd.net,0.0,akamaihd.net
iwbaayn.sysu.edu.cn,0.0,edu.cn
usinadevendas.com.br,1.0,com.br
kms001.workspace.rug.nl,0.0,rug.nl
buralffh.page.link,1.0,page.link
api35o.ilovepdf.com,0.0,ilovepdf.com
72.zssom.sysu.edu.cn,0.0,edu.cn
cip.autodesk.com,0.0,autodesk.com
karateacademy.gr,1.0,karateacademy.gr
www.adme.ru,0.0,adme.ru
shss.nuc.edu.cn,0.0,edu.cn
xaxdttkz.page.link,1.0,page.link
i4ea1y.philipstelevisao.sa.com,1.0,sa.com
btf13y.tdum.alibaba.com,0.0,alibaba.com
oiavbcpu.page.link,1.0,page.link
hlwyy-1251304050.cossh.myqcloud.com,0.0,myqcloud.com
pcmgkb.my.id,1.0,my.id
eaaqeubqaijeajqacqlxqaaaabrj6uqi-pmkqid-2948c4041-clienttons-s.akamaihd.net,0.0,akamaihd.net
gxsearch.online,1.0,gxsearch.online
udaunvfd.page.link,1.0,page.link
ladimedical.com,1.0,ladimedical.com
u7061146.ct.sendgrid.net,0.0,sendgrid.net
65e8c357e5d19a1f20a49f9f9c2a8487.safeframe.googlesyndication.com,0.0,googlesyndication.com
mirror.yandex.ru,0.0,yandex.ru
issuecdn.baidupcs.com,0.0,baidupcs.com
learsxcb.page.link,1.0,page.link
a-dld.vizvaz.com,1.0,vizvaz.com
maxman.shop,1.0,maxman.shop
1398235-35.chat.api.drift.com,0.0,drift.com
8888news.in,1.0,8888news.in
w4dasvaxeqbfcyu6xuvq-f-cea325913-clientnsv4-s.akamaihd.net,0.0,akamaihd.net
buildco.com.pk,1.0,com.pk
dousen.co,1.0,dousen.co
codexz.lol,1.0,codexz.lol
connpm.gj.qq.com,0.0,qq.com
h171326.srv22.test-hf.su,1.0,test-hf.su
d4ykqdf81nuuy.cloudfront.net,0.0,cloudfront.net
moba.uuu9.com,0.0,uuu9.com
cpegjbti.page.link,1.0,page.link
srhptvxub.sysu.edu.cn,0.0,edu.cn
0d28fa1c61284b49ad60c2012dfb7729.fp.measure.office.com,0.0,office.com
fnimbprh.page.link,1.0,page.link
desentupidoradepalmas.com.br,1.0,com.br
d18706909826d1611a7b3c25dcb31763.safeframe.googlesyndication.com,0.0,googlesyndication.com
d4298fa707a2d52f20ec50cafb327767.safeframe.googlesyndication.com,0.0,googlesyndication.com
ea0cd5f34a3052bcc603cd857f5ff77a.safeframe.googlesyndication.com,0.0,googlesyndication.com
weather.china.com.cn,0.0,com.cn
live.xhscdn.com.livecdn.liveplay.myqcloud.com,0.0,myqcloud.com
120-236-174-238_s-23-32-236-105_ts-1654570724-clienttons-s.akamaihd.net,0.0,akamaihd.net
53.119.255.162.sbl.spamhaus.org,0.0,spamhaus.org
8d130240dcab421d88b79815fd49bdb5.fp.measure.office.com,0.0,office.com
7yaa6k.pereirare.sa.com,1.0,sa.com
7zgdvq.tdum.alibaba.com,0.0,alibaba.com
proxy-eu.hosted.exlibrisgroup.com,0.0,exlibrisgroup.com
ikktkxjs.page.link,1.0,page.link
ucqeioqj.page.link,1.0,page.link
brij.world,1.0,brij.world
zengyixmail.sysu.edu.cn,0.0,edu.cn
48ff903d13a042dfb56b160edcce672d.fp.measure.office.com,0.0,office.com
w4dasvaxfdy4syu7bxkq-f-1a6691432-clientnsv4-s.akamaihd.net,0.0,akamaihd.net
c04958e57ce54aeaa266d2df1583b9e1.fp.measure.office.com,0.0,office.com
jaacc.ca,1.0,jaacc.ca
tfvzslon.page.link,1.0,page.link
onedriveclucproddm20036.blob.core.windows.net,0.0,windows.net
fxryycsf.sysu.edu.cn,0.0,edu.cn
5030849-49.chat.api.drift.com,0.0,drift.com
hgdled1.51sole.com,0.0,51sole.com
t2534340665286752077.id.amgdgt.com,0.0,amgdgt.com
w4dasunyde4guyu6ttjq-p4hiql-fc32f3bb9-clientnsv4-s.akamaihd.net,0.0,akamaihd.net
zp.szu.edu.cn,0.0,edu.cn
pcfa.org.my,1.0,org.my
appquery.neea.edu.cn,0.0,edu.cn
conf-drcn.cloud.hicloud.com,0.0,hicloud.com
funsaef.org,1.0,funsaef.org
t1214.wonderfulday27.live,0.0,wonderfulday27.live
daohang.qq.com,0.0,qq.com
y6jn8c31esfr3znvs74zwsskbf7horicrrlctk2idf3cdb44e3c30d2fsac.d.aa.online-metrix.net,0.0,online-metrix.net
rl.mail.qq.com,0.0,qq.com
y6jn8c31m5p3h7sd35kdbxrameviuz7o4pmobivnbff74a3fd9c6d269sac.d.aa.online-metrix.net,0.0,online-metrix.net
transtri.files.wordpress.com,0.0,wordpress.com
knowledgehub.transparency.org,0.0,transparency.org
data12.kemono.party,0.0,kemono.party
alb-8tl6oxxsas782owtmr.cn-hangzhou.alb.aliyuncs.com,0.0,aliyuncs.com
district.ce.cn,0.0,ce.cn
vjaltsuaxqmiad.sysu.edu.cn,0.0,edu.cn
image1-cdn.compass.cn,0.0,compass.cn
dece.sync.oystergardens.club,1.0,oystergardens.club
bqvyhnc.hikvision.com,0.0,hikvision.com
mdtsttytqvz.sysu.edu.cn,0.0,edu.cn
tzgfztxp.page.link,1.0,page.link
cuboplace.com.br,1.0,com.br
rodney.ns.cloudflare.com,0.0,cloudflare.com
beachamptonmotors.co.uk,1.0,co.uk
kns-cnki-net.443.webvpn.sysu.edu.cn,0.0,edu.cn
xmpp009.zoom.us,0.0,zoom.us
w4dasvaxeqh5qyu7lx7q-f-a52059266-clientnsv4-s.akamaihd.net,0.0,akamaihd.net
scboy.cc,0.0,scboy.cc
overdue.aliyun.com,0.0,aliyun.com
pdlxf_doctor.qq.com,0.0,qq.com
msbbrxao.sysu.edu.cn,0.0,edu.cn
tsxgqqbi.page.link,1.0,page.link
18f57c94fb4f4840b14a276285dfbdde.fp.measure.office.com,0.0,office.com
yjsnpi.nu,0.0,yjsnpi.nu
cid-8efa05122e7f2b33.users.storage.live.com,0.0,live.com
4f2a9dacd424462cbca4390ee521e42d.fp.measure.office.com,0.0,office.com
c-0.19-a3000011.8080081.170c.cf6.3ea5.210.0.wccusi92w7pujtswhs788u4zjj.avts.mcafee.com,0.0,mcafee.com
gtaylton.polyu.edu.hk,0.0,edu.hk
beginner-blogger-basics.sysu.edu.cn,0.0,edu.cn
1919875cf69b4fbe81e8ab51ee6d0fbe.fp.measure.office.com,0.0,office.com
pyxudkmi.page.link,1.0,page.link
pdoraqaam.sysu.edu.cn,0.0,edu.cn
4fff75e54bc6fd0336d44f332ff7634c.safeframe.googlesyndication.com,0.0,googlesyndication.com
qwientny.page.link,1.0,page.link
zhtolvrx.page.link,1.0,page.link
kwiatkifranciszka.edu.pl,1.0,edu.pl
negmtalkhalhg.com,1.0,negmtalkhalhg.com
vmonitor.ws.netease.com,0.0,netease.com
s342.photo.store.qq.com,0.0,qq.com
75d915b5e9fb4586a19ec4c4a1a07c13.fp.measure.office.com,0.0,office.com
only-627272-112-96-54-176.nstool.netease.com,0.0,netease.com
www.graduate.scnu.edu.cn,0.0,edu.cn
c-0.19-a7000011.8010081.16a8.b69.3ea5.210.0.flh7sdgzuj4s37jcb6dfabmhhi.avts.mcafee.com,0.0,mcafee.com
3rt.site,1.0,3rt.site
183-6-9-104_s-23-48-214-105_ts-1654569403-clienttons-s.akamaihd.net,0.0,akamaihd.net
nac-ecs.co.mz,1.0,co.mz
scripts.asi.services,1.0,asi.services
www.gpa.cuhk.edu.hk,0.0,edu.hk
hzlhsw.foodmate.net,0.0,foodmate.net
qcc-static.qcc.com,0.0,qcc.com
test-stanchart-hk.onelink.me,0.0,onelink.me
xlhy-houtai.oss-cn-hangzhou.aliyuncs.com,0.0,aliyuncs.com
susapi.lenovomm.com,0.0,lenovomm.com
file140.gofile.io,1.0,gofile.io
bestproductsfor.online,1.0,bestproductsfor.online
stzb.res.netease.com,0.0,netease.com
52b97c4a02cc8ca7377a40c22e1a8ab0.safeframe.googlesyndication.com,0.0,googlesyndication.com
zj2fdlixfqz3eyu6mkua-f-04ad03757-clientnsv4-s.akamaihd.net,0.0,akamaihd.net
sha7u.paudearcozu.za.com,1.0,za.com
cdn2-static-cf.gotporn.com,0.0,gotporn.com
wsjgmdh.sysu.edu.cn,0.0,edu.cn
cma-zheb.mob.cnki.net,0.0,cnki.net
bmkrmrhw.page.link,1.0,page.link
www.biz-con.co.kr,0.0,co.kr
109.31.243.54.sbl.spamhaus.org,0.0,spamhaus.org
rtb.va.us.criteo.com,0.0,criteo.com
lfbmjjcanenfllj.top,1.0,lfbmjjcanenfllj.top
kuii3h.ameixeirare.sa.com,1.0,sa.com
aonefeeds.com.pk,1.0,com.pk
exrklk.tdum.alibaba.com,0.0,alibaba.com
adl-sam.mrbasic.com,1.0,mrbasic.com
itsolutionss.com.ar,1.0,com.ar
422f128f283486f2d66deed49cf60757040199cce97f5fc6.dlied1.cdntips.net,0.0,cdntips.net
233.128.164.129.sbl.spamhaus.org,0.0,spamhaus.org
82982b8511594c088efe1a36d1e1011b.fp.measure.office.com,0.0,office.com
mooya.co.za,1.0,co.za
emarketing.sina.com.cn,0.0,com.cn
e1eb9a3fdba14b49aab0ced506e824bf.fp.measure.office.com,0.0,office.com
a.14-0.19-a7000801.8050091.170c.c6b.3ea5.210.0.m79rr2scdqk6lu5tl45rl58n2i.avts.mcafee.com,0.0,mcafee.com
kvlyfaal.page.link,1.0,page.link
hrmh-staff-mobile.paas.cmbchina.com,0.0,cmbchina.com
cht.layout.oystergardens.us,1.0,oystergardens.us
adl-gqs.vizvaz.com,1.0,vizvaz.com
turftextile.com,1.0,turftextile.com
ir-irn.vizvaz.com,1.0,vizvaz.com
adf8a172da534748a20c1e1d01efd418.fp.measure.office.com,0.0,office.com
w4dasvax2cgcgyu67a4a-f-dcb7ceb73-clientnsv4-s.akamaihd.net,0.0,akamaihd.net
lwaipx.pioneertelevisao.sa.com,1.0,sa.com
gogo625-1321530550.cos.ap-hongkong.myqcloud.com,1.0,myqcloud.com
stateoftheart-2021.allergycongress.gr,1.0,allergycongress.gr
qa.ncompassmkt.com,1.0,ncompassmkt.com
m.paperfree.cn,0.0,paperfree.cn
qnawcerz.page.link,1.0,page.link
trouter2-azsc-krce-2-b.trouter.teams.microsoft.com,0.0,microsoft.com
jaweeds.com,1.0,jaweeds.com
innovatorsprofit.online,1.0,innovatorsprofit.online
dpajjyzs.page.link,1.0,page.link
theovencleaningcompanyleicester.com,1.0,theovencleaningcompanyleicester.com
madekingrealties.com,1.0,madekingrealties.com
pasta-mania.it,1.0,pasta-mania.it
livescorekapuas88.com,1.0,livescorekapuas88.com
tennislifemag.com,1.0,tennislifemag.com
ugsnetwork.com.my,1.0,com.my
smc.dns05.com,1.0,dns05.com
azaniasecondary.sc.tz,1.0,sc.tz
sruphaazxumra.sysu.edu.cn,0.0,edu.cn
qirjlqeh.page.link,1.0,page.link
w4dasvfygoo5syu6haaa-f-643851c5b-clientnsv4-s.akamaihd.net,0.0,akamaihd.net
dntj.mail.sysu.edu.cn,0.0,edu.cn
antibodies.cancer.gov,0.0,cancer.gov
siwrkou6goeq.l4.adsco.re,0.0,adsco.re
discovery-v6.syncthing.net,0.0,syncthing.net
life-eng.co.il,1.0,co.il
founder.s4.udesk.cn,0.0,udesk.cn
only-391436-14-27-46-119.nstool.netease.com,0.0,netease.com
prosoltec.cl,1.0,prosoltec.cl
zhidao.dahe.cn,0.0,dahe.cn
vas-resource.oss-cn-shenzhen.aliyuncs.com,0.0,aliyuncs.com
ds5y7u1rpzyj9.cloudfront.net,0.0,cloudfront.net
w4dasvax2ll5eyu6mz5a-f-9a1640512-clientnsv4-s.akamaihd.net,0.0,akamaihd.net
ogs.google.de,0.0,google.de
rcgsoftech.com,1.0,rcgsoftech.com
sistemas-web.cl,1.0,sistemas-web.cl
lockstep-jk-normal-set15.gcloud.qq.com,0.0,qq.com
bombaycasuals.com,1.0,bombaycasuals.com
cooperativaelaguila.com,1.0,cooperativaelaguila.com
mba.nju.edu.cn,0.0,edu.cn
iot.cloud.tencent.com,0.0,tencent.com
sattayb.com,1.0,sattayb.com
karyasolusi.com,1.0,karyasolusi.com
ua.pt,0.0,ua.pt
open-api.spot.im,0.0,spot.im
wcujupae.page.link,1.0,page.link
radiocristorey.org,1.0,radiocristorey.org
host--m206071682.ua.ummmmu.com,0.0,ummmmu.com
account.178.com,0.0,178.com
aidandylan.top,1.0,aidandylan.top
perfilestival.pt,1.0,perfilestival.pt
capsfactory.com.mx,1.0,com.mx
sandiamagazine.com,1.0,sandiamagazine.com
privadasdesanjose.com.mx,1.0,com.mx
z5vszpt5dqflgzlwjgndemtfnnwp61654602796.nuid.imrworldwide.com,0.0,imrworldwide.com
3f04b6086f3d49899c70b385c4ff426e.fp.measure.office.com,0.0,office.com
oneminutechallenge.hu,1.0,oneminutechallenge.hu
yuanben752.lofter.com,0.0,lofter.com
41.249.72.101.sbl.spamhaus.org,0.0,spamhaus.org
dg-oc.ftn.qq.com,0.0,qq.com
secureabcvodnews-vh.akamaihd.net,0.0,akamaihd.net
tj-cabbage-yun-ftn.weiyun.com,0.0,weiyun.com
safarpanda.com,1.0,safarpanda.com
0b5b23a44377421f6ff03548c1239af4.safeframe.googlesyndication.com,0.0,googlesyndication.com
giftcollection.pk,1.0,giftcollection.pk
acb.faqserv.com,1.0,faqserv.com
optimacosmetics.rs,1.0,optimacosmetics.rs
budiutomo.my.id,1.0,my.id
solseefq.page.link,1.0,page.link
shadestinting.com.au,1.0,com.au
amshesp.com,1.0,amshesp.com
haulmaxtyres.com.au,1.0,com.au
widget-course.chaoxing.com,0.0,chaoxing.com
cyysgzrz.page.link,1.0,page.link
miami-breeze.com,1.0,miami-breeze.com
toothsmartdental.com.au,1.0,com.au
bnhiohsnakim.sysu.edu.cn,0.0,edu.cn
ramazanaltinok.av.tr,1.0,av.tr
mooc1vod.stu.126.net,0.0,126.net
jswebapp.com,1.0,jswebapp.com
cartoons.cankaoxiaoxi.com,0.0,cankaoxiaoxi.com
qzwiucgum.sysu.edu.cn,0.0,edu.cn
cityquality.net,1.0,cityquality.net
floormopreview.com,1.0,floormopreview.com
s31.aconvert.com,0.0,aconvert.com
learn-conversation.com,1.0,learn-conversation.com
shop.roseofsharon.hk,1.0,roseofsharon.hk
l3.public.ludashi.com,0.0,ludashi.com
pscwhaqv.page.link,1.0,page.link
atc.faqserv.com,1.0,faqserv.com
fvhawrin.page.link,1.0,page.link
m.pl.bendibao.com,0.0,bendibao.com
187538ab56b34ba685b4100a82204270.fp.measure.office.com,0.0,office.com
hotelanamurter.com,1.0,hotelanamurter.com
ccpce-de.consumer.huawei.com,0.0,huawei.com
eaaqeubqaijeajqacqhaabqaabrj65di-f-9e7436527-clienttons-s.akamaihd.net,0.0,akamaihd.net
1ut4jnm5m10oxrax2wal0104-wpengine.netdna-ssl.com,0.0,netdna-ssl.com
iatte.org,1.0,iatte.org
dao.china.com.cn,0.0,com.cn
cnc.joskekurwa.xyz,1.0,joskekurwa.xyz
une.settings.oysterfloats.org,1.0,oysterfloats.org
ifrmthu23a4hh77oq7j6o-us-west-2.r.nflxso.net,0.0,nflxso.net
chs.sagepub.com,0.0,sagepub.com
ayk-pvp058.mo.konami.net,0.0,konami.net
cdec.pbcsf.tsinghua.edu.cn,0.0,edu.cn
shebao.z8000w.com,0.0,z8000w.com
acccd58ce733495caff4f24d94d4897f.fp.measure.office.com,0.0,office.com
hk.search.yahoo.com,0.0,yahoo.com
studioaziende.click,1.0,studioaziende.click
duorui01.oss-cn-shenzhen.aliyuncs.com,0.0,aliyuncs.com
zjvgn.sync.oystergardens.club,1.0,oystergardens.club
m.dytt8.net,0.0,dytt8.net
smjyihre.page.link,1.0,page.link
hilyers.com,1.0,hilyers.com
iwitechnologies.com,1.0,iwitechnologies.com
vgoaswwk.page.link,1.0,page.link
www.slack.com,0.0,slack.com
3aab852a57ea473aa3eee3e9157ec571.fp.measure.office.com,0.0,office.com
vgreenmedia.com,1.0,vgreenmedia.com
ariamedical.ir,1.0,ariamedical.ir
hsbriwgk.page.link,1.0,page.link
edge183.stream.highwebmedia.com,0.0,highwebmedia.com
kpkndtyu.page.link,1.0,page.link
hxxy.xtu.edu.cn,0.0,edu.cn
so.csdn.net,0.0,csdn.net
zahra-nejati.ir,1.0,zahra-nejati.ir
live.com.gt,1.0,com.gt
gdcobros.com,1.0,gdcobros.com
zjt.2023.ebeenj.com,1.0,ebeenj.com
rasapac.sgs.com,0.0,sgs.com
lewispublishing.org,1.0,lewispublishing.org
azprdb2c1.b2clogin.com,0.0,b2clogin.com
xj.chinapost.com.cn,0.0,com.cn
img26.house365.com,0.0,house365.com
9u9mqf.tdum.alibaba.com,0.0,alibaba.com
diamondcity.vn,1.0,diamondcity.vn
8.119.241.162.sbl.spamhaus.org,0.0,spamhaus.org
ffyjlzxd.page.link,1.0,page.link
only-898303-112-96-49-252.nstool.netease.com,0.0,netease.com
edubrovnik.org,1.0,edubrovnik.org
1946256e577a84e8ef4a291f1ff9d6d1.safeframe.googlesyndication.com,0.0,googlesyndication.com
ebc.faqserv.com,1.0,faqserv.com
ap3-tls.agora.io,0.0,agora.io
smlivebucket-b.oss-accelerate.aliyuncs.com,0.0,aliyuncs.com
skaphe.com.co,1.0,com.co
cmzz.oss-cn-shanghai.aliyuncs.com,0.0,aliyuncs.com
ns1.cq.chinamobile.com,0.0,chinamobile.com
85wycy.tdum.alibaba.com,0.0,alibaba.com
ichhagroup.com,1.0,ichhagroup.com
w4dastyx362hiyu6vazq-f-a2b951b0d-clientnsv4-s.akamaihd.net,0.0,akamaihd.net
e89514b99794157737022004764dd7a0.safeframe.googlesyndication.com,0.0,googlesyndication.com
bc7bae82b06bb532bf1e9546caeaac2b.safeframe.googlesyndication.com,0.0,googlesyndication.com
vrport.com.au,1.0,com.au
icuc-international.org,1.0,icuc-international.org
pokojechancza.pl,1.0,pokojechancza.pl
gallinairan.com,1.0,gallinairan.com
a2577.casalemedia.com,0.0,casalemedia.com
wecanmore.sysu.edu.cn,0.0,edu.cn
amekdltw.page.link,1.0,page.link
rizdziner.com,1.0,rizdziner.com
lyncdiscoverinternal.foxmail.com,0.0,foxmail.com
maulana.web.id,1.0,web.id
finmug.co.ke,1.0,co.ke
qpxuasvptayeuot.sysu.edu.cn,0.0,edu.cn
a4193b67dec5e96a8e7ddb1ae45e0190.safeframe.googlesyndication.com,0.0,googlesyndication.com
my.jh.edu,0.0,jh.edu
8c9127c239294bae9672c0e16e22caca.fp.measure.office.com,0.0,office.com
grahamelderpainting.co.uk,1.0,co.uk
leaderinu.in,1.0,leaderinu.in
vincentiusmaximus.files.wordpress.com,0.0,wordpress.com
sotrerzlsxg.sysu.edu.cn,0.0,edu.cn
arthawirawan.com,1.0,arthawirawan.com
9ab9a128c9c61bbc4ac09b6e3c21e3e5.safeframe.googlesyndication.com,0.0,googlesyndication.com
jwetq.sanyotelevisao.sa.com,1.0,sa.com
1429965793-files.gitbook.io,0.0,gitbook.io
cxxy.seu.edu.cn,0.0,edu.cn
w4dasvaxhxbggyu6vuvq-f-b919cc986-clientnsv4-s.akamaihd.net,0.0,akamaihd.net
hilldalefunding.com,1.0,hilldalefunding.com
sgsinbmpcmap1p2.ey.net,0.0,ey.net
studiorosellabuoncristiani.it,1.0,studiorosellabuoncristiani.it
c-0.19-a3000801.8040081.170c.c6b.3ea5.210.0.36dbk1k78pevqdi9iiztvnhqjb.avts.mcafee.com,0.0,mcafee.com
naveeslawconsultants.com,1.0,naveeslawconsultants.com
updatetechbd.com,1.0,updatetechbd.com
egnersi.com,1.0,egnersi.com
zuahlos.sysu.edu.cn,0.0,edu.cn
adle.fartit.com,1.0,fartit.com
arsey.in,1.0,arsey.in
www.bt.cn,0.0,bt.cn
okidok.se,1.0,okidok.se
faststroygo.com,1.0,faststroygo.com
thevillagegroup.mx,1.0,thevillagegroup.mx
w4dasvax2cgcgyu7n3xa-f-3693c75b1-clientnsv4-s.akamaihd.net,0.0,akamaihd.net
yellowstone.com.mm,1.0,com.mm
tvb-bosco-wong.blog.sohu.com,0.0,sohu.com
vhmgtoyv.page.link,1.0,page.link
3efcf2f8bc82bf6338d1ec412550e034.safeframe.googlesyndication.com,0.0,googlesyndication.com
ooiorzak.page.link,1.0,page.link
l9518228.iavs9x.avg.u.avcdn.net,0.0,avcdn.net
verum-software-tools.gallerycdn.azure.cn,0.0,azure.cn
wfbpqtaf.page.link,1.0,page.link
100.28.150.20.sbl.spamhaus.org,0.0,spamhaus.org
gdyjy.whu.edu.cn,0.0,edu.cn
laboratoriocitrico.com,1.0,laboratoriocitrico.com
twejzlfx.page.link,1.0,page.link
touchstardev.com,1.0,touchstardev.com
sgcjiirm.page.link,1.0,page.link
asa-fed.gameloft.com,0.0,gameloft.com
jsp-gvideo-prod.oss-cn-shenzhen.aliyuncs.com,0.0,aliyuncs.com
npmbffqn.page.link,1.0,page.link
mall-api.i4.cn,0.0,i4.cn
mfctrkfc.page.link,1.0,page.link
yeeyi.zendesk.com,0.0,zendesk.com
2499286934.docs.qq.com,0.0,qq.com
village-auto.net,1.0,village-auto.net
w4dasvax2cgiayu66tiq-f-fee634da1-clientnsv4-s.akamaihd.net,0.0,akamaihd.net
dxsigejy.www.tendawifi.com,0.0,tendawifi.com
adlkj.vizvaz.com,1.0,vizvaz.com
asd.fartit.com,1.0,fartit.com
apple-pay.jd.com,0.0,jd.com
sso.redhat.com,0.0,redhat.com
2583471855.docs.qq.com,0.0,qq.com
zj2fdlixfqzxuyu6lwdq-f-b2d213993-clientnsv4-s.akamaihd.net,0.0,akamaihd.net
strategy180.com.au,1.0,com.au
help-html-css.sysu.edu.cn,0.0,edu.cn
sonnenkirche.de,1.0,sonnenkirche.de
danaedu.my.id,1.0,my.id
60b484ada7054b2993596e4b651ae203.fp.measure.office.com,0.0,office.com
firstcryindia.files.wordpress.com,0.0,wordpress.com
hz.graduate.sysu.edu.cn,0.0,edu.cn
9edb2b60aadb4015b813d37688ab13c5.fp.measure.office.com,0.0,office.com
book.100md.com,0.0,100md.com
sdt.faqserv.com,1.0,faqserv.com
hiperajans.com,1.0,hiperajans.com
californiatraininginstitute.com,1.0,californiatraininginstitute.com
external-media102.public.wsydm-a-2.prod.infra.webex.com,0.0,webex.com
iwurcvogowqwxwe.sysu.edu.cn,0.0,edu.cn
mtosmarketingagency.com,1.0,mtosmarketingagency.com
gljfetll.page.link,1.0,page.link
pregnantdogandcatrescue.com,1.0,pregnantdogandcatrescue.com
e3b0c99cfc7818c5513c2ab2aea03389.safeframe.googlesyndication.com,0.0,googlesyndication.com
81b751cb7254d23e6bd6ed633cc9f04d.safeframe.googlesyndication.com,0.0,googlesyndication.com
sjomhylv.page.link,1.0,page.link
ushczruk.page.link,1.0,page.link
72k6ns9ao7fderynekeytoe5tfq3u4fsn2evqe3o0962587b1ca74111sac.d.aa.online-metrix.net,0.0,online-metrix.net
khjccrna.page.link,1.0,page.link
stefangubser.com,1.0,stefangubser.com
galandskiyher3.com,1.0,galandskiyher3.com
pdwk5x3ilnctuyu7fy4a-p7ojve-aa4e17dfb-clientnsv4-s.akamaihd.net,0.0,akamaihd.net
protechsecuritysolutions.com,1.0,protechsecuritysolutions.com
w4dasvax3mtcuyu6keba-pbk8qi-f8a1ab7bd-clientnsv4-s.akamaihd.net,0.0,akamaihd.net
hz.southcn.com,0.0,southcn.com
perichile.cl,1.0,perichile.cl
qnceauvd.page.link,1.0,page.link
39c4341b738f6ad0f7613c3fd2e820d4.safeframe.googlesyndication.com,0.0,googlesyndication.com
289f6fbe4d1196472e4739b742d77724.safeframe.googlesyndication.com,0.0,googlesyndication.com
xghxcksk.page.link,1.0,page.link
websound.ru,1.0,websound.ru
lhzjlazg.page.link,1.0,page.link
w4dasvaxeqh5qyu7kaiq-f-18f476097-clientnsv4-s.akamaihd.net,0.0,akamaihd.net
appso.yingjiesheng.com,0.0,yingjiesheng.com
history.xikao.com,0.0,xikao.com
db50ef1dc836606b6fc9e6593ef5ab46.safeframe.googlesyndication.com,0.0,googlesyndication.com
72k6ns9abufz7e4l4ucwmlcsfady36bqnr3a3t7p773161fbc979ea79sac.d.aa.online-metrix.net,0.0,online-metrix.net
edu-apple.jd.com,0.0,jd.com
ed-ib.my03.com,1.0,my03.com
fapster.xxx,0.0,fapster.xxx
vlhqeyctwdjdo.sysu.edu.cn,0.0,edu.cn
copyright.com,0.0,copyright.com
b61508b327980b88d5d4ae4a008c5cdc.safeframe.googlesyndication.com,0.0,googlesyndication.com
42d4e261d662938eae64fab0e491cb25.safeframe.googlesyndication.com,0.0,googlesyndication.com
grupoarreal.com,1.0,grupoarreal.com
hbsy.91wllm.com,0.0,91wllm.com
applinks.note.youdao.com,0.0,youdao.com
417d959cb50f4f1ea655b7c5f4952941.fp.measure.office.com,0.0,office.com
sev.faqserv.com,1.0,faqserv.com
u.gwdang.com,0.0,gwdang.com
IOIOUOIUOUOUIYJGROUP.SBS,1.0,IOIOUOIUOUOUIYJGROUP.SBS
uvnwbixl.page.link,1.0,page.link
janwand3rs.files.wordpress.com,0.0,wordpress.com
hhft.co.in,1.0,co.in
fca.dns05.com,1.0,dns05.com
wizardforcel.gitbooks.io,0.0,gitbooks.io
vallartaconcierges.com,1.0,vallartaconcierges.com
www.kantar.com,0.0,kantar.com
agisakis.gr,1.0,agisakis.gr
nigsocblind.org,1.0,nigsocblind.org
fz.people.com.cn,0.0,com.cn
ufcsyphe.page.link,1.0,page.link
balens.com.tw,1.0,com.tw
weishicoop.qq.com,0.0,qq.com
c7b2b085e1b0e644316194f6bc4b075f.safeframe.googlesyndication.com,0.0,googlesyndication.com
ipv6-yycloudlive15013.bs2dl.yy.com,0.0,yy.com
rallydeinnovacion.org,1.0,rallydeinnovacion.org
drmanojaggarwal.com,1.0,drmanojaggarwal.com
img-1251438792.file.myqcloud.com,0.0,myqcloud.com
nobslimoinsurance.com,1.0,nobslimoinsurance.com
thelevelgroup.zendesk.com,0.0,zendesk.com
aramex.com,0.0,aramex.com
shopbarbay.com,1.0,shopbarbay.com
sivassoft.com.tr,1.0,com.tr
job.v.zzu.edu.cn,0.0,edu.cn
v6-novelfmapp.ixigua.com,0.0,ixigua.com
yes-travel.info,1.0,yes-travel.info
homesrenovations.us,1.0,homesrenovations.us
gmyb.scheme.corycabana.net,1.0,corycabana.net
kiub.cosavostra.com,1.0,cosavostra.com
tsvzi.scheme.corycabana.net,1.0,corycabana.net
572502899.docs.qq.com,0.0,qq.com
cvm.faqserv.com,1.0,faqserv.com
xamhzoduxd.sysu.edu.cn,0.0,edu.cn
8963b03d988e463e98bc9ad91d761061.fp.measure.office.com,0.0,office.com
askvudamiyndtiy.sysu.edu.cn,0.0,edu.cn
www.adamyala.csail.mit.edu,0.0,mit.edu
pitaya-task.tiktokv.com,0.0,tiktokv.com
code.wvu.edu,0.0,wvu.edu
y6jn8c31esfr3znvs74zwsskbf7horicrrlctk2i7cbff3c50d87b263sac.d.aa.online-metrix.net,0.0,online-metrix.net
bluechipfx.com,1.0,bluechipfx.com
zmnrerk.sysu.edu.cn,0.0,edu.cn
lasertime.com.mx,1.0,com.mx
sed.faqserv.com,1.0,faqserv.com
fiuuhpsj.page.link,1.0,page.link
yqall163-lt.netease.com,0.0,netease.com
26.101.112.115.sbl.spamhaus.org,0.0,spamhaus.org
iran-qa.faqserv.com,1.0,faqserv.com
forum.cdo.oppomobile.com,0.0,oppomobile.com
tracking.joincake.com,0.0,joincake.com
w4daswyx37dbgyu7kqua-pzhjhi-11ee559f2-clientnsv4-s.akamaihd.net,0.0,akamaihd.net
simpangbaramobile.com,1.0,simpangbaramobile.com
khmlanguageinstitute.com,1.0,khmlanguageinstitute.com
locksmithsedenvale.com,1.0,locksmithsedenvale.com
proecologicsistem.com,1.0,proecologicsistem.com
pawsonthecoast.com.au,1.0,com.au
pakbutton.com.pk,1.0,com.pk
cdn.fanqianbb.com,0.0,fanqianbb.com
pay.cqvip.com,0.0,cqvip.com
v.tiktok.com,0.0,tiktok.com
valebarqueiros.pt,1.0,valebarqueiros.pt
nexmep.com,1.0,nexmep.com
focusafricaexpo.com,1.0,focusafricaexpo.com
EUNL1-APS-242.sabic.com,0.0,sabic.com
mkvbtzzpoxzjgi.sysu.edu.cn,0.0,edu.cn
7.tlu.dl.delivery.mp.microsoft.com,0.0,microsoft.com
thebeerdc.com,1.0,thebeerdc.com
ef6f18550c5dd9220ab8417070a55d01.safeframe.googlesyndication.com,0.0,googlesyndication.com
w4dasvfygphbqyu6xina-f-ad569577c-clientnsv4-s.akamaihd.net,0.0,akamaihd.net
630dbaea158e6187d39d8a7f7a3b317a.safeframe.googlesyndication.com,0.0,googlesyndication.com
webcarbrasil.com.br,1.0,com.br
sqbtipww.page.link,1.0,page.link
www.o2v3.imotor.com,0.0,imotor.com
celebranteclovisespinosa.com.br,1.0,com.br
mmjlebie.page.link,1.0,page.link
www.casino.org,0.0,casino.org
crafthaliyikama.com,1.0,crafthaliyikama.com
vip126mx00.mxmail.netease.com,0.0,netease.com
globetrading2000.com,1.0,globetrading2000.com
b-0.19-a7000219.0.170c.cf6.3ea5.210.0.ldjsqvjzmqe38vmlmdq2lvz6nb.avts.mcafee.com,0.0,mcafee.com
vote.chsi.com.cn,0.0,com.cn
zh.spankbanglive.com,0.0,spankbanglive.com
api.band.us,0.0,band.us
1755944929.docs.qq.com,0.0,qq.com
wwbncqfh.page.link,1.0,page.link
isoowac.com,1.0,isoowac.com
susanamaiosasso.com,1.0,susanamaiosasso.com
12306.ie.sogou.com,0.0,sogou.com
collect.app.yiche.com,0.0,yiche.com
swtos.cloudid.coffeeonboard.com,1.0,coffeeonboard.com
gumetale.github.io,1.0,github.io
dbw.cloudid.coffeeonboard.com,1.0,coffeeonboard.com
7fpqgq.ch.files.1drv.com,0.0,1drv.com
w4dasvaxeqhvqyu7gw5a-f-19f4113c1-clientnsv4-s.akamaihd.net,0.0,akamaihd.net
tnngmjlczkwohjk.sysu.edu.cn,0.0,edu.cn
northcarolinamedover.latestsaree.com,1.0,latestsaree.com
5493tblcax5vialng7xvarnjr3pery5ucyxheyej653bef358ca0c43dsac.d.aa.online-metrix.net,0.0,online-metrix.net
adl-irn.vizvaz.com,1.0,vizvaz.com
siding-chicago.com,1.0,siding-chicago.com
ibafbopw.page.link,1.0,page.link
mediscanspecialized.com,1.0,mediscanspecialized.com
rkindustriesguj.com,1.0,rkindustriesguj.com
fkrzxnodnl.sysu.edu.cn,0.0,edu.cn
naked-truth.uk,1.0,naked-truth.uk
minnesotatxlansing.vismanarkan.com,1.0,vismanarkan.com
dl1-broomcleaner.online,1.0,dl1-broomcleaner.online
api-widget.soundcloud.com,0.0,soundcloud.com
cfm.fartit.com,1.0,fartit.com
nkkykecuyr.sysu.edu.cn,0.0,edu.cn
dvfnaxrm.page.link,1.0,page.link
findinit.com,1.0,findinit.com
gvvdsqyq.page.link,1.0,page.link
helpdesk.bytedance.com,0.0,bytedance.com
onnorup.com,1.0,onnorup.com
almodinabatteryhouse.org,1.0,almodinabatteryhouse.org
asperiabd.com,1.0,asperiabd.com
a1069.casalemedia.com,0.0,casalemedia.com
acmecmb.com,1.0,acmecmb.com
www.clustrmaps.com,0.0,clustrmaps.com
salatalbasatin.site,1.0,salatalbasatin.site
zndohht6xbshxrzdf-digikey.siteintercept.qualtrics.com,0.0,qualtrics.com
bsc.faqserv.com,1.0,faqserv.com
tap4funcs.aihelp.net,0.0,aihelp.net
mgskjcgh.page.link,1.0,page.link
superanunciosweb.com,1.0,superanunciosweb.com
zjutw.zju.edu.cn,0.0,edu.cn
youtu.be,0.0,youtu.be
132.40.18.104.sbl.spamhaus.org,0.0,spamhaus.org
gstechnique.com,1.0,gstechnique.com
qalthbii.page.link,1.0,page.link
personalizeja.emp.br,1.0,emp.br
lh-lq.snssdk.com,0.0,snssdk.com
fkgehpie.page.link,1.0,page.link
sbsm-test-1253499193.cos.ap-chengdu.myqcloud.com,0.0,myqcloud.com
rzfsskolhbzk.sysu.edu.cn,0.0,edu.cn
51e6dd7ea55c4f5fa35759b3f6f416c4.fp.measure.office.com,0.0,office.com
sxzwfw.gjzwfw.gov.cn,0.0,gov.cn
saurcool.com,1.0,saurcool.com
minnesotawiconcord.nathanwarne.com,1.0,nathanwarne.com
magdata.oss-cn-hangzhou.aliyuncs.com,0.0,aliyuncs.com
3ma9g.salgueirosa.sa.com,1.0,sa.com
w4dasvax2cgcgyu664aa-f-cfdaba565-clientnsv4-s.akamaihd.net,0.0,akamaihd.net
30.10.114.170.sbl.spamhaus.org,0.0,spamhaus.org
s-ir.faqserv.com,1.0,faqserv.com
thepsychcentre.com.au,1.0,com.au
desertandbloom.com,1.0,desertandbloom.com
zang1.almashreaq.top,1.0,almashreaq.top
pt-bali.go.id,1.0,go.id
raekessler.com,1.0,raekessler.com
tongren.faloo.com,0.0,faloo.com
yjzlabiimlvj.sysu.edu.cn,0.0,edu.cn
f7b1844479e8e217a00b613f6e4f0cb5.safeframe.googlesyndication.com,0.0,googlesyndication.com
redirect.simba.taobao.com,0.0,taobao.com
xqmsnxruw.sysu.edu.cn,0.0,edu.cn
img.onlinedown.net,0.0,onlinedown.net
29616ea7639342a79905399cde1d8794.fp.measure.office.com,0.0,office.com
bixellentgreen.com,1.0,bixellentgreen.com
educa.org.do,1.0,org.do
cahierdujour.fr,1.0,cahierdujour.fr
eoperate.pa18.com,0.0,pa18.com
glrdjjocpdyydrg.sysu.edu.cn,0.0,edu.cn
c0d4ad51a760468cc2dc7afa025bb362.safeframe.googlesyndication.com,0.0,googlesyndication.com
0df9c8ff2a60c5ce318db9365b36622b.safeframe.googlesyndication.com,0.0,googlesyndication.com
wgwrmkre.page.link,1.0,page.link
beautyforwellness.com,1.0,beautyforwellness.com
rwbvdxnw.page.link,1.0,page.link
ayk-pvp004.mo.konami.net,0.0,konami.net
waprc.mysmth.net,0.0,mysmth.net
lqqisttok.sysu.edu.cn,0.0,edu.cn
arabicheckout.com,1.0,arabicheckout.com
shine-photo.tuchong.com,0.0,tuchong.com
b52e03128d3a42dbb7014e315f579a89.fp.measure.office.com,0.0,office.com
swartauto.nl,1.0,swartauto.nl
get.nice.com,0.0,nice.com
candcsparkes.co.uk,1.0,co.uk
iprotech.fun,1.0,iprotech.fun
img.18183.com,0.0,18183.com
14ccdff1d0e84a7990b0503d9b7c6900.fp.measure.office.com,0.0,office.com
rcc-mepco.com,1.0,rcc-mepco.com
www.jetbrains.com,0.0,jetbrains.com
mpios-filin.my.com,0.0,my.com
kjj.ningbo.gov.cn,0.0,gov.cn
plserviceandsolutions.com,1.0,plserviceandsolutions.com
bdyth01.simpleshq.99box.com,0.0,99box.com
elmagic.org,1.0,elmagic.org
a2be829d3aae4a29806fb09e1fb831e1.fp.measure.office.com,0.0,office.com
jnemataram.com,1.0,jnemataram.com
607630-android-ds.metric.gstatic.com,0.0,gstatic.com
be44573afe054585b503598cfb99b50d.fp.measure.office.com,0.0,office.com
resourceedge.org,1.0,resourceedge.org
xufpapki.page.link,1.0,page.link
nafi.co.tz,1.0,co.tz
uniglobe.com.pk,1.0,com.pk
zgjhnrze.page.link,1.0,page.link
erkainterindo.com,1.0,erkainterindo.com
jpavs.net,0.0,jpavs.net
aristonbentre.com,1.0,aristonbentre.com
vllagkzuo.sysu.edu.cn,0.0,edu.cn
adliq.faqserv.com,1.0,faqserv.com
res.csd.95516.com,0.0,95516.com
softlink.com.br,1.0,com.br
corporativogvabogados.com,1.0,corporativogvabogados.com
vidseca.cl,1.0,vidseca.cl
f2e75f9eb63342dbb26f7fd9217b6b80.fp.measure.office.com,0.0,office.com
trace.588ku.com,0.0,588ku.com
1z05d4.tdum.alibaba.com,0.0,alibaba.com
ejwmwpqp.page.link,1.0,page.link
washingtonmaprovidence.rostalflowers.com,1.0,rostalflowers.com
www.cufe.edu.cn,0.0,edu.cn
holgerstewen.com,1.0,holgerstewen.com
vsms.com.my,1.0,com.my
gazisupershop.com,1.0,gazisupershop.com
act.api.mgtv.com,0.0,mgtv.com
qqbhhvyb.page.link,1.0,page.link
ad.aceplanet.co.kr,0.0,co.kr
idskmencg.sysu.edu.cn,0.0,edu.cn
98.232.173.35.sbl.spamhaus.org,0.0,spamhaus.org
hemrikbutor.hu,1.0,hemrikbutor.hu
adashopita.co,1.0,adashopita.co
paulmann.m.tmall.com,0.0,tmall.com
zj2fdlixfqzxuyu6nnoa-f-e487526da-clientnsv4-s.akamaihd.net,0.0,akamaihd.net
043349b800aaae6743670e8c64ac57b5.safeframe.googlesyndication.com,0.0,googlesyndication.com
zrefykmd.page.link,1.0,page.link
cdn.thestar.com.my,0.0,com.my
elecarb.com,1.0,elecarb.com
cdxcd.com,1.0,cdxcd.com
7ci7j.tdum.alibaba.com,0.0,alibaba.com
wpcapitalguru.com,1.0,wpcapitalguru.com
beautyaromas.com,1.0,beautyaromas.com
arcanine.in,1.0,arcanine.in
bmeqfzea.page.link,1.0,page.link
gamelift.eu-central-1.amazonaws.com,0.0,amazonaws.com
0d653c3b9e2e1609bda406ea978eb873.safeframe.googlesyndication.com,0.0,googlesyndication.com
3d2810f2df2ee7fc0ac67498c23a4e55.safeframe.googlesyndication.com,0.0,googlesyndication.com
electrosolution.us,1.0,electrosolution.us
dentistamontemor.com.br,1.0,com.br
xnzrrgpz.page.link,1.0,page.link
12.futsseapi.eastmoney.com,0.0,eastmoney.com
cds.m5x3b3t5.hwcdn.net,0.0,hwcdn.net
129.247.110.59.sbl.spamhaus.org,0.0,spamhaus.org
mosamamashhad.com,1.0,mosamamashhad.com
inoutproducoes.com.br,1.0,com.br
yogya.store,1.0,yogya.store
medrexmedicaltrding.tw,1.0,medrexmedicaltrding.tw
ad-lo.faqserv.com,1.0,faqserv.com
zxdguzel.page.link,1.0,page.link
w4dasxaxzhmduyu7al6a-p7czaj-d675a4850-clientnsv4-s.akamaihd.net,0.0,akamaihd.net
webiah.sysu.edu.cn,0.0,edu.cn
m.arabic.china.org.cn,0.0,org.cn
vs11.bj2ct.u3.ucweb.com,0.0,ucweb.com
secretbeuty.ge,1.0,secretbeuty.ge
1caa42c200e8444a98c9cd521e1e85a3.fp.measure.office.com,0.0,office.com
oag.pl.so,1.0,pl.so
apktxdl-ipv6.vivo.com.cn,0.0,com.cn
cercdev.ro,1.0,cercdev.ro
equiticoy.top,1.0,equiticoy.top
bptzoktp.page.link,1.0,page.link
u6.y.qq.com.www.tendawifi.com,0.0,tendawifi.com
suall-my.sharepoint.com,0.0,sharepoint.com
www.lulu.com,0.0,lulu.com
tounhxkamehrzq.tendawifi.com,0.0,tendawifi.com
aldcdgmosr4n.l4.adsco.re,0.0,adsco.re
hub.samsungapps.com,0.0,samsungapps.com
transport360orgng.api.oneall.com,0.0,oneall.com
culture.nwu.edu.cn,0.0,edu.cn
eventosllacolen.cl,1.0,eventosllacolen.cl
05657e50f2c0493ab9f42a2e8cd171c2.fp.measure.office.com,0.0,office.com
dolowack.webd.pro,1.0,webd.pro
dentistaibate.com.br,1.0,com.br
qu.ax,1.0,qu.ax
bsd.faqserv.com,1.0,faqserv.com
59dqf9.tdum.alibaba.com,0.0,alibaba.com
instruktor.sysu.edu.cn,0.0,edu.cn
jstphotography.co.uk,1.0,co.uk
trigsberita.com,1.0,trigsberita.com
protoin.com,1.0,protoin.com
espacioakana.cl,1.0,espacioakana.cl
abruzzo-villas.com,1.0,abruzzo-villas.com
p209-contactsws.icloud.com.cn,0.0,com.cn
portalmar.com.br,1.0,com.br
damarplus.ro,1.0,damarplus.ro
8ee3bf807d3444ccb2b8e35f7d95bb76.fp.measure.office.com,0.0,office.com
like.video.qq.com,0.0,qq.com
www.merrilledge.com,0.0,merrilledge.com
freethegirlinitiative.org,1.0,freethegirlinitiative.org
mgcleaningtn.com,1.0,mgcleaningtn.com
dprestigeventure.org,1.0,dprestigeventure.org
katrarailwaystation.co.in,1.0,co.in
domesticasia.com,1.0,domesticasia.com
shop110968289.youzan.com,0.0,youzan.com
afbai.tdum.alibaba.com,0.0,alibaba.com
dm7sv7l32tq70.cloudfront.net,0.0,cloudfront.net
rule.jd.com,0.0,jd.com
ifantasynamegenerator.com,1.0,ifantasynamegenerator.com
ambjulio.com,1.0,ambjulio.com
ggmzinpg.page.link,1.0,page.link
b385bb20c12548da9ff5c332184790f6.fp.measure.office.com,0.0,office.com
eemci.ma,1.0,eemci.ma
fit.zju.edu.cn,0.0,edu.cn
setuptransportation.com,1.0,setuptransportation.com
fortalconnect.com.br,1.0,com.br
37d4df9dc6047cb19c346c2f5722301c.safeframe.googlesyndication.com,0.0,googlesyndication.com
anrhotspot.mra.my.id,1.0,my.id
yoksa.aks.ac.kr,0.0,ac.kr
tejaratbd.com,1.0,tejaratbd.com
anishindiaexports.com,1.0,anishindiaexports.com
bvkpsnt.sysu.edu.cn,0.0,edu.cn
tw.myrenta.com,0.0,myrenta.com
451881891.docs.qq.com,0.0,qq.com
carlsjunior.com.pa,1.0,com.pa
gupofhs.sysu.edu.cn,0.0,edu.cn
msyjbjz.sysu.edu.cn,0.0,edu.cn
xc.neu.edu.cn,0.0,edu.cn
ga2w.line.naver.jp,0.0,naver.jp
tceojpeznx.sysu.edu.cn,0.0,edu.cn
kec.edu.np,1.0,edu.np
harsiddhindustries.com,1.0,harsiddhindustries.com
3321b87c3db05675239febd71bc93ace.safeframe.googlesyndication.com,0.0,googlesyndication.com
64a0a65cf79cf80bd96340bec92ddd81.safeframe.googlesyndication.com,0.0,googlesyndication.com
cl-sycdn.kuwo.cn,0.0,kuwo.cn
liveskorhdp.com,1.0,liveskorhdp.com
imgq578.q578.com,0.0,q578.com
lbqiqtiyjfoz.sysu.edu.cn,0.0,edu.cn
yip.su,1.0,yip.su
855dede62bc9477c8af960f650ce6395.fp.measure.office.com,0.0,office.com
gandmchapmanpainting.com.au,1.0,com.au
kitchenkraftequipments.in,1.0,kitchenkraftequipments.in
sjtu.academia.edu,0.0,academia.edu
rup-tot.com,1.0,rup-tot.com
www.ascii2d.net,0.0,ascii2d.net
qpfrplwq.page.link,1.0,page.link
product.lifeapp.pingan.com.cn,0.0,com.cn
lictoeoh.page.link,1.0,page.link
asdw.mynetav.org,1.0,mynetav.org
linkingroup.com.bd,1.0,com.bd
dag.embl.de,0.0,embl.de
pornworld.com,0.0,pornworld.com
azarbamdelijan.ir,1.0,azarbamdelijan.ir
pfmsqos.centralus.cloudapp.azure.com,0.0,azure.com
noneo.tech,1.0,noneo.tech
4a5e2b74b7d3ff1914d003dfc4712abd.safeframe.googlesyndication.com,0.0,googlesyndication.com
cdhwjkfu.page.link,1.0,page.link
da-ir.fartit.com,1.0,fartit.com
tarficsafety.com,1.0,tarficsafety.com
pcproxy.cooco.net.cn,0.0,net.cn
aarishahanif.com,1.0,aarishahanif.com
www.upload.ee,1.0,upload.ee
creativeagenciadigital.com.br,1.0,com.br
fotgxdxeyslmb.sysu.edu.cn,0.0,edu.cn
lib.seu.edu.cn,0.0,edu.cn
uczestnik.devagroup.nq.pl,1.0,nq.pl
www.bsu.edu,0.0,bsu.edu
luizsoaresadv.com,1.0,luizsoaresadv.com
WN6816-lpwvUHnJVuFgCxR2FT1hIc5.sysu.edu.cn,0.0,edu.cn
antoniusarif.com,1.0,antoniusarif.com
95f308cba9bf4b68a4f34b944550496d.safeframe.googlesyndication.com,0.0,googlesyndication.com
70665a1597cf48d2984be12e3a293e24.safeframe.googlesyndication.com,0.0,googlesyndication.com
rr9---sn-ni57rn7e.gvt1.com,0.0,gvt1.com
b6a87d363ab74889946dd8d976c488db.fp.measure.office.com,0.0,office.com
rptdata.wb.qq.com,0.0,qq.com
iqsoftwebsystems.com,1.0,iqsoftwebsystems.com
expressioncomp.com,1.0,expressioncomp.com
willmaxpower.com,1.0,willmaxpower.com
zj2fdlixfqzxuyu6kn2q-f-aea9bd0c7-clientnsv4-s.akamaihd.net,0.0,akamaihd.net
phoenixduran.com,1.0,phoenixduran.com
healthitems.pk,1.0,healthitems.pk
vs11.szcu.u3.ucweb.com,0.0,ucweb.com
a.c-0.19-a7000081.c010081.16a8.c13.3ea5.210.0.rscpddfit28w818z8q57483mk5.avts.mcafee.com,0.0,mcafee.com
xkhzqxt.sysu.edu.cn,0.0,edu.cn
fmcidade.com,1.0,fmcidade.com
static-tc.mokahr.com,0.0,mokahr.com
taskole.com,1.0,taskole.com
596e44c898b8e96aa76b82d55400761c.safeframe.googlesyndication.com,0.0,googlesyndication.com
rositan.com,1.0,rositan.com
roasis.co,1.0,roasis.co
9786169.fls.doubleclick.net,0.0,doubleclick.net
wlomgynh.page.link,1.0,page.link
kayanfurniture.com,1.0,kayanfurniture.com
record-manual.cctalk.com,0.0,cctalk.com
dsts-immigration.com,1.0,dsts-immigration.com
allahabadtoursandtravels.sysu.edu.cn,0.0,edu.cn
www.eslite.com,0.0,eslite.com
felicesparasiempremx.com,1.0,felicesparasiempremx.com
astomengenharia.com.br,1.0,com.br
cn.yahoo.com,0.0,yahoo.com
abdrtm.trafficmanager.net,0.0,trafficmanager.net
asd.isasecret.com,1.0,isasecret.com
kyoto-u-edu.zoom.us,0.0,zoom.us
gulf4pets.com,1.0,gulf4pets.com
silpsicologia.com.br,1.0,com.br
home-line.pk,1.0,home-line.pk
www.cnvd.org.cn,0.0,org.cn
thedentalbridge.org,1.0,thedentalbridge.org
encore6.jig.media,1.0,jig.media
amnzjzyvyxt.sysu.edu.cn,0.0,edu.cn
www.asha.org,0.0,asha.org
sambhavpay.com,1.0,sambhavpay.com
kaiji.ts.2345.com,0.0,2345.com
suakhoaketsattphcm.com,1.0,suakhoaketsattphcm.com
c-0.19-a7000801.ca50081.170c.d0f.3ea5.210.0.9i59el5l492ru2h86z5e3vqisb.avts.mcafee.com,0.0,mcafee.com
e5982e545dc3819df45df65a403f1591.safeframe.googlesyndication.com,0.0,googlesyndication.com
airtaceuropa.com,1.0,airtaceuropa.com
gingeradventuresblog.files.wordpress.com,0.0,wordpress.com
getinnerwears.com,1.0,getinnerwears.com
pmjo.fra1.cdn.digitaloceanspaces.com,1.0,digitaloceanspaces.com
api.na2.adobesign.com,0.0,adobesign.com
brusuax.com,1.0,brusuax.com
tedlogisticinc.com,1.0,tedlogisticinc.com
exvpjwbm.page.link,1.0,page.link
agronomyold.swu.edu.cn,0.0,edu.cn
znlg-reader.bj.bcebos.com,0.0,bcebos.com
azxs.vizvaz.com,1.0,vizvaz.com
wnkhh.novelty.akibacreative.com,1.0,akibacreative.com
csta.wanfangdata.com.cn,0.0,com.cn
iccazvkc.page.link,1.0,page.link
naturalproducts.io,1.0,naturalproducts.io
texsteelcarports.com,1.0,texsteelcarports.com
friendsofeduca.net,1.0,friendsofeduca.net
bess.tennessee.edu,0.0,tennessee.edu
forum-gsmunlock.com,1.0,forum-gsmunlock.com
996201-android-ds.metric.gstatic.com,0.0,gstatic.com
bkw-legacy.oss-cn-shenzhen.aliyuncs.com,0.0,aliyuncs.com
hwdrainageltd.co.uk,1.0,co.uk
onlinequranlearningzone.com,1.0,onlinequranlearningzone.com
us01xmpp-cis-ngxsrv25.zoom.us,0.0,zoom.us
73vod-adaptive.akamaized.net,0.0,akamaized.net
indokopp.com,1.0,indokopp.com
auth.siam.sinopec.com,0.0,sinopec.com
mohyudinwebdesigns.com,1.0,mohyudinwebdesigns.com
dilisaperu.com,1.0,dilisaperu.com
native-ad.net,0.0,native-ad.net
imroom.compass.cn,0.0,compass.cn
umcyjvkl.page.link,1.0,page.link
triton.mn,1.0,triton.mn
spacaruaru.com,1.0,spacaruaru.com
strangesounds.org,0.0,strangesounds.org
eleftheria-hotel.com,1.0,eleftheria-hotel.com
b2bafd53264812b2e9b6b1e8bb36da3b.safeframe.googlesyndication.com,0.0,googlesyndication.com
losgatagata.com,1.0,losgatagata.com
04d620fa300f715575886c5f6d00e1b6.safeframe.googlesyndication.com,0.0,googlesyndication.com
47fff6490b81597ed3f35b231d91a4f4.safeframe.googlesyndication.com,0.0,googlesyndication.com
flexiautosiskola.hu,1.0,flexiautosiskola.hu
colegiosembrador.cl,1.0,colegiosembrador.cl
wero.com.co,1.0,com.co
adarwa.rw,1.0,adarwa.rw
sahmnq.fartit.com,1.0,fartit.com
graphicscutout.com,1.0,graphicscutout.com
mekongtinphat.com,1.0,mekongtinphat.com
fk-new-eu-central-1b-hb.rayjump.com,0.0,rayjump.com
www.canada.com,0.0,canada.com
1wg0uc0w52qa35hwct4xsqtjwpdcl4blwdql3chraa2b0b8b6deef8a3sac.d.aa.online-metrix.net,0.0,online-metrix.net
growrewardcard.com,1.0,growrewardcard.com
freelancercorner.com,1.0,freelancercorner.com
dipafood.com,1.0,dipafood.com
anrtimes.com,1.0,anrtimes.com
oafnadqo.page.link,1.0,page.link
config.gamedl.qq.com,0.0,qq.com
f1c4b22376dd4c76befcb6daa1c4e55a.fp.measure.office.com,0.0,office.com
izcluster.com,1.0,izcluster.com
recs-1a.particularaudience.com,0.0,particularaudience.com
fmpmalaysia.com,1.0,fmpmalaysia.com
gerdubersinar.com,1.0,gerdubersinar.com
gotinder.com,0.0,gotinder.com
quickcheckx.github.io,1.0,github.io
dl.uc.pt,0.0,uc.pt
qxebpzvxfitlk.sysu.edu.cn,0.0,edu.cn
a0b7f92f339243c89290a205a7b26599.fp.measure.office.com,0.0,office.com
gravitycolombo.com,1.0,gravitycolombo.com
dts.innovid.com,0.0,innovid.com
guresenmobilya.com,1.0,guresenmobilya.com
mprd-txc-sh-1-7-mercuryclouds-com-cn-1255623871.cos.ap-shanghai.myqcloud.com,0.0,myqcloud.com
6d6edc22e610d7fec8b3dc5e5591afb8.safeframe.googlesyndication.com,0.0,googlesyndication.com
01ec87c4a11c93bcfe05c03261777730.safeframe.googlesyndication.com,0.0,googlesyndication.com
economistasyasesores.com,1.0,economistasyasesores.com
montanadenashville.acebella.com,1.0,acebella.com
adl-qsh.itsaol.com,1.0,itsaol.com
zoagsqay.page.link,1.0,page.link
cafewarmi.com,1.0,cafewarmi.com
dxpyhbya.page.link,1.0,page.link
i-iran.itsaol.com,1.0,itsaol.com
adirir.itsaol.com,1.0,itsaol.com
sahamw.itsaol.com,1.0,itsaol.com
adlq.itsaol.com,1.0,itsaol.com
adl-aqw.itsaol.com,1.0,itsaol.com
rajaian.com,1.0,rajaian.com
opal.rw,1.0,opal.rw
22pixx.xyz,0.0,22pixx.xyz
www.janisthaaivf.com,1.0,janisthaaivf.com
dstvinstallerspretoria.com,1.0,dstvinstallerspretoria.com
concept4arc.com,1.0,concept4arc.com
pt.soulvoice.club,0.0,soulvoice.club
fepcografic.com,1.0,fepcografic.com
purouma-technology.ma,1.0,purouma-technology.ma
wl.hpyrdr.com,0.0,hpyrdr.com
7ef37563dc1cb64900866846e0f4c2cd.safeframe.googlesyndication.com,0.0,googlesyndication.com
7e73d352eea002f20a9b6544ffadbc9d.safeframe.googlesyndication.com,0.0,googlesyndication.com
bf419d5f59f96a.windowsupdate.com,0.0,windowsupdate.com
smetrics.premierinn.com,0.0,premierinn.com
api.cninfo.com.cn,0.0,com.cn
aeic-usa.com,1.0,aeic-usa.com
outletonline.mx,1.0,outletonline.mx
znvpvkqj.page.link,1.0,page.link
content.comment.api.cashtoutiao.com,0.0,cashtoutiao.com
apidea.gaodun.com,0.0,gaodun.com
130.178.92.52.sbl.spamhaus.org,0.0,spamhaus.org
www.huohuo99.com,0.0,huohuo99.com
mvl3luxuij3q.l4.adsco.re,0.0,adsco.re
www.astro.com,0.0,astro.com
gbndougu.eastmoney.com,0.0,eastmoney.com
xochoble.com,1.0,xochoble.com
tecni-soft.com,1.0,tecni-soft.com
zj2fdlixfqzveyu6gmsa-f-5dce93f46-clientnsv4-s.akamaihd.net,0.0,akamaihd.net
angiesalleycatsclio.com,1.0,angiesalleycatsclio.com
ircuniversity.org,1.0,ircuniversity.org
paraview.paraview.narkive.com,0.0,narkive.com
hiremeclean.com,1.0,hiremeclean.com
0a605c8a05a0fe58be2db69289201ee7.safeframe.googlesyndication.com,0.0,googlesyndication.com
adl-l.fartit.com,1.0,fartit.com
d1qjydkfv30fsa.cloudfront.net,0.0,cloudfront.net
focussystems40.com,1.0,focussystems40.com
quick-ez.com,1.0,quick-ez.com
w4dastixfdy4syu7aoja-f-ffd538432-clientnsv4-s.akamaihd.net,0.0,akamaihd.net
wkwaownk.page.link,1.0,page.link
faheemonlinequranacademy.com,1.0,faheemonlinequranacademy.com
h6s6a3h4.stackpathcdn.com,0.0,stackpathcdn.com
cohwzizwnwvj.sysu.edu.cn,0.0,edu.cn
595a7069cee8416da68fd868ab9afa48.fp.measure.office.com,0.0,office.com
firatitfaiye.com.tr,1.0,com.tr
altinolukplastik.com.tr,1.0,com.tr
bursasineklikcambalkon.gen.tr,1.0,gen.tr
akkontreyler.com.tr,1.0,com.tr
mayraf.com,1.0,mayraf.com
vod042.t40.lixian.vip.xunlei.com,0.0,xunlei.com
pl.mamutert.com,1.0,mamutert.com
grassrootbd.com,1.0,grassrootbd.com
rc.jinan.gov.cn,0.0,gov.cn
myfirstangelgh.com,1.0,myfirstangelgh.com
brandpacker.net,1.0,brandpacker.net
ma.sysu.edu.cn,0.0,edu.cn
phoenixexec.icu,1.0,phoenixexec.icu
giraffeambassadors.org,1.0,giraffeambassadors.org
webshopseotrukkok.hu,1.0,webshopseotrukkok.hu
docs.floydhub.com,0.0,floydhub.com
rr2---sn-3pm7dn7s.googlevideo.com,0.0,googlevideo.com
38.132.201.205.sbl.spamhaus.org,0.0,spamhaus.org
f3f7a7d62da825fff678cd38592847b5.safeframe.googlesyndication.com,0.0,googlesyndication.com
cdd9f643642ea7bd55f56fa86eab7780.safeframe.googlesyndication.com,0.0,googlesyndication.com
aasaepul.com,1.0,aasaepul.com
liklok.life,1.0,liklok.life
musakis.org,1.0,musakis.org
rr5---sn-oguesnze.googlevideo.com,0.0,googlevideo.com
thegoldenmart.com,1.0,thegoldenmart.com
qnsoqyli.page.link,1.0,page.link
zoomca198-251-147-238mmr.cloud.zoom.us,0.0,zoom.us
alraeid.com,1.0,alraeid.com
rangshila.com,1.0,rangshila.com
tmhairboutique.co.uk,1.0,co.uk
zpkwynsqrpneou.www.tendawifi.com,0.0,tendawifi.com
tt.huatu.com,0.0,huatu.com
hendoshkagroup.com,1.0,hendoshkagroup.com
www.kaskus.co.id,0.0,co.id
expertusedfurniture.com,1.0,expertusedfurniture.com
kipthedolphin.com,1.0,kipthedolphin.com
ibremp.org.br,1.0,org.br
kaidmazimmigration.ca,1.0,kaidmazimmigration.ca
sahaam.faqserv.com,1.0,faqserv.com
cdn-icons-png.flaticon.com,0.0,flaticon.com
rt3060.infolinks.com,0.0,infolinks.com
costco.widget.custhelp.com,0.0,custhelp.com
featurefast.com,1.0,featurefast.com
trackmarketing.net,1.0,trackmarketing.net
a42159fdb9d246f4bd122b86c295b851.fp.measure.office.com,0.0,office.com
general-tickets.oss-cn-beijing.aliyuncs.com,0.0,aliyuncs.com
aigcostarica.com,1.0,aigcostarica.com
fastwings.sa,1.0,fastwings.sa
bafybeiatumjipym7lcan5udgy4mblaktvkrxzm27z2pd7qedlwgsszea3m.ipfs.infura-ipfs.io,0.0,infura-ipfs.io
e155cf0eb45544b6bf73a4bf4104b90d.fp.measure.office.com,0.0,office.com
arquivaae.com,1.0,arquivaae.com
eshraqa.co,1.0,eshraqa.co
w4dasvax2cgiayu6uksa-f-2650e0af6-clientnsv4-s.akamaihd.net,0.0,akamaihd.net
silulo.com,1.0,silulo.com
proxypk.huawei.com,0.0,huawei.com
lovereignshf.com,1.0,lovereignshf.com
8aca8d5a4aa53a4b46d327131c73d890.safeframe.googlesyndication.com,0.0,googlesyndication.com
aia5zq.bn.files.1drv.com,0.0,1drv.com
c-0.19-a3000081.8000081.170c.cf6.3ea5.210.0.4c1qdw62ae7pd9jmw6gdvlhcvi.avts.mcafee.com,0.0,mcafee.com
arqsustancial.com.ar,1.0,com.ar
mgmcdermott.gallerycdn.vsassets.io,0.0,vsassets.io
3061.replace.favo.njb97.com,0.0,njb97.com
axvsag103sdvsbd.oss-accelerate.aliyuncs.com,1.0,aliyuncs.com
edufgw.newframe.foxwq.com,0.0,foxwq.com
lxfplikkhsoaa.sysu.edu.cn,0.0,edu.cn
terraskills.com,1.0,terraskills.com
static.gtarcade.com,0.0,gtarcade.com
www.pzds.com,0.0,pzds.com
fikweb.com.br,1.0,com.br
w4dasvaxeqh4eyu7lbya-f-b9d98e938-clientnsv4-s.akamaihd.net,0.0,akamaihd.net
pgkwklgr.page.link,1.0,page.link
zj2fcdvydrotqyu7brzq-f-8ed554dc1-clientnsv4-s.akamaihd.net,0.0,akamaihd.net
alsanabilalsabierestaurant.com,1.0,alsanabilalsabierestaurant.com
sentirecomex.com,1.0,sentirecomex.com
proaug.com,1.0,proaug.com
api-next.cbndata.com,0.0,cbndata.com
tj.btfs.ftn.qq.com,0.0,qq.com
684f8e304fec4a60b31da1c2d9490495.fp.measure.office.com,0.0,office.com
2df969f82db18aeeb210ff3202ac0e5c.dlied1.cdntips.net,0.0,cdntips.net
havinsk.com.br,1.0,com.br
jstp-products.jd.com,0.0,jd.com
files.goriem.com,1.0,goriem.com
flood.umd.edu,0.0,umd.edu
rentalmobildisilangit.com,1.0,rentalmobildisilangit.com
zagent2459.hola.org,0.0,hola.org
sg.node.soax.com,0.0,soax.com
sygicwebmapstiles-a.azureedge.net,0.0,azureedge.net
caocuongtravel.com.vn,1.0,com.vn
milanotecnoservice.it,1.0,milanotecnoservice.it
af9bbf9b0262d0658429b516708561fbb.profile.yul62-c2.cloudfront.net,0.0,cloudfront.net
oxraiwlaj.sysu.edu.cn,0.0,edu.cn
41e17427ae020621570ffba82f26fad7.safeframe.googlesyndication.com,0.0,googlesyndication.com
buildingclustercompany.com,1.0,buildingclustercompany.com
recommend.docer.wps.cn,0.0,wps.cn
vgsproyectos.com,1.0,vgsproyectos.com
njkjdcnw.page.link,1.0,page.link
student.ask.adelaide.edu.au,0.0,edu.au
spanlift.com.au,1.0,com.au
petertiohk.com,1.0,petertiohk.com
consultingedge.ae,1.0,consultingedge.ae
w4dasvax2cgcgyu7myhq-f-2afe79c51-clientnsv4-s.akamaihd.net,0.0,akamaihd.net
grahnakshatra.com,1.0,grahnakshatra.com
tailbench.csail.mit.edu,0.0,mit.edu
blahe.in,1.0,blahe.in
kamazxez.page.link,1.0,page.link
www.racefans.net,0.0,racefans.net
so.sccnn.com,0.0,sccnn.com
opt.cas.cn,0.0,cas.cn
flyserpservices.com,1.0,flyserpservices.com
6014606.fls.doubleclick.net,0.0,doubleclick.net
lxaipikg.sysu.edu.cn,0.0,edu.cn
mydesigners.in,1.0,mydesigners.in
ghchalifax.ca,1.0,ghchalifax.ca
map.suda.edu.cn,0.0,edu.cn
brasmastergrupo.com.br,1.0,com.br
coffesso.com,1.0,coffesso.com
hutvvatd.page.link,1.0,page.link
ssplog.nubia.com,0.0,nubia.com
moltaqa.net,1.0,moltaqa.net
fc910fbe08a800d5f43ce37dab00a501.safeframe.googlesyndication.com,0.0,googlesyndication.com
b3d1d91b8f4047e204c16302eed36084.safeframe.googlesyndication.com,0.0,googlesyndication.com
244.16.251.58.sbl.spamhaus.org,0.0,spamhaus.org
cn-jxnc-cm-01-18.bilivideo.com,0.0,bilivideo.com
adl-ape.mrface.com,1.0,mrface.com
www.bearware.org,1.0,bearware.org
expeditionbuilders.com,1.0,expeditionbuilders.com
thunorvahan.com,1.0,thunorvahan.com
43ossz.tdum.alibaba.com,0.0,alibaba.com
deepayan.org,1.0,deepayan.org
de156c734c779b2986ce90e39e59875b.safeframe.googlesyndication.com,0.0,googlesyndication.com
2b840c5aa2722a3d2ad821d552032a69.safeframe.googlesyndication.com,0.0,googlesyndication.com
82df0c2c585832c87ea3cfccdc884388.safeframe.googlesyndication.com,0.0,googlesyndication.com
steamdeck.com,0.0,steamdeck.com
rspetukangan.co.id,1.0,co.id
sampieselectrical.co.za,1.0,co.za
iran-lah.mrface.com,1.0,mrface.com
ns1.hostpapa.com,0.0,hostpapa.com
friendsofeduca.info,1.0,friendsofeduca.info
taxiumraah.com,1.0,taxiumraah.com
9f195beb05b540afb7501ea0b4c8ec0c.fp.measure.office.com,0.0,office.com
ff838616d6ba40d4a5ae4b33976e754c.fp.measure.office.com,0.0,office.com
w4dasvc4po6vayu6gydq-f-c6aad5bd8-clientnsv4-s.akamaihd.net,0.0,akamaihd.net
abff5e41c404630b7af1e282390f2a64a.profile.muc51-c1.cloudfront.net,0.0,cloudfront.net
dd156a8b252a4fe7b90f199908886c29.fp.measure.office.com,0.0,office.com
moyu2013.taobao.com,0.0,taobao.com
dzkkonstruksi.com,1.0,dzkkonstruksi.com
divyascookbook.sysu.edu.cn,0.0,edu.cn
splendidlooksofficialwigs.com,1.0,splendidlooksofficialwigs.com
bab9d1df8818482aa7c5b87df05db4e8.fp.measure.office.com,0.0,office.com
piyasanalizim.com,1.0,piyasanalizim.com
ck.100xuexi.com,0.0,100xuexi.com
xqjapflw.page.link,1.0,page.link
celiapenco.com.br,1.0,com.br
ae71c11805dab69112a049b34388d94fb.profile.sea19-c1.cloudfront.net,0.0,cloudfront.net
dafscompany.sysu.edu.cn,0.0,edu.cn
wlwcrdfe.page.link,1.0,page.link
mzzjw.beijing.gov.cn,0.0,gov.cn
purienterprise.com,1.0,purienterprise.com
jsufiwahxovvgh.sysu.edu.cn,0.0,edu.cn
xtw.layout.oystergardens.us,1.0,oystergardens.us
wachaastudios.com,1.0,wachaastudios.com
styroq.com,1.0,styroq.com
dhdewbip.page.link,1.0,page.link
urania828.spaces.live.com,0.0,live.com
kep.cdn.indexvas.hu,0.0,indexvas.hu
sertifikasi.co.id,1.0,co.id
wzhqhhccqyiuai.sysu.edu.cn,0.0,edu.cn
elznzlnkdvatvmb.sysu.edu.cn,0.0,edu.cn
naeuet.ciprestre.sa.com,1.0,sa.com
d8659787866066476180-t2643013121341853677.id.amgdgt.com,0.0,amgdgt.com
dnsb55ec698-6b51-4cdb-93a0-727c2ba5cfb2-azurebatch-cloudservice.westus.cloudapp.azure.com,0.0,azure.com
liixabfywbup.sysu.edu.cn,0.0,edu.cn
mustasharcom.ae,1.0,mustasharcom.ae
oosrxye.sysu.edu.cn,0.0,edu.cn
asqs.itsaol.com,1.0,itsaol.com
tanusbooks.com,1.0,tanusbooks.com
aa5ed1c8e9906ddba94e4a5705094d3af.profile.nrt51-c2.cloudfront.net,0.0,cloudfront.net
72k6ns9aruhmb37fpawwd7rkmkmla7jm5rahlsthd624a9b5c000385fsac.d.aa.online-metrix.net,0.0,online-metrix.net
pamplending.com,1.0,pamplending.com
calenda.edu.co,1.0,edu.co
youthclimatecouncil.com,1.0,youthclimatecouncil.com
dxgiuqtu.page.link,1.0,page.link
edge-157.hkhkg.icloud-content.com,0.0,icloud-content.com
v8.learn.oa.com,0.0,oa.com
vi-05.com,1.0,vi-05.com
damlamasulamasistemleri.com.tr,1.0,com.tr
248.lingnan.sysu.edu.cn,0.0,edu.cn
rhcjgbvx.page.link,1.0,page.link
swasthbachpan.com,1.0,swasthbachpan.com
hopewater.co,1.0,hopewater.co
qiqjnzjv.page.link,1.0,page.link
fynefield.com,1.0,fynefield.com
newjerseymehonolulu.sydneynews24.com,1.0,sydneynews24.com
wen.baidu.com,0.0,baidu.com
pmbnocrv.page.link,1.0,page.link
dhowdy.com,1.0,dhowdy.com
thebabysense.ca,1.0,thebabysense.ca
thinkpinkhandyman.com.au,1.0,com.au
brightcove04pmdo-a.akamaihd.net,0.0,akamaihd.net
www.rutgers.edu,0.0,rutgers.edu
liiinq.com,1.0,liiinq.com
ce7cb057c3ff663c9ce6f7a1602eadbb.safeframe.googlesyndication.com,0.0,googlesyndication.com
45613404c40eb5f1bb2dc116a7b5d0bf.safeframe.googlesyndication.com,0.0,googlesyndication.com
lucrativia.com.br,1.0,com.br
fc4a915215264f12a7c5bd475c087b6d.fp.measure.office.com,0.0,office.com
dopiname.blob.core.windows.net,1.0,windows.net
zj2fdlixfqz3eyu6lfsa-f-46efffac9-clientnsv4-s.akamaihd.net,0.0,akamaihd.net
southcarolinanymontpelier.blackcinemanetwork.com,1.0,blackcinemanetwork.com
zfdcbdmuzaey.sysu.edu.cn,0.0,edu.cn
plawers.com,1.0,plawers.com
life.95516.com,0.0,95516.com
qhqukfse.page.link,1.0,page.link
berafiltre.com,1.0,berafiltre.com
smisconsulting.com,1.0,smisconsulting.com
a04bfd04872445028da4e9f209acef3e.fp.measure.office.com,0.0,office.com
fabriciocorreia.com.br,1.0,com.br
igydmvpd.page.link,1.0,page.link
53b4f2576ae8260263f69ed93fe8d392.safeframe.googlesyndication.com,0.0,googlesyndication.com
641ee11629d6db96c8346efad4ce8acb.safeframe.googlesyndication.com,0.0,googlesyndication.com
telishah.sysu.edu.cn,0.0,edu.cn
b01-0.12-24095081.20082.1838.1c44.410a.400.9d.92qii6w8iazlv46v7kweqpb5fi.avqs.mcafee.com,0.0,mcafee.com
awjfhkw.sysu.edu.cn,0.0,edu.cn
vodalink.ca,1.0,vodalink.ca
vrzkcyrc.page.link,1.0,page.link
danyachts.com,1.0,danyachts.com
vodlog.1905.com,0.0,1905.com
agde.com,1.0,agde.com
health.clevelandclinic.org,0.0,clevelandclinic.org
gamemaker.qpic.cn,0.0,qpic.cn
9-0.19-a3000801.510b3.16a8.b7f.3ea5.210.0.fnpn2drhbhiabcunstndjlt51v.avts.mcafee.com,0.0,mcafee.com
somoyerdarpon.com,1.0,somoyerdarpon.com
8ab23eca03564b0cb51af54a64a9f468.fp.measure.office.com,0.0,office.com
kpg.gzjkw.net,0.0,gzjkw.net
meera-alsham.com,1.0,meera-alsham.com
fba824c3924145f6989acc4731089f31.fp.measure.office.com,0.0,office.com
maxipcamera.sysu.edu.cn,0.0,edu.cn
f6aca7a92c78a5363d1857c8ee8566bb.safeframe.googlesyndication.com,0.0,googlesyndication.com
c813bc04860c3107f39be1d63fbc5004.safeframe.googlesyndication.com,0.0,googlesyndication.com
studyonline.lk,1.0,studyonline.lk
investeudro.info,1.0,investeudro.info
okaylogistics.com,1.0,okaylogistics.com
dsum-sec.casalemedia.com,0.0,casalemedia.com
bcs.mit.edu,0.0,mit.edu
tech-arcanist.com,1.0,tech-arcanist.com
hasanmedicalcenter.com,1.0,hasanmedicalcenter.com
zj2fdlixfqzxuyu6mnvq-f-9b50d616b-clientnsv4-s.akamaihd.net,0.0,akamaihd.net
361371b774dd47b39a45fed12c8dec2d.fp.measure.office.com,0.0,office.com
emtemp.gcom.cloud,0.0,gcom.cloud
www.shalou.net,0.0,shalou.net
accessfinafrica.com,1.0,accessfinafrica.com
ldc-open.mbgcdn.lenovo.com.cn,0.0,com.cn
asragarments.com,1.0,asragarments.com
hicophc.com,1.0,hicophc.com
dd1147684939eced1a60d409d24a3a3f.safeframe.googlesyndication.com,0.0,googlesyndication.com
quanzhou.offcn.com,0.0,offcn.com
2023.filemail.com,1.0,filemail.com
2622237656.docs.qq.com,0.0,qq.com
ypgjjlhk.page.link,1.0,page.link
consumerapp-1251779293.file.myqcloud.com,0.0,myqcloud.com
k2.sinaimg.cn.tendawifi.com,0.0,tendawifi.com
api-ncsoft.sendbird.com,0.0,sendbird.com
cdn-bootcss-com-443.webvpn.sysu.edu.cn,0.0,edu.cn
gm-open-imgs.oss-cn-beijing.aliyuncs.com,0.0,aliyuncs.com
media-accelerator.it,1.0,media-accelerator.it
jntuned.cl,1.0,jntuned.cl
qreypxbi.page.link,1.0,page.link
m.pangzitv.com,0.0,pangzitv.com
prowesstechllc.us,1.0,prowesstechllc.us
speedtestbb.hk.chinamobile.com,0.0,chinamobile.com
only-904020-117-136-31-142.nstool.netease.com,0.0,netease.com
w4dasvdijw3rwyu6gqxq-f-19f32f578-clientnsv4-s.akamaihd.net,0.0,akamaihd.net
antojitosurincon.com,1.0,antojitosurincon.com
smscaffold.co.uk,1.0,co.uk
newspaperman.in,1.0,newspaperman.in
dualcorps.site,1.0,dualcorps.site
hayahg.com,1.0,hayahg.com
mycmontero.com,1.0,mycmontero.com
vanshads.com,1.0,vanshads.com
w0.rz-berlin.mpg.de,0.0,mpg.de
zateghar.com,1.0,zateghar.com
yugroup.dental,1.0,yugroup.dental
livetrack.in,1.0,livetrack.in
www.shobserver.com,0.0,shobserver.com
9-0.19-3000081.8310b3.1900.2882.2f4a.210.0.37q11fkaw6secd134z8bcr54z6.avts.mcafee.com,0.0,mcafee.com
www.mediafire.com,1.0,mediafire.com
a-0.19-24096081.c050082.1838.1c44.410a.400.9d.emji6uig85ghuch6vp5gt4pect.avqs.mcafee.com,0.0,mcafee.com
trevoconstrucoes.com.br,1.0,com.br
cms.jnu.edu.cn,0.0,edu.cn
cargoconnect.online,1.0,cargoconnect.online
vcmk.result.garrettcountygranfondo.org,1.0,garrettcountygranfondo.org
weolg.result.garrettcountygranfondo.org,1.0,garrettcountygranfondo.org
hujcy.result.garrettcountygranfondo.org,1.0,garrettcountygranfondo.org
gagapictures.com,1.0,gagapictures.com
b8c6db0fa3abf3404d2f21fbd59eba27.safeframe.googlesyndication.com,0.0,googlesyndication.com
de8740cfb901d0b28b3a4b7a6edc6140.safeframe.googlesyndication.com,0.0,googlesyndication.com
1eia7y.elephonecelullares.pro,1.0,elephonecelullares.pro
cryptoroyal.org,1.0,cryptoroyal.org
jatoo-ci.com,1.0,jatoo-ci.com
34-212-206-175-pushcl.np.communication.playstation.net,0.0,playstation.net
zhcdn01.xoyo.com,0.0,xoyo.com
w4dastqxjtqsmyu6vaoq-f-00abf33ad-clientnsv4-s.akamaihd.net,0.0,akamaihd.net
geylvfly.page.link,1.0,page.link
tfudnhfa.page.link,1.0,page.link
203.128.160.202.sbl.spamhaus.org,0.0,spamhaus.org
dignityallianceinternational.org,1.0,dignityallianceinternational.org
protocolosclinicos.mx,1.0,protocolosclinicos.mx
sst.fartit.com,1.0,fartit.com
athenas.com.pe,1.0,com.pe
hs.blizzard.cn,0.0,blizzard.cn
saham-h.itsaol.com,1.0,itsaol.com
72k6ns9auvu4ai64iayoueu5rtpapvmpooowcg7n32f928069dbd04c4sac.d.aa.online-metrix.net,0.0,online-metrix.net
t.email.singaporeair.com,0.0,singaporeair.com
leadmachineexperts.com,1.0,leadmachineexperts.com
ekfgtgny.page.link,1.0,page.link
nexspace.co.th,1.0,co.th
trenierad.com,1.0,trenierad.com
outletbelleza.cl,1.0,outletbelleza.cl
incrediblehomes.com.au,1.0,com.au
zindaghi.com,1.0,zindaghi.com
carlaperez.com.br,1.0,com.br
821615ac8d95ad356c67a6784c51b791.safeframe.googlesyndication.com,0.0,googlesyndication.com
xcxxzx.hfut.edu.cn,0.0,edu.cn
lsygcmbw.page.link,1.0,page.link
one-second-campaign.cn-hangzhou.log.aliyuncs.com,0.0,aliyuncs.com
swfx.cbpt.cnki.net,0.0,cnki.net
drbdc-law.com,1.0,drbdc-law.com
ksqubpzjtf.sysu.edu.cn,0.0,edu.cn
uqwocovx.page.link,1.0,page.link
cerige-cd.net,1.0,cerige-cd.net
us.brandymelville.com,0.0,brandymelville.com
gmankgv.sysu.edu.cn,0.0,edu.cn
image.imnews.imbc.com,0.0,imbc.com
ir9pyltr64jb.l4.adsco.re,0.0,adsco.re
rkvkfrdfm.huawei.com,0.0,huawei.com
13aeb4e42aed4b24b39497cea7618ed9.fp.measure.office.com,0.0,office.com
xlevel.com.ec,1.0,com.ec
kntelecom.pro.br,1.0,pro.br
www.carleton.ca,0.0,carleton.ca
packline.org,1.0,packline.org
grandkadrihotel.com,1.0,grandkadrihotel.com
iospress.metapress.com,0.0,metapress.com
enter.ipsosinteractive.com,0.0,ipsosinteractive.com
monokai.gallerycdn.azure.cn,0.0,azure.cn
mphjtifjqrhxe.sysu.edu.cn,0.0,edu.cn
cream.hitsturbo.com,1.0,hitsturbo.com
w4dasvax2ll5eyu6ou2q-f-f7559c2d2-clientnsv4-s.akamaihd.net,0.0,akamaihd.net
6eoee3.daewootelevisao.sa.com,1.0,sa.com
dangxiao.yzu.edu.cn,0.0,edu.cn
oceaniteservices.in,1.0,oceaniteservices.in
only-88817-223-104-67-30.nstool.netease.com,0.0,netease.com
odys-domains-resources.s3.amazonaws.com,0.0,amazonaws.com
sipa.sh.gov.cn,0.0,gov.cn
tiqani.com,1.0,tiqani.com
b9ab40f4571c7d0f603ddf5d686997bb.safeframe.googlesyndication.com,0.0,googlesyndication.com
82d59e5deaaf7cb04f9c52012b9a27b1.safeframe.googlesyndication.com,0.0,googlesyndication.com
pptist.gitee.io,0.0,gitee.io
tags-cluster.rd.linksynergy.com,0.0,linksynergy.com
nync.shandong.gov.cn,0.0,gov.cn
kung-1252408270.cos.ap-chengdu.myqcloud.com,0.0,myqcloud.com
download.17173.com,0.0,17173.com
clinicahemera.pt,1.0,clinicahemera.pt
d2k21z21l53iby.cloudfront.net,0.0,cloudfront.net
uwvgrctp.page.link,1.0,page.link
m6lob.com,1.0,m6lob.com
cfs5.tistory.com,1.0,tistory.com
kvx.baidu.com,0.0,baidu.com
zmelectronique.store,1.0,zmelectronique.store
reutercontabilidade.com.br,1.0,com.br
voyeur-house.tv,0.0,voyeur-house.tv
pressfacto.com,1.0,pressfacto.com
zmelectronique.com,1.0,zmelectronique.com
fileserver.cdn.huya.com,0.0,huya.com
katabononline.com,1.0,katabononline.com
bbs.xiaoji001.com,0.0,xiaoji001.com
southwestairtrip.com,1.0,southwestairtrip.com
meatneathalal.com,1.0,meatneathalal.com
maiyangjiaju.tmall.com,0.0,tmall.com
search.gamedog.cn,0.0,gamedog.cn
dwltgl.tdum.alibaba.com,0.0,alibaba.com
slicebywyt.ae,1.0,slicebywyt.ae
d1ev6lplhdgbkt.cloudfront.net,0.0,cloudfront.net
zz.zhizhen.com,0.0,zhizhen.com
e6381074299f1746b231bd23540158ff.safeframe.googlesyndication.com,0.0,googlesyndication.com
clonhadas.com.co,1.0,com.co
montepaolo.it,1.0,montepaolo.it
72k6ns9au45nuflpqoaczom76dw6mvog5lhdljtwfad149cb401bd48csac.d.aa.online-metrix.net,0.0,online-metrix.net
jnfibgiv.page.link,1.0,page.link
paste-bin.xyz,1.0,paste-bin.xyz
www.ssse.sysu.edu.cn,0.0,edu.cn
tuchong.com,0.0,tuchong.com
d1mc9jjsi8awz3.cloudfront.net,0.0,cloudfront.net
harrys-depot.com,1.0,harrys-depot.com
www.ename.cn,0.0,ename.cn
ddservices.com.mx,1.0,com.mx
dream-1300771826.cos.ap-shanghai.myqcloud.com,0.0,myqcloud.com
idealschoolburhanpur.edu.in,1.0,edu.in
computernetworkteam.com,1.0,computernetworkteam.com
api.gcs.garmin.cn.cdn.cloudflare.net,0.0,cloudflare.net
www.coventry.ac.uk,0.0,ac.uk
c2eab799268e091b44093a515c2f32f0.safeframe.googlesyndication.com,0.0,googlesyndication.com
bw1cloudfile1.oss-accelerate.aliyuncs.com,1.0,aliyuncs.com
z8k8b4s9.stackpathcdn.com,0.0,stackpathcdn.com
lotusls.xyz,1.0,lotusls.xyz
thesquarefeet.in,1.0,thesquarefeet.in
stdnumber.oiu.edu.sd,1.0,edu.sd
assistante-maternelle-reims.com,1.0,assistante-maternelle-reims.com
372306829-a835s794d1a78.rc03.oray.com,0.0,oray.com
slmc.gov.lk,1.0,gov.lk
dtlntk.tdum.alibaba.com,0.0,alibaba.com
e-deshltd.com,1.0,e-deshltd.com
3dapexdesign.com,1.0,3dapexdesign.com
rr2---sn-npoeenek.gvt1.com,0.0,gvt1.com
estandaringenieros.com.pe,1.0,com.pe
img.81857.net,0.0,81857.net
zj2fdlixfqzveyu6gkxa-f-72a47aca5-clientnsv4-s.akamaihd.net,0.0,akamaihd.net
only-413550-112-96-49-213.nstool.netease.com,0.0,netease.com
ahmetaltinok.av.tr,1.0,av.tr
p212-fmf-china.icloud.com,0.0,icloud.com
mskonferanskoltugu.com,1.0,mskonferanskoltugu.com
rvonkruger.com.br,1.0,com.br
wynecare.com,1.0,wynecare.com
15fd8572ef209fbbe03488ce3362c70f.safeframe.googlesyndication.com,0.0,googlesyndication.com
aa41965a62130ded4246552f73399896.safeframe.googlesyndication.com,0.0,googlesyndication.com
af91394d8c03522b43b9e5ab08f30b30.safeframe.googlesyndication.com,0.0,googlesyndication.com
_.graduate.sysu.edu.cn,0.0,edu.cn
surveygizmolibrary.s3.amazonaws.com,0.0,amazonaws.com
p103-acsegateway.icloud.com,0.0,icloud.com
w4dasvaxfdy2syu64vpq-f-4c143f938-clientnsv4-s.akamaihd.net,0.0,akamaihd.net
oppal.co.id,1.0,co.id
llpxmmfj.page.link,1.0,page.link
kurlyplanet.com,1.0,kurlyplanet.com
httpdns.immomo.com,0.0,immomo.com
ceylontextiles.lk,1.0,ceylontextiles.lk
1eb8d6cfa1e38dbcf124525ef6b318d3.dlied1.cdntips.net,0.0,cdntips.net
myhairven.com,1.0,myhairven.com
rochester.edu,0.0,rochester.edu
websfy.com,1.0,websfy.com
nwxkkyz.sysu.edu.cn,0.0,edu.cn
weddingphotographerpretoria.com,1.0,weddingphotographerpretoria.com
keeptrending.com,1.0,keeptrending.com
gtms02.alicdn.com.danuoyi.alicdn.com,0.0,alicdn.com
sanremohoteles.com,1.0,sanremohoteles.com
rusticironstore.com,1.0,rusticironstore.com
static.openreplay.com,0.0,openreplay.com
s1968580696.t.eloqua.com,0.0,eloqua.com
modular-software-expertise.com,1.0,modular-software-expertise.com
48.235.70.104.sbl.spamhaus.org,0.0,spamhaus.org
r13.sn-ni57dn7s.c.2mdn.net,0.0,2mdn.net
comunidadinclusiva.cl,1.0,comunidadinclusiva.cl
faculty.um.edu.sa,1.0,edu.sa
www.imaios.com,0.0,imaios.com
sdxprod.oss-cn-beijing.aliyuncs.com,0.0,aliyuncs.com
3t5fmdirkwupjptpg2iqhy4orggyvssmlzkesc4cfab4f0cac84324b7sac.d.aa.online-metrix.net,0.0,online-metrix.net
skvyfumz.page.link,1.0,page.link
sozoagrib.com,1.0,sozoagrib.com
alibasi.com,1.0,alibasi.com
b2b.csoe.org.cn,0.0,org.cn
usllpic0vuryrgnkspq67xaxqt2mxrwjh3cqkbcse6787a88db98f62esac.d.aa.online-metrix.net,0.0,online-metrix.net
a2uohe.viziotelevisao.sa.com,1.0,sa.com
plasteritelfe.com,1.0,plasteritelfe.com
namunasebs.edu.np,1.0,edu.np
english.seiee.sjtu.edu.cn,0.0,edu.cn
ferreterialirquen.cl,1.0,ferreterialirquen.cl
qvobixccjfccjbg.sysu.edu.cn,0.0,edu.cn
homeblossomdecor.com,1.0,homeblossomdecor.com
rshm.co.in,1.0,co.in
www.amsangroup.com,1.0,amsangroup.com
bluraymaster1.disqus.com,0.0,disqus.com
fcfhrycmy.sysu.edu.cn,0.0,edu.cn
alfatransgo.com,1.0,alfatransgo.com
w4dassdimj2seyu7gbuq-f-4146bf274-clientnsv4-s.akamaihd.net,0.0,akamaihd.net
lxhttbwm.page.link,1.0,page.link
printcity.com.co,1.0,com.co
return.dangdang.com,0.0,dangdang.com
static-xiaoguotu.17house.com,0.0,17house.com
asaham.itsaol.com,1.0,itsaol.com
unlockingdreamsfinancial.com,1.0,unlockingdreamsfinancial.com
lvlt.cdn.ea.com,0.0,ea.com
slvooepqreowl.www.tendawifi.com,0.0,tendawifi.com
304591217.docs.qq.com,0.0,qq.com
nusaybindilkursu.com.tr,1.0,com.tr
gons28cl.top,1.0,gons28cl.top
stock.snssdk.com,0.0,snssdk.com
download.oxy.st,1.0,oxy.st
desarrollosprogramas.com,1.0,desarrollosprogramas.com
230.16.21.104.sbl.spamhaus.org,0.0,spamhaus.org
gta5cheatmenu.com,1.0,gta5cheatmenu.com
ede3f4bc69d5476daf7b9a5e573b7ba8.fp.measure.office.com,0.0,office.com
5f50dd79f5eb43e79febb4deffdaecfe.fp.measure.office.com,0.0,office.com
72k6ns9awgr4yzbiwqybdnxlm6at7waipbau7to4a670d62c46204c50sac.d.aa.online-metrix.net,0.0,online-metrix.net
ppgfans.com,1.0,ppgfans.com
qcmhdwyg.page.link,1.0,page.link
oygingenieros.com,1.0,oygingenieros.com
chasedigitalllc.com,1.0,chasedigitalllc.com
parves.xyz,1.0,parves.xyz
658591c13fec90d02954f4bef12356f7.safeframe.googlesyndication.com,0.0,googlesyndication.com
4a90005c6acfe0576e84be47d0e63f83.safeframe.googlesyndication.com,0.0,googlesyndication.com
boacavaimoveis.com.br,1.0,com.br
caopositivo.com.br,1.0,com.br
onedriveplus-my.sharepoint.cn,0.0,sharepoint.cn
polymersanaat.com,1.0,polymersanaat.com
implantesdentarios.app.br,1.0,app.br
orionparti.com,1.0,orionparti.com
martescorts.com,1.0,martescorts.com
vennuttoimoveis.com.br,1.0,com.br
dice.xjtu.edu.cn,0.0,edu.cn
qdywarwh.page.link,1.0,page.link
theprideschools.com,1.0,theprideschools.com
cuemedia.in,1.0,cuemedia.in
archive.madz258.xyz,1.0,madz258.xyz
buxvt.cloudid.coffeeonboard.com,1.0,coffeeonboard.com
f167fb39c3a64d3c9ebb8f4c4b285f1b.fp.measure.office.com,0.0,office.com
dz9i2yhyede4y.cloudfront.net,0.0,cloudfront.net
dualstack.atlas-713694749.ap-southeast-1.elb.amazonaws.com,0.0,amazonaws.com
fd52124cc821f24cadec97d21dadcd4b.safeframe.googlesyndication.com,0.0,googlesyndication.com
13.167.71.124.sbl.spamhaus.org,0.0,spamhaus.org
9xi2xy.tdum.alibaba.com,0.0,alibaba.com
aipbubla.page.link,1.0,page.link
pharmajobs.co.ke,1.0,co.ke
adl-qo.fartit.com,1.0,fartit.com
v3.mytalentplatform.com,1.0,mytalentplatform.com
e8ca34f6263040fd90f2a7ae679c7418.fp.measure.office.com,0.0,office.com
b144cdb5f63382128addc15f418d17b1.safeframe.googlesyndication.com,0.0,googlesyndication.com
anti-bot.baidu.com,0.0,baidu.com
windooruae.com,1.0,windooruae.com
d93449e73ca94271b9c6d7ce5b7e3c6d.fp.measure.office.com,0.0,office.com
fulldeckproductions.co.za,1.0,co.za
hacsecurities.com,1.0,hacsecurities.com
ctep.edu.co,1.0,edu.co
gqkmtlyj.page.link,1.0,page.link
nlspilauvsdmr.www.tendawifi.com,0.0,tendawifi.com
phgbmqcoqnd.sysu.edu.cn,0.0,edu.cn
versa-static.oss-cn-shanghai.aliyuncs.com,0.0,aliyuncs.com
imgczls.cooco.net.cn,0.0,net.cn
stracons.org,1.0,stracons.org
fmpodclcnaczvp.www.tendawifi.com,0.0,tendawifi.com
eaasee.com,1.0,eaasee.com
orsan.gruporhynous.com,1.0,gruporhynous.com
72k6ns9ahkmpbemqmfmntgeqtmyeq273t3pxz67d67863e4d21aae204sac.d.aa.online-metrix.net,0.0,online-metrix.net
pim.qq.com,0.0,qq.com
pkg.sinaimg.cn,0.0,sinaimg.cn
ipipqpqc.page.link,1.0,page.link
jkemkdyyih.sysu.edu.cn,0.0,edu.cn
72k6ns9ahfqqfsycvd4hnaj6fwmk63aqflmjh3oreab06bd9ca6917a7sac.d.aa.online-metrix.net,0.0,online-metrix.net
majortravelegypt.com,1.0,majortravelegypt.com
anugerahberkatsarana.com,1.0,anugerahberkatsarana.com
fourfuture.agency,1.0,fourfuture.agency
ittrainingbd.com,1.0,ittrainingbd.com
rololimultiservices.com,1.0,rololimultiservices.com
a014fa61de14d5545dade71d0266776db.profile.qro51-c1.cloudfront.net,0.0,cloudfront.net
a.c-0.19-a7000081.c8e0082.16a8.c13.3ea5.210.0.bw59tgd2mulb5gdf2h6h7grv3v.avts.mcafee.com,0.0,mcafee.com
cpftielg.page.link,1.0,page.link
tuadministrador.cl,1.0,tuadministrador.cl
odvxjftn.page.link,1.0,page.link
pranaevents.net,1.0,pranaevents.net
theshopnkart.com,1.0,theshopnkart.com
madupxn.sysu.edu.cn,0.0,edu.cn
miningassociates.co.in,1.0,co.in
docs-dapi.wps.cn,0.0,wps.cn
fbab35b6de264474a12a37fee3335619.fp.measure.office.com,0.0,office.com
harshaauto.co.in,1.0,co.in
p4-f6wkm2jbcceyy-shdlhytwsa5nvrvr-if-v6exp3-v4.metric.gstatic.com,0.0,gstatic.com
58-249-112-88_s-23-48-214-147_ts-1654565672-clienttons-s.akamaihd.net,0.0,akamaihd.net
w4dasvaxfdy2syu65cyq-f-bde818d3b-clientnsv4-s.akamaihd.net,0.0,akamaihd.net
ns2.vpsserver.com,0.0,vpsserver.com
sasdk.cs0309.3g.qq.com,0.0,qq.com
sahm.isasecret.com,1.0,isasecret.com
robot.bnu.edu.cn,0.0,edu.cn
sdc.mrbonus.com,1.0,mrbonus.com
tsinghuasuan.mikecrm.com,0.0,mikecrm.com
woescosmetica.com,1.0,woescosmetica.com
c5ti3w.tdum.alibaba.com,0.0,alibaba.com
patmypets.com,1.0,patmypets.com
24f6b085f13d4da0ac72b50dfc9b7ed5.fp.measure.office.com,0.0,office.com
w4dasvaxfdy4syu6fpva-f-2adf27a81-clientnsv4-s.akamaihd.net,0.0,akamaihd.net
cmbc-formations.fr,1.0,cmbc-formations.fr
w4dasvfygoo5syu6hcvq-f-3f175895c-clientnsv4-s.akamaihd.net,0.0,akamaihd.net
only-733021-183-9-227-250.nstool.netease.com,0.0,netease.com
extramoda.com.ua,1.0,com.ua
ltc.xynu.edu.cn,0.0,edu.cn
ehtcshqi.page.link,1.0,page.link
b5b08d1028a9bc7784888379b4d74a5f.safeframe.googlesyndication.com,0.0,googlesyndication.com
s11.7086xz.xyz,0.0,7086xz.xyz
techeverywhere.space,1.0,techeverywhere.space
only-17041-223-104-68-104.nstool.netease.com,0.0,netease.com
yxnwmtas.sysu.edu.cn,0.0,edu.cn
w4dasvaxeqhvqyu7gwca-f-ce6c820c7-clientnsv4-s.akamaihd.net,0.0,akamaihd.net
examiner.org.pk,1.0,org.pk
flask.palletsprojects.com,0.0,palletsprojects.com
948874312.docs.qq.com,0.0,qq.com
www.government.nl,0.0,government.nl
www.fastsoso.cn,0.0,fastsoso.cn
parafianieboczowy.pl,1.0,parafianieboczowy.pl
ee57d2b1260591fc8955e1d237c9d907.safeframe.googlesyndication.com,0.0,googlesyndication.com
assetstorage73.azureedge.net,0.0,azureedge.net
dentistaleme.com.br,1.0,com.br
bajaurtimes.com,1.0,bajaurtimes.com
npgnqyee.page.link,1.0,page.link
external-media128.public.wsinm-a-1.prod.infra.webex.com,0.0,webex.com
ylmgqkclwp.sysu.edu.cn,0.0,edu.cn
72b6ecf6c01228cd9c83d0e906475f02.safeframe.googlesyndication.com,0.0,googlesyndication.com
d626d9dab2f1da6614b465f7a4c13273.safeframe.googlesyndication.com,0.0,googlesyndication.com
images8.m.china.com.cn,0.0,com.cn
e43e57c23bac4fb6a020d8bdca8a67b1.fp.measure.office.com,0.0,office.com
ritafreshfood.com,1.0,ritafreshfood.com
fast-prod-atm-apc.trafficmanager.net,0.0,trafficmanager.net
apprep.smartscreen.microsoft.com,0.0,microsoft.com
y9yrsygcg6.execute-api.us-east-1.amazonaws.com,0.0,amazonaws.com
nzdintab.page.link,1.0,page.link
a0c6f280ea3b4bff999d88d63c5fdd31.fp.measure.office.com,0.0,office.com
laiu8img.oss-cn-shenzhen.aliyuncs.com,0.0,aliyuncs.com
a8d2ffa1ce81403eb8ca2aad4b1df55e.safeframe.googlesyndication.com,0.0,googlesyndication.com
mbbadvertiser.com,1.0,mbbadvertiser.com
careers.midea.com,0.0,midea.com
pfeskjdf.page.link,1.0,page.link
zn0umm8znjpycgm2n-fiverr.siteintercept.qualtrics.com,0.0,qualtrics.com
whgsoba.org,1.0,whgsoba.org
sickpdacderqyf.sysu.edu.cn,0.0,edu.cn
friends.worldofwarships.asia,0.0,worldofwarships.asia
pdwk5367o4zlwyu7g64q-f-1f8a6e587-clientnsv4-s.akamaihd.net,0.0,akamaihd.net
durangos.com.co,1.0,com.co
qisxlwbt.page.link,1.0,page.link
elements.envato.com,0.0,envato.com
glcbogq.sysu.edu.cn,0.0,edu.cn
a0534a43af01a2a40c315fa9b1f83315.safeframe.googlesyndication.com,0.0,googlesyndication.com
zj2fdlixfqz3eyu6rata-f-2d61cb8f2-clientnsv4-s.akamaihd.net,0.0,akamaihd.net
kagamihara-my.sharepoint.com,0.0,sharepoint.com
bg-prd-cos-bdp-1257092428.cos.ap-guangzhou.myqcloud.com,0.0,myqcloud.com
yyndcvuhekcf.sysu.edu.cn,0.0,edu.cn
gostudents.fr,1.0,gostudents.fr
qcjmjirk.page.link,1.0,page.link
kd-app-1251316161.file.myqcloud.com,0.0,myqcloud.com
decorate-platform.bj.bcebos.com,0.0,bcebos.com
29883c1421c34508bd96b87321f2bb9a.fp.measure.office.com,0.0,office.com
83b33ff732860025924e12952029ae18.safeframe.googlesyndication.com,0.0,googlesyndication.com
app.oiu.edu.sd,1.0,edu.sd
padl-fhd.oiu.edu.sd,1.0,edu.sd
dpzpieno.page.link,1.0,page.link
a2-1.i4.cn,0.0,i4.cn
d9a15517404348d5bd482aeb06b8d1c4.fp.measure.office.com,0.0,office.com
ms.zhihu.com,0.0,zhihu.com
shenxiaogang.findlaw.cn,0.0,findlaw.cn
www.qgis.org,0.0,qgis.org
ljhaynpscyx.sysu.edu.cn,0.0,edu.cn
hult.my.salesforce.com,0.0,salesforce.com
wjyzsfmsssj.sysu.edu.cn,0.0,edu.cn
zqjvdbsor.sysu.edu.cn,0.0,edu.cn
sv10762.xserver.jp,0.0,xserver.jp
buyfon.ir,1.0,buyfon.ir
f810efbb06920fc658d9f0a5f9a8311f.safeframe.googlesyndication.com,0.0,googlesyndication.com
eqvyevuh.page.link,1.0,page.link
iphone-application-developers.sysu.edu.cn,0.0,edu.cn
p207-quota.icloud.com,0.0,icloud.com
seokittool.com,1.0,seokittool.com
granhotelvillaguay.com.ar,1.0,com.ar
books.google.com,0.0,google.com
vkvd29.mycdn.me,0.0,mycdn.me
brwqtwxe.page.link,1.0,page.link
91mobiles.site,1.0,91mobiles.site
erslaneng.com,1.0,erslaneng.com
rdyoutmo.page.link,1.0,page.link
click.sg.rentalcars.com,0.0,rentalcars.com
enterprise.google.com,0.0,google.com
af25c777e435480aa1d977452e005642.fp.measure.office.com,0.0,office.com
yunbao-image-1253974301.piccd.myqcloud.com,0.0,myqcloud.com
rocknetwork.org,1.0,rocknetwork.org
qqpvp.wefire.qq.com,0.0,qq.com
views.ce.cn,0.0,ce.cn
hhmaydxniosjdfv.sysu.edu.cn,0.0,edu.cn
allseocheckertools.com,1.0,allseocheckertools.com
pixelmonmod.com,0.0,pixelmonmod.com
d1de8f9baf7341cbbafc6eeac405fd24.fp.measure.office.com,0.0,office.com
goldenyieldfarms.com,1.0,goldenyieldfarms.com
smt.faqserv.com,1.0,faqserv.com
60448ba58c3f447795357d43341dc1a9.fp.measure.office.com,0.0,office.com
21ce6e397a928f8665cff78961552c4d.safeframe.googlesyndication.com,0.0,googlesyndication.com
d140bad9419571ae81713a9357f9b68b.safeframe.googlesyndication.com,0.0,googlesyndication.com
adanacigkoftesiparis.com,1.0,adanacigkoftesiparis.com
jcsengenhariacivil.com.br,1.0,com.br
rsvpyrhz.www.tendawifi.com,0.0,tendawifi.com
c23f2e9ce1f6452da0534a7762bdc8ec.fp.measure.office.com,0.0,office.com
elegantusedu.com.au,1.0,com.au
uqlojqtw.page.link,1.0,page.link
wddqtznf.page.link,1.0,page.link
cdn-a.arcgis.com,0.0,arcgis.com
ichef-notifications.bbci.co.uk,0.0,co.uk
happycoaching.cl,1.0,happycoaching.cl
beacon-mp.tingyun.com,0.0,tingyun.com
audid-api.taobao.com,0.0,taobao.com
petholickw.com,1.0,petholickw.com
deb.faqserv.com,1.0,faqserv.com
aspensiestadenver.com,1.0,aspensiestadenver.com
rpfrojqy.page.link,1.0,page.link
977314ccac7f5805c5c5981c65e13c9a.safeframe.googlesyndication.com,0.0,googlesyndication.com
xhfnukkj.page.link,1.0,page.link
cloud-dealercloud-arvr.xapi.autohome.com.cn,0.0,com.cn
28bdb469ed0341bb92dcbc088d5530ad.fp.measure.office.com,0.0,office.com
hcresto.com,1.0,hcresto.com
image16.360doc.com,0.0,360doc.com
www.zhongyoo.com,0.0,zhongyoo.com
144.159.67.172.sbl.spamhaus.org,0.0,spamhaus.org
adlc.vizvaz.com,1.0,vizvaz.com
2ea3af2e3105435bb101b19ea8cb2999.fp.measure.office.com,0.0,office.com
tags.johnlewis.com,0.0,johnlewis.com
cn.account.tcl.com,0.0,tcl.com
image-nation.org,1.0,image-nation.org
e6fb1b6c6bb44255aa6ec385001e58f3.fp.measure.office.com,0.0,office.com
mlgqxdtualh.sysu.edu.cn,0.0,edu.cn
eb9b6f0bbe1777288737221b4ebf66c2.safeframe.googlesyndication.com,0.0,googlesyndication.com
earlyagelearners.com,1.0,earlyagelearners.com
value-studio.com,1.0,value-studio.com
mrtools.com.mx,1.0,com.mx
dphcp.org,1.0,dphcp.org
economic-calendar.tradingview.com,0.0,tradingview.com
avaluosypropiedadeshomy.co,1.0,avaluosypropiedadeshomy.co
justalkalinewater.co.za,1.0,co.za
html.ecqun.com,0.0,ecqun.com
w4dasvaxfdy4syu644aq-f-035aa1115-clientnsv4-s.akamaihd.net,0.0,akamaihd.net
sahmns.mrbonus.com,1.0,mrbonus.com
cpcef.fr,1.0,cpcef.fr
ked-ind.com,1.0,ked-ind.com
musicpunch.p2p.qq.com.sysu.edu.cn,0.0,edu.cn
epic7tw.gamekee.com,0.0,gamekee.com
xue.youdao.com,0.0,youdao.com
w4dasvdijw3rwyu6gm7q-f-7c8af51e9-clientnsv4-s.akamaihd.net,0.0,akamaihd.net
miki2-my.sharepoint.com,0.0,sharepoint.com
f9ec38d45d861cfaddc460975df60da1.safeframe.googlesyndication.com,0.0,googlesyndication.com
rightcarquote.com,1.0,rightcarquote.com
e4d05cc3d13ec01ccf7430904b531366.safeframe.googlesyndication.com,0.0,googlesyndication.com
tserv.com.br,1.0,com.br
afs.mrbasic.com,1.0,mrbasic.com
ex.qq.com,0.0,qq.com
b7d26020535f3f5d836062d9eda06202d.profile.blr50-c1.cloudfront.net,0.0,cloudfront.net
222.bus.sysu.edu.cn,0.0,edu.cn
gxs.hubei.gov.cn,0.0,gov.cn
a9ff6dab10c184ab06eb7c1fe3869a157.profile.yul62-c1.cloudfront.net,0.0,cloudfront.net
fgbjlypdh.www.tendawifi.com,0.0,tendawifi.com
usepvls003.ccs.mcafee.com,0.0,mcafee.com
dygtelecom.cl,1.0,dygtelecom.cl
q7qaug.by.files.1drv.com,0.0,1drv.com
business.amazon.fr,0.0,amazon.fr
funmail2u.de,1.0,funmail2u.de
bpbtmepsyqppj.sysu.edu.cn,0.0,edu.cn
derpbirc.page.link,1.0,page.link
btkfdwcr.page.link,1.0,page.link
vxcomunicacao.com,1.0,vxcomunicacao.com
nidomanitas.com,1.0,nidomanitas.com
52feccd0f7df4c7299fdc429160976f5.fp.measure.office.com,0.0,office.com
9f0897e184fbd405afe6a6d3e15da743.safeframe.googlesyndication.com,0.0,googlesyndication.com
e572686213d7895c35dc1ab64c2eafcf.safeframe.googlesyndication.com,0.0,googlesyndication.com
entersa.pl,1.0,entersa.pl
c5.dpool.sina.com.cn,0.0,com.cn
120.115.145.54.sbl.spamhaus.org,0.0,spamhaus.org
excelliaschool.edu.in,1.0,edu.in
hwecneee.page.link,1.0,page.link
et3.ektpnc.com,1.0,ektpnc.com
voti-fanta.sysu.edu.cn,0.0,edu.cn
dataupdate.synology.com,0.0,synology.com
www.biblestudytools.com,0.0,biblestudytools.com
cdn.anyconv.com,0.0,anyconv.com
postgraduate-top-1258014408.file.myqcloud.com,0.0,myqcloud.com
vjotktvy.page.link,1.0,page.link
asldg.mrbasic.com,1.0,mrbasic.com
adlsg.mrface.com,1.0,mrface.com
ihjwfwdpyu.sysu.edu.cn,0.0,edu.cn
lgphoashboe.sysu.edu.cn,0.0,edu.cn
3g.pptv.com,0.0,pptv.com
youngdigitalmarketer.com,1.0,youngdigitalmarketer.com
webdesigninhull.co.uk,1.0,co.uk
384091048.docs.qq.com,0.0,qq.com
sc.foodmate.net,0.0,foodmate.net
dca.rw,1.0,dca.rw
gz.service.t.sinaimg.cn,0.0,sinaimg.cn
cc.fantia.jp,0.0,fantia.jp
amv2.org,1.0,amv2.org
bjainpharmacrm.com,1.0,bjainpharmacrm.com
events.api.godaddy.com,0.0,godaddy.com
neofitness.co.id,1.0,co.id
sjz.china.cn,0.0,china.cn
my.eudic.net,0.0,eudic.net
shahnazbeautyclinic.com,1.0,shahnazbeautyclinic.com
login-cnki-net-443.webvpn.scut.edu.cn,0.0,edu.cn
ndonoenergy.com,1.0,ndonoenergy.com
advitax.com.ec,1.0,com.ec
www.terpconnect.umd.edu,0.0,umd.edu
zoomiadlf32mmr.iad.zoom.us,0.0,zoom.us
server2-slabx.ocmtancmi2c5t.live,1.0,ocmtancmi2c5t.live
glketg.sn.files.1drv.com,0.0,1drv.com
pdwk5zqxjtqsmyu7khzq-f-009f42806-clientnsv4-s.akamaihd.net,0.0,akamaihd.net
naturalheat.com.ec,1.0,com.ec
expresodelacosta.com.ar,1.0,com.ar
grimalvalpa.com,1.0,grimalvalpa.com
d6fe73e2409858b6134f06d40fefdb10.safeframe.googlesyndication.com,0.0,googlesyndication.com
access.blackboard.com,0.0,blackboard.com
d90fcfc7f8954fe88e934794073cd055.fp.measure.office.com,0.0,office.com
www.euppublishing.com,0.0,euppublishing.com
westsidehatzoloh.org,1.0,westsidehatzoloh.org
prx.gluck.su,1.0,gluck.su
only-480526-117-136-41-58.nstool.netease.com,0.0,netease.com
chengmai.hainan.gov.cn,0.0,gov.cn
dukaree.com,1.0,dukaree.com
lite.a.market.xiaomi.com,0.0,xiaomi.com
sub.kongfz.cn,0.0,kongfz.cn
bmzplc.com,1.0,bmzplc.com
ozcvptpu.page.link,1.0,page.link
cafe.qq.com,0.0,qq.com
woodcorp.com.pk,1.0,com.pk
alfa-omega-pty.com,1.0,alfa-omega-pty.com
vod2-pan.youku.com,0.0,youku.com
cdn.api.b.hatena.ne.jp,0.0,ne.jp
5yb5tl.tdum.alibaba.com,0.0,alibaba.com
d05da287e9e4606a6119007df04f876e.safeframe.googlesyndication.com,0.0,googlesyndication.com
gons24cl.top,1.0,gons24cl.top
4b041ec84b2a418687bea4fca4ddfc65.fp.measure.office.com,0.0,office.com
lumafacturacion.com,1.0,lumafacturacion.com
cdn.images.yourquote.in,0.0,yourquote.in
alikhan.com.pk,1.0,com.pk
oupzblflmffx.lenovo.com,0.0,lenovo.com
qkfplozidd6n.s4.adsco.re,0.0,adsco.re
2y4ayf.tdum.alibaba.com,0.0,alibaba.com
ad-irt.vizvaz.com,1.0,vizvaz.com
www.unb.br,0.0,unb.br
d2bbae3801c44859bf6c7dcf374f7e73.fp.measure.office.com,0.0,office.com
6ccaaed31cb34f13bcde8246ed6ce8b3.fp.measure.office.com,0.0,office.com
nfdnrpuo.sysu.edu.cn,0.0,edu.cn
sdm.faqserv.com,1.0,faqserv.com
fixist.net,1.0,fixist.net
gulfxgroup.com,1.0,gulfxgroup.com
kdwhqebs.page.link,1.0,page.link
glorious-schools.com,1.0,glorious-schools.com
rr4---sn-3pm7sne7.googlevideo.com,0.0,googlevideo.com
file40.gofile.io,1.0,gofile.io
smashelevators.com,1.0,smashelevators.com
briennarossiter.files.wordpress.com,0.0,wordpress.com
jtw.onelink.me,0.0,onelink.me
yuyue.wjx.top,0.0,wjx.top
ludiakama.be,1.0,ludiakama.be
ntfgkdck.page.link,1.0,page.link
thiagocampos.adv.br,1.0,adv.br
343e2da4583c4d7694e8c027e5c5b49a.fp.measure.office.com,0.0,office.com
www.sparkfun.com,0.0,sparkfun.com
citvcharacato.com,1.0,citvcharacato.com
feauxlkj.page.link,1.0,page.link
sato-transport.net,1.0,sato-transport.net
a7f33fa92d9853860390372c6d6593b3d.profile.ord56-p2.cloudfront.net,0.0,cloudfront.net
germansl.com,1.0,germansl.com
edu.bdstatic.com,0.0,bdstatic.com
0a54a8ccf381423f73c85e4756bd8f0c.safeframe.googlesyndication.com,0.0,googlesyndication.com
yahayahtuta.com,1.0,yahayahtuta.com
img.guildedcdn.com,1.0,guildedcdn.com
trfernhuixbccx.sysu.edu.cn,0.0,edu.cn
cma.esnai.com,0.0,esnai.com
sunvo-my.sharepoint.cn,0.0,sharepoint.cn
irsaham1402.site,1.0,irsaham1402.site
ihhlrbnb.page.link,1.0,page.link
cloud-push.spdb.com.cn,0.0,com.cn
145d7208610048efad174bd86602d773.fp.measure.office.com,0.0,office.com
a-0.19-a70f5081.9030081.15e0.6b8.3ea3.210.0.l8pbh1vqlc2n7g68vpk7d2akij.avts.mcafee.com,0.0,mcafee.com
play.sysu.edu.cn,0.0,edu.cn
9d3a4dc3eeb28e22f17dd253e7ba6e027b2ce239aba91f2f.dlied1.cdntips.net,0.0,cdntips.net
crystalshippings.online,1.0,crystalshippings.online
pyonqhxyodoa.sysu.edu.cn,0.0,edu.cn
jqf9rg.sn.files.1drv.com,0.0,1drv.com
assets-football.hoopchina.com.cn,0.0,com.cn
iek.caching.oysterfloats.com,1.0,oysterfloats.com
bestgiftlover.com,1.0,bestgiftlover.com
a3085c1d48924dfd9df02c9abf9cec75.fp.measure.office.com,0.0,office.com
dralbuja.com,1.0,dralbuja.com
enroll-resource.oss-cn-shanghai.aliyuncs.com,0.0,aliyuncs.com
nipoafricaeng.co.tz,1.0,co.tz
saltonipl.com,1.0,saltonipl.com
yuivrgsq.page.link,1.0,page.link
nativesfilmworks.com,1.0,nativesfilmworks.com
diresaica.gob.pe,1.0,gob.pe
device.dongqiudi.com,0.0,dongqiudi.com
gdom.org,1.0,gdom.org
toklwmoefiezeac.sysu.edu.cn,0.0,edu.cn
centruldepsihosomatica.md,1.0,centruldepsihosomatica.md
htechcreations.com,1.0,htechcreations.com
doumvn.com,1.0,doumvn.com
gdsg1s.tdum.alibaba.com,0.0,alibaba.com
vitalyplas.cl,1.0,vitalyplas.cl
p65-fmip.icloud.com.cn,0.0,com.cn
ziwxgwve.page.link,1.0,page.link
ad6af273bc595d73f41e323a58cef7dd1.profile.mel50-c2.cloudfront.net,0.0,cloudfront.net
mqmzsope.page.link,1.0,page.link
5493tblcyiavpyd4l6hzpnpmdnive5megojhgxlsd8bbfcc1da314f15sac.d.aa.online-metrix.net,0.0,online-metrix.net
92062bf34f164891995b57e95ee33472.fp.measure.office.com,0.0,office.com
shaktifoundation.co.in,1.0,co.in
4f3c9c90c8dc444aa1a4e5299b491d4e.fp.measure.office.com,0.0,office.com
sexsecret.com.mx,1.0,com.mx
wholechildren.org,1.0,wholechildren.org
phim18hay.online,1.0,phim18hay.online
housefoods.jp,0.0,housefoods.jp
corporaciongemaris.com,1.0,corporaciongemaris.com
grupoantc.com,1.0,grupoantc.com
app-sj14.marketo.com,0.0,marketo.com
www.robertoscaia.com,1.0,robertoscaia.com
saldhg.my03.com,1.0,my03.com
evecntsl.sysu.edu.cn,0.0,edu.cn
dominoqq401.com,1.0,dominoqq401.com
nhmarunachalfds.in,1.0,nhmarunachalfds.in
71122dd571ad48ceb88c6a57544c7937.fp.measure.office.com,0.0,office.com
cdn.edgecast.steamstatic.com,0.0,steamstatic.com
zszpqrl.tendawifi.com,0.0,tendawifi.com
ameri7350.xyz,1.0,ameri7350.xyz
ubp-common-us-prod.s3.amazonaws.com,0.0,amazonaws.com
snfpk.com,1.0,snfpk.com
lens-binaries.s3.amazonaws.com,0.0,amazonaws.com
jumatik.boutique,1.0,jumatik.boutique
protect.line.pm,1.0,line.pm
ggbkrlfbjvh.sysu.edu.cn,0.0,edu.cn
ktgwhyrtmqkqe.sysu.edu.cn,0.0,edu.cn
lwztmvm.sysu.edu.cn,0.0,edu.cn
universewriters.com,1.0,universewriters.com
api.authy.com,0.0,authy.com
garagedoors-johannesburg.com,1.0,garagedoors-johannesburg.com
cbkn.sync.oystergardens.club,1.0,oystergardens.club
seb.faqserv.com,1.0,faqserv.com
mps.cnbc.com,0.0,cnbc.com
kkxz.vip,0.0,kkxz.vip
dth.settings.oysterfloats.org,1.0,oysterfloats.org
homevisitservices.com,1.0,homevisitservices.com
8d16838fd02c4cf5b4bdd24bbb8c48a1.fp.measure.office.com,0.0,office.com
f11.baidu.com,0.0,baidu.com
tumukhingemniu.sysu.edu.cn,0.0,edu.cn
bcghs.edu.bd,1.0,edu.bd
restaurant1.online,1.0,restaurant1.online
pbautosrecovery.com,1.0,pbautosrecovery.com
hfxz.hefei.gov.cn,0.0,gov.cn
eieindonesia.com,1.0,eieindonesia.com
b-xtremebikes.com,1.0,b-xtremebikes.com
only-412898-223-104-63-43.nstool.netease.com,0.0,netease.com
67bcf389524c42a48bb7deb6b32b882f.fp.measure.office.com,0.0,office.com
6b1bbb0e1aa74a5b979961ef93a1eba0.fp.measure.office.com,0.0,office.com
kw.wikipedia.org,0.0,wikipedia.org
thiscatdoesnotexist.com,0.0,thiscatdoesnotexist.com
magulam1.x24hr.com,1.0,x24hr.com
faw-audi-public-prod-1256532032.file.myqcloud.com,0.0,myqcloud.com
urban.ng,1.0,urban.ng
rr4.sn-j5o7dn7e.gvt1.com,0.0,gvt1.com
thenewsarena.sysu.edu.cn,0.0,edu.cn
siainsurance.us.com,1.0,us.com
adl-ggs.vizvaz.com,1.0,vizvaz.com
izmkh.layout.oystergardens.us,1.0,oystergardens.us
zwfw.zfcxjs.tj.gov.cn,0.0,gov.cn
madeinbots.com,1.0,madeinbots.com
buyukustalar.org,1.0,buyukustalar.org
afolowokureandassociates.com,1.0,afolowokureandassociates.com
www.deltabehavioralhealth.org,1.0,deltabehavioralhealth.org
muktodhara.online,1.0,muktodhara.online
p38-acsegateway.icloud.com.cn,0.0,com.cn
suo-e.bulog.jp,1.0,bulog.jp
fslsiabg.page.link,1.0,page.link
ipv4-ipv6-phase4.web.vip.meituan.com,0.0,meituan.com
flitmi.com,1.0,flitmi.com
popularlinea.cci.edu.pk,1.0,edu.pk
3f0cb2a962d7ca433153011659c1ca98.safeframe.googlesyndication.com,0.0,googlesyndication.com
rso-sa.com,1.0,rso-sa.com
vkvd53.mycdn.me,0.0,mycdn.me
bhkngkvruh.sysu.edu.cn,0.0,edu.cn
sunuplaza.com,1.0,sunuplaza.com
weecarepreschools.org,1.0,weecarepreschools.org
alzheimerencasa.org,1.0,alzheimerencasa.org
najdroads.com.sa,1.0,com.sa
4049b3c967594ed0be96861e1d016153.fp.measure.office.com,0.0,office.com
contacts.msn.com,0.0,msn.com
solutionsinengineering.com,1.0,solutionsinengineering.com
munwcsccxphxp.sysu.edu.cn,0.0,edu.cn
delog.com.ng,1.0,com.ng
atxk.settings.oysterfloats.org,1.0,oysterfloats.org
locatemee.com,1.0,locatemee.com
codebluesystem.com,1.0,codebluesystem.com
petraacademy.com.ng,1.0,com.ng
shahabians.com,1.0,shahabians.com
jkktcehvcgyh.sysu.edu.cn,0.0,edu.cn
ver.sysu.edu.cn,0.0,edu.cn
f706551b0b61bf5d60193aab78762b09.safeframe.googlesyndication.com,0.0,googlesyndication.com
favouritesafety.in,1.0,favouritesafety.in
dn60i3k8v81ou.cloudfront.net,0.0,cloudfront.net
w4dasvfygoo5syu66atq-f-71e91d655-clientnsv4-s.akamaihd.net,0.0,akamaihd.net
w4dasvaxfdy2syu7aara-f-1b013556c-clientnsv4-s.akamaihd.net,0.0,akamaihd.net
sou.cmbchina.com,0.0,cmbchina.com
tatouagefemme.eu,1.0,tatouagefemme.eu
38vmnbqrqq4v.s4.adsco.re,0.0,adsco.re
pbkp.com.np,1.0,com.np
eplangopos.com,1.0,eplangopos.com
horecalab.hr,1.0,horecalab.hr
snowhillvythiri.com,1.0,snowhillvythiri.com
sgnscg.com,1.0,sgnscg.com
docs.google.com,1.0,google.com
www.mediawiki.org,0.0,mediawiki.org
wrofstzm.page.link,1.0,page.link
sppflash.com.ar,1.0,com.ar
libs.eoffcn.com,0.0,eoffcn.com
infotrack.gdt.qq.com,0.0,qq.com
w4dasvfydj7usyu6sf2a-f-c2d40e97c-clientnsv4-s.akamaihd.net,0.0,akamaihd.net
npyflvms.page.link,1.0,page.link
edge-037.uslax2.icloud-content.com,0.0,icloud-content.com
floriculturavalledasflores.com.br,1.0,com.br
test.odrtechinc.com,1.0,odrtechinc.com
eilacvld.page.link,1.0,page.link
pdwk5uqxiosmeyu6touq-f-475c55a41-clientnsv4-s.akamaihd.net,0.0,akamaihd.net
r5aedr.sonytelevisao.sa.com,1.0,sa.com
74f59d04c40ced07f2b6a8df4edc5ce9.safeframe.googlesyndication.com,0.0,googlesyndication.com
8a099c49df04f92469d270c0c1f7ee4a.safeframe.googlesyndication.com,0.0,googlesyndication.com
jobszu.jysd.com,0.0,jysd.com
72edabfe47af4974a66263eea59557ea.fp.measure.office.com,0.0,office.com
fbbazarbd.com,1.0,fbbazarbd.com
kojekkoja.com,1.0,kojekkoja.com
2022060616-1311572556.cos.ap-shanghai.myqcloud.com,0.0,myqcloud.com
kzlxtkzd.page.link,1.0,page.link
open.douyu.com,0.0,douyu.com
mercedes5pluss.no,1.0,mercedes5pluss.no
hmbkvlmk.page.link,1.0,page.link
down2.stat.xunlei.com,0.0,xunlei.com
signin.104.com.tw,0.0,com.tw
oregonmomontpelier.milarite.com,1.0,milarite.com
udarpndykjuz.domain.name,0.0,domain.name
54c02800fed75360f5918507103d587e.safeframe.googlesyndication.com,0.0,googlesyndication.com
bb5765fee43b128f7b55fa6ed9a28986.safeframe.googlesyndication.com,0.0,googlesyndication.com
os-news.vivo.com,0.0,vivo.com
consorciofacil.com.ar,1.0,com.ar
convergentcapital.com.au,1.0,com.au
mirabilismusic.net,1.0,mirabilismusic.net
sheying.sioe.cn,0.0,sioe.cn
gitbvzdwzkdnilm.sysu.edu.cn,0.0,edu.cn
accinox.com,1.0,accinox.com
dmns.itsaol.com,1.0,itsaol.com
adlgg.itsaol.com,1.0,itsaol.com
meetgirl24.online,1.0,meetgirl24.online
amoteoeldwvx.sysu.edu.cn,0.0,edu.cn
s.fanwen118.com,0.0,fanwen118.com
cdn1.htstreaming.com,0.0,htstreaming.com
budaktur.com,1.0,budaktur.com
qybio.biomart.cn,0.0,biomart.cn
beatrizmancilla.com,1.0,beatrizmancilla.com
47ecc8dcb9a7cfb9f4a84c45556725a2.safeframe.googlesyndication.com,0.0,googlesyndication.com
propagandaetrafego.com,1.0,propagandaetrafego.com
oisrec.com,1.0,oisrec.com
palitaliawines.com,1.0,palitaliawines.com
566-ipv4e.clump.dprodmgd106.aa-rt.sharepoint.com,0.0,sharepoint.com
maillist-manage.com,0.0,maillist-manage.com
interblockchainlab.com,1.0,interblockchainlab.com
diamond-safety.com,1.0,diamond-safety.com
db3d181939d5ca126f1c61db941ff6dd.safeframe.googlesyndication.com,0.0,googlesyndication.com
2340444a9081682f53fe60a61ef4e3a0.safeframe.googlesyndication.com,0.0,googlesyndication.com
mitostour.com,1.0,mitostour.com
d14.baidupcs.com,0.0,baidupcs.com
lbgttlurktayw.sysu.edu.cn,0.0,edu.cn
jsp.com.np,1.0,com.np
sadrate.pics,1.0,sadrate.pics
strainernozzle.com,1.0,strainernozzle.com
feynus.com,1.0,feynus.com
zantripstours.co.tz,1.0,co.tz
dualstack.acs-loadbalancer-1953159158.ap-northeast-1.elb.amazonaws.com,0.0,amazonaws.com
t2637365464173942605.id.amgdgt.com,0.0,amgdgt.com
dkjgfw.mnr.gov.cn,0.0,gov.cn
superdreadi.com,1.0,superdreadi.com
995174caf06b21f2ba68ecd2126be9df1dca45c7.ime.galileo.baidu.com,0.0,baidu.com
yenei.oss-cn-shanghai.aliyuncs.com,0.0,aliyuncs.com
szextshort.weixin.qq.com,0.0,qq.com
hdmoviearea.info,1.0,hdmoviearea.info
intranet.secure.griffith.edu.au,0.0,edu.au
suzukikougei.co.jp,1.0,co.jp
russondesign.com,1.0,russondesign.com
realmarttravel.com,1.0,realmarttravel.com
irb-ed.fartit.com,1.0,fartit.com
iran-sh.fartit.com,1.0,fartit.com
adl-hv.fartit.com,1.0,fartit.com
campus.liepin.com,0.0,liepin.com
qthqzhq.zwfw.hlj.gov.cn,0.0,gov.cn
institutoagroambiental.com.br,1.0,com.br
kb-render.chuangyi.taobao.com,0.0,taobao.com
megapower-mea.com,1.0,megapower-mea.com
slsofficial.co.id,1.0,co.id
mcenter.info,1.0,mcenter.info
cdn5-images.motherlessmedia.com,0.0,motherlessmedia.com
www.iop.org,0.0,iop.org
535ec35ad62ff5b8bbffae51ac755b6c.safeframe.googlesyndication.com,0.0,googlesyndication.com
gualpantes.com.co,1.0,com.co
gxugozmryifibni.sysu.edu.cn,0.0,edu.cn
cidian.cnki.net,0.0,cnki.net
sabor-redondo.es,1.0,sabor-redondo.es
wljtwyxw.page.link,1.0,page.link
kitabsuperjp.site,1.0,kitabsuperjp.site
woolunq.sysu.edu.cn,0.0,edu.cn
nopaltepec.gob.mx,1.0,gob.mx
w4dasvax2cgcgyu7ergq-f-ebc54d474-clientnsv4-s.akamaihd.net,0.0,akamaihd.net
bufetesanchezabogados.com,1.0,bufetesanchezabogados.com
lbl.gov,0.0,lbl.gov
app.b33.ma,1.0,b33.ma
xfzxflfz.page.link,1.0,page.link
adl-iro.vizvaz.com,1.0,vizvaz.com
ldon.org,1.0,ldon.org
ladesignexperts.com,1.0,ladesignexperts.com
ahiaapcc.ly,1.0,ahiaapcc.ly
68021e400046f886fe6ca4ef214813f5.safeframe.googlesyndication.com,0.0,googlesyndication.com
p65-contacts.icloud.com.cn,0.0,com.cn
jiqhyycz.page.link,1.0,page.link
5c25b0899f5240f5b076806eaf5186c8.fp.measure.office.com,0.0,office.com
officekey.sysu.edu.cn,0.0,edu.cn
pbotpages.com,1.0,pbotpages.com
w4dasvfydj7tsyu6sjaq-f-507ac4c6c-clientnsv4-s.akamaihd.net,0.0,akamaihd.net
e9126fa0ac154d8faec5724f2736b5a2.fp.measure.office.com,0.0,office.com
10099772.fls.doubleclick.net,0.0,doubleclick.net
khbsjlei.sysu.edu.cn,0.0,edu.cn
ce2iedu.com,1.0,ce2iedu.com
www.asterglobal.com,1.0,asterglobal.com
star.itpub.net,0.0,itpub.net
c6aeec781a314e6aee5586bcd22e9065938ba34f.ime.galileo.baidu.com,0.0,baidu.com
bird.ioliu.cn,0.0,ioliu.cn
mobile1.api.mgtv.com,0.0,mgtv.com
tecnologiah3.com.br,1.0,com.br
rdwoavzy.page.link,1.0,page.link
lemedinstruments.de,1.0,lemedinstruments.de
worldbten.com,1.0,worldbten.com
ph413inc.com,1.0,ph413inc.com
only-745801-117-136-31-37.nstool.netease.com,0.0,netease.com
blackjackcables.in,1.0,blackjackcables.in
w4dasvaxgyjlqyu6hw7a-f-573eb6423-clientnsv4-s.akamaihd.net,0.0,akamaihd.net
wall.bestcarmagz.net,0.0,bestcarmagz.net
192-168-1-100.yangr.direct.quickconnect.to,0.0,quickconnect.to
dayilarmakine.com,1.0,dayilarmakine.com
www.psg.fr,0.0,psg.fr
d1dd4ethwnlwo2.cloudfront.net,0.0,cloudfront.net
chatw-33.stream.highwebmedia.com,0.0,highwebmedia.com
p17-bookmarks.icloud.com,0.0,icloud.com
ukbtxqii.page.link,1.0,page.link
w4daszi3ssezeyu7cela-f-16cc68415-clientnsv4-s.akamaihd.net,0.0,akamaihd.net
xiangshunjy.com,1.0,xiangshunjy.com
agendamaconicabrasil.com.br,1.0,com.br
z-ir.fartit.com,1.0,fartit.com
ssbsync-geo.smartadserver.com,0.0,smartadserver.com
kpqkxqts.page.link,1.0,page.link
7318c9ebbac99df3b821513c91800b3d.safeframe.googlesyndication.com,0.0,googlesyndication.com
qnknlkcmdnph.sysu.edu.cn,0.0,edu.cn
ultimatetherapyservices.com.au,1.0,com.au
aod.itunes.apple.com,0.0,apple.com
frezzyhook.com,1.0,frezzyhook.com
cmasyccz.page.link,1.0,page.link
i4thumbs.glomex.com,0.0,glomex.com
tradecard.wangwang.taobao.com,0.0,taobao.com
inducleandecolombia.com,1.0,inducleandecolombia.com
177.notion.site,0.0,notion.site
cbafb1ba36eb48cb83242564f7782a22.fp.measure.office.com,0.0,office.com
conscienciayvibracion369.com,1.0,conscienciayvibracion369.com
websockets.copernicus.org,0.0,copernicus.org
infunotion.com,1.0,infunotion.com
chfee.org,1.0,chfee.org
adl-sa.fartit.com,1.0,fartit.com
filehosting.linkpc.net,1.0,linkpc.net
tftoigpp.page.link,1.0,page.link
taxagentuae.com,1.0,taxagentuae.com
audio-1252935738.file.myqcloud.com,0.0,myqcloud.com
wdduitss.page.link,1.0,page.link
ad57acd8ba895968d0f6f86ec85d12b6.safeframe.googlesyndication.com,0.0,googlesyndication.com
c3bf9fa978dcbfba83ed9a566ef3cceb.safeframe.googlesyndication.com,0.0,googlesyndication.com
californiaindover.ibinexnews.com,1.0,ibinexnews.com
buildrs.com,1.0,buildrs.com
cotijuca.com.br,1.0,com.br
api.usercentrics.eu,0.0,usercentrics.eu
omegaservices.fr,1.0,omegaservices.fr
003ecciddehic.jumpkj.chuairan.com,0.0,chuairan.com
www.adobe.com,0.0,adobe.com
datax.baidu.com,0.0,baidu.com
shareboosting.com,1.0,shareboosting.com
clicktrack.pubmatic.com,0.0,pubmatic.com
3f416eaa54c44483a6597c6ebd49e858.fp.measure.office.com,0.0,office.com
tdbzj.sync.oystergardens.club,1.0,oystergardens.club
tutoken.cl,1.0,tutoken.cl
sppe.pt,1.0,sppe.pt
ilxbzids.page.link,1.0,page.link
apexviewershop.com,1.0,apexviewershop.com
www.literotica.com,0.0,literotica.com
cliveskink.sysu.edu.cn,0.0,edu.cn
lasbrasasdelmar.cl,1.0,lasbrasasdelmar.cl
nata2023.in,1.0,nata2023.in
www.ubs.com,0.0,ubs.com
newandin.com.co,1.0,com.co
a0007418.casmart.com.cn,0.0,com.cn
v5-dy-f.ixigua.com,0.0,ixigua.com
www.sps.sdu.edu.cn,0.0,edu.cn
f545a59c21969c39ff7d5b10f6e3d39f.safeframe.googlesyndication.com,0.0,googlesyndication.com
ugbszznv.page.link,1.0,page.link
j5kwakgh2ftfhlkdyt8ednmlygdbp1654591677.nuid.imrworldwide.com,0.0,imrworldwide.com
phazeentertainment.com.au,1.0,com.au
ajkerbaazar.com,1.0,ajkerbaazar.com
r5---sn-n4v7snls.gvt1.com,0.0,gvt1.com
thnrhhok.page.link,1.0,page.link
broilerpekanbaru.com,1.0,broilerpekanbaru.com
d3jrje3lo4yuhw.cloudfront.net,0.0,cloudfront.net
ywaza3.sysu.edu.cn,0.0,edu.cn
jqj.result.garrettcountygranfondo.org,1.0,garrettcountygranfondo.org
jublilee.net,1.0,jublilee.net
c-0.19-a7000081.ca60081.170c.d79.3ea5.210.0.ks6wq3gucu8b895ivsrh81jf45.avts.mcafee.com,0.0,mcafee.com
redeseshoradecrecer.com,1.0,redeseshoradecrecer.com
26e7d5a9ceae44b789872c631e9a2f40.fp.measure.office.com,0.0,office.com
b99.photo.store.qq.com,0.0,qq.com
sterkmanfield.com,1.0,sterkmanfield.com
stemimpactcenterkenya.org,1.0,stemimpactcenterkenya.org
w4dasvfm5aieuyu6qbzq-f-c4c1ee134-clientnsv4-s.akamaihd.net,0.0,akamaihd.net
atscdn.azureedge.net,0.0,azureedge.net
sihtna.com,1.0,sihtna.com
bpm.xdf.cn,0.0,xdf.cn
bsaktetrohp.sysu.edu.cn,0.0,edu.cn
504ceec0b35f124bfbc49d61e33ee237.safeframe.googlesyndication.com,0.0,googlesyndication.com
uznqvjgv.page.link,1.0,page.link
gini-lq.snssdk.com,0.0,snssdk.com
pahcnwaakno.lenovo.com,0.0,lenovo.com
colchaoicore.com.br,1.0,com.br
wmimvsus.page.link,1.0,page.link
extinuv.com.mx,1.0,com.mx
eliteparentschool.rw,1.0,eliteparentschool.rw
a989617545.cdn.optimizely.com,0.0,optimizely.com
media-cdg2-1.cdn.whatsapp.net,0.0,whatsapp.net
stjamesschool.co.in,1.0,co.in
oxbqguen.page.link,1.0,page.link
s4.xiaohongshu.com,0.0,xiaohongshu.com
psservicesindia.com,1.0,psservicesindia.com
ieeeaccess.wpengine.com,0.0,wpengine.com
gsmcwuyr.page.link,1.0,page.link
livmesilovess.pro,1.0,livmesilovess.pro
apex-corporation.com,1.0,apex-corporation.com
appstopic.com,1.0,appstopic.com
truck.boohee.com,0.0,boohee.com
nhjxozqwugxd.sysu.edu.cn,0.0,edu.cn
w4dasvfygntbgyu6h44q-f-6d240c660-clientnsv4-s.akamaihd.net,0.0,akamaihd.net
airesdemoscatel.com,1.0,airesdemoscatel.com
kxdwpoud.page.link,1.0,page.link
yxb.5173.com,0.0,5173.com
f480560da6a14c438cbd54babd3729ac.fp.measure.office.com,0.0,office.com
bikroyshohoj.com,1.0,bikroyshohoj.com
rajeibed.page.link,1.0,page.link
chemsil.com.mx,1.0,com.mx
education-certification.youdao.com,0.0,youdao.com
981313015.docs.qq.com,0.0,qq.com
dlmping2.adobe.com,0.0,adobe.com
pelicanmarket.net,1.0,pelicanmarket.net
lecabine.com.mx,1.0,com.mx
bluethunders.or.jp,1.0,or.jp
wyseden.com,1.0,wyseden.com
web.news.cn,0.0,news.cn
cheeringzu.com,1.0,cheeringzu.com
collections.md.mp.microsoft.com,0.0,microsoft.com
akmtakira.lofter.com,0.0,lofter.com
prb28.gallerycdn.azure.cn,0.0,azure.cn
bot.nicola.network,1.0,nicola.network
qckjtfgd.page.link,1.0,page.link
i.ppfocus.com,0.0,ppfocus.com
balajifrightspackers.com,1.0,balajifrightspackers.com
zxusqbbtriuzwh.sysu.edu.cn,0.0,edu.cn
nestpest.in,1.0,nestpest.in
giram.org,1.0,giram.org
adl-c.mrbasic.com,1.0,mrbasic.com
hypnose-paris-11.fr,1.0,hypnose-paris-11.fr
fireside21.gallerycdn.vsassets.io,0.0,vsassets.io
wcscs.valuecommerce.com,0.0,valuecommerce.com
svdyvdxbpax.sysu.edu.cn,0.0,edu.cn
ymakzmxthmwnc.sysu.edu.cn,0.0,edu.cn
washer.pconline.com.cn,0.0,com.cn
77dbf6535ba04d69bd2e03b4a8669118.fp.measure.office.com,0.0,office.com
arizonaorbatonrouge.phoenixcareintl.com,1.0,phoenixcareintl.com
plugin.xl7.xunlei.com,0.0,xunlei.com
hn.mof.gov.cn,0.0,gov.cn
ed-fb.vizvaz.com,1.0,vizvaz.com
ns1.zen.co.uk,0.0,co.uk
a368ec63b0d3530a8f4aac760f6287dc1.profile.fra56-p7.cloudfront.net,0.0,cloudfront.net
ygdy8.com,0.0,ygdy8.com
w4dasvaxfdy2syu6u7wq-f-0afd7117c-clientnsv4-s.akamaihd.net,0.0,akamaihd.net
zzona.layout.oystergardens.us,1.0,oystergardens.us
w4dasvaxhp6icyu6hrqq-f-0a11673ac-clientnsv4-s.akamaihd.net,0.0,akamaihd.net
mail.hrbeu.edu.cn,0.0,edu.cn
ztzownkv.page.link,1.0,page.link
w4dasvaxfdy2syu65eba-f-e20780728-clientnsv4-s.akamaihd.net,0.0,akamaihd.net
a-0.19-a7000081.9920082.16a8.b69.3ea5.210.0.naz5c8h2nkkw5umk58zlt4qdcv.avts.mcafee.com,0.0,mcafee.com
quikstationsa.com,1.0,quikstationsa.com
veominfotech.com,1.0,veominfotech.com
stratagem.co.nz,1.0,co.nz
cdn.exp.xiaomi.com,0.0,xiaomi.com
a9c1633097303c3cf5734035ee6cbece.safeframe.googlesyndication.com,0.0,googlesyndication.com
0747ec52636803923eaf8547edcdd8bc.safeframe.googlesyndication.com,0.0,googlesyndication.com
8770fa66d518feaaf2bf2b12dd760644.safeframe.googlesyndication.com,0.0,googlesyndication.com
tradesspots.com,1.0,tradesspots.com
adl-v.faqserv.com,1.0,faqserv.com
vimeo.com,1.0,vimeo.com
wfp.2023.ebeenj.com,1.0,ebeenj.com
g939s9.tdum.alibaba.com,0.0,alibaba.com
wisewriters.co.uk,1.0,co.uk
xn----7sbhgfcdscaa3cdd6dq3e3dvf.xn--p1ai,1.0,xn----7sbhgfcdscaa3cdd6dq3e3dvf.xn--p1ai
da3669ae10af4914934290b28ca75f62.fp.measure.office.com,0.0,office.com
pwkabko.com,1.0,pwkabko.com
selphyl-th.com,1.0,selphyl-th.com
t8665132560142695948.id.amgdgt.com,0.0,amgdgt.com
research-talk.hktdc.com,0.0,hktdc.com
graceofourlord.files.wordpress.com,0.0,wordpress.com
vip.shopkami.cloud,1.0,shopkami.cloud
marketingdigital.app.br,1.0,app.br
asf.mrbasic.com,1.0,mrbasic.com
MACBOOKAIR-A295.sysu.edu.cn,0.0,edu.cn
bakewell-eg.com,1.0,bakewell-eg.com
smartpoliceax.website,1.0,smartpoliceax.website
das.faqserv.com,1.0,faqserv.com
ufqxdulb.page.link,1.0,page.link
thecommandmentsofmen.sysu.edu.cn,0.0,edu.cn
min4tabalong.sch.id,1.0,sch.id
d46b8ec9180f7df1c660a6a5225f64ec.safeframe.googlesyndication.com,0.0,googlesyndication.com
prod-live-front.playbattlegrounds.com.cn,0.0,com.cn
supplementsforsale.online,1.0,supplementsforsale.online
fripgeef.page.link,1.0,page.link
exceptions.hubspot.com,0.0,hubspot.com
gva.co.tz,1.0,co.tz
smartlook.com.sa,1.0,com.sa
jwc.graduate.sysu.edu.cn,0.0,edu.cn
e458fede70d34413b9a5d205630f7366.fp.measure.office.com,0.0,office.com
relay.sh1.dnf.qq.com,0.0,qq.com
iclds.org,1.0,iclds.org
ijqsnddv.page.link,1.0,page.link
wx.dn.sdo.com,0.0,sdo.com
techsuka.com,1.0,techsuka.com
peiyou-saas-zaixian-ketang-prd.cn-beijing.log.aliyuncs.com,0.0,aliyuncs.com
centralautomotrizrosas.co,1.0,centralautomotrizrosas.co
gyvycehxxb.domain.name,0.0,domain.name
billvicious.newgrounds.com,0.0,newgrounds.com
bbbf2ad32bda53bddca7f33bab4c0e3d.safeframe.googlesyndication.com,0.0,googlesyndication.com
gspe11-2-cn-ssl.ls.apple.com,0.0,apple.com
visionaries21st.com,1.0,visionaries21st.com
zj2fdlixfqz3eyu6licq-f-98e51dffb-clientnsv4-s.akamaihd.net,0.0,akamaihd.net
eivlukhu.page.link,1.0,page.link
laraii.com,1.0,laraii.com
lkbbqrux.page.link,1.0,page.link
wchat67.myfreecams.com,0.0,myfreecams.com
ruttiks.com,1.0,ruttiks.com
xurong3mail.sysu.edu.cn,0.0,edu.cn
ordercenter.mall.meizu.com,0.0,meizu.com
imbueautoworx.co.za,1.0,co.za
albarakagroupom.com,1.0,albarakagroupom.com
accurateflooring.co.uk,1.0,co.uk
igstatic.igxe.cn,0.0,igxe.cn
my-sbox.trns.co.za,1.0,co.za
d1n90jy2fk2jpn.cloudfront.net,0.0,cloudfront.net
72k6ns9advv3a2leok7t6pvvifgjugtk7co5tj5ndf9f3dbc1a148917sac.d.aa.online-metrix.net,0.0,online-metrix.net
jqqzcxab.page.link,1.0,page.link
dmdpdxfm.page.link,1.0,page.link
eletroportseg.com.br,1.0,com.br
3qjodm.tdum.alibaba.com,0.0,alibaba.com
m.777zw.net,0.0,777zw.net
qimg4.youxiake.com,0.0,youxiake.com
en.forgeofempires.com,0.0,forgeofempires.com
zexeq.com,1.0,zexeq.com
gamecente.com,1.0,gamecente.com
mfovjcvaaswfvnw.sysu.edu.cn,0.0,edu.cn
w4dasvax2ll2syu6gucq-f-fdc4a309c-clientnsv4-s.akamaihd.net,0.0,akamaihd.net
jueubhbc.sysu.edu.cn,0.0,edu.cn
xfhfv.2023.ebeenj.com,1.0,ebeenj.com
cache.co188.com,0.0,co188.com
www.pchiu.chemistry.hku.hk,0.0,hku.hk
768452-android-ds.metric.gstatic.com,0.0,gstatic.com
register.xmpush.xiaomi.com,0.0,xiaomi.com
xxgk.scu.edu.cn,0.0,edu.cn
external-media2.public.wsydm-a-2.prod.infra.webex.com,0.0,webex.com
flanartscuisine.com,1.0,flanartscuisine.com
efc.faqserv.com,1.0,faqserv.com
2bbebe5f073124edc2d52ed521468aba.safeframe.googlesyndication.com,0.0,googlesyndication.com
dentistapiracicaba.com.br,1.0,com.br
inteliempresa.com,1.0,inteliempresa.com
media.monster.com.sg,0.0,com.sg
dis.ac.tz,1.0,ac.tz
invermob-game.com,1.0,invermob-game.com
account-cdn.myunidays.uk,0.0,myunidays.uk
www.jiaoyu.139.com,0.0,139.com
intl-investcapital.com,1.0,intl-investcapital.com
docs.rsshub.app,0.0,rsshub.app
element.io,0.0,element.io
islamocity.co.uk,1.0,co.uk
adl-ib.faqserv.com,1.0,faqserv.com
ab-pensiones.com,1.0,ab-pensiones.com
only-664189-223-104-68-3.nstool.netease.com,0.0,netease.com
tgahelp.zendesk.com,0.0,zendesk.com
urafc.co.ug,1.0,co.ug
snrdyokeldooupg.sysu.edu.cn,0.0,edu.cn
745821f6ff4c98ba30f423b235b932cd.safeframe.googlesyndication.com,0.0,googlesyndication.com
3507312b3d7f98ca34a5499c4d0677d9.safeframe.googlesyndication.com,0.0,googlesyndication.com
26afc88e646ec041532122950b83c35c.safeframe.googlesyndication.com,0.0,googlesyndication.com
adl-ur.itsaol.com,1.0,itsaol.com
kxfz.people.com.cn,0.0,com.cn
amp-listennotes-com.cdn.ampproject.org,0.0,ampproject.org
jetarabia.com,1.0,jetarabia.com
cat300.com,0.0,cat300.com
qsepxdfeyfwqhui.sysu.edu.cn,0.0,edu.cn
gy.ke.com,0.0,ke.com
www.fashionisers.com,0.0,fashionisers.com
epicyon-kennel.hr,1.0,epicyon-kennel.hr
hobitronik.com,1.0,hobitronik.com
adl-bnx.faqserv.com,1.0,faqserv.com
jeffskardalaw.com,1.0,jeffskardalaw.com
perfectspaceinteriors.com,1.0,perfectspaceinteriors.com
plugincenter.yy.com,0.0,yy.com
pacletserver1.wolfram.com,0.0,wolfram.com
iwmlgomkmkkz.sysu.edu.cn,0.0,edu.cn
1530085645.docs.qq.com,0.0,qq.com
kakekgacor.art,1.0,kakekgacor.art
8b4c4f86e66c547abaeb14717a915e75.safeframe.googlesyndication.com,0.0,googlesyndication.com
bluelotus.edu.au,1.0,edu.au
deverfan.xyz,1.0,deverfan.xyz
psvbvggo.page.link,1.0,page.link
nicolewilliamsgossip.co.uk,1.0,co.uk
fitnessholicgym.com,1.0,fitnessholicgym.com
pmemedicalstore.ae,1.0,pmemedicalstore.ae
www.cprogramming.com,0.0,cprogramming.com
asianrealty.co,1.0,asianrealty.co
en-gb-wordpress.org,1.0,en-gb-wordpress.org
ye156ey.xyz,1.0,ye156ey.xyz
sahmnu.fartit.com,1.0,fartit.com
pflhzsjzawtjdep.www.tendawifi.com,0.0,tendawifi.com
aws-proxy-us-east-1ef.maxthon.com,0.0,maxthon.com
6f584b52d4497002a430deb0ea28bf14.safeframe.googlesyndication.com,0.0,googlesyndication.com
a-0.19-a7000081.c980082.170c.c6b.3ea5.210.0.3jjzudp4trmeb8dj9eist6k53i.avts.mcafee.com,0.0,mcafee.com
r1.sn-j5o76n7d.gvt1.com,0.0,gvt1.com
xnpetvin.page.link,1.0,page.link
brco6j.tdum.alibaba.com,0.0,alibaba.com
www.ntt.com,0.0,ntt.com
media-jiangxijj-yijia06.jx2oss.xstore.ctyun.cn,0.0,ctyun.cn
xkujxauuwjxe.sysu.edu.cn,0.0,edu.cn
udef.fr,1.0,udef.fr
ohtaxiin.page.link,1.0,page.link
s1.ananas.chaoxing.com,0.0,chaoxing.com
ihcwchpb.sysu.edu.cn,0.0,edu.cn
14-0.19-a3000081.80a0081.16a8.b69.3ea5.210.0.vkm3upw3vbuf8thz8au9a2cm8v.avts.mcafee.com,0.0,mcafee.com
woodxestofados.com.br,1.0,com.br
pearlstore.co,1.0,pearlstore.co
akzoneagency.com,1.0,akzoneagency.com
galaxyanet.com.br,1.0,com.br
yvjprywy.page.link,1.0,page.link
nqgcwiul.page.link,1.0,page.link
mnatsakanyan.am,1.0,mnatsakanyan.am
turn.pintia.cn,0.0,pintia.cn
quiz.cci.edu.pk,1.0,edu.pk
336a2158aff8170a0b9f2d75c3f7c4c4.rdt.tfogc.com,0.0,tfogc.com
51e9c642cf38450cbb3a0f81a37a5abb.fp.measure.office.com,0.0,office.com
www.wwcow.91duba.com,0.0,91duba.com
oweakabl.page.link,1.0,page.link
h-adashx.ut.uc.cn,0.0,uc.cn
csua.sysu.edu.cn,0.0,edu.cn
newalnoor.com,1.0,newalnoor.com
thermoux.s3.amazonaws.com,0.0,amazonaws.com
w4dasvaxij5gayu6oiua-f-91ec06d98-clientnsv4-s.akamaihd.net,0.0,akamaihd.net
fykilwzr.page.link,1.0,page.link
raghavagency.com,1.0,raghavagency.com
iiinwmty.sysu.edu.cn,0.0,edu.cn
personaltrainerhighwycombe.co.uk,1.0,co.uk
kogibase.com.ng,1.0,com.ng
dldir1v6.qq.com.domain.name,0.0,domain.name
87d6ac0a09f646f59c82490bce1f1842.fp.measure.office.com,0.0,office.com
zaupnicwvs.sysu.edu.cn,0.0,edu.cn
trainersground.com,1.0,trainersground.com
api22-core-c-alisg.tiktokv.com,0.0,tiktokv.com
globalgujaratifederation.org,1.0,globalgujaratifederation.org
tpbzjabk.page.link,1.0,page.link
smkitdarulamal.sch.id,1.0,sch.id
yjhqhozdizx.sysu.edu.cn,0.0,edu.cn
itechmindz.co.in,1.0,co.in
wwu.lanzouj.com,0.0,lanzouj.com
ed-fr.vizvaz.com,1.0,vizvaz.com
ai-api.vidmore.com,0.0,vidmore.com
netstarst.com,1.0,netstarst.com
www.rakishevkenes.com,1.0,rakishevkenes.com
althqafi.edu.sa,1.0,edu.sa
alaskavamontgomery.danielseryani.com,1.0,danielseryani.com
upgrmctl.page.link,1.0,page.link
208.78.101.151.sbl.spamhaus.org,0.0,spamhaus.org
zrdsbove.page.link,1.0,page.link
sionurb.com,1.0,sionurb.com
d7d00752f3bb41dc87187e61203fedc9.fp.measure.office.com,0.0,office.com
hdyaydygjdyzj.sysu.edu.cn,0.0,edu.cn
p-ins9351-9351.lbc-vip.ntes53.netease.com,0.0,netease.com
haobaba.m.tmall.com,0.0,tmall.com
csqwjepy.page.link,1.0,page.link
db29ff5efc4792cab7f531a50ce1b407.safeframe.googlesyndication.com,0.0,googlesyndication.com
plhkseduhk.sharepoint.com,0.0,sharepoint.com
xrctfdna.page.link,1.0,page.link
indomarineshipchandler.com,1.0,indomarineshipchandler.com
spring14.gosredirector.ea.com,0.0,ea.com
sabiacademy.com,1.0,sabiacademy.com
donadesi.co,1.0,donadesi.co
ca2solution.it,1.0,ca2solution.it
priceclub.online,1.0,priceclub.online
vp.externulls.com,0.0,externulls.com
terms3.hicloud.com,0.0,hicloud.com
kpkxivxwjdz.sysu.edu.cn,0.0,edu.cn
etddxpnr.page.link,1.0,page.link
vwgmlhyelf.sysu.edu.cn,0.0,edu.cn
0f24d2de80584181a8c98ccbc677e2d0.fp.measure.office.com,0.0,office.com
pqarpxc.sysu.edu.cn,0.0,edu.cn
iksqwoco.page.link,1.0,page.link
cunmotor.co.id,1.0,co.id
girlsmacktalk.com,1.0,girlsmacktalk.com
icr-cn.asus.com.cn,0.0,com.cn
daarussalam.com,1.0,daarussalam.com
lfrjk.lanzoux.com,0.0,lanzoux.com
a485349e1f28110712125d250e5f276d.safeframe.googlesyndication.com,0.0,googlesyndication.com
001816ca11f14c0b260e2a6ba66ba8b1.safeframe.googlesyndication.com,0.0,googlesyndication.com
heightfreight.com,1.0,heightfreight.com
zwb.cumt.edu.cn,0.0,edu.cn
www.getchu.com,0.0,getchu.com
leadvilletoday.files.wordpress.com,0.0,wordpress.com
tnjnoxrtqsmejjp.sysu.edu.cn,0.0,edu.cn
www.swiper.com.cn,0.0,com.cn
mengw-pro.oss-cn-shenzhen.aliyuncs.com,0.0,aliyuncs.com
2qyhzk0adtq7.n4.adsco.re,0.0,adsco.re
plusbursatil.com.ec,1.0,com.ec
semupdate.avcdn.net,0.0,avcdn.net
adl-gq.fartit.com,1.0,fartit.com
asdz.fartit.com,1.0,fartit.com
4b3201b6455a74024722b06acb5c3fe4.safeframe.googlesyndication.com,0.0,googlesyndication.com
pdwk5xtiksysoyu7oeja-f-5848a9c7c-clientnsv4-s.akamaihd.net,0.0,akamaihd.net
oumix.lix.polytechnique.fr,0.0,polytechnique.fr
mamabakery.ca,1.0,mamabakery.ca
broker.58.com,0.0,58.com
daijo.com.br,1.0,com.br
b2llab.in,1.0,b2llab.in
fresh1.ironoreprod.top,1.0,ironoreprod.top
8d2e09c4c301c28a39afb1df559d1352.safeframe.googlesyndication.com,0.0,googlesyndication.com
f597f6fc65a248e5ae4fa8d7bacce786.safeframe.googlesyndication.com,0.0,googlesyndication.com
1718ab39b1bbc6de7bfc098da51b3f8b.safeframe.googlesyndication.com,0.0,googlesyndication.com
59209a62632b4aac9307f0829b3e5303.fp.measure.office.com,0.0,office.com
p118-escrowproxy-china.icloud.com,0.0,icloud.com
bafybeidumco7dbrc34smkhdnebxmanf47znpjwgtm72ttokoo7gkowa7oq.ipfs.infura-ipfs.io,0.0,infura-ipfs.io
api-esp.piano.io,0.0,piano.io
drpf-g92naxx2tw.proxima.nie.easebar.com,0.0,easebar.com
jbezqhmt.page.link,1.0,page.link
ikapcrberbagi.id,1.0,ikapcrberbagi.id
4ucilbjvpr6oldhsjhzq2lybjw5871654536669.nuid.imrworldwide.com,0.0,imrworldwide.com
vaetjwam.page.link,1.0,page.link
ibhycdpt.page.link,1.0,page.link
newvisionmedical-egypt.com,1.0,newvisionmedical-egypt.com
buyproductnow.online,1.0,buyproductnow.online
jchdq.scheme.corycabana.net,1.0,corycabana.net
ns1.cc.umanitoba.ca,0.0,umanitoba.ca
funscience.in,1.0,funscience.in
kombi.pk,1.0,kombi.pk
376afded3d92420384a5e6e8f7b600cc.fp.measure.office.com,0.0,office.com
ftpvoyager.cc,1.0,ftpvoyager.cc
hngjxnzx.page.link,1.0,page.link
lacomunion.de,1.0,lacomunion.de
xjnhqzqmbyt.jnu.edu.cn,0.0,edu.cn
fnfgroup.business,1.0,fnfgroup.business
a0aiee.teixosa.sa.com,1.0,sa.com
u.pcloud.com,1.0,pcloud.com
templatesparanovoblogger.sysu.edu.cn,0.0,edu.cn
py.hnr.cn,0.0,hnr.cn
mrenterprises.tech,1.0,mrenterprises.tech
astroseyyah.com.tr,1.0,com.tr
c-0.19-a7000011.8020081.16a8.c13.3ea5.210.0.f5neuu9mchl78wjr8b3n2ip4uj.avts.mcafee.com,0.0,mcafee.com
c071c7933d3b2d6f99838e1149de2568.safeframe.googlesyndication.com,0.0,googlesyndication.com
vukamz.com,1.0,vukamz.com
jometr.com,1.0,jometr.com
wzlccdnp.page.link,1.0,page.link
nezogh.com,1.0,nezogh.com
escritordiario.store,1.0,escritordiario.store
lagunabeachresort3-maldives.com,1.0,lagunabeachresort3-maldives.com
gomlgaming.dev,1.0,gomlgaming.dev
photoshopexpress.app.link,0.0,app.link
8880f618d02c5303ed81bdc3559cfe2d.safeframe.googlesyndication.com,0.0,googlesyndication.com
coldnhottek.com,1.0,coldnhottek.com
api-vip.immomo.com,0.0,immomo.com
665819b6c7e8404ebda3125f2c5e199b.fp.measure.office.com,0.0,office.com
dealersuzukisolo.com,1.0,dealersuzukisolo.com
8750a83db3537d77df5d27214e8f07a5.safeframe.googlesyndication.com,0.0,googlesyndication.com
ssec2.chinaacc.com,0.0,chinaacc.com
smb.faqserv.com,1.0,faqserv.com
tbifqfyb.page.link,1.0,page.link
pteacademic79plus.com,1.0,pteacademic79plus.com
rr1---sn-oguesndl.googlevideo.com,0.0,googlevideo.com
505337988a04412eb86a3680c41971e5.fp.measure.office.com,0.0,office.com
config.xcast.qq.com,0.0,qq.com
541c3eda7f35f1d12a24f46de3c924be.safeframe.googlesyndication.com,0.0,googlesyndication.com
56b535674e7e7ffb47fc2da076b2e3d4.safeframe.googlesyndication.com,0.0,googlesyndication.com
50b941651eb0491b774538f16ffbfda9.safeframe.googlesyndication.com,0.0,googlesyndication.com
leir.settings.oysterfloats.org,1.0,oysterfloats.org
otelderya.net,1.0,otelderya.net
soypatricioespinoza.com,1.0,soypatricioespinoza.com
nextgen-surveillence.ca,1.0,nextgen-surveillence.ca
leconsingpublicidad.com,1.0,leconsingpublicidad.com
altosdemanare.com.co,1.0,com.co
louis-louw.co.za,1.0,co.za
honestgroup.pk,1.0,honestgroup.pk
spst.hqup.in,1.0,hqup.in
sdgabmfeeeda.l4.adsco.re,0.0,adsco.re
martendigitals.com,1.0,martendigitals.com
garimaenterprises.co.in,1.0,co.in
innovativeksa.com,1.0,innovativeksa.com
voodeparapenteemnatal.store,1.0,voodeparapenteemnatal.store
c37c84c83814ddc1e5a3cc146ae4705d.safeframe.googlesyndication.com,0.0,googlesyndication.com
escritordiario.com.br,1.0,com.br
i.pximg.net,0.0,pximg.net
forum.linuxconfig.org,0.0,linuxconfig.org
gestwzlw.page.link,1.0,page.link
f87f5541941a4fe7bbaeae1f583cff7a.fp.measure.office.com,0.0,office.com
dogumahazirlikegitimi.org,1.0,dogumahazirlikegitimi.org
apps.cpas.com,1.0,cpas.com
kfncudlx.page.link,1.0,page.link
redir.update.msft.com.trafficmanager.net,0.0,trafficmanager.net
leegarden.com.tw,1.0,com.tw
achgal.ma,1.0,achgal.ma
strm-rad19.strm.yandex.net,0.0,yandex.net
72k6ns9amldekni2lcjefsof3auqlkml5l4zm57l0e12628c3c71c17bsac.d.aa.online-metrix.net,0.0,online-metrix.net
ivcjxddt.page.link,1.0,page.link
dhotharinternational.com,1.0,dhotharinternational.com
teuwebsite.com,1.0,teuwebsite.com
069f654aabe74ae08a80505f56d03bda.fp.measure.office.com,0.0,office.com
wap.mail.163.com,0.0,163.com
1067163380.docs.qq.com,0.0,qq.com
lumosconsultant.com,1.0,lumosconsultant.com
85fef5cd164af846848004246056ad50.safeframe.googlesyndication.com,0.0,googlesyndication.com
893d100d95c01245af6c08111462ce5f.safeframe.googlesyndication.com,0.0,googlesyndication.com
de3fe5542541f974fac52d8b3d10b9c8.safeframe.googlesyndication.com,0.0,googlesyndication.com
oec.njtech.edu.cn,0.0,edu.cn
f3416ba4a01443ff8cb339e2fef0bc9b.fp.measure.office.com,0.0,office.com
a-0.19-a7000081.c040081.16a8.b69.3ea5.210.0.bps7wzegl99vqsiudzpvdlmsdb.avts.mcafee.com,0.0,mcafee.com
floreriayavet.com.mx,1.0,com.mx
gsd-ing.cl,1.0,gsd-ing.cl
accountapi.agoda.com,0.0,agoda.com
lacastafiore.es,1.0,lacastafiore.es
a54f4b83e05569482f987100540b2d14a.profile.fra2-c1.cloudfront.net,0.0,cloudfront.net
lestandardsarl.com,1.0,lestandardsarl.com
w4dasvax2xteuyu6ewlq-p5y7ih-c57a12693-clientnsv4-s.akamaihd.net,0.0,akamaihd.net
bwsqozukvnvg.sysu.edu.cn,0.0,edu.cn
cdn.discordapp.com,1.0,discordapp.com
protseg.seg.br,1.0,seg.br
aca59a24e6204ff38e5f089e8439110e.fp.measure.office.com,0.0,office.com
53209e4f7ae2bfa18f3975263eaffa96.safeframe.googlesyndication.com,0.0,googlesyndication.com
281bc64e2c12933ef824f1009b2fa169.safeframe.googlesyndication.com,0.0,googlesyndication.com
0d622560a1e6d6977af51a3b61e8cd09.safeframe.googlesyndication.com,0.0,googlesyndication.com
api.wallet.coinbase.com,0.0,coinbase.com
open.autohome.com.cn,0.0,com.cn
mphasistech.com,1.0,mphasistech.com
jpxs123.com,0.0,jpxs123.com
aurcleaning.com,1.0,aurcleaning.com
openwith.mathworks.com,0.0,mathworks.com
servpins.xyz,1.0,servpins.xyz
23d66ccc0fcf41b9baee1e5d1121ca75.fp.measure.office.com,0.0,office.com
www.royalholloway.ac.uk,0.0,ac.uk
dhmwap.tdum.alibaba.com,0.0,alibaba.com
only-431426-223-104-72-244.nstool.netease.com,0.0,netease.com
cn-hgh-ali-r001.router.teamviewer.cn,0.0,teamviewer.cn
only-33954-223-104-60-143.nstool.netease.com,0.0,netease.com
agentleadgenesis.com,1.0,agentleadgenesis.com
lynearwealth.com,1.0,lynearwealth.com
migranoticias.com,1.0,migranoticias.com
marketdriven.chevronmarcom.com,1.0,chevronmarcom.com
myhcm.pk,1.0,myhcm.pk
w4dasvfygphbgyu6xerq-f-99c205886-clientnsv4-s.akamaihd.net,0.0,akamaihd.net
library.oapen.org,0.0,oapen.org
solucionesmp.co,1.0,solucionesmp.co
7dfsy8.tdum.alibaba.com,0.0,alibaba.com
69.84.54.207.sbl.spamhaus.org,0.0,spamhaus.org
rainoilretail.com,1.0,rainoilretail.com
victorharborcranes.com.au,1.0,com.au
t.qianzhan.com,0.0,qianzhan.com
olqzbkunuvup.sysu.edu.cn,0.0,edu.cn
cdbe6ce535533c873558e221027c3766.safeframe.googlesyndication.com,0.0,googlesyndication.com
d90f292713a647b241f82da8c0437c72.safeframe.googlesyndication.com,0.0,googlesyndication.com
406ad7c50c8a48448549441c10cc465c.fp.measure.office.com,0.0,office.com
f2f06cb59aec4e219c46a7e30416e066.fp.measure.office.com,0.0,office.com
h-i.mx,1.0,h-i.mx
morzhe.g2afse.com,0.0,g2afse.com
2tkvhl.tdum.alibaba.com,0.0,alibaba.com
nqqjaogzml.sysu.edu.cn,0.0,edu.cn
teravonsolar.com,1.0,teravonsolar.com
disobedience.org.uk,1.0,org.uk
chartcharcha.com,1.0,chartcharcha.com
illinoisakmontgomery.accu-write.flights,1.0,accu-write.flights
newvitec360.com,1.0,newvitec360.com
vibrantplacements.com,1.0,vibrantplacements.com
agropak.com.tr,1.0,com.tr
fa-ed.vizvaz.com,1.0,vizvaz.com
xavierliras.com,1.0,xavierliras.com
vstream-27.sb-cd.com,0.0,sb-cd.com
hl.gsxt.gov.cn,0.0,gov.cn
sahjsg.mrface.com,1.0,mrface.com
41528b501700b4c77c3481e2f05e579f.safeframe.googlesyndication.com,0.0,googlesyndication.com
yuanye-wx.oss-cn-beijing.aliyuncs.com,0.0,aliyuncs.com
vejitopn.page.link,1.0,page.link
ajax.ooopic.com,0.0,ooopic.com
lookkiero.com,1.0,lookkiero.com
assets9.freshdesk.com,0.0,freshdesk.com
cadence.okta.com,0.0,okta.com
pvp-rivals.com,1.0,pvp-rivals.com
quote.foodmate.net,0.0,foodmate.net
biztech2go.com,1.0,biztech2go.com
lgoybliw.page.link,1.0,page.link
shahadotonline.net,1.0,shahadotonline.net
pissrip.net,0.0,pissrip.net
behavior.ke.com,0.0,ke.com
www1.ustb.edu.cn,0.0,edu.cn
vanshikaautomobiles.com,1.0,vanshikaautomobiles.com
ravhuyanilogistics.co.za,1.0,co.za
profile.xboxlive.com,0.0,xboxlive.com
getldrrgoodgame.com,1.0,getldrrgoodgame.com
d5a170f508146c73b672048f50813605.safeframe.googlesyndication.com,0.0,googlesyndication.com
oyjgq.sync.oystergardens.club,1.0,oystergardens.club
35c7629525c969ab9c3923bd84026f23.safeframe.googlesyndication.com,0.0,googlesyndication.com
pueyrredonmotos.com,1.0,pueyrredonmotos.com
fgr.hms.harvard.edu,0.0,harvard.edu
a-0.19-24099801.c830083.1838.1c44.410a.400.9d.fmn57dh41udb28ssedwjle9t86.avqs.mcafee.com,0.0,mcafee.com
marshall.sirnetsh.com,1.0,sirnetsh.com
zmm.2023.ebeenj.com,1.0,ebeenj.com
tbwsjs.befrugal.com,0.0,befrugal.com
vlasti.info,1.0,vlasti.info
musically.shift-m.com,1.0,shift-m.com
sel.faqserv.com,1.0,faqserv.com
bing.net,0.0,bing.net
e6aeec78dfeb38291e1c4347a3e855d3d82ae95b.ime.galileo.baidu.com,0.0,baidu.com
berkeley.us7.list-manage.com,0.0,list-manage.com
oralemexicanrestaurant.com,1.0,oralemexicanrestaurant.com
06cf7e1e0a6e56834f3efb85f49605f5.safeframe.googlesyndication.com,0.0,googlesyndication.com
www.google.com.vn,0.0,com.vn
konyaprefabrik.com.tr,1.0,com.tr
ir.adf-za.fartit.com,1.0,fartit.com
appleimap.vip.163.com,0.0,163.com
gd2i.line.naver.jp,0.0,naver.jp
15b0545e5e704fb092e2c3661ab72e75.fp.measure.office.com,0.0,office.com
bbs.gaodun.com,0.0,gaodun.com
zuoye.baidu.com,0.0,baidu.com
serspizza.com,1.0,serspizza.com
fbgestate.com,1.0,fbgestate.com
a3229c9938f96d87a883d5a8d321dee0.safeframe.googlesyndication.com,0.0,googlesyndication.com
seaqkgqtwov.sysu.edu.cn,0.0,edu.cn
87a991b2de8d465d98f7f6379f360bf5.fp.measure.office.com,0.0,office.com
gist.github.com,0.0,github.com
garinka.com,1.0,garinka.com
gateway.neu.edu.cn,0.0,edu.cn
iqsoftdevcom.com,1.0,iqsoftdevcom.com
www.idpminic.org,1.0,idpminic.org
yaysem.ru.swtest.ru,1.0,swtest.ru
repostedjohn.com,1.0,repostedjohn.com
miu0xduyruutho5r.oss-ap-northeast-1.aliyuncs.com,0.0,aliyuncs.com
growval-mm.com,1.0,growval-mm.com
www.info.gov.hk,0.0,gov.hk
johyihttlpmyybj.sysu.edu.cn,0.0,edu.cn
969d17829a124460b27d89f08c48309f.fp.measure.office.com,0.0,office.com
hotlink.cc,0.0,hotlink.cc
lyg.gc.com.cn,0.0,com.cn
xt.lykj988.com,1.0,lykj988.com
iran-hj.fartit.com,1.0,fartit.com
dentistaararaquara.com.br,1.0,com.br
w4dasvaxfdy4syu6flaa-f-5b2745474-clientnsv4-s.akamaihd.net,0.0,akamaihd.net
esell.lk,1.0,esell.lk
svbvghtk.page.link,1.0,page.link
d1cvq12w2ffph2.cloudfront.net,0.0,cloudfront.net
0d8463f7d961b34bc348ac3ccb9a234f.rdt.tfogc.com,0.0,tfogc.com
zainabalieyehospital.com,1.0,zainabalieyehospital.com
adl-ap.faqserv.com,1.0,faqserv.com
raffaelamarescalco.it,1.0,raffaelamarescalco.it
financialrating.com.ve,1.0,com.ve
brahmacouncil.com,1.0,brahmacouncil.com
ywpklkacbgwmtl.lenovo.com,0.0,lenovo.com
cn-hey-ali-r001.router.teamviewer.cn,0.0,teamviewer.cn
wtools.io,1.0,wtools.io
supermaxx.com.ph,1.0,com.ph
interbrand.com,0.0,interbrand.com
uicgvtdw.page.link,1.0,page.link
rummygoplay.in,1.0,rummygoplay.in
remccoss2023.duckdns.org,1.0,duckdns.org
0.zssom.sysu.edu.cn,0.0,edu.cn
tjj.changsha.gov.cn,0.0,gov.cn
qdasig.am.files.1drv.com,0.0,1drv.com
b5ac32540c4d4e108fc9707ccd074821.fp.measure.office.com,0.0,office.com
winpeforum.com,1.0,winpeforum.com
stellamobilya.com,1.0,stellamobilya.com
valuegentsware.com,1.0,valuegentsware.com
ijcsmohali.in,1.0,ijcsmohali.in
recruit.pa18.com,0.0,pa18.com
oec-api.tiktokv.com,0.0,tiktokv.com
adq.mrbasic.com,1.0,mrbasic.com
d3caqzu56oq2n9.cloudfront.net,0.0,cloudfront.net
kkzgh.layout.oystergardens.us,1.0,oystergardens.us
yabancibakicii.com.tr,1.0,com.tr
ed1f4b76dd9c429486627ea302221b75.fp.measure.office.com,0.0,office.com
54fd4cb6479b460ca2a9ef850e203c02.fp.measure.office.com,0.0,office.com
cyzcpeqv.page.link,1.0,page.link
70northair.com,1.0,70northair.com
dda405d460f4a8879225de9fd3ddf2cc.safeframe.googlesyndication.com,0.0,googlesyndication.com
70b2bc9eb721a72859f9bb0677df26ad.safeframe.googlesyndication.com,0.0,googlesyndication.com
lushi.163.com,0.0,163.com
oaklanddental.org,1.0,oaklanddental.org
w4dasryxavsumyu65nja-f-435392b14-clientnsv4-s.akamaihd.net,0.0,akamaihd.net
fa07f694711d4c4da4c35b2865282d11.fp.measure.office.com,0.0,office.com
marvelsports-intl.com,1.0,marvelsports-intl.com
superiorgoods.net,1.0,superiorgoods.net
thebestfetishsites.com,0.0,thebestfetishsites.com
fdsafdsaf.co,0.0,fdsafdsaf.co
softdl.360tpcdn.com,1.0,360tpcdn.com
souqaleasr.com,1.0,souqaleasr.com
quote.keydesignwebsites.com,1.0,keydesignwebsites.com
fehiasjpldfdw.www.tendawifi.com,0.0,tendawifi.com
thisguyhasmymacbook.sysu.edu.cn,0.0,edu.cn
fxgderdg.page.link,1.0,page.link
dpls.ir,1.0,dpls.ir
zj2fdlixfqz3eyu6qwua-f-dd343cd49-clientnsv4-s.akamaihd.net,0.0,akamaihd.net
dyshjmyiddok.hikvision.com,0.0,hikvision.com
shhyxjdroc.sysu.edu.cn,0.0,edu.cn
aiu.oiu.edu.sd,1.0,edu.sd
sgs-gabon.com,1.0,sgs-gabon.com
wknosptg.page.link,1.0,page.link
60.234.177.116.sbl.spamhaus.org,0.0,spamhaus.org
defendamazon.com,1.0,defendamazon.com
galaxy-log.gog.com,0.0,gog.com
arjgyt.tdum.alibaba.com,0.0,alibaba.com
pfwi.novelty.akibacreative.com,1.0,akibacreative.com
metodolmn.com.br,1.0,com.br
jgiasw.ulefonecelullares.motorcycles,1.0,ulefonecelullares.motorcycles
r5---sn-ouu2j-ioqz.googlevideo.com,0.0,googlevideo.com
recubplast.com.co,1.0,com.co
olbbugqh.page.link,1.0,page.link
cinema-rrs-eu.hicloud.com,0.0,hicloud.com
ironreward.com,1.0,ironreward.com
workspace.jianguoyun.com,0.0,jianguoyun.com
alt5-mtalk.google.com,0.0,google.com
naessship.co.uk,1.0,co.uk
oklahomaaktrenton.gudtalent.com,1.0,gudtalent.com
casamentodayejuh.life,1.0,casamentodayejuh.life
w4dasvaxgluuqyu7ofnq-f-32375c519-clientnsv4-s.akamaihd.net,0.0,akamaihd.net
firmsewa.com,1.0,firmsewa.com
ogeapedx.page.link,1.0,page.link
raw.githubusercontent.com,1.0,githubusercontent.com
jlorooub.page.link,1.0,page.link
d6f2d2236db8d7d87eea3843ef051b8b.safeframe.googlesyndication.com,0.0,googlesyndication.com
47dacb098cbe284739a0895493668ada.safeframe.googlesyndication.com,0.0,googlesyndication.com
outsotec.com,1.0,outsotec.com
basketballdrillsxl.com,1.0,basketballdrillsxl.com
zaue2o.karbonncelullares.pro,1.0,karbonncelullares.pro
dalaibeauty.com,1.0,dalaibeauty.com
8.215.15.199.sbl.spamhaus.org,0.0,spamhaus.org
xogrrtwo.page.link,1.0,page.link
vvstzbmo.page.link,1.0,page.link
isteonline.org,1.0,isteonline.org
3lastofusupdatjakubcloudflare.fun,1.0,3lastofusupdatjakubcloudflare.fun
xamkayiu.page.link,1.0,page.link
w4dasvdimj2seyu67zxq-f-443227fd9-clientnsv4-s.akamaihd.net,0.0,akamaihd.net
reetpret.com,1.0,reetpret.com
fabianonetto.icu,1.0,fabianonetto.icu
asctfpmbgke.sysu.edu.cn,0.0,edu.cn
eoabweszushqabj.sysu.edu.cn,0.0,edu.cn
media360vision.com,1.0,media360vision.com
planet4.info,1.0,planet4.info
certified.host,1.0,certified.host
media-hbsjz-person.heoss.xstore.ctyun.cn,0.0,ctyun.cn
e772fac24e7e03b25d67d86d1124731e.safeframe.googlesyndication.com,0.0,googlesyndication.com
6e055ea48bc8b6222d69927a1d0500d2.safeframe.googlesyndication.com,0.0,googlesyndication.com
dtfntcmqnop.sysu.edu.cn,0.0,edu.cn
p19-ckdatabase-china.icloud.com,0.0,icloud.com
cr.sycdn.kuwo.cn,0.0,kuwo.cn
freelancershubbd.com,1.0,freelancershubbd.com
dianbo.zzstep.com,0.0,zzstep.com
nckcawzommz.sysu.edu.cn,0.0,edu.cn
messagebeach.alibaba.com,0.0,alibaba.com
fast.asahishimbun.demdex.net,0.0,demdex.net
d3k81ch9hvuctc.cloudfront.net,0.0,cloudfront.net
adl-zi.vizvaz.com,1.0,vizvaz.com
uwoya.or.tz,1.0,or.tz
e0a86c6ce582418a9f5a8784a43a6979.fp.measure.office.com,0.0,office.com
napwcrhs.page.link,1.0,page.link
invoice.yumchina.com,0.0,yumchina.com
hi.xzwidea.cn,0.0,xzwidea.cn
atsl.caching.oysterfloats.com,1.0,oysterfloats.com
gfnpssijmr.com,1.0,gfnpssijmr.com
b403481aaec48b4bc1d887d2aadfd836.safeframe.googlesyndication.com,0.0,googlesyndication.com
dotarte.com.co,1.0,com.co
elkomyfish.com,1.0,elkomyfish.com
only-186570-112-96-173-234.nstool.netease.com,0.0,netease.com
yxb.qipeiren.com,0.0,qipeiren.com
cehoaagi.page.link,1.0,page.link
w4dasvax373seyu6j3va-f-c0afbdd26-clientnsv4-s.akamaihd.net,0.0,akamaihd.net
1.cdn.edl.io,0.0,edl.io
vw-ramanicars.co.in,1.0,co.in
i-0.19-a3600009.20483.16a8.b8a.3ea5.210.0.na97snfavi57bgts2lir1tj2z5.avts.mcafee.com,0.0,mcafee.com
oqily.com,1.0,oqily.com
wimur.2023.ebeenj.com,1.0,ebeenj.com
zj2fdlixfqz3eyu6puaq-f-f97e5de9f-clientnsv4-s.akamaihd.net,0.0,akamaihd.net
dublados.com.br,1.0,com.br
churchinmanila.org,1.0,churchinmanila.org
roombox.xdf.cn,0.0,xdf.cn
isppluena.com,1.0,isppluena.com
fivenca.com,1.0,fivenca.com
baidu.ocsp.sectigo.com,0.0,sectigo.com
w4dasvfygoo5syu66deq-f-8560358a1-clientnsv4-s.akamaihd.net,0.0,akamaihd.net
uvfyexcx.sysu.edu.cn,0.0,edu.cn
tacticalarms.com.pk,1.0,com.pk
a986763fdc3c2726817f1d1c649af3be5.profile.fra56-p7.cloudfront.net,0.0,cloudfront.net
villasentosa.co.in,1.0,co.in
rrrmhs.in,1.0,rrrmhs.in
lliean.faqserv.com,1.0,faqserv.com
lebfupro.page.link,1.0,page.link
d19mxcar6gop8d.cloudfront.net,0.0,cloudfront.net
account-cn2.huami.com,0.0,huami.com
hwvqeyrxwpfb.sysu.edu.cn,0.0,edu.cn
newhampshireorphoenix.billsfamily.us,1.0,billsfamily.us
cm1-ord1.cm.steampowered.com,0.0,steampowered.com
fokabs.com,1.0,fokabs.com
karo.ca,1.0,karo.ca
gmhealthcare.dothome.co.kr,1.0,co.kr
72k6ns9as7geuk2bfli3x22faxidbsev2unhkp7g0eaa726c4fbcb94asac.d.aa.online-metrix.net,0.0,online-metrix.net
fpgwtmeq.page.link,1.0,page.link
f34c7f77548923ce6b49bb4b423e1519.safeframe.googlesyndication.com,0.0,googlesyndication.com
gdou.scnu.edu.cn,0.0,edu.cn
ukes.pk,1.0,ukes.pk
istanasemer.com,1.0,istanasemer.com
menaragroup.com,1.0,menaragroup.com
newversion.com.af,1.0,com.af
w4dasvfygntbgyu6h5gq-f-a725b2984-clientnsv4-s.akamaihd.net,0.0,akamaihd.net
studiotapas.com,1.0,studiotapas.com
f438305f807dbb7a00665eeb3328d54e.rdt.tfogc.com,0.0,tfogc.com
prebid.openx.net,0.0,openx.net
xrvrnwfaskoxuu.sysu.edu.cn,0.0,edu.cn
lipbgymq.page.link,1.0,page.link
bids.concert.io,0.0,concert.io
alleplus.com,1.0,alleplus.com
sec.umeng.com,0.0,umeng.com
existay.com,1.0,existay.com
ishufang-cnki-net-443.webvpn.jnu.edu.cn,0.0,edu.cn
aceresidence.com.ng,1.0,com.ng
rootsschools.edu.pk,1.0,edu.pk
cef6fe55ec1ee781eaa8eb7dcaa05c15.safeframe.googlesyndication.com,0.0,googlesyndication.com
p50-sharedstreams.icloud.com.cn,0.0,com.cn
besevic.com.ng,1.0,com.ng
rapidskinandhairclinic.com,1.0,rapidskinandhairclinic.com
jiangmen.jiwu.com,0.0,jiwu.com
mycollege-elearning.ca,1.0,mycollege-elearning.ca
72k6ns9aopkdjnragmbnnovh6bi7idlnlhvjgei6e0cc8e1e90674ecesac.d.aa.online-metrix.net,0.0,online-metrix.net
tfciltd.com,1.0,tfciltd.com
sheflight.com,1.0,sheflight.com
7285cf6b3deadb46655a18b9bf3c7349.safeframe.googlesyndication.com,0.0,googlesyndication.com
8549afe037933c4ebd7a6f19eba3adbe.safeframe.googlesyndication.com,0.0,googlesyndication.com
188.222.178.128.sbl.spamhaus.org,0.0,spamhaus.org
rkssjxpmwvee.sysu.edu.cn,0.0,edu.cn
rbjn.co.id,1.0,co.id
cdn-app.dimensions.ai,0.0,dimensions.ai
toenchen-und-herrschmidt.ee,1.0,toenchen-und-herrschmidt.ee
update.greenhubtx.ga,0.0,greenhubtx.ga
9ud6an.tdum.alibaba.com,0.0,alibaba.com
rpx01-cne2.sgs.com,0.0,sgs.com
stmariascovenantschool.com,1.0,stmariascovenantschool.com
ptlogin2.accounts.qq.com,0.0,qq.com
hmbadxhb.page.link,1.0,page.link
a61cfc27d9ca0b53052284952e4f39a6.safeframe.googlesyndication.com,0.0,googlesyndication.com
1c848b8bd5ed27ee07c0341e2bf34f8e.safeframe.googlesyndication.com,0.0,googlesyndication.com
sorkarshop.com,1.0,sorkarshop.com
parallel.rockvideos.at,1.0,rockvideos.at
ucakbiletsorgulama.com,1.0,ucakbiletsorgulama.com
mactcare.com,1.0,mactcare.com
nadianeonadv.com,1.0,nadianeonadv.com
navimumbaicarcare.com,1.0,navimumbaicarcare.com
co-create2071.org,1.0,co-create2071.org
mbcfwmz.sysu.edu.cn,0.0,edu.cn
casababadenopal.com,1.0,casababadenopal.com
frontier-va.tiktokv.com,0.0,tiktokv.com
migos.com.tw,1.0,com.tw
marry.zxip.com,0.0,zxip.com
vsua5b.philipstelevisao.sa.com,1.0,sa.com
datalifez.com.ng,1.0,com.ng
drsalustidmd.com,1.0,drsalustidmd.com
gonitech.com.ng,1.0,com.ng
fpno.edu.ng,1.0,edu.ng
quickaplus-server-api-cn-zhangjiakou.aliyuncs.com,0.0,aliyuncs.com
maks228r.beget.tech,1.0,beget.tech
nevadaksfrankfort.aimeeburnett.info,1.0,aimeeburnett.info
www-globalschoolsprogram-org.filesusr.com,0.0,filesusr.com
kirpisoft.com.tr,1.0,com.tr
myjms.mohe.gov.my,0.0,gov.my
kipor.ae,1.0,kipor.ae
cotedivoirepatrimoine.com,1.0,cotedivoirepatrimoine.com
xftmeahi.page.link,1.0,page.link
6cfdc3366a770875d8a2c20cc2ea8989.safeframe.googlesyndication.com,0.0,googlesyndication.com
bd7e41f843901c4977f59d2f2d713503.safeframe.googlesyndication.com,0.0,googlesyndication.com
apartment2020abuja.com,1.0,apartment2020abuja.com
lowcostbeer.com,1.0,lowcostbeer.com
b4QXbKD6pntEdsDwKmLM.dbl.spamhaus.org,0.0,spamhaus.org
aadkfkjg.page.link,1.0,page.link
cantechnology.com.my,1.0,com.my
globaltravelevent.com,1.0,globaltravelevent.com
w4dasvax2ll2syu6exqa-f-4c8770286-clientnsv4-s.akamaihd.net,0.0,akamaihd.net
water.qz.gov.cn,0.0,gov.cn
huoli-hotel.oss-cn-beijing.aliyuncs.com,0.0,aliyuncs.com
sahm-mo.fartit.com,1.0,fartit.com
validdream.org,1.0,validdream.org
wvrtqojnrtrws.www.tendawifi.com,0.0,tendawifi.com
c14d338e416e811fb4bb2acad363d7ca.safeframe.googlesyndication.com,0.0,googlesyndication.com
cajnzsed.page.link,1.0,page.link
b7f12fa350d440aeaee1070de8b4c1cb.fp.measure.office.com,0.0,office.com
9053352.fls.doubleclick.net,0.0,doubleclick.net
adam-app.com,1.0,adam-app.com
w4dasvaxhxbggyu6vwxq-f-c5bc71027-clientnsv4-s.akamaihd.net,0.0,akamaihd.net
sxsimg.xiaoyuanzhao.com,0.0,xiaoyuanzhao.com
slkejofr.page.link,1.0,page.link
eskierproperty.com,1.0,eskierproperty.com
dp.xuexi.cn,0.0,xuexi.cn
forum.freemdict.com,0.0,freemdict.com
zmtoyceb.page.link,1.0,page.link
desk.zoho.com,0.0,zoho.com
www.sendspace.com,1.0,sendspace.com
propertydealz.pk,1.0,propertydealz.pk
tubebaba.com,1.0,tubebaba.com
ummfzzprwlpmg.www.tendawifi.com,0.0,tendawifi.com
favorite.taobao.com,0.0,taobao.com
dc79ac1f747d2cd9225b066ff11fa9fb.safeframe.googlesyndication.com,0.0,googlesyndication.com
086a41afbf49a7f5f453b49f5f02d810.safeframe.googlesyndication.com,0.0,googlesyndication.com
expertaims.net,1.0,expertaims.net
madridadm.com.br,1.0,com.br
www.scielo.org.co,0.0,org.co
vivotrans.vivo.com.cn,0.0,com.cn
ultragranite.co.uk,1.0,co.uk
catalog.app.iherb.com,0.0,iherb.com
aasanionline.com,1.0,aasanionline.com
cn-ctu-ali-r004.router.teamviewer.cn,0.0,teamviewer.cn
dvc.edu.vn,1.0,edu.vn
lnijwifo.page.link,1.0,page.link
resource.rentcafe.com,0.0,rentcafe.com
156.138.254.58.sbl.spamhaus.org,0.0,spamhaus.org
97fe449180ae70442cc373746c9a0433.safeframe.googlesyndication.com,0.0,googlesyndication.com
488b6c3fe231abda6a5b1116e86147f8.safeframe.googlesyndication.com,0.0,googlesyndication.com
cdn4-static-cf.gotporn.com,0.0,gotporn.com
detoyprojects.net,1.0,detoyprojects.net
thanhhoangchauhotel.com,1.0,thanhhoangchauhotel.com
michiganwylansing.fakaza2018.website,1.0,fakaza2018.website
ac64853032fe262e297d9671956251900.profile.mad51-c3.cloudfront.net,0.0,cloudfront.net
arewamirror.com.ng,1.0,com.ng
90f9b87de59d44619cc9b6130f8c2a86.fp.measure.office.com,0.0,office.com
hybridproduction.hu,1.0,hybridproduction.hu
pic.kekenet.com,0.0,kekenet.com
linusco.com,1.0,linusco.com
wts.sysu.edu.cn,0.0,edu.cn
pkpqnlnk.page.link,1.0,page.link
fluidpowerservicesng.com,1.0,fluidpowerservicesng.com
gweouz.sequoiare.sa.com,1.0,sa.com
qjkizmrs.page.link,1.0,page.link
wycieczkihurghadaimarsaalam.com,1.0,wycieczkihurghadaimarsaalam.com
4h8amo.tdum.alibaba.com,0.0,alibaba.com
naniwa-ginzaaward.hisaki-design.com,1.0,hisaki-design.com
iota128.rtb.appier.net,0.0,appier.net
obrobkacieplna.com,1.0,obrobkacieplna.com
cityplacecigar.com,1.0,cityplacecigar.com
nknc.caching.oysterfloats.com,1.0,oysterfloats.com
sxaiepew.page.link,1.0,page.link
w4dasvax373seyu6j3eq-f-11ff85a60-clientnsv4-s.akamaihd.net,0.0,akamaihd.net
m2play.ro,1.0,m2play.ro
culturadireitoesociedade.com.br,1.0,com.br
pusattryout.com,1.0,pusattryout.com
72k6ns9ag2csfeizcxcbjdrs2rdh2ih6xd67oss64b7053d44500c3b6sac.d.aa.online-metrix.net,0.0,online-metrix.net
wmbejhwy.page.link,1.0,page.link
luicomercial.com.br,1.0,com.br
8f06046a43c2c5995d0576f3502935b3.safeframe.googlesyndication.com,0.0,googlesyndication.com
c8fa36957cb00a5abe13d1ac42f468b9.safeframe.googlesyndication.com,0.0,googlesyndication.com
erkaradyator.com.tr,1.0,com.tr
woscaxez.page.link,1.0,page.link
ceriateknik.co.id,1.0,co.id
f4aeec7848cda46b7982d560ab36d3bbe3ead593.ime.galileo.baidu.com,0.0,baidu.com
teo2r.hitachitelevisao.sa.com,1.0,sa.com
bazan.fhs.cloud,1.0,fhs.cloud
edlat.shamdi.cfd,1.0,shamdi.cfd
mkat20.files.wordpress.com,0.0,wordpress.com
mohurgpd.page.link,1.0,page.link
zhxwyxynkxzz.yiigle.com,0.0,yiigle.com
quickeasyfinance.net,1.0,quickeasyfinance.net
stayinoceancitymd.com,1.0,stayinoceancitymd.com
rastrapati.com,1.0,rastrapati.com
kataeno.com,1.0,kataeno.com
ezmartlk.lk,1.0,ezmartlk.lk
59ab5eda6a454ad3be54ce499bc831aa.fp.measure.office.com,0.0,office.com
26.170.160.108.sbl.spamhaus.org,0.0,spamhaus.org
ccsp-newocr.sf-express.com,0.0,sf-express.com
analytics.acgnx.se,0.0,acgnx.se
ahorroexpress.cl,1.0,ahorroexpress.cl
nbbwoqgv.page.link,1.0,page.link
anonymfile.com,1.0,anonymfile.com
thenordicman.com,1.0,thenordicman.com
ref.faqserv.com,1.0,faqserv.com
223.95.112.217.sbl.spamhaus.org,0.0,spamhaus.org
hsevsazqysbxp.sysu.edu.cn,0.0,edu.cn
neoporter.com.br,1.0,com.br
edge-east.customer.io,0.0,customer.io
kristiansandadvokatene.no,1.0,kristiansandadvokatene.no
open.live.bbc.co.uk.pri.bbc.co.uk,0.0,co.uk
manhwahub.net,0.0,manhwahub.net
alcodshop.ro,1.0,alcodshop.ro
zj2fdlixfqz3eyu6lcla-f-464fc3bef-clientnsv4-s.akamaihd.net,0.0,akamaihd.net
adld.vizvaz.com,1.0,vizvaz.com
blackhatseoservice.com,1.0,blackhatseoservice.com
85f534ed8696f2c96d14fcf1caa1c43b.safeframe.googlesyndication.com,0.0,googlesyndication.com
254cdbd5d8324343d870d547a9ecb8eb.safeframe.googlesyndication.com,0.0,googlesyndication.com
urbanwolfstudio.com,1.0,urbanwolfstudio.com
a-0.19-24098801.d980082.1838.1c44.410a.400.9d.uwa59nbtp6n8jcq6ichjnbi2ct.avqs.mcafee.com,0.0,mcafee.com
sosprinter.com.br,1.0,com.br
w4dasvaxed4luyu7oxqq-f-252bbef9e-clientnsv4-s.akamaihd.net,0.0,akamaihd.net
emgvod.com,1.0,emgvod.com
masinak.hu,1.0,masinak.hu
cdn.theatlantic.com,0.0,theatlantic.com
www.hseda.com,1.0,hseda.com
a7798a05456d45e2b8c91013cf9c5866.fp.measure.office.com,0.0,office.com
pmcijyxjlzb.www.tendawifi.com,0.0,tendawifi.com
jyl.sync.oystergardens.club,1.0,oystergardens.club
gutfeeling.co.in,1.0,co.in
bhem.com.ng,1.0,com.ng
inspira-inmobiliaria.com,1.0,inspira-inmobiliaria.com
aleeftrade.com,1.0,aleeftrade.com
dumyat-furniture.com,1.0,dumyat-furniture.com
ipaedia.org,1.0,ipaedia.org
83180e6a1c6fde614ef256b75a89e91b.safeframe.googlesyndication.com,0.0,googlesyndication.com
orange-ecosolar.com,1.0,orange-ecosolar.com
1ba46ed9c9225576e1772ed34e57bd94.safeframe.googlesyndication.com,0.0,googlesyndication.com
claryicon.com,1.0,claryicon.com
tma1u.viziotelevisao.sa.com,1.0,sa.com
zj2fdlixfqz3eyu6k3uq-f-175953f51-clientnsv4-s.akamaihd.net,0.0,akamaihd.net
bbs.huorong.cn,0.0,huorong.cn
miracle-mansions.com,1.0,miracle-mansions.com
api-0EB0F6CA-967F-4C22-87B2-186B7A251DE9.sendbird.com,0.0,sendbird.com
puxqxrob.page.link,1.0,page.link
lanemay.com,1.0,lanemay.com
zebisama.pk,1.0,zebisama.pk
147.104.245.54.sbl.spamhaus.org,0.0,spamhaus.org
intenseedu.com,1.0,intenseedu.com
dotted.line.pm,1.0,line.pm
shoppypack.com,1.0,shoppypack.com
afe.faqserv.com,1.0,faqserv.com
stellenboschdstvinstallation.com,1.0,stellenboschdstvinstallation.com
171.225.241.162.sbl.spamhaus.org,0.0,spamhaus.org
136.102.1.211.sbl.spamhaus.org,0.0,spamhaus.org
simontradingrdc.com,1.0,simontradingrdc.com
ailegazetesi.net,1.0,ailegazetesi.net
c48b.templates.victoryoverdieting.com,1.0,victoryoverdieting.com
meitiandudiangushi72165.lofter.com,0.0,lofter.com
ywwprnqlulwzgqp.sysu.edu.cn,0.0,edu.cn
meshart.org,1.0,meshart.org
5493tblcydgbovpeknqmtxvptqesmqs3yosft5fq9070e4819b5e9e48sac.d.aa.online-metrix.net,0.0,online-metrix.net
meeting.woa.com,0.0,woa.com
jgwebdesign.com,1.0,jgwebdesign.com
zh.thefreedictionary.com,0.0,thefreedictionary.com
hiqozfnc.page.link,1.0,page.link
w4dasvaxeqh4eyu7kwuq-f-4258f81e0-clientnsv4-s.akamaihd.net,0.0,akamaihd.net
shrutratnakar.org,1.0,shrutratnakar.org
cbps.e-chinalife.com,0.0,e-chinalife.com
trikaryaomegapersada.com,1.0,trikaryaomegapersada.com
e87c96ba59bc457bbfe9d9ae9bb9213a.fp.measure.office.com,0.0,office.com
oss.allhistory.com,0.0,allhistory.com
prestigehomeautomation.net,1.0,prestigehomeautomation.net
powerpal.app,1.0,powerpal.app
sair.my03.com,1.0,my03.com
zj2fdlixfqz5ayu6tnqa-f-ecc8d360a-clientnsv4-s.akamaihd.net,0.0,akamaihd.net
cnt.fout.jp,0.0,fout.jp
kitspack.com.br,1.0,com.br
pvhlqf6rkbp7.l4.adsco.re,0.0,adsco.re
ct1.addthis.com,0.0,addthis.com
adsmark.net,1.0,adsmark.net
xxbiqudu.com,0.0,xxbiqudu.com
identity-carry.ess.apple.com,0.0,apple.com
pbqwcovf.page.link,1.0,page.link
hamam-group.com,1.0,hamam-group.com
actapi.kuwo.cn,0.0,kuwo.cn
strongkapten.xyz,1.0,strongkapten.xyz
rztodvcipnf.sysu.edu.cn,0.0,edu.cn
hdavcii.sysu.edu.cn,0.0,edu.cn
doubleentry.co.in,1.0,co.in
devpassion.com.mx,1.0,com.mx
ce543af71c28db99ac8939fbaf46cfda.safeframe.googlesyndication.com,0.0,googlesyndication.com
minimarketivanita.com,1.0,minimarketivanita.com
ozaowqwk.page.link,1.0,page.link
services.nationalmap.gov,0.0,nationalmap.gov
cdn.techcommunity.microsoft.com,0.0,microsoft.com
ae5303e9af3f45418b53c93b568da6af.fp.measure.office.com,0.0,office.com
casadebill.org,1.0,casadebill.org
gylt.jszwfw.gov.cn,0.0,gov.cn
gebzeweb.com.tr,1.0,com.tr
bwxjsgfxsuiau.sysu.edu.cn,0.0,edu.cn
cpgubr.tdum.alibaba.com,0.0,alibaba.com
kixrlsuhz.sysu.edu.cn,0.0,edu.cn
d2yx97y2ukjhui.cloudfront.net,0.0,cloudfront.net
awqjrflgqxjhom.sysu.edu.cn,0.0,edu.cn
dintisorcare.ro,1.0,dintisorcare.ro
the-columnist.net,1.0,the-columnist.net
h171626.srv22.test-hf.su,1.0,test-hf.su
rhdyjqtg.page.link,1.0,page.link
rareflock.com,1.0,rareflock.com
9ae7987133f84b04a27b20430b751e25.fp.measure.office.com,0.0,office.com
895cf7b71c39b17e744d8506eb1f4622.safeframe.googlesyndication.com,0.0,googlesyndication.com
068203b91380e090e3014877f3b88641.safeframe.googlesyndication.com,0.0,googlesyndication.com
rr1---sn-npoldn7z.gvt1.com,0.0,gvt1.com
eaaqeubqaizagjqacqlzqaaaabrj6yvk-pd2n33-73dd3e2de-clienttons-s.akamaihd.net,0.0,akamaihd.net
advitdentalclinic.com,1.0,advitdentalclinic.com
thelaundryday.com,1.0,thelaundryday.com
artsbygrace.com.br,1.0,com.br
ekproducciones.com,1.0,ekproducciones.com
bfpluzz.sysu.edu.cn,0.0,edu.cn
eloxeweb.ro,1.0,eloxeweb.ro
baganlaundry.com,1.0,baganlaundry.com
puntoez.com,1.0,puntoez.com
p38-fmip.icloud.com.cn,0.0,com.cn
c516c2cbbe2c46b09fcefa344482f343.fp.measure.office.com,0.0,office.com
iys.scheme.corycabana.net,1.0,corycabana.net
bioartstudio.dental,1.0,bioartstudio.dental
dsnvjqio.page.link,1.0,page.link
metrokita.com,1.0,metrokita.com
www.uplooder.net,1.0,uplooder.net
irishvetjournal.biomedcentral.com,0.0,biomedcentral.com
69pdy8.tdum.alibaba.com,0.0,alibaba.com
multiversooracular.com.br,1.0,com.br
gkjfhyllqqvpax.www.tendawifi.com,0.0,tendawifi.com
aonenetwork.com.np,1.0,com.np
bosco.co.in,1.0,co.in
zj2fdlixfqzxuyu6oq4q-f-4bb2d7c49-clientnsv4-s.akamaihd.net,0.0,akamaihd.net
nazarenoagape.com.br,1.0,com.br
vdse3.bdstatic.com,0.0,bdstatic.com
pearl-medic.com,1.0,pearl-medic.com
dpmypcxcsdshwlb.sysu.edu.cn,0.0,edu.cn
izipay.sale,1.0,izipay.sale
c-0.19-a7000e01.270481.170c.c6b.3ea5.210.0.ccscaiu8mt6lv2dklwzsqwc8ri.avts.mcafee.com,0.0,mcafee.com
8c67c2874183fe350ddaf9bc6ede46dd.safeframe.googlesyndication.com,0.0,googlesyndication.com
0ae07e932086aa3c5b1a52ef24616bfe.safeframe.googlesyndication.com,0.0,googlesyndication.com
p215-acsegateway.icloud.com.cn,0.0,com.cn
ns102.footprint.net,0.0,footprint.net
black-sun-a335.asyorfplmnv.workers.dev,1.0,workers.dev
m.iciba.com,0.0,iciba.com
planetsmailer.com,1.0,planetsmailer.com
frooxsk.sysu.edu.cn,0.0,edu.cn
h171702.srv22.test-hf.su,1.0,test-hf.su
a22043899646236deeb05233113356562.profile.dfw56-p4.cloudfront.net,0.0,cloudfront.net
ieukjuzg.page.link,1.0,page.link
teamtalentelgia.com,1.0,teamtalentelgia.com
pvtag.yahoo.co.jp,0.0,co.jp
85290dca6673c0b5853d988667d8061b.safeframe.googlesyndication.com,0.0,googlesyndication.com
fujismdlights.com,1.0,fujismdlights.com
travellikeme.co,1.0,travellikeme.co
m-api.ucenter.youku.com,0.0,youku.com
cifdc.com,1.0,cifdc.com
ywrylutow.sysu.edu.cn,0.0,edu.cn
efjdetsj.page.link,1.0,page.link
pro-steam.eu,1.0,pro-steam.eu
p4-aiuuqov74ukem-6cx4anom7uf7mdlf-if-v6exp3-v4.metric.gstatic.com,0.0,gstatic.com
adl-awh.vizvaz.com,1.0,vizvaz.com
e-volta.cl,1.0,e-volta.cl
29.newspush.eastmoney.com,0.0,eastmoney.com
lhuedswf.page.link,1.0,page.link
israrliaqat.com,1.0,israrliaqat.com
karyaindahperkasa.com,1.0,karyaindahperkasa.com
otcworldmedia.com,1.0,otcworldmedia.com
unitedgranitepa.com,1.0,unitedgranitepa.com
5125675.fs1.hubspotusercontent-na1.net,0.0,hubspotusercontent-na1.net
gzsport.edu.cn,0.0,edu.cn
lehner.biz,1.0,lehner.biz
techstarter.com.ng,1.0,com.ng
f6b15d116e2a799b042f491e7f289bd1.safeframe.googlesyndication.com,0.0,googlesyndication.com
bac0ad8d019dad225dc6462dd65c5664.safeframe.googlesyndication.com,0.0,googlesyndication.com
exsef.com,1.0,exsef.com
pda.104.com.tw,0.0,com.tw
x8files-1251460295.file.myqcloud.com,0.0,myqcloud.com
moonzetestlab.com,1.0,moonzetestlab.com
api.bytebrew.io,0.0,bytebrew.io
7e0c441ecd45428e8e809b29602d4174.fp.measure.office.com,0.0,office.com
bmsacidproof.com,1.0,bmsacidproof.com
blank.corp.microsoft.com,0.0,microsoft.com
mails.tjmu.edu.cn,0.0,edu.cn
ostec.uestc.edu.cn,0.0,edu.cn
0.0.0.0.1.0.0.4E.4h68eashejf49kdsu55i77afrv.avqs.mcafee.com,0.0,mcafee.com
jaffer.co.tz,1.0,co.tz
royalprimelabels.in,1.0,royalprimelabels.in
af0c83b95170574c76937ad62f8741d6.safeframe.googlesyndication.com,0.0,googlesyndication.com
ypaafi.pessegore.sa.com,1.0,sa.com
www.autostraddle.com,0.0,autostraddle.com
stat.gds.1688.com,0.0,1688.com
toniguns.sysu.edu.cn,0.0,edu.cn
ehm.result.garrettcountygranfondo.org,1.0,garrettcountygranfondo.org
uucmujgu.page.link,1.0,page.link
d8hxy.app.goo.gl,1.0,goo.gl
yemdtrto.page.link,1.0,page.link
vickygoestravelling.files.wordpress.com,0.0,wordpress.com
sqacommunitybd.org,1.0,sqacommunitybd.org
expcore.bloomingdales.com,0.0,bloomingdales.com
elenlace.de,1.0,elenlace.de
jy.synu.edu.cn,0.0,edu.cn
giozok.tdum.alibaba.com,0.0,alibaba.com
9798abf51d8847e7887d2b8b28e6ca53.fp.measure.office.com,0.0,office.com
download2339.mediafire.com,1.0,mediafire.com
appoxyk1snn2305.h5.xiaoeknow.com,0.0,xiaoeknow.com
r1---sn-ogul7n7d.googlevideo.com,0.0,googlevideo.com
w4dasvdimj2seyu7mfmq-f-a4a021839-clientnsv4-s.akamaihd.net,0.0,akamaihd.net
urlimg.fenbi.com,0.0,fenbi.com
zj2fdlixfqz5ayu6ti5a-f-c45415684-clientnsv4-s.akamaihd.net,0.0,akamaihd.net
gbppqrey.page.link,1.0,page.link
t4483212773393351976.id.amgdgt.com,0.0,amgdgt.com
getesolutions.com,1.0,getesolutions.com
pgknaycz.page.link,1.0,page.link
no.sexydate.world,1.0,sexydate.world
a889cc0661154db5b4bf56a9cce94f15.fp.measure.office.com,0.0,office.com
lfidqpxeofoqfl.sysu.edu.cn,0.0,edu.cn
oregonkysaltlakecity.securebuy.us,1.0,securebuy.us
ijendbzw.page.link,1.0,page.link
amrvwp000007741.amer.pfizer.com,0.0,pfizer.com
cocolight.co.tz,1.0,co.tz
f7aaww.razercelullares.motorcycles,1.0,razercelullares.motorcycles
a-0.19-a7000801.a030082.16a8.c13.3ea5.210.0.nsb2q8c7pgmdci7ri3b15c9fdb.avts.mcafee.com,0.0,mcafee.com
bandafourhead.com.br,1.0,com.br
tisdagskaffe.se,1.0,tisdagskaffe.se
786510444-a89bscd2a1f76.rc03.oray.com,0.0,oray.com
haps.co.mz,1.0,co.mz
10pHDaYxRcIdVleAK4auC9uW_.dbl.spamhaus.org,0.0,spamhaus.org
outsideproxy-3-577978871fbc7864.elb.us-east-1.amazonaws.com,0.0,amazonaws.com
api.coursehero.com,0.0,coursehero.com
mysea.sysu.edu.cn,0.0,edu.cn
yzkzixun.com,1.0,yzkzixun.com
padl-fa.oiu.edu.sd,1.0,edu.sd
tirupatibalajipackersinnavimumbai.in,1.0,tirupatibalajipackersinnavimumbai.in
polinya-parc-agrari.com,1.0,polinya-parc-agrari.com
mso.af,1.0,mso.af
kwikteamsupport.com,1.0,kwikteamsupport.com
st.kompoz2.com,0.0,kompoz2.com
myhvwwu.sysu.edu.cn,0.0,edu.cn
easycurrentaffairs.com,1.0,easycurrentaffairs.com
virginiawymontgomery.fakaza2018.website,1.0,fakaza2018.website
thecrossingway.com,1.0,thecrossingway.com
iosapk-dc-aws.s3.ap-northeast-1.amazonaws.com,0.0,amazonaws.com
installz210.duckdns.org,1.0,duckdns.org
dvhixxlp.page.link,1.0,page.link
c-0.19-a7000081.e0481.170c.c6b.3ea5.210.0.5sts5clpmurbfdlltn7r8k3eij.avts.mcafee.com,0.0,mcafee.com
72k6ns9a4ez2w2gz3wvpxhjfozghltlhqhc3s65ece64d9dcbdbefa56sac.d.aa.online-metrix.net,0.0,online-metrix.net
fmls.oiu.edu.sd,1.0,edu.sd
kycjutyk.page.link,1.0,page.link
ttizfcco.page.link,1.0,page.link
myessayhelp.com,1.0,myessayhelp.com
ubcnahtrjwqy.sysu.edu.cn,0.0,edu.cn
wisconsinorsantafe.sydneynews24.com,1.0,sydneynews24.com
35-155-82-19-pushcl.np.communication.playstation.net,0.0,playstation.net
protag.com.my,1.0,com.my
story2kids.com,1.0,story2kids.com
mip.3g.yjbys.com,0.0,yjbys.com
makglobal.in,1.0,makglobal.in
183-6-9-84_s-23-40-197-203_ts-1654591975-clienttons-s.akamaihd.net,0.0,akamaihd.net
reeseschoolofinsurance.com,1.0,reeseschoolofinsurance.com
adl-as.itsaol.com,1.0,itsaol.com
a1b78106679cc6032af0276544ece508.safeframe.googlesyndication.com,0.0,googlesyndication.com
emadparibahan.com.bd,1.0,com.bd
glbsaiyk.page.link,1.0,page.link
zang3.conyersdill.top,1.0,conyersdill.top
vckkbkxu.page.link,1.0,page.link
pyxqnijb.page.link,1.0,page.link
annisatransportjogja.com,1.0,annisatransportjogja.com
git.gnome.org,0.0,gnome.org
users.mrl.illinois.edu,0.0,illinois.edu
d14c349c0ac41124a0f88d88e276c8ef.safeframe.googlesyndication.com,0.0,googlesyndication.com
i11.photobucket.com,0.0,photobucket.com
zj2fdlixfqz3eyu6rabq-f-bc3deab51-clientnsv4-s.akamaihd.net,0.0,akamaihd.net
ww2db.com,0.0,ww2db.com
www.shop.xerox.com,0.0,xerox.com
hqxxbjhw.page.link,1.0,page.link
danjuan.imedao.com,0.0,imedao.com
oebsztsk.page.link,1.0,page.link
3335158574.docs.qq.com,0.0,qq.com
soon.ae,1.0,soon.ae
ad-cx.mrface.com,1.0,mrface.com
metin2sepetim.com,1.0,metin2sepetim.com
43f627c34c2b16137fc740b4abac77a9.safeframe.googlesyndication.com,0.0,googlesyndication.com
80b0503276ffb104f45b37e4399ed0e0.safeframe.googlesyndication.com,0.0,googlesyndication.com
www.vectribeagency.com,1.0,vectribeagency.com
ulhwomvq.page.link,1.0,page.link
radiiacm.com,1.0,radiiacm.com
zekiguven.com.tr,1.0,com.tr
carlgibslegal.com,1.0,carlgibslegal.com
microonline.com.au,1.0,com.au
tlab.com.tr,1.0,com.tr
eaaqeubqaijeajqacql6qaaaabrj5wj3-pw3qgx-f370147da-clienttons-s.akamaihd.net,0.0,akamaihd.net
23154e541148720f04e20488f295125e.safeframe.googlesyndication.com,0.0,googlesyndication.com
ezpjxgep.page.link,1.0,page.link
xacu07.baidupcs.com,0.0,baidupcs.com
irdmofiz.page.link,1.0,page.link
pzr.2023.ebeenj.com,1.0,ebeenj.com
kvwkintsocxpjq.sysu.edu.cn,0.0,edu.cn
maitamadh.com.ng,1.0,com.ng
stocksstudy.com,1.0,stocksstudy.com
annualreviews.org,0.0,annualreviews.org
zhaosheng.cqu.edu.cn,0.0,edu.cn
www.pilibook.net,0.0,pilibook.net
p.workgreat19.live,0.0,workgreat19.live
zj.gov.cn,0.0,gov.cn
w4dasvax373ssyu6kfsa-f-f757a48be-clientnsv4-s.akamaihd.net,0.0,akamaihd.net
3.192.34.185.sbl.spamhaus.org,0.0,spamhaus.org
english.phbs.pku.edu.cn,0.0,edu.cn
blob.bnz10prdstr09a.store.core.windows.net,0.0,windows.net
zj2fdlixfqz3eyu6tagq-f-0e8673171-clientnsv4-s.akamaihd.net,0.0,akamaihd.net
www.jipai.cc,0.0,jipai.cc
amejan.in,1.0,amejan.in
eaaqeubqakbeajqacqlxqaaaabrj6lky-f-2d46f8cd7-clienttons-s.akamaihd.net,0.0,akamaihd.net
investinchina.chinadaily.com.cn,0.0,com.cn
zvdsurbg.page.link,1.0,page.link
creditepentrutoti.ro,1.0,creditepentrutoti.ro
axxagrup.ro,1.0,axxagrup.ro
centralfinance.com.np,1.0,com.np
dsfile.devcloud.huaweicloud.com,0.0,huaweicloud.com
pakistan1.tv,1.0,pakistan1.tv
gad.oiu.edu.sd,1.0,edu.sd
goldleaf-revenup.com,1.0,goldleaf-revenup.com
rabyte.com.ng,1.0,com.ng
kefu.weibo.com,0.0,weibo.com
bsm.faqserv.com,1.0,faqserv.com
tad24.ir,1.0,tad24.ir
gouwu.youdao.com,0.0,youdao.com
apotek-zada.com,1.0,apotek-zada.com
jpe.njc.gov.ng,1.0,gov.ng
bsa.faqserv.com,1.0,faqserv.com
sdjulurg.page.link,1.0,page.link
p210-contacts.icloud.com,0.0,icloud.com
resetqi.com,1.0,resetqi.com
buscgroup.com.au,1.0,com.au
patelresidency.com.pk,1.0,com.pk
procurement.njc.gov.ng,1.0,gov.ng
massachusettscocarsoncity.everyexpat.com,1.0,everyexpat.com
khatibfoundation.ir,1.0,khatibfoundation.ir
nazibmahfuz.com,1.0,nazibmahfuz.com
arge.pt,1.0,arge.pt
imgq00c.q578.com,0.0,q578.com
api.xsolla.com,0.0,xsolla.com
gurucapitalmm.com,1.0,gurucapitalmm.com
bzrpjkuhpgkwz.sysu.edu.cn,0.0,edu.cn
aafmdcqrqtpnsa.sysu.edu.cn,0.0,edu.cn
h171145.srv22.test-hf.su,1.0,test-hf.su
mainstreetpartners.com.au,1.0,com.au
3a8cee39121f68cf7b23d7eaf7f11973.safeframe.googlesyndication.com,0.0,googlesyndication.com
8e77d483edb64aab1704cebf6c643da4.safeframe.googlesyndication.com,0.0,googlesyndication.com
static.skillshare.com,0.0,skillshare.com
pnomsuts.page.link,1.0,page.link
svbcttd.org,1.0,svbcttd.org
wgeipbibzuglnj.sysu.edu.cn,0.0,edu.cn
forerunner-ds.zplan.qq.com,0.0,qq.com
pineheightsystems.com.ng,1.0,com.ng
sunbattery.ir,1.0,sunbattery.ir
snappretail.io,1.0,snappretail.io
daulatpropertiesltd.com,1.0,daulatpropertiesltd.com
zfweqmno.page.link,1.0,page.link
harmonytradingsystem.com,1.0,harmonytradingsystem.com
gj.scu.edu.cn,0.0,edu.cn
jrzmwuyfrrf.sysu.edu.cn,0.0,edu.cn
sounak96nov.files.wordpress.com,0.0,wordpress.com
474d9bae4a684d42a2cfa3d891b9108e.fp.measure.office.com,0.0,office.com
1et.uk,1.0,1et.uk
31f3c10aa4f84d5bbd2f00c3dba2ce4b.fp.measure.office.com,0.0,office.com
celinemorreparis.fr,1.0,celinemorreparis.fr
imgv.zol.com.cn,0.0,com.cn
ezfyhalb.page.link,1.0,page.link
wps.sf-express.com,0.0,sf-express.com
game.capcom.com,0.0,capcom.com
lnsssgmail.sysu.edu.cn,0.0,edu.cn
lyamlfne.page.link,1.0,page.link
nateweise.com,1.0,nateweise.com
scholar.google.cn,0.0,google.cn
mujerimpulsaturiquezalibro.com,1.0,mujerimpulsaturiquezalibro.com
autolebrija.com,1.0,autolebrija.com
fiercebd.com,1.0,fiercebd.com
d2souf30ck18jq.cloudfront.net,0.0,cloudfront.net
thumbnails.texastribune.org,0.0,texastribune.org
calidadalavista.com,1.0,calidadalavista.com
w4dasvax2cgiayu7jkaa-f-36b66dc52-clientnsv4-s.akamaihd.net,0.0,akamaihd.net
videotranspondplus.3g.qq.com,0.0,qq.com
homescapes.playrix.com,0.0,playrix.com
mdmonirul.com,1.0,mdmonirul.com
srdreamit.com,1.0,srdreamit.com
outtaofficereply.files.wordpress.com,0.0,wordpress.com
xz888.oss-cn-hangzhou.aliyuncs.com,1.0,aliyuncs.com
pzuiwaglh.sysu.edu.cn,0.0,edu.cn
kahafoods.com,1.0,kahafoods.com
yzplzkjw.page.link,1.0,page.link
api.trace.moe,0.0,trace.moe
b00klng.blogspot.com,1.0,blogspot.com
only-785382-58-249-112-39.nstool.netease.com,0.0,netease.com
spsc.sudurpashchim.gov.np,1.0,gov.np
gcveg6.tdum.alibaba.com,0.0,alibaba.com
fzlqjrua.page.link,1.0,page.link
codoon-cdn-other.oss-cn-hangzhou.aliyuncs.com,0.0,aliyuncs.com
clautedomex.mx,1.0,clautedomex.mx
rss.time.com,0.0,time.com
cbsz.ebank.cmbchina.com,0.0,cmbchina.com
ynouguxetor.polyu.edu.hk,0.0,edu.hk
a1921.casalemedia.com,0.0,casalemedia.com
prosimmex.com,1.0,prosimmex.com
shivsofts.in,1.0,shivsofts.in
6c018818afe14d6eabba72d2190a4923.fp.measure.office.com,0.0,office.com
gobo10fc.top,1.0,gobo10fc.top
delsafa.com,1.0,delsafa.com
careercompanion.au,1.0,careercompanion.au
richardwalker.icu,1.0,richardwalker.icu
y6jn8c31kzst3kdupxeofgssa3vpcveyl5lvaqunac76fc9a77b9ad92sac.d.aa.online-metrix.net,0.0,online-metrix.net
art.ccnu.edu.cn,0.0,edu.cn
pixel-a.basis.net,0.0,basis.net
hl4xalqxiik5syu6x6dq-f-9a2e0ae87-clientnsv4-s.akamaihd.net,0.0,akamaihd.net
searchrecterm.kuwo.cn,0.0,kuwo.cn
creditcaretech.com,1.0,creditcaretech.com
tishacnz.page.link,1.0,page.link
brknarikan.com,1.0,brknarikan.com
audia.cl,1.0,audia.cl
d2x1qi57v77t8z.cloudfront.net,0.0,cloudfront.net
kimandclak-ltd.com,1.0,kimandclak-ltd.com
kapuas88livescore.com,1.0,kapuas88livescore.com
bruiserbodies.com,1.0,bruiserbodies.com
sbkloumijohypt.sysu.edu.cn,0.0,edu.cn
planex.wjg.jp,1.0,wjg.jp
qumnsbph.page.link,1.0,page.link
29ef4bd1f3e54f5cb1a3cccf71d7c3c7.fp.measure.office.com,0.0,office.com
consultexpressly.co.uk,1.0,co.uk
ebus.csot.tcl.com,0.0,tcl.com
lzbvrwrt.sysu.edu.cn,0.0,edu.cn
vldawppkkse.sysu.edu.cn,0.0,edu.cn
vanishwaxing.com.au,1.0,com.au
ciwzuslz.page.link,1.0,page.link
tyccwsuk.sysu.edu.cn,0.0,edu.cn
aviciiconstruction.com,1.0,aviciiconstruction.com
umkbvsrz.page.link,1.0,page.link
953381114.docs.qq.com,0.0,qq.com
vicarbys.com,1.0,vicarbys.com
inanyazilim.com.tr,1.0,com.tr
lasaluteenelletuemani.it,1.0,lasaluteenelletuemani.it
qbpic.imtt.qq.com,0.0,qq.com
ethiopianmiceassociation.com,1.0,ethiopianmiceassociation.com
youthyun.baidu.com,0.0,baidu.com
aygun-digital.com.bo,1.0,com.bo
morenahotel.com,1.0,morenahotel.com
maaranee.co.in,1.0,co.in
nafaas2004alumni.org.ng,1.0,org.ng
zh.terraria-calamity-mod.wikia.com,0.0,wikia.com
gbkjlzgn.page.link,1.0,page.link
l-ir.faqserv.com,1.0,faqserv.com
expancio.us,1.0,expancio.us
yjszs.ecnu.edu.cn,0.0,edu.cn
afdomfjk.page.link,1.0,page.link
a-0.19-24091801.c920082.1838.1c44.410a.400.9d.8a5j5kzsew54t9d4mvbf12i7ui.avqs.mcafee.com,0.0,mcafee.com
soyparaiso.com,1.0,soyparaiso.com
bookabudhabitrips.com,1.0,bookabudhabitrips.com
geciindustry.fhs.cloud,1.0,fhs.cloud
mepl3daqkd.feishu.cn,0.0,feishu.cn
2a943d7616b0074d32ab55d13d76bc3e.safeframe.googlesyndication.com,0.0,googlesyndication.com
929375f3828d0f25fb205fd6c195af01.safeframe.googlesyndication.com,0.0,googlesyndication.com
ndccny.com,1.0,ndccny.com
g.yuque.com,0.0,yuque.com
pdwk5pyxiosmeyu6geaq-f-2022043b5-clientnsv4-s.akamaihd.net,0.0,akamaihd.net
sic.chsi.com.cn,0.0,com.cn
gn-flagpoles.api.bbci.co.uk,0.0,co.uk
saham.schwaldfamily.org,1.0,schwaldfamily.org
safebrowsing.baidu.com,0.0,baidu.com
259602b0623b49d88080fad6612b4287.fp.measure.office.com,0.0,office.com
nekuritebambuk.ru,1.0,nekuritebambuk.ru
appNAeDw6F25801.h5.xiaoeknow.com,0.0,xiaoeknow.com
8600348205034cf293e84c359e6b572c.fp.measure.office.com,0.0,office.com
emea.ocps.manage.microsoft.com,0.0,microsoft.com
smiyltfp.page.link,1.0,page.link
ohppd.oiu.edu.sd,1.0,edu.sd
rank.ifeng.com,0.0,ifeng.com
dougsboomerrants.files.wordpress.com,0.0,wordpress.com
f1.market.mi-img.com,0.0,mi-img.com
74624a0410684f092029ae0bb9b8656c.rdt.tfogc.com,0.0,tfogc.com
boikpzry.page.link,1.0,page.link
sevastuglobal.com,1.0,sevastuglobal.com
ftnm.cloudid.coffeeonboard.com,1.0,coffeeonboard.com
businesslane.com.ng,1.0,com.ng
yxnf4f6inill.l4.adsco.re,0.0,adsco.re
zj2fdjliktb6wyu6voga-f-b3a96ff98-clientnsv4-s.akamaihd.net,0.0,akamaihd.net
mnnudref.page.link,1.0,page.link
bop.demdex.net,0.0,demdex.net
mxxftlbr.page.link,1.0,page.link
d2c7zmf4xamfj7.cloudfront.net,0.0,cloudfront.net
east-campus-servers-cluster.buct.edu.cn,0.0,edu.cn
kirinosato.fc2web.com,0.0,fc2web.com
www.lativ.com.tw,0.0,com.tw
fabricacoelho.com.br,1.0,com.br
719d889d4a974d9db1aa63901b79a7ab.fp.measure.office.com,0.0,office.com
gdeir.oiu.edu.sd,1.0,edu.sd
35-166-238-207-pushcl.np.communication.playstation.net,0.0,playstation.net
prosima.com.tr,1.0,com.tr
ljilpvwf.page.link,1.0,page.link
only-986562-223-104-67-98.nstool.netease.com,0.0,netease.com
news.aq.house365.com,0.0,house365.com
ort.stsdk.vivo.com.cn.www.tendawifi.com,0.0,tendawifi.com
lodwartvc.ac.ke,1.0,ac.ke
88c982107d22489cb842b88c61e9a549.fp.measure.office.com,0.0,office.com
ocean-l7.market.xiaomi.com,0.0,xiaomi.com
yxubybzz.page.link,1.0,page.link
dl.games.sina.com.cn,0.0,com.cn
vod1429.aliyun06.vip.lixian.xunlei.com,0.0,xunlei.com
rr3---sn-bpb5oxu-3c2d.googlevideo.com,0.0,googlevideo.com
galaxy3.bz.mgtv.com,0.0,mgtv.com
9s3z27.tdum.alibaba.com,0.0,alibaba.com
m.suning.com,0.0,suning.com
sahm-as.vizvaz.com,1.0,vizvaz.com
gzv2.ys7.com,0.0,ys7.com
simg.duxiu.com,0.0,duxiu.com
football.tongji.edu.cn,0.0,edu.cn
asaxdozx.page.link,1.0,page.link
183-6-9-84_s-184-50-26-49_ts-1654551010-clienttons-s.akamaihd.net,0.0,akamaihd.net
scientificatiles.com,1.0,scientificatiles.com
sagheur.top,1.0,sagheur.top
whitecatcorn.com,1.0,whitecatcorn.com
gxhd.game.yy.com,0.0,yy.com
uappweb-gra.huolala.cn,0.0,huolala.cn
isoqwcbx.page.link,1.0,page.link
uohhunkmnfhbimtagizqgwpmv.to,1.0,uohhunkmnfhbimtagizqgwpmv.to
jwhsszywjxyihpa.www.tendawifi.com,0.0,tendawifi.com
fresadodeasfalto.com,1.0,fresadodeasfalto.com
perfectcvmaker.com,1.0,perfectcvmaker.com
zzkocxou.page.link,1.0,page.link
retargeting.ctrip.com,0.0,ctrip.com
6q59yl.tdum.alibaba.com,0.0,alibaba.com
pbe-taas.lol.qq.com,0.0,qq.com
a-0.19-a7000801.0.170c.d2e.3ea5.210.0.wiw5m2vg5tv1kz1r5eg28pmt6t.avts.mcafee.com,0.0,mcafee.com
wchat37.myfreecams.com,0.0,myfreecams.com
ayturk.world,1.0,ayturk.world
andronikidis.gr,1.0,andronikidis.gr
r5---sn-hgn7yn7l.googlevideo.com,0.0,googlevideo.com
crengate.com,0.0,crengate.com
idegzsa.sysu.edu.cn,0.0,edu.cn
chadsullivan.top,1.0,chadsullivan.top
emandmore.hu,1.0,emandmore.hu
micapublicitatesatumare.ro,1.0,micapublicitatesatumare.ro
lahigram.ir,1.0,lahigram.ir
706a9adcfac85ccb70aac422d8b890a2.safeframe.googlesyndication.com,0.0,googlesyndication.com
ad75ac78e78dae523220a680a1e7f43b.safeframe.googlesyndication.com,0.0,googlesyndication.com
nspropertyonline.com,1.0,nspropertyonline.com
h5-v.tudou.com,0.0,tudou.com
f48f3a78eb86b6c8a6b105453eefec59.safeframe.googlesyndication.com,0.0,googlesyndication.com
d6dfc33c932c3e4d8762bd9568d4c62d.safeframe.googlesyndication.com,0.0,googlesyndication.com
b9e27bfe6ecea31136951764f0ff43b9.safeframe.googlesyndication.com,0.0,googlesyndication.com
p10-keyvalueservice-china.icloud.com,0.0,icloud.com
pjdyeylr.page.link,1.0,page.link
gccc-bd.com,1.0,gccc-bd.com
axemcxatbzw.sysu.edu.cn,0.0,edu.cn
tgl-image-1259052923.pic.ap-guangzhou.myqcloud.com,0.0,myqcloud.com
zpsc.edu.bd,1.0,edu.bd
californiamosaintpaul.rokdevelopers.com,1.0,rokdevelopers.com
wyixpcbr.page.link,1.0,page.link
refreshmet.com,1.0,refreshmet.com
eblaguwonmir.cfd,1.0,eblaguwonmir.cfd
www.beautydiamondstore.com,1.0,beautydiamondstore.com
quiikly.com,1.0,quiikly.com
creativeartistsagencyapac-my.sharepoint.com,1.0,sharepoint.com
umutsoydinc.com,1.0,umutsoydinc.com
beacon.shazam.com,0.0,shazam.com
t7406281460614278142.id.amgdgt.com,0.0,amgdgt.com
kaabrehman.com,1.0,kaabrehman.com
dkqbvp.tdum.alibaba.com,0.0,alibaba.com
bolhf.org,1.0,bolhf.org
72k6ns9ad5b6k4lelzr3ixywvh2wqn7izechye653a53d14f3065b916sac.d.aa.online-metrix.net,0.0,online-metrix.net
travel2deals.com,1.0,travel2deals.com
hveer.com,1.0,hveer.com
420bdsstn.yc.baicuoa.com,0.0,baicuoa.com
countpvs.3g.fang.com,0.0,fang.com
mailyeah.ntes53.netease.com,0.0,netease.com
dale.ns.cloudflare.com,0.0,cloudflare.com
probashgomon.com,1.0,probashgomon.com
urban.pku.edu.cn,0.0,edu.cn
d3dqppxumrhjzg.cloudfront.net,0.0,cloudfront.net
ithbdnwt.page.link,1.0,page.link
mall.3839.com,0.0,3839.com
aphgxjomb.sysu.edu.cn,0.0,edu.cn
vddtrnpjswg.sysu.edu.cn,0.0,edu.cn
meeweb.com,1.0,meeweb.com
aandlorganics.com,1.0,aandlorganics.com
xczlpcrs.page.link,1.0,page.link
1500603028.docs.qq.com,0.0,qq.com
visaguide.tech,1.0,visaguide.tech
rofe.com.mx,1.0,com.mx
techzero.com.br,1.0,com.br
head.fx678.com,0.0,fx678.com
dukaaaan.com,1.0,dukaaaan.com
bqwfbole.page.link,1.0,page.link
vdpymye.sysu.edu.cn,0.0,edu.cn
p212-iwmb.icloud.com.cn,0.0,com.cn
shoulei-ios2.rcv.sandai.net,0.0,sandai.net
mirtvbxp.page.link,1.0,page.link
lubwagxvbwh.sysu.edu.cn,0.0,edu.cn
fntest.yy.com,0.0,yy.com
jvelectromech.com,1.0,jvelectromech.com
friends.duolingo.cn,0.0,duolingo.cn
m.tj.zggqzp.com,0.0,zggqzp.com
g5vlg.tdum.alibaba.com,0.0,alibaba.com
voxvocispublicus.sysu.edu.cn,0.0,edu.cn
dylannelson206.files.wordpress.com,0.0,wordpress.com
nimcoworldwideexpress.com,1.0,nimcoworldwideexpress.com
5b217faeeb124347b62cc07c385d85cd.fp.measure.office.com,0.0,office.com
dns2.bus.sysu.edu.cn,0.0,edu.cn
go.algolia.com,0.0,algolia.com
taxitransferskeri.com,1.0,taxitransferskeri.com
jgepsypt.page.link,1.0,page.link
pushservice.10010.com,0.0,10010.com
laiaramosescort.com,1.0,laiaramosescort.com
rbm.faqserv.com,1.0,faqserv.com
shankarmaharaj.com,1.0,shankarmaharaj.com
tenetservice.it,1.0,tenetservice.it
kingdhella.com.ng,1.0,com.ng
yyzh.sync.oystergardens.club,1.0,oystergardens.club
eraport.dfirma.pl,1.0,dfirma.pl
vqqmofxg.page.link,1.0,page.link
thefirstabudhabiscrap.site,1.0,thefirstabudhabiscrap.site
wheelieschoolchile.cl,1.0,wheelieschoolchile.cl
smpn12dumai.sch.id,1.0,sch.id
lolcdcvmyrwlgi.sysu.edu.cn,0.0,edu.cn
5fa0c16adec2dacfc04f6b39d7efc211.safeframe.googlesyndication.com,0.0,googlesyndication.com
b1337d82261482935c77e663c327be1e.safeframe.googlesyndication.com,0.0,googlesyndication.com
tcga-data.nci.nih.gov,0.0,nih.gov
socialwelfare.bl.uk,0.0,bl.uk
mediterraneanpanorama.org,1.0,mediterraneanpanorama.org
tdemperu.com,1.0,tdemperu.com
galaxygroups.net,1.0,galaxygroups.net
ctimeresources.com,1.0,ctimeresources.com
9dc8bdbec1ac458b8e8e628cc0e2ec6c.fp.measure.office.com,0.0,office.com
app.international.usc.edu,0.0,usc.edu
kjj.wuzhou.gov.cn,0.0,gov.cn
stm.faqserv.com,1.0,faqserv.com
mcnazamecku.net.scms.sq1.io,1.0,sq1.io
tjwsgkhf.page.link,1.0,page.link
daxue.learning.sohu.com,0.0,sohu.com
skysafeexpress.com,1.0,skysafeexpress.com
xmqpj.result.garrettcountygranfondo.org,1.0,garrettcountygranfondo.org
qmnyznsk.page.link,1.0,page.link
studentszone.com.pk,1.0,com.pk
eranimahal.com,1.0,eranimahal.com
scgy.ustc.edu.cn,0.0,edu.cn
e3e076704e8645d7b0c50a923bc4ce2f.fp.measure.office.com,0.0,office.com
aatiq.com,1.0,aatiq.com
droomsoft.com,1.0,droomsoft.com
rosceman.com,1.0,rosceman.com
e25pp4.tdum.alibaba.com,0.0,alibaba.com
cuc.edu.eg,1.0,edu.eg
apps.dongmanmanhua.cn,0.0,dongmanmanhua.cn
codepush.teams.microsoft.com,0.0,microsoft.com
gzjdspko.page.link,1.0,page.link
su09hkag-my.sharepoint.com,0.0,sharepoint.com
404.qq.com,0.0,qq.com
loginguide.pro,1.0,loginguide.pro
herbalspoon.com,1.0,herbalspoon.com
xfrzmmnke.jnu.edu.cn,0.0,edu.cn
mhvnmaml.page.link,1.0,page.link
earthbook.co.ke,1.0,co.ke
bsr.faqserv.com,1.0,faqserv.com
chekodi.com,1.0,chekodi.com
bookbuddy.com.pk,1.0,com.pk
collinescommunications.com,1.0,collinescommunications.com
qastoman.com,1.0,qastoman.com
chiptune.com,1.0,chiptune.com
9a5174ca1cef92a3856a0859b8ee537d601f4cf1.ime.galileo.baidu.com,0.0,baidu.com
p105-acsegateway.icloud.com.cn,0.0,com.cn
p52-ckdevice.icloud.com,0.0,icloud.com
s1-cdn.hm.com,0.0,hm.com
jqdcafrd.page.link,1.0,page.link
eng.stu.edu.cn,0.0,edu.cn
tvseriesfinale.com,0.0,tvseriesfinale.com
f2c193196f2d61f4d7a94041ee39fb5d.safeframe.googlesyndication.com,0.0,googlesyndication.com
e.huawei.com,0.0,huawei.com
fineloveshop.fr,1.0,fineloveshop.fr
www.givemevideo.com,1.0,givemevideo.com
yuehuimail.sysu.edu.cn,0.0,edu.cn
ysoal.com,1.0,ysoal.com
kabirulaqib.com,1.0,kabirulaqib.com
1df44415394c4924b01fe6f9828bcbef.fp.measure.office.com,0.0,office.com
csa.itsaol.com,1.0,itsaol.com
stavangeradvokaten.no,1.0,stavangeradvokaten.no
consultoraaccionpolitica.com,1.0,consultoraaccionpolitica.com
vovyxuje.page.link,1.0,page.link
d0bac0e91e01096ba006a1d742429465.safeframe.googlesyndication.com,0.0,googlesyndication.com
lzv.sync.oystergardens.club,1.0,oystergardens.club
atozrental.cc,1.0,atozrental.cc
sinnap.com.my,1.0,com.my
d2bfe65c2ff24c468cffdec52aeb8f92.fp.measure.office.com,0.0,office.com
uts.auction.co.kr,0.0,co.kr
ljzozpeti.sysu.edu.cn,0.0,edu.cn
guiidoo.com,1.0,guiidoo.com
ratnavalijewels.com,1.0,ratnavalijewels.com
chun-han.net,1.0,chun-han.net
ankarabalkanbandosu.com,1.0,ankarabalkanbandosu.com
downloadrezerves.ru,1.0,downloadrezerves.ru
ohspctfvfh.sysu.edu.cn,0.0,edu.cn
ghost.blueecho88.com,1.0,blueecho88.com
healthcaresupport.us,1.0,healthcaresupport.us
alumiceptndlh.sysu.edu.cn,0.0,edu.cn
suvxglbh.page.link,1.0,page.link
harrisairaviation.com,1.0,harrisairaviation.com
eiggxxflou.sysu.edu.cn,0.0,edu.cn
bossajazzbrasil.com,1.0,bossajazzbrasil.com
api-js.mixpanel.com,0.0,mixpanel.com
www.shejidaren.com,0.0,shejidaren.com
llbplecoykwfut.sysu.edu.cn,0.0,edu.cn
apdenptjoolplws.sysu.edu.cn,0.0,edu.cn
r6---sn-3pm7sne7.googlevideo.com,0.0,googlevideo.com
4iptv.net,1.0,4iptv.net
ellebraude.com.br,1.0,com.br
www.sse.sysu.edu.cn,0.0,edu.cn
aa79771f78342abc2150c991a86c47779.profile.fra56-p2.cloudfront.net,0.0,cloudfront.net
aryanmediasolutions.com,1.0,aryanmediasolutions.com
rr2---sn-npoeen7k.googlevideo.com,0.0,googlevideo.com
kourawin.com,1.0,kourawin.com
mittnyahem.com,1.0,mittnyahem.com
adlg.dns05.com,1.0,dns05.com
sdkeaervqarc.sysu.edu.cn,0.0,edu.cn
irhg.fartit.com,1.0,fartit.com
asl.mrface.com,1.0,mrface.com
external-media69.public.wamsm-a-6.prod.infra.webex.com,0.0,webex.com
smartradx.com,1.0,smartradx.com
ihnggkxd.page.link,1.0,page.link
medisupplywarehouse.com,1.0,medisupplywarehouse.com
0d76257419d9e36da6b89e5f7228acaf.safeframe.googlesyndication.com,0.0,googlesyndication.com
31f4fb730d2d0f1704da57449a278ddf.safeframe.googlesyndication.com,0.0,googlesyndication.com
panacheinteriors.co.in,1.0,co.in
dl-harmonyos.51cto.com,0.0,51cto.com
only-514164-223-104-67-95.nstool.netease.com,0.0,netease.com
r4---sn-25ge7ns7.googlevideo.com,0.0,googlevideo.com
nowapsiindia.com,1.0,nowapsiindia.com
tdxl.ruc.edu.cn,0.0,edu.cn
lifemedicinaintegral.com,1.0,lifemedicinaintegral.com
ijmyldmz.sysu.edu.cn,0.0,edu.cn
deviambarwati.com,1.0,deviambarwati.com
karposshoes.com,1.0,karposshoes.com
global.edu.my,1.0,edu.my
neguqwer.page.link,1.0,page.link
p112-fmf.icloud.com.cn,0.0,com.cn
stellar-ai.sg,1.0,stellar-ai.sg
7cv2b3.tdum.alibaba.com,0.0,alibaba.com
daxue.xdf.cn,0.0,xdf.cn
kalkandigital.com,1.0,kalkandigital.com
rcxq.swu.edu.cn,0.0,edu.cn
telemetry-in.battle.net,0.0,battle.net
herbs.pk,1.0,herbs.pk
58-249-112-44_s-23-48-214-147_ts-1654615792-clienttons-s.akamaihd.net,0.0,akamaihd.net
creditcareph.com,1.0,creditcareph.com
fd87f5ebfadd82547da55e44a8a49f55.safeframe.googlesyndication.com,0.0,googlesyndication.com
3f915b3ed6034daca706d3d23f874ac0.fp.measure.office.com,0.0,office.com
dl-playblessunleashed.akamaized.net,0.0,akamaized.net
p214-contacts.icloud.com,0.0,icloud.com
clicks.mail.monday.com,0.0,monday.com
aih-group.com,1.0,aih-group.com
gons16c.top,1.0,gons16c.top
upfwjzio.page.link,1.0,page.link
4403ff9dbd26482a8ac44c105b363cc7.fp.measure.office.com,0.0,office.com
e9763e5df9124818b0ffd93ffe2eb9db.fp.measure.office.com,0.0,office.com
only-752307-117-136-12-153.nstool.netease.com,0.0,netease.com
gzlvfmzy.page.link,1.0,page.link
lanecert.com,1.0,lanecert.com
e3712146ebed0b331e62dbb6f67f528f.safeframe.googlesyndication.com,0.0,googlesyndication.com
mazkjyvy.sysu.edu.cn,0.0,edu.cn
sdxkjqmr.page.link,1.0,page.link
taxmat.mx,1.0,taxmat.mx
wxqywgec.page.link,1.0,page.link
7.sysu.edu.cn,0.0,edu.cn
vjkxlqwn.page.link,1.0,page.link
apollolightings.com,1.0,apollolightings.com
wordaccordbusinesstechnology.com,1.0,wordaccordbusinesstechnology.com
s24.postimg.cc,0.0,postimg.cc
lemedinst.com,1.0,lemedinst.com
atomm.com.br,1.0,com.br
test.uniformmarkets.com,1.0,uniformmarkets.com
js.commissionkings.ag,0.0,commissionkings.ag
ilsrakqxpciuk.sysu.edu.cn,0.0,edu.cn
1753144686.docs.qq.com,0.0,qq.com
aehealthcare.co.za,1.0,co.za
canconsulting.in,1.0,canconsulting.in
venuslifts.com,1.0,venuslifts.com
d36t2zgwpmr5e.cloudfront.net,0.0,cloudfront.net
tools.avast.com.akamaized.net,0.0,akamaized.net
wiki.cn.mikecrm.com,0.0,mikecrm.com
2938e9ad89fc486fb26c30eb141c3918.fp.measure.office.com,0.0,office.com
www7.tau.ac.il,0.0,ac.il
fbqbmpky.page.link,1.0,page.link
tlssupplies.com,1.0,tlssupplies.com
plug-mirror.rcac.purdue.edu,0.0,purdue.edu
dsc.faqserv.com,1.0,faqserv.com
d4480444e8e74595af148d3c55764969.fp.measure.office.com,0.0,office.com
img.yugioh-card.com,0.0,yugioh-card.com
aloestorecanarias.com,1.0,aloestorecanarias.com
wallpaperstudio.co.in,1.0,co.in
e05520945ab4fddc6b9a38bc9f7d84be.safeframe.googlesyndication.com,0.0,googlesyndication.com
fb3ad6c0b6369c0baef70fe436eaf689.safeframe.googlesyndication.com,0.0,googlesyndication.com
twingalleria.com,1.0,twingalleria.com
43b64d39639548de9c4a46942c480aa1.fp.measure.office.com,0.0,office.com
e3cdb4a1281d4275903dbd26d9f5c957.fp.measure.office.com,0.0,office.com
wjuspymn.page.link,1.0,page.link
push.znds.com,0.0,znds.com
static.za1lib.org,0.0,za1lib.org
lindnerelektroanlagen.de,1.0,lindnerelektroanlagen.de
kaloriferbacasi.com,1.0,kaloriferbacasi.com
p51-streams.icloud.com.cn,0.0,com.cn
oufeaxlf.page.link,1.0,page.link
hurricaneclaimsfl.com,1.0,hurricaneclaimsfl.com
globocia.com.br,1.0,com.br
nskkhyqaeqdqqgp.sysu.edu.cn,0.0,edu.cn
c-0.19-a7000001.8a70082.16a8.b7f.3ea5.210.0.gwf9tcvfc3749hchvb8bukmq8i.avts.mcafee.com,0.0,mcafee.com
5789ef94c9304e249f384924259b64d6.fp.measure.office.com,0.0,office.com
stiletto-sa.com,1.0,stiletto-sa.com
zzk.cnblogs.com,0.0,cnblogs.com
t.researchsquare.com,0.0,researchsquare.com
72k6ns9aem2m5qew5bdtraahexjnqhjvlz4xansa25c3598f8968e6eesac.d.aa.online-metrix.net,0.0,online-metrix.net
saferelocationpackers.com,1.0,saferelocationpackers.com
adqq.fartit.com,1.0,fartit.com
1eb4f6cb50faccc885b8ec2ead739f94.safeframe.googlesyndication.com,0.0,googlesyndication.com
ee14ec5a68c691158abd15da824ef4bd.safeframe.googlesyndication.com,0.0,googlesyndication.com
1eb2125656ec4367860b7319252a91f2.fp.measure.office.com,0.0,office.com
t3.market.mi-img.com,0.0,mi-img.com
sahadl.fartit.com,1.0,fartit.com
capacitecbi.com.mx,1.0,com.mx
p50-streams.icloud.com,0.0,icloud.com
osfyscgbictg.sysu.edu.cn,0.0,edu.cn
w4dasvaxhxbggyu6uutq-f-6c68e3d61-clientnsv4-s.akamaihd.net,0.0,akamaihd.net
construtoramonarka.com.br,1.0,com.br
6b0fe5bce3a069672644f65a8f50b29d.safeframe.googlesyndication.com,0.0,googlesyndication.com
37fc6185a8afedb1801c4113e00857d9.safeframe.googlesyndication.com,0.0,googlesyndication.com
250673abcead8eacddb8a286a1bbbc0e.safeframe.googlesyndication.com,0.0,googlesyndication.com
3496869588.docs.qq.com,0.0,qq.com
782hvb.tdum.alibaba.com,0.0,alibaba.com
meyhic.com.tr,1.0,com.tr
yzbm.tsinghua.edu.cn,0.0,edu.cn
bpmxazmw.page.link,1.0,page.link
smetrics-elsevier-com.webvpn.sysu.edu.cn,0.0,edu.cn
zurichauto.ae,1.0,zurichauto.ae
a1370373.bnc3.mailjet.com,0.0,mailjet.com
c-0.19-a7000489.2.16a8.c13.3ea5.210.0.adzbsjz3fbzuksri127uki2vtb.avts.mcafee.com,0.0,mcafee.com
ibanking.stgeorge.com.au,0.0,com.au
industrialoutlook.in,1.0,industrialoutlook.in
cxrvohob.page.link,1.0,page.link
prodduke-my.sharepoint.com,0.0,sharepoint.com
yiw.layout.oystergardens.us,1.0,oystergardens.us
2fe0368be5d10ff29a7622f9acf9a5ea.safeframe.googlesyndication.com,0.0,googlesyndication.com
w4dasvax2cgcgyu664ma-f-5bd7f1cbb-clientnsv4-s.akamaihd.net,0.0,akamaihd.net
ed.irtc.space,1.0,irtc.space
cahitefendi.com,1.0,cahitefendi.com
t03imd.info,1.0,t03imd.info
diffpkg.browser.qq.com,0.0,qq.com
dns4.youku.com,0.0,youku.com
jhkdghgfsghf.bj.bcebos.com,0.0,bcebos.com
ismilemedical.com,1.0,ismilemedical.com
arizonaakdenver.hotcrumblecompany.com,1.0,hotcrumblecompany.com
3dd48cd6bbde4c50b3a1e4393b581329.fp.measure.office.com,0.0,office.com
www.phs.sysu.edu.cn,0.0,edu.cn
w.html5.qq.com,0.0,qq.com
vwaei8.panasonictelevisao.sa.com,1.0,sa.com
dxpvp.speed.qq.com,0.0,qq.com
umqtyqvh.page.link,1.0,page.link
183-6-9-81_s-23-213-230-77_ts-1654591552-clienttons-s.akamaihd.net,0.0,akamaihd.net
mqplyigz.sysu.edu.cn,0.0,edu.cn
esthevaskin.com.np,1.0,com.np
akla.com.pk,1.0,com.pk
myprojectssydney.com.au,1.0,com.au
torremex.com.mx,1.0,com.mx
ibda3-code.me,1.0,ibda3-code.me
ns4-24-ap-northeast-2.ec2-rdns.amazonaws.com,0.0,amazonaws.com
adnanltd.com,1.0,adnanltd.com
rfb.ah.gov.cn,0.0,gov.cn
zj2fdjixhlyrsyu6ybpa-f-e5b68e0cf-clientnsv4-s.akamaihd.net,0.0,akamaihd.net
server.easysalepage.in.th,1.0,in.th
jtaviation.co,1.0,jtaviation.co
gsao-zxms.fudan.edu.cn,0.0,edu.cn
mediplanner-plt.com,1.0,mediplanner-plt.com
r7---sn-ni57rn7s.gvt1.com,0.0,gvt1.com
ogovrmtb.page.link,1.0,page.link
0fd68e617a50ad2b71a82cc19ff68e55.safeframe.googlesyndication.com,0.0,googlesyndication.com
d29ad12bd08c7342d7989ab827785ca4.safeframe.googlesyndication.com,0.0,googlesyndication.com
gferztyd.page.link,1.0,page.link
xenon.com.bd,1.0,com.bd
p4936.webmo.fr,1.0,webmo.fr
microtrimsltd.com.bd,1.0,com.bd
associatedwindowcleaners.co.uk,1.0,co.uk
navacg.net,0.0,navacg.net
ejxoksrvd.sysu.edu.cn,0.0,edu.cn
probono.6600dev.com,1.0,6600dev.com
static-cdn.qimai.cn,0.0,qimai.cn
238867fcdc9d4ed4baee179b949e10cf.fp.measure.office.com,0.0,office.com
jesuscolin.top,1.0,jesuscolin.top
w4dasvaxh5fasyu6nkeq-pbuxbs-6a1541f72-clientnsv4-s.akamaihd.net,0.0,akamaihd.net
nzshoppingzone.com,1.0,nzshoppingzone.com
seambest.com.ph,1.0,com.ph
bkssndmiwkd.sysu.edu.cn,0.0,edu.cn
ptqyznvw.page.link,1.0,page.link
elbeacondigitals.com.au,1.0,com.au
axe.settings.oysterfloats.org,1.0,oysterfloats.org
tabevents.in,1.0,tabevents.in
wyomingnyprovidence.behavioralresearchers.com,1.0,behavioralresearchers.com
1.push2.eastmoney.com,0.0,eastmoney.com
ozpeambrtjfih.sysu.edu.cn,0.0,edu.cn
ws32.hotjar.com,0.0,hotjar.com
fencingequipmentepee.com,1.0,fencingequipmentepee.com
heads-fa.scdn.co,0.0,scdn.co
c1e4fe1c95374dc5882f73d2c6b1e178.fp.measure.office.com,0.0,office.com
d3-pr-cu-sb-ns-primary.servicebus.windows.net,0.0,windows.net
sba.faqserv.com,1.0,faqserv.com
www.esri.cao.go.jp,0.0,go.jp
2d646d2816c84a56ba2d2ffc43cf31d6.fp.measure.office.com,0.0,office.com
m.doc.wendoc.com,0.0,wendoc.com
ma63-data-sg.oss-ap-southeast-1.aliyuncs.com,0.0,aliyuncs.com
helmprecision.com,1.0,helmprecision.com
nhatheptienchebinhduong.com,1.0,nhatheptienchebinhduong.com
chingman.net,1.0,chingman.net
thehalfbloodprince.gallerycdn.azure.cn,0.0,azure.cn
juninhosilva.gallerycdn.vsassets.io,0.0,vsassets.io
vividsalonindia.com,1.0,vividsalonindia.com
pclap.com.mx,1.0,com.mx
mailing.educba.com,0.0,educba.com
img.baidu.com,0.0,baidu.com
dpssojct.page.link,1.0,page.link
generalpublications.us,1.0,generalpublications.us
michal-dolowacki.pl,1.0,michal-dolowacki.pl
mxzexlog95.xyz,1.0,mxzexlog95.xyz
skkl.in,1.0,skkl.in
sz2tjminorshort.weixin.qq.com,0.0,qq.com
institutoednatizeu.com.br,1.0,com.br
df99a9ed2506424db968344ae0ec0ab3.fp.measure.office.com,0.0,office.com
fijcvnud.page.link,1.0,page.link
africaillustriousawards.org,1.0,africaillustriousawards.org
spirgybn.page.link,1.0,page.link
a731720a8bf4af28e0b856e8cd93e7d23.profile.bah53-c1.cloudfront.net,0.0,cloudfront.net
iran-qe.fartit.com,1.0,fartit.com
cn-shanghai-aliyun-cloudauth-1441444563451596.oss-cn-shanghai.aliyuncs.com,0.0,aliyuncs.com
authserver.njmu.edu.cn,0.0,edu.cn
adamakambalaj.com.tr,1.0,com.tr
media.commissionkings.ag,0.0,commissionkings.ag
cetmar18.edu.mx,1.0,edu.mx
e-diary.me,1.0,e-diary.me
cqubdd.metro.co.uk,0.0,co.uk
8seae1.panasonictelevisao.sa.com,1.0,sa.com
livepushstream.if.iqiyi.com,0.0,iqiyi.com
vrlmoverspackersmumbai.in,1.0,vrlmoverspackersmumbai.in
qim.cu.glbs.qunar.com,0.0,qunar.com
183-6-9-84_s-184-26-127-51_ts-1654576724-clienttons-s.akamaihd.net,0.0,akamaihd.net
amanispa.co.ke,1.0,co.ke
sunlightprimary.com,1.0,sunlightprimary.com
bill.b2b168.com,0.0,b2b168.com
72k6ns9a4d6yfbrhuq7nymhukiyl3ivzlw7qnudacdaf75cae14be1bdsac.d.aa.online-metrix.net,0.0,online-metrix.net
jumtnodtc.sysu.edu.cn,0.0,edu.cn
janadeshnews.co.in,1.0,co.in
newsnew.mix.co.ke,1.0,co.ke
portalvisualizacionseguro.southafricanorth.cloudapp.azure.com,1.0,azure.com
paul-kenny.com,1.0,paul-kenny.com
myrescue.ke,1.0,myrescue.ke
lkj.co.in,1.0,co.in
lookmyvc.com,1.0,lookmyvc.com
news.walkerplus.com,0.0,walkerplus.com
yoursafetymattershs.com,1.0,yoursafetymattershs.com
image01.realme.net,0.0,realme.net
lkdmbbew.page.link,1.0,page.link
adlg-aa.fartit.com,1.0,fartit.com
a.c-0.19-a7000081.c890082.16a8.b69.3ea5.210.0.fhb292keabjs9jhcdk1hnqs9ei.avts.mcafee.com,0.0,mcafee.com
aller.com.ar,1.0,com.ar
d34ea093efc479c30fac3da5c8347370.rdt.tfogc.com,0.0,tfogc.com
www.hellofont.cn,0.0,hellofont.cn
smsfunny.ir,1.0,smsfunny.ir
gjreport.58.com,0.0,58.com
miaoxin.tmall.com,0.0,tmall.com
a600bb206a88a5843c41ae642915a1fd.safeframe.googlesyndication.com,0.0,googlesyndication.com
datafeeds.symantec.com,0.0,symantec.com
algarin.com.mx,1.0,com.mx
aegjuabaqa.sysu.edu.cn,0.0,edu.cn
8ta8t.sharpcelullares.quest,1.0,sharpcelullares.quest
82expa.tdum.alibaba.com,0.0,alibaba.com
core.airbridge.io,0.0,airbridge.io
triplepromise.org,1.0,triplepromise.org
fb90f209525c4d6096a2e2d7c977578d.fp.measure.office.com,0.0,office.com
ashwithaatech.com,1.0,ashwithaatech.com
thebeechesgarage.co.uk,1.0,co.uk
zj2fdlixfqzxuyu6mo5a-f-d716bf4dd-clientnsv4-s.akamaihd.net,0.0,akamaihd.net
peppersion.com.sg,1.0,com.sg
pmazmjcl.page.link,1.0,page.link
sahamlj.fartit.com,1.0,fartit.com
elpallets.com,1.0,elpallets.com
guide.renren.com,0.0,renren.com
xro.result.garrettcountygranfondo.org,1.0,garrettcountygranfondo.org
ads.exoclick.com,0.0,exoclick.com
www.mailgun.com,0.0,mailgun.com
activation.healthline.com,0.0,healthline.com
tebarose.com,1.0,tebarose.com
naapteht.page.link,1.0,page.link
mallikarjunautomobiles.com,1.0,mallikarjunautomobiles.com
statik.tempo.co,0.0,tempo.co
hotweazel.com,1.0,hotweazel.com
zbzcjlrhyxtben.www.tendawifi.com,0.0,tendawifi.com
jzpkhrqi.page.link,1.0,page.link
golamsoroar.com,1.0,golamsoroar.com
spbinan.com,1.0,spbinan.com
lnuoc.mooc.chaoxing.com,0.0,chaoxing.com
wjxkbiu.sysu.edu.cn,0.0,edu.cn
idsaperu.com,1.0,idsaperu.com
tphwcvng.page.link,1.0,page.link
raziya.co.ke,1.0,co.ke
zen.topteamlife.com,1.0,topteamlife.com
haotian.baidu.com,0.0,baidu.com
caumail.com,1.0,caumail.com
932eb6bc517d4759a52d4d1760b03475.fp.measure.office.com,0.0,office.com
cg.qdu.edu.cn,0.0,edu.cn
thekandnsway.pk,1.0,thekandnsway.pk
stringlightscuracao.com,1.0,stringlightscuracao.com
realtynoida.com,1.0,realtynoida.com
ayk-pvp136.mo.konami.net,0.0,konami.net
askaindo.com,1.0,askaindo.com
realestateimpact.us,1.0,realestateimpact.us
nkuzfugg.page.link,1.0,page.link
w4dasvfyd4ameyu6vq3q-f-895fdeab4-clientnsv4-s.akamaihd.net,0.0,akamaihd.net
siasonline.store,1.0,siasonline.store
ggjaw.caching.oysterfloats.com,1.0,oysterfloats.com
arfaktech.my.id,1.0,my.id
landmarkgroup.com.pk,1.0,com.pk
walkinglate.com,1.0,walkinglate.com
carsiidp.swu.edu.cn,0.0,edu.cn
tilda.cc,0.0,tilda.cc
ashokd.com.np,1.0,com.np
fiahsina.page.link,1.0,page.link
0250e40af58f05e49f5a71f6cef80f95.safeframe.googlesyndication.com,0.0,googlesyndication.com
akpoazaagroup.com,1.0,akpoazaagroup.com
girocopterobrasil.com.br,1.0,com.br
stream.youdao.com,0.0,youdao.com
l97mz86pfqakgzcd.mikecrm.com,0.0,mikecrm.com
afzalelectronics.com.pk,1.0,com.pk
parencyivf.com,1.0,parencyivf.com
nmg.cltt.org,0.0,cltt.org
11354067.fls.doubleclick.net,0.0,doubleclick.net
villadsen4x4.dk,1.0,villadsen4x4.dk
biharanmnursing.com,1.0,biharanmnursing.com
limpopocitrus.co.za,1.0,co.za
opzvzlktwsr.sysu.edu.cn,0.0,edu.cn
w4dasvfygjme6yu6y4sq-f-dd3bfbe99-clientnsv4-s.akamaihd.net,0.0,akamaihd.net
athith.sa,1.0,athith.sa
hrsphr.com,1.0,hrsphr.com
a2uefr.sequoiare.sa.com,1.0,sa.com
nepalonlinepatrika.com.np,1.0,com.np
6f2c712c79be4ee3bc6b5f0fc2e42748.fp.measure.office.com,0.0,office.com
parentpipelineproject.org,1.0,parentpipelineproject.org
etiquetaspiura.com,1.0,etiquetaspiura.com
southcarolinawiharrisburg.plantid.us,1.0,plantid.us
gullybowser.lk,1.0,gullybowser.lk
rscqmptz.page.link,1.0,page.link
eswcntcf.page.link,1.0,page.link
qualityuniversity.org,1.0,qualityuniversity.org
maps.google.ie,0.0,google.ie
deepusoman.com,1.0,deepusoman.com
iptvstre.com,1.0,iptvstre.com
sapiens-services.com,1.0,sapiens-services.com
spaceframe.mobi.space-frame.co.za,1.0,co.za
vffykx8m1a.feishu.cn,0.0,feishu.cn
cubezllc.com,1.0,cubezllc.com
vkhaicpk.page.link,1.0,page.link
4c333b260477f9830524b028ca751302.safeframe.googlesyndication.com,0.0,googlesyndication.com
04072d4299addd49c09eb65ec1f63324.safeframe.googlesyndication.com,0.0,googlesyndication.com
0ac8a19167736efbdfc43d2b8c0d0c3f.safeframe.googlesyndication.com,0.0,googlesyndication.com
www.hktdc.com,0.0,hktdc.com
docbd.yunxuetang.cn,0.0,yunxuetang.cn
phx-mvp.trafficmanager.net,0.0,trafficmanager.net
userprofile.mina.mi.com,0.0,mi.com
mm-app123.oss-cn-shanghai.aliyuncs.com,0.0,aliyuncs.com
bepvugiang.vn,1.0,bepvugiang.vn
thekingsocial.com.ng,1.0,com.ng
amc-fc.net,1.0,amc-fc.net
4iwq40.tdum.alibaba.com,0.0,alibaba.com
conceptloop.net,1.0,conceptloop.net
42b59ca4a6e59dcfb8633469ee2befed.safeframe.googlesyndication.com,0.0,googlesyndication.com
thegryphonsden.ca,1.0,thegryphonsden.ca
feritins.com,1.0,feritins.com
qnsdmwifirzx.sysu.edu.cn,0.0,edu.cn
zrbismcv.page.link,1.0,page.link
zj2fdlixfqz3eyu6tcha-f-41deda892-clientnsv4-s.akamaihd.net,0.0,akamaihd.net
chandakchai.com,1.0,chandakchai.com
link1.lanecrawford.com,0.0,lanecrawford.com
eliteeducationalinstitute.org,1.0,eliteeducationalinstitute.org
ishare.esnai.com,0.0,esnai.com
cyberi.org,1.0,cyberi.org
p16-buy.itunes.apple.com,0.0,apple.com
wisconsinvalansing.h2msbrand.com,1.0,h2msbrand.com
rtvpanel.com,1.0,rtvpanel.com
bigbenintegraciones.com,1.0,bigbenintegraciones.com
40c19b2d780ff606a244a579e4d88b62.dlied1.cdntips.net,0.0,cdntips.net
greencraftbags.in,1.0,greencraftbags.in
e13838b1ea888471e6c5f2153977001a.safeframe.googlesyndication.com,0.0,googlesyndication.com
aispeech.vivo.com.cn,0.0,com.cn
kevinpharmachem.com,1.0,kevinpharmachem.com
speed.neu.edu.cn,0.0,edu.cn
fanyiegg.youdao.com,0.0,youdao.com
p4-gspb2b46r7z66-heg3z6fccl4iri3y-if-v6exp3-v4.metric.gstatic.com,0.0,gstatic.com
dkmlswao.page.link,1.0,page.link
writingproject.fas.harvard.edu,0.0,harvard.edu
konyanakliyatambari.com,1.0,konyanakliyatambari.com
maienmhdjtxz.sysu.edu.cn,0.0,edu.cn
zxisohkxcev.sysu.edu.cn,0.0,edu.cn
wau.settings.oysterfloats.org,1.0,oysterfloats.org
queenbbridals.ng,1.0,queenbbridals.ng
pekotomotiv.com,1.0,pekotomotiv.com
waiuqc.carvalhosa.sa.com,1.0,sa.com
p106-iwmb.icloud.com.cn,0.0,com.cn
unikrobot.com,1.0,unikrobot.com
hnoauth-login.cloud.hihonor.com,0.0,hihonor.com
smartliving.com.ec,1.0,com.ec
fasahatechdutse.com,1.0,fasahatechdutse.com
salantrollc.com,1.0,salantrollc.com
777821c416321bf8e01cce775978797a.safeframe.googlesyndication.com,0.0,googlesyndication.com
login-cnki-net.webvpn.jxust.edu.cn,0.0,edu.cn
dokterkulitkelaminbogor.com,1.0,dokterkulitkelaminbogor.com
BzzJjzSnS1-Cya.dbl.spamhaus.org,0.0,spamhaus.org
hitsturbo.com,1.0,hitsturbo.com
b4f36237962b4d83be0cd8c58fe1ae63.fp.measure.office.com,0.0,office.com
kf-sarl.net,1.0,kf-sarl.net
nebfvvlw.page.link,1.0,page.link
rclrt.ro,1.0,rclrt.ro
epzwymjwkgboigw.sysu.edu.cn,0.0,edu.cn
jngh.result.garrettcountygranfondo.org,1.0,garrettcountygranfondo.org
bunssmyp.page.link,1.0,page.link
26835d2bfacd5f0f7bfa58f8b0def765.safeframe.googlesyndication.com,0.0,googlesyndication.com
bcd3998f4434122bed94c1b11a90cd8f.safeframe.googlesyndication.com,0.0,googlesyndication.com
owvmjgqp.page.link,1.0,page.link
sahaqm.itsaol.com,1.0,itsaol.com
tvshow.sysu.edu.cn,0.0,edu.cn
0d7b0a355cc64ec5801070a38f5449bb.fp.measure.office.com,0.0,office.com
nadalostelecom.com.ng,1.0,com.ng
dvgtjbr.sysu.edu.cn,0.0,edu.cn
newworkspace-ssr8039.slack.com,0.0,slack.com
pm03-mserver.evergrande.com,0.0,evergrande.com
optogenetics2016.csp.escience.cn,0.0,escience.cn
textbin.net,1.0,textbin.net
hadfs.com,1.0,hadfs.com
only-254420-193-233-253-45.nstool.netease.com,0.0,netease.com
markokarolahair.com,1.0,markokarolahair.com
kaakkai.in,1.0,kaakkai.in
lqfrdupk.page.link,1.0,page.link
progiarte.com.br,1.0,com.br
20b900e44e82442ab4f766fe79a3b464.fp.measure.office.com,0.0,office.com
a3clik.co.uk,1.0,co.uk
pandr.pandroutsourcing.com,1.0,pandroutsourcing.com
csn.faqserv.com,1.0,faqserv.com
rottingertamiri.com,1.0,rottingertamiri.com
cadnextbd.com,1.0,cadnextbd.com
a2529.casalemedia.com,0.0,casalemedia.com
etanb.com,1.0,etanb.com
giyahgostar.com,1.0,giyahgostar.com
progressiveconcrete.com.au,1.0,com.au
schuitemaker.twentepc.nl,1.0,twentepc.nl
textart.nonhoff.info,1.0,nonhoff.info
losdatos.de,1.0,losdatos.de
link.email.newbalance.com,0.0,newbalance.com
vfnlpfrl.page.link,1.0,page.link
iowawydenver.mendisglobal.com,1.0,mendisglobal.com
qhimagje.page.link,1.0,page.link
tasmanrevival.com,1.0,tasmanrevival.com
marasm.shop,1.0,marasm.shop
vscojfvl.page.link,1.0,page.link
eb99e664f18cef7be5ad7383d5fb313d.safeframe.googlesyndication.com,0.0,googlesyndication.com
acookie.alibaba.com,0.0,alibaba.com
xcsykjaf.page.link,1.0,page.link
838618cf05e449db9560a456b6a007d2.fp.measure.office.com,0.0,office.com
7928fb.tdum.alibaba.com,0.0,alibaba.com
yescargosaudi.in,1.0,yescargosaudi.in
cqpoguuy.page.link,1.0,page.link
erp.fastgas.co.ke,1.0,co.ke
zm-web-data.oss-cn-hangzhou.aliyuncs.com,0.0,aliyuncs.com
pve.proxmox.com,0.0,proxmox.com
rec.ebis.ne.jp,0.0,ne.jp
zj2fdjliktb6wyu6vodq-f-67022a179-clientnsv4-s.akamaihd.net,0.0,akamaihd.net
memphisexpresseg.com,1.0,memphisexpresseg.com
sibcomputer.ru,1.0,sibcomputer.ru
ctherbal.com,1.0,ctherbal.com
arantestecnologia.com.br,1.0,com.br
karsons.com.pk,1.0,com.pk
dates-king.com,1.0,dates-king.com
calis-aic.cau.edu.cn,0.0,edu.cn
ogryvkyv.page.link,1.0,page.link
alpha-gather.jd.com,0.0,jd.com
gobo30cl.top,1.0,gobo30cl.top
83026fe836ba52a1f7862adbbf39ce89.safeframe.googlesyndication.com,0.0,googlesyndication.com
docs.rs,0.0,docs.rs
radiichina-com.cdn.ampproject.org,0.0,ampproject.org
xfd4qw.sn.files.1drv.com,0.0,1drv.com
isynbio.siat.ac.cn,0.0,ac.cn
ltxvqxaw.page.link,1.0,page.link
fengxiaohui.66law.cn,0.0,66law.cn
aviangas.co.ke,1.0,co.ke
ccr.edu.pe,1.0,edu.pe
fs12n5.sendspace.com,1.0,sendspace.com
geneqo.co.ke,1.0,co.ke
elmedico-edu.com,1.0,elmedico-edu.com
5dd70fe9e6ff4c95a8e3da42960b5c69.fp.measure.office.com,0.0,office.com
oaapp.yy.com,0.0,yy.com
039a2f39b22a4dfa9039fc4e9c79049b.fp.measure.office.com,0.0,office.com
open-lq.toutiao.com,0.0,toutiao.com
risingpips.com,1.0,risingpips.com
matrujayurveda.in,1.0,matrujayurveda.in
202-116-81-171_s-23-211-136-17_ts-1654585853-clienttons-s.akamaihd.net,0.0,akamaihd.net
gons32cl.top,1.0,gons32cl.top
354f8d9b62740ba4c38107dec14ecec7.safeframe.googlesyndication.com,0.0,googlesyndication.com
250bdecef432c4e6bf6811ede283a418.safeframe.googlesyndication.com,0.0,googlesyndication.com
arkansasmshartford.multimtl.com,1.0,multimtl.com
grocerycorridor.com,1.0,grocerycorridor.com
yziqrcij.page.link,1.0,page.link
start-group.online,1.0,start-group.online
hashsbucket.com,1.0,hashsbucket.com
mdp.amap.com,0.0,amap.com
metodabls.pl,1.0,metodabls.pl
quieressermisocio.com,1.0,quieressermisocio.com
bus-config.cdn.bcebos.com,0.0,bcebos.com
da139957602148c3bd808698e83c1332.fp.measure.office.com,0.0,office.com
bxjuslpk.sysu.edu.cn,0.0,edu.cn
tfdko3okrs.duckdns.org,1.0,duckdns.org
bikroygadget.xyz,1.0,bikroygadget.xyz
df5d4jwnweadp.cloudfront.net,0.0,cloudfront.net
fbsolution.org,1.0,fbsolution.org
stats.mt.com,0.0,mt.com
villanutrifarma.com.br,1.0,com.br
britishpropolisberkah.com,1.0,britishpropolisberkah.com
rlwpqloe.page.link,1.0,page.link
878462fac4b1a3e9866ea3f56a66bcfa.safeframe.googlesyndication.com,0.0,googlesyndication.com
082d1c11f452b860265b641b25f7bb8d.safeframe.googlesyndication.com,0.0,googlesyndication.com
synchronousdigital.com,1.0,synchronousdigital.com
bbs.qstheory.cn,0.0,qstheory.cn
1uis8.acercelullares.quest,1.0,acercelullares.quest
atvbhdhf.page.link,1.0,page.link
zj2fdlixfqz3eyu6pjja-f-75720a824-clientnsv4-s.akamaihd.net,0.0,akamaihd.net
popmail.sysu.edu.cn,0.0,edu.cn
mwdipxlf.page.link,1.0,page.link
eachday.com,1.0,eachday.com
passionacademy.edu.et,1.0,edu.et
phpformgen.sourceforge.net,0.0,sourceforge.net
p4-aghiqr7c6a7gs-sbdx7bdxv6awx7ae-if-v6exp3-v4.metric.gstatic.com,0.0,gstatic.com
imagebengalnews.com,1.0,imagebengalnews.com
llqqoboqfwlj.sysu.edu.cn,0.0,edu.cn
532b5a158a2326d7eab7edd962895c43.safeframe.googlesyndication.com,0.0,googlesyndication.com
olympicdocs.com,1.0,olympicdocs.com
g27382b00-lp1.s.n.srv.nintendo.net,0.0,nintendo.net
fucsiaboutique.com,1.0,fucsiaboutique.com
dxekw.baiducom.randyandtheresa.com,0.0,randyandtheresa.com
adommroso.org,1.0,adommroso.org
zdkxqoju.sysu.edu.cn,0.0,edu.cn
engenhariaiguacu.com.br,1.0,com.br
sukhdpth.page.link,1.0,page.link
bujor.md,1.0,bujor.md
xgw.novelty.akibacreative.com,1.0,akibacreative.com
jobvortex.com,1.0,jobvortex.com
librarians.aps.org,0.0,aps.org
9b1563bf725d26e5616ec47dd869cde1549ef8719792bc82.dlied1.cdntips.net,0.0,cdntips.net
df-1251835817.cos.ap-shanghai.myqcloud.com,0.0,myqcloud.com
tvwerk.info,1.0,tvwerk.info
diginetworks.online,1.0,diginetworks.online
72k6ns9aezj4fkqt5z2dlha7gfgumhiq4dsu4bzi25460a2156960bfesac.d.aa.online-metrix.net,0.0,online-metrix.net
dtpuallmkcls.sysu.edu.cn,0.0,edu.cn
app-marker.bato.to,0.0,bato.to
pro.m.jd.com,0.0,jd.com
acs.h.alibaba.com,0.0,alibaba.com
duplicatesites.co.za,1.0,co.za
aquagreen.com.pk,1.0,com.pk
saslinah.page.link,1.0,page.link
aesupport.weixin.qq.com,0.0,qq.com
3070.store,1.0,3070.store
gobelconstruction.com,1.0,gobelconstruction.com
mentran450.xyz,1.0,mentran450.xyz
cm4-lhr1.cm.steampowered.com,0.0,steampowered.com
tcgnwoxr.page.link,1.0,page.link
cornerbakeryrestaurant.net,1.0,cornerbakeryrestaurant.net
ip219408796.ahcdn.com,0.0,ahcdn.com
dns.nsysu.edu.tw,0.0,edu.tw
images-cdn.shimo.im,0.0,shimo.im
pimpmypooch.ie,1.0,pimpmypooch.ie
staqssecurity.com,1.0,staqssecurity.com
vanessazhangphotography.files.wordpress.com,0.0,wordpress.com
quickschool.net,1.0,quickschool.net
www.pythonanywhere.com,0.0,pythonanywhere.com
aqiuylre.page.link,1.0,page.link
help.tennessean.com,0.0,tennessean.com
s1.mi-img.com,0.0,mi-img.com
next-dgx1-01.d2.comp.nus.edu.sg,0.0,edu.sg
hbblhslbm.sysu.edu.cn,0.0,edu.cn
dpecalgerie.com,1.0,dpecalgerie.com
35decfee3a2f926b3777d964ef9c88a5.safeframe.googlesyndication.com,0.0,googlesyndication.com
zglcsyyxzz.yiigle.com,0.0,yiigle.com
w4dasvfm5awkayu63m3q-f-1820e719c-clientnsv4-s.akamaihd.net,0.0,akamaihd.net
www.fontfabric.com,0.0,fontfabric.com
gmu.fanya.chaoxing.com,0.0,chaoxing.com
a.c-0.19-24093081.c9d0083.1838.1c44.410a.400.9d.e3zgl5rfu7deuq4dcw1q3abtc6.avqs.mcafee.com,0.0,mcafee.com
metcrafteng.com,1.0,metcrafteng.com
p215-imap.mail.icloud.com.cn,0.0,com.cn
image9.360doc.com,0.0,360doc.com
browser.gwdang.com,0.0,gwdang.com
p66-ckdevice.icloud.com.cn,0.0,com.cn
72k6ns9auj5a2dhxbdypwegf2djwg4dcdptwgrca34cc7f581b192d17sac.d.aa.online-metrix.net,0.0,online-metrix.net
d14050726e23b14fc136a569c0ab9801.safeframe.googlesyndication.com,0.0,googlesyndication.com
llvqaqgqgrbn.sysu.edu.cn,0.0,edu.cn
amazonaws.cn,0.0,amazonaws.cn
kvhhzlzjpaeo.sysu.edu.cn,0.0,edu.cn
ucmedicinegroup.zoom.us,0.0,zoom.us
actshoplocal.com,1.0,actshoplocal.com
maizzbala.com,1.0,maizzbala.com
1q0n4q.tdum.alibaba.com,0.0,alibaba.com
xkgudhawkwbro.sysu.edu.cn,0.0,edu.cn
19f9e9c548a51db52d5cf9befa94aa8d.safeframe.googlesyndication.com,0.0,googlesyndication.com
c98299879fb69b45aa3e7a958bdd3b88.safeframe.googlesyndication.com,0.0,googlesyndication.com
telemas.cl,1.0,telemas.cl
bobrelease.sysu.edu.cn,0.0,edu.cn
nfagzivp.page.link,1.0,page.link
bkhaccess.yangshipin.cn,0.0,yangshipin.cn
playfairltd.info,1.0,playfairltd.info
14f2ac75b1e14e5b9d303f9cfa8fe03b.fp.measure.office.com,0.0,office.com
7a19f19fd70f2fa42745a485f6b97120.safeframe.googlesyndication.com,0.0,googlesyndication.com
e861690693957d0e0fbe12781dacc593.safeframe.googlesyndication.com,0.0,googlesyndication.com
sierrafoodcorp.com,1.0,sierrafoodcorp.com
edohsama.sysu.edu.cn,0.0,edu.cn
a-0.19-a7000011.c050082.170c.c6b.3ea5.210.0.eqhvuesbwhccncgag5nz89p9kq.avts.mcafee.com,0.0,mcafee.com
www.gjs.sysu.edu.cn,0.0,edu.cn
bakertilly.co.bw,1.0,co.bw
5pej2d.tdum.alibaba.com,0.0,alibaba.com
usc.liaisoncas.com,0.0,liaisoncas.com
zj2fdlixfqzxuyu6pyjq-f-54752d12b-clientnsv4-s.akamaihd.net,0.0,akamaihd.net
orgsapi.com,1.0,orgsapi.com
static.chaoxing.com,0.0,chaoxing.com
businesslocallondon.co.uk,1.0,co.uk
allon4dentalimplants.org,1.0,allon4dentalimplants.org
tennesseescholars.org,1.0,tennesseescholars.org
apcospeb.page.link,1.0,page.link
josi.settings.oysterfloats.org,1.0,oysterfloats.org
002c2db7452b9d5ac30ca4a72c333f70.safeframe.googlesyndication.com,0.0,googlesyndication.com
4e49b628ee794034aa55623b6575699e.fp.measure.office.com,0.0,office.com
http.sysu.edu.cn,0.0,edu.cn
nd.lifepointspanel.com,0.0,lifepointspanel.com
slxy.shiep.edu.cn,0.0,edu.cn
ssj.fartit.com,1.0,fartit.com
www.gaydudesfucking.com,0.0,gaydudesfucking.com
limdubyverssu.sysu.edu.cn,0.0,edu.cn
neuropraxisrehab.com,1.0,neuropraxisrehab.com
smc.faqserv.com,1.0,faqserv.com
windowswps.oss-cn-hongkong.aliyuncs.com,1.0,aliyuncs.com
bxydqxjpaos.sysu.edu.cn,0.0,edu.cn
corporatelawsector.us,1.0,corporatelawsector.us
virtualhumans.mpi-inf.mpg.de,0.0,mpg.de
unitelexperts.com,1.0,unitelexperts.com
ripuvnsupz.sysu.edu.cn,0.0,edu.cn
6ef650f9b3e6783317906742f6b998f7.safeframe.googlesyndication.com,0.0,googlesyndication.com
export.themeruby.com,0.0,themeruby.com
kakee.pro,1.0,kakee.pro
72k6ns9aotl2bqap7lqe2fhz4axurq5umhprx6ohba1eec43c02f2334sac.d.aa.online-metrix.net,0.0,online-metrix.net
bgferyrt.page.link,1.0,page.link
sticker.apps.oppomobile.com,0.0,oppomobile.com
wlgknormal.ecnu.edu.cn,0.0,edu.cn
vormod.com,1.0,vormod.com
www.labnol.org,0.0,labnol.org
kongosafaris.com,1.0,kongosafaris.com
zvqcoocqxkxnq.sysu.edu.cn,0.0,edu.cn
italianpipemakers.com,1.0,italianpipemakers.com
9f2c373a78e263e4d30b0b080157f6e0.safeframe.googlesyndication.com,0.0,googlesyndication.com
0781cd97394fa4df46bfd3acbd6ac239.safeframe.googlesyndication.com,0.0,googlesyndication.com
patientscare.online,1.0,patientscare.online
leyfcahd.page.link,1.0,page.link
zamned17.xyz,1.0,zamned17.xyz
mortgage-tech.ca,1.0,mortgage-tech.ca
www.zjol.com.cn,0.0,com.cn
hostigram.xyz,1.0,hostigram.xyz
haikuo.lanzoui.com,0.0,lanzoui.com
APAC.amer.pfizer.com,0.0,pfizer.com
tts.ys7.com,0.0,ys7.com
techcaresolutions.org,1.0,techcaresolutions.org
mazolaepi.com.br,1.0,com.br
spazioestile.com,1.0,spazioestile.com
stremdubai.com,1.0,stremdubai.com
upwps.qiniu.com,0.0,qiniu.com
timeline.iqiyi.com,0.0,iqiyi.com
laplayosa.gob.ar,1.0,gob.ar
sysprodata.com,1.0,sysprodata.com
dc773e3yplvbs.cloudfront.net,0.0,cloudfront.net
idassiaa.com,1.0,idassiaa.com
uppqhsoiwxzogo.sysu.edu.cn,0.0,edu.cn
avgeekinsider.com,1.0,avgeekinsider.com
lzldnxxohn.sysu.edu.cn,0.0,edu.cn
jambismart.com,1.0,jambismart.com
brasmastergrupo.online,1.0,brasmastergrupo.online
fstream3.binance.com,0.0,binance.com
newparts.com.tr,1.0,com.tr
shenzhen.8684.cn,0.0,8684.cn
taebjuaehjh.sysu.edu.cn,0.0,edu.cn
adlirtq.mrface.com,1.0,mrface.com
bb03070e988e437f86ba595994cf29dd.fp.measure.office.com,0.0,office.com
95080cebbd104d77bda93a68c5540e59.fp.measure.office.com,0.0,office.com
pennsylvaniaokmontpelier.vismanarkan.com,1.0,vismanarkan.com
supergaywedding.com,1.0,supergaywedding.com
737626030.docs.qq.com,0.0,qq.com
c-0.19-a7000489.2.16a8.b69.3ea5.210.0.1vt93mfzm1dacnrwci2nqa6r85.avts.mcafee.com,0.0,mcafee.com
zackscrm.com,1.0,zackscrm.com
e6a3b0d7d4414247b2795755370c4b57.fp.measure.office.com,0.0,office.com
downloayxkemam.sbs,1.0,downloayxkemam.sbs
a4838.casalemedia.com,0.0,casalemedia.com
pdwk5xtiksysoyu7odwa-f-6ba5ea273-clientnsv4-s.akamaihd.net,0.0,akamaihd.net
mouwazaf.sysu.edu.cn,0.0,edu.cn
icbi.co.in,1.0,co.in
brandscompanion.co.ke,1.0,co.ke
crpuzxngxrrzl.sysu.edu.cn,0.0,edu.cn
boutiquecharlotteetzebulon.sysu.edu.cn,0.0,edu.cn
medtraxcourierservices.com,1.0,medtraxcourierservices.com
cogitarepsicoterapia.com.br,1.0,com.br
journal.lixin.edu.cn,0.0,edu.cn
a332e0363027fe4926d39bcb0134ac70.dlied1.cdntips.net,0.0,cdntips.net
jinjadiocese.com,1.0,jinjadiocese.com
flash.uchicago.edu,0.0,uchicago.edu
img.konami.com,0.0,konami.com
admissionletters.khu.ac.ke,1.0,ac.ke
www.prada.com,0.0,prada.com
smokvap.fr,1.0,smokvap.fr
sqs.us-east-1.amazonaws.com,0.0,amazonaws.com
www.chinesezh.sysu.edu.cn,0.0,edu.cn
ddzfsoie.sysu.edu.cn,0.0,edu.cn
sagorbanik.com,1.0,sagorbanik.com
hbr.console.aliyun.com,0.0,aliyun.com
gw-pchnry-media05.cg.163.com,0.0,163.com
rabinsld.com.np,1.0,com.np
mibautizo.net,1.0,mibautizo.net
parasempreflores.store,1.0,parasempreflores.store
tungna.com,1.0,tungna.com
kyouray.sysu.edu.cn,0.0,edu.cn
a.c-0.19-a7000081.c8b0082.16a8.b69.3ea5.210.0.u3gt5cjufe4bbhkwhagdflcrlb.avts.mcafee.com,0.0,mcafee.com
hypeplumbing.com.au,1.0,com.au
ed.saeara.rest,1.0,saeara.rest
xuyentri.com,1.0,xuyentri.com
ayvigilkg.sysu.edu.cn,0.0,edu.cn
tepor.it,1.0,tepor.it
bw39file.oss-accelerate.aliyuncs.com,1.0,aliyuncs.com
b6ea39a467d94e3395710faa88bffa8e.fp.measure.office.com,0.0,office.com
sherpaexpeditiontrekking.com,1.0,sherpaexpeditiontrekking.com
gymsolution.net,1.0,gymsolution.net
diclegrup.org,1.0,diclegrup.org
app.cgl.co.id,1.0,co.id
askrobot.africa,1.0,askrobot.africa
183-6-9-84_s-23-199-47-132_ts-1654547222-clienttons-s.akamaihd.net,0.0,akamaihd.net
auto.cankaoxiaoxi.com,0.0,cankaoxiaoxi.com
viralbuzzcafe.com,1.0,viralbuzzcafe.com
codepostalpro.com,1.0,codepostalpro.com
karelotocam.com.tr,1.0,com.tr
www.nhl.com,0.0,nhl.com
f6320556672f48108de706f8a735bc3e.fp.measure.office.com,0.0,office.com
newmexicokysalem.plantid.us,1.0,plantid.us
bngdyn.com,0.0,bngdyn.com
socket-message.zhixi.com,0.0,zhixi.com
agatino.net,1.0,agatino.net
h171706.srv22.test-hf.su,1.0,test-hf.su
v.stnye.cc,0.0,stnye.cc
SG-SGP-ANX-R005.teamviewer.com,0.0,teamviewer.com
675536fe6ab548208de98765e2f58918.fp.measure.office.com,0.0,office.com
wsn-04.escapefromtarkov.com,0.0,escapefromtarkov.com
avionmarine.com,1.0,avionmarine.com
www.wsws.org,0.0,wsws.org
a678450a2d19400b829df1e57a131f83.fp.measure.office.com,0.0,office.com
skillerszone.com,1.0,skillerszone.com
erkascozgu.com,1.0,erkascozgu.com
alhashim-ac.com,1.0,alhashim-ac.com
stjohnsbd.com,1.0,stjohnsbd.com
adfilms.lk,1.0,adfilms.lk
geoip.svc.nvidia.com,0.0,nvidia.com
wisconsinmicolumbia.stylebyemilyj.com,1.0,stylebyemilyj.com
inzumbej.page.link,1.0,page.link
gjmvjjgy.page.link,1.0,page.link
img.kd.youth.cn,0.0,youth.cn
truckslele.com,1.0,truckslele.com
dambbel.ir,1.0,dambbel.ir
silus.com.mx,1.0,com.mx
titan-fitness.com,1.0,titan-fitness.com
171a76a4aa5aa3e3e255669cc29893e6.dlied1.cdntips.net,0.0,cdntips.net
portal.www.sysu.edu.cn,0.0,edu.cn
lxveylls.page.link,1.0,page.link
tbgvietnam.com,1.0,tbgvietnam.com
e6.whatsapp.net,0.0,whatsapp.net
budapestmorgen.hu,1.0,budapestmorgen.hu
marcomexterior.com,1.0,marcomexterior.com
a8678895fe614a3f9dbc0b3cde74037f.fp.measure.office.com,0.0,office.com
dedetizadoraresolv.com.br,1.0,com.br
laboratorygulfinchemicalsolutions.com,1.0,laboratorygulfinchemicalsolutions.com
yjsfw.zjnu.edu.cn,0.0,edu.cn
795723-android-ds.metric.gstatic.com,0.0,gstatic.com
nextgenlead.org,1.0,nextgenlead.org
www.theblendygame.com,1.0,theblendygame.com
thehumanitarianfund.org,1.0,thehumanitarianfund.org
cehangola.com,1.0,cehangola.com
eniacit.com,1.0,eniacit.com
gea-atmo-system-c5dcd47ff-qmtl2.sysu.edu.cn,0.0,edu.cn
aaehqjcg.page.link,1.0,page.link
hfhcapitalmanagement.com,1.0,hfhcapitalmanagement.com
pollodacsa.com,1.0,pollodacsa.com
lycosnutrients.com.ng,1.0,com.ng
59bf7dc2d86a4827b4470bb6919f6450.fp.measure.office.com,0.0,office.com
phoenicia-mtc.com,1.0,phoenicia-mtc.com
183-6-9-101_s-23-63-243-153_ts-1654602638-clienttons-s.akamaihd.net,0.0,akamaihd.net
w4dasvaxij5gayu6ohsq-f-f6fbe909d-clientnsv4-s.akamaihd.net,0.0,akamaihd.net
w4dasvcfydneuyu7mjsq-f-493dc9f96-clientnsv4-s.akamaihd.net,0.0,akamaihd.net
cyclone.veta.naver.com,0.0,naver.com
133011338.docs.qq.com,0.0,qq.com
lunarchemplast.com,1.0,lunarchemplast.com
w4dasryxggboqyu7iifa-f-faf1b1624-clientnsv4-s.akamaihd.net,0.0,akamaihd.net
6c56fe1eb580456f9eaabb7015dafab4.fp.measure.office.com,0.0,office.com
scontent-cdt1-1.cdninstagram.com,0.0,cdninstagram.com
brandthetics.com.ng,1.0,com.ng
w4dasvdimj2seyu6746a-f-c44b323c2-clientnsv4-s.akamaihd.net,0.0,akamaihd.net
vogelhaus-gestaltung.de,1.0,vogelhaus-gestaltung.de
outside.ecnu.edu.cn,0.0,edu.cn
waxbill.co.tz,1.0,co.tz
panchsheelbioagritech.com,1.0,panchsheelbioagritech.com
triple-o.pt,1.0,triple-o.pt
7470e3cda713f3827f904c920ed0d749.dlied1.cdntips.net,0.0,cdntips.net
wxapi-pre.jdpay.com,0.0,jdpay.com
hoxtonparktowingservices.com.au,1.0,com.au
6916d51baf734a7e91f49e46276107a6.fp.measure.office.com,0.0,office.com
2298826340.docs.qq.com,0.0,qq.com
ns2.worldstream.com,0.0,worldstream.com
hn18sz-feapp.lol.qq.com,0.0,qq.com
static.cz01.cn,1.0,cz01.cn
aalamilk.com,1.0,aalamilk.com
38.14.26.104.sbl.spamhaus.org,0.0,spamhaus.org
w4dasvfydplqsyu7choa-f-ec11a982d-clientnsv4-s.akamaihd.net,0.0,akamaihd.net
34-214-116-176-pushcl.np.communication.playstation.net,0.0,playstation.net
juno.ihep.cas.cn,0.0,cas.cn
jilmondeconsulting.com,1.0,jilmondeconsulting.com
cdn.g5e.com,0.0,g5e.com
arantan.sysu.edu.cn,0.0,edu.cn
malc.sa,1.0,malc.sa
0b947ffd67e14964b3583ce134ef2cf7.fp.measure.office.com,0.0,office.com
adl-c.my03.com,1.0,my03.com
72k6ns9as55qv3qvi6cmqsmyulsrnycx4lttadfyb579c544ec3bda07sac.d.aa.online-metrix.net,0.0,online-metrix.net
e-0.19-b3000091.30580.1900.2882.2f4a.210.0.cgadhmg27g5cvv58ub6kdw4cd6.avqs.mcafee.com,0.0,mcafee.com
9qbbna.tdum.alibaba.com,0.0,alibaba.com
zj2fdlixfqz3eyu6n7da-f-fc586b4d0-clientnsv4-s.akamaihd.net,0.0,akamaihd.net
fmnofqinrs.sysu.edu.cn,0.0,edu.cn
only-159701-112-96-70-174.nstool.netease.com,0.0,netease.com
silvertribebyajewels.com,1.0,silvertribebyajewels.com
testmjroza1.sysu.edu.cn,0.0,edu.cn
esdgroup.in,1.0,esdgroup.in
19.push2his.eastmoney.com,0.0,eastmoney.com
qptsprmklfvtpo.sysu.edu.cn,0.0,edu.cn
w4dasvaxfdy2syu7k6da-f-999ffd1a2-clientnsv4-s.akamaihd.net,0.0,akamaihd.net
faheemakhterinternationalllc.com,1.0,faheemakhterinternationalllc.com
nerve.untergrund.net,1.0,untergrund.net
login.cbc.ca,0.0,cbc.ca
a0cc081b5075fc0883cfcf98becf998fd.profile.ord56-p2.cloudfront.net,0.0,cloudfront.net
sadrate.mom,1.0,sadrate.mom
crosspointeada.com,1.0,crosspointeada.com
4c7ace8b68bb4fb7b1eb137ba8da844a.fp.measure.office.com,0.0,office.com
fowykrhj.page.link,1.0,page.link
dedblp.tdum.alibaba.com,0.0,alibaba.com
99.49.108.113.sbl.spamhaus.org,0.0,spamhaus.org
c5224d5d5825473aba353b9d4f1e7235.fp.measure.office.com,0.0,office.com
anyerdeliv.com,1.0,anyerdeliv.com
yopko.com.tr,1.0,com.tr
shodo.cosavostra.com,1.0,cosavostra.com
mpeer-web.jd.com,0.0,jd.com
ws.im.jiguang.cn,0.0,jiguang.cn
paramountfiresafety.com,1.0,paramountfiresafety.com
w4dasvaxfpylayu6fd6a-f-6ebb75c61-clientnsv4-s.akamaihd.net,0.0,akamaihd.net
breederexports.com,1.0,breederexports.com
api.mikanani.me,0.0,mikanani.me
bimmodeling.net,1.0,bimmodeling.net
ns2.c12753.sgvps.net,0.0,sgvps.net
kulasid.com,1.0,kulasid.com
enweb-zy.seewo.com,0.0,seewo.com
ulpyx.result.garrettcountygranfondo.org,1.0,garrettcountygranfondo.org
lilgrowshop.cl,1.0,lilgrowshop.cl
3bikvt.tdum.alibaba.com,0.0,alibaba.com
t.oversea.cnki.net.fafu.vpn358.com,0.0,vpn358.com
skmtest.era.edu.my,1.0,edu.my
w4dasvax2cgcgyu7nmsa-f-2a58de7d5-clientnsv4-s.akamaihd.net,0.0,akamaihd.net
kaverisconsulting.com,1.0,kaverisconsulting.com
dreepa.africa,1.0,dreepa.africa
yvdxodea.page.link,1.0,page.link
ip.njupt.edu.cn,0.0,edu.cn
soundbible.com,0.0,soundbible.com
gsetikie.page.link,1.0,page.link
ossnt-errlog.umeng.com,0.0,umeng.com
nationalsurveysearch.com,1.0,nationalsurveysearch.com
intellectproactive.com,1.0,intellectproactive.com
t3893814340778401260.id.amgdgt.com,0.0,amgdgt.com
data.melbourne.vic.gov.au,0.0,gov.au
omeltd.com,1.0,omeltd.com
hfd.com.tr,1.0,com.tr
medicalxpress.com,0.0,medicalxpress.com
members.bonusbomber.com,1.0,bonusbomber.com
detgqlbx.page.link,1.0,page.link
herchinfitout.com.sg,1.0,com.sg
w4dasvgm5xt5iyu7bzqq-f-2a39ee030-clientnsv4-s.akamaihd.net,0.0,akamaihd.net
marx.xjtu.edu.cn,0.0,edu.cn
cahhmkyw.page.link,1.0,page.link
qqrzioas.page.link,1.0,page.link
liderdekorasyon.com,1.0,liderdekorasyon.com
cn3gofile.re.cs.quickconnect.to,0.0,quickconnect.to
8wqbx0.tdum.alibaba.com,0.0,alibaba.com
tv.gog.cn,0.0,gog.cn
jsicpl.com,1.0,jsicpl.com
aee38c221163280eb18caad38871bf080.profile.bom51-c2.cloudfront.net,0.0,cloudfront.net
popularbebs.sysu.edu.cn,0.0,edu.cn
raph2afoods.com,1.0,raph2afoods.com
137.97.114.188.sbl.spamhaus.org,0.0,spamhaus.org
adelaidebathrepairs.com.au,1.0,com.au
homedecortag.com,1.0,homedecortag.com
acitcollege.com,1.0,acitcollege.com
3pg5v.tdum.alibaba.com,0.0,alibaba.com
br.xhamster.com,0.0,xhamster.com
seixaavnntw.sysu.edu.cn,0.0,edu.cn
rujeiqox.sysu.edu.cn,0.0,edu.cn
infaccocr.com,1.0,infaccocr.com
quraninsoul.com,1.0,quraninsoul.com
tes.faqserv.com,1.0,faqserv.com
nevadawilittlerock.blissfulbeautyartllc.com,1.0,blissfulbeautyartllc.com
katsusienna.online,1.0,katsusienna.online
roedrlrd.page.link,1.0,page.link
dns-2nxm6ixy9.sombrero.yahoo.net,0.0,yahoo.net
849b92eb2b7f49cfae0409b794645c57.fp.measure.office.com,0.0,office.com
hdviwzmp.page.link,1.0,page.link
cdn-image.gtflixtv.com,0.0,gtflixtv.com
colegiosanbenigno.cl,1.0,colegiosanbenigno.cl
zd.hwxnet.com,0.0,hwxnet.com
gfs262n348.userstorage.mega.co.nz,0.0,co.nz
falconseat.com,1.0,falconseat.com
lfpuhxsk.page.link,1.0,page.link
ent.ifeng.com,0.0,ifeng.com
p36-streams-china.icloud.com,0.0,icloud.com
dangban.tongji.edu.cn,0.0,edu.cn
tommartin.sysu.edu.cn,0.0,edu.cn
q81w36d.baiducom.vqu4698.com,0.0,vqu4698.com
wishes247.in,1.0,wishes247.in
crecemas.pe,1.0,crecemas.pe
193.sysu.edu.cn,0.0,edu.cn
uimx.result.garrettcountygranfondo.org,1.0,garrettcountygranfondo.org
lgtecnologia.co,1.0,lgtecnologia.co
onegalstoronto.files.wordpress.com,0.0,wordpress.com
invoice-ua.taobao.com,0.0,taobao.com
zulreformas.es,1.0,zulreformas.es
ebtmtehn.page.link,1.0,page.link
yz.nwafu.edu.cn,0.0,edu.cn
oirgiaea.tendawifi.com,0.0,tendawifi.com
wgemsgcr.page.link,1.0,page.link
188.213.67.172.sbl.spamhaus.org,0.0,spamhaus.org
android.xxsy.net,0.0,xxsy.net
b5843a64c81c46f99473929e3a56a38e.fp.measure.office.com,0.0,office.com
p30-escrowproxy.icloud.com.cn,0.0,com.cn
2906542.fls.doubleclick.net,0.0,doubleclick.net
siscontconsorcio.com,1.0,siscontconsorcio.com
w-t2449372309720783265.id.amgdgt.com,0.0,amgdgt.com
only-706393-58-249-112-77.nstool.netease.com,0.0,netease.com
146.248.11.106.sbl.spamhaus.org,0.0,spamhaus.org
zagent2455.hola.org,0.0,hola.org
appwjeaxhvz6976.h5.xiaoeknow.com,0.0,xiaoeknow.com
enfantfoundation.com,1.0,enfantfoundation.com
adq.dns05.com,1.0,dns05.com
25.203.217.52.sbl.spamhaus.org,0.0,spamhaus.org
183-6-9-84_s-184-50-26-40_ts-1654551767-clienttons-s.akamaihd.net,0.0,akamaihd.net
hnrozpdkptz.sysu.edu.cn,0.0,edu.cn
1.5.2.134.sbl.spamhaus.org,0.0,spamhaus.org
955fe3989cc3497b9ae3dbd9265573b0.fp.measure.office.com,0.0,office.com
c8b50390245743919ef14cfd79266aff.fp.measure.office.com,0.0,office.com
demofunnel.co.uk,1.0,co.uk
download2340.mediafire.com,1.0,mediafire.com
onursondaj.com,1.0,onursondaj.com
adfs.mrface.com,1.0,mrface.com
www.proquest.com,0.0,proquest.com
zj2fdlixfqz3eyu6msza-f-3ac919cda-clientnsv4-s.akamaihd.net,0.0,akamaihd.net
doinik.xyz,1.0,doinik.xyz
graduateschool.camden.rutgers.edu,0.0,rutgers.edu
www.sepri.csg.cn,0.0,csg.cn
a29-139607392.cluster29.canvas-user-content.com,0.0,canvas-user-content.com
coinmarketcap.com,0.0,coinmarketcap.com
fjzuvetb.www.tendawifi.com,0.0,tendawifi.com
vitorcorrea.com,1.0,vitorcorrea.com
fxgsxfyqp.sysu.edu.cn,0.0,edu.cn
22.176.67.172.sbl.spamhaus.org,0.0,spamhaus.org
ogaki-asobanight.com,1.0,ogaki-asobanight.com
p27-ckdatabase.icloud.com.cn,0.0,com.cn
10870841.collect.igodigital.com,0.0,igodigital.com
yqvgfbwe.page.link,1.0,page.link
sgligjmq.page.link,1.0,page.link
meeczktx.page.link,1.0,page.link
9a6aba462b0044fd842e305dba1ac900.fp.measure.office.com,0.0,office.com
uarwdqcc.page.link,1.0,page.link
bhhsc.com,1.0,bhhsc.com
kwelectronics.com.au,1.0,com.au
download2298.mediafire.com,1.0,mediafire.com
mymusclemagic.com,1.0,mymusclemagic.com
drpf-g66.proxima.nie.netease.com,0.0,netease.com
0m.sysu.edu.cn,0.0,edu.cn
mcmabjurkudx.sysu.edu.cn,0.0,edu.cn
lfmaqvwr.page.link,1.0,page.link
sh.sufe.edu.cn,0.0,edu.cn
compan.oss-cn-hongkong.aliyuncs.com,1.0,aliyuncs.com
alwassataimmo.com,1.0,alwassataimmo.com
printtechbd.com,1.0,printtechbd.com
usjmh.2023.ebeenj.com,1.0,ebeenj.com
m.meituan.com,0.0,meituan.com
kneeansweras.com,0.0,kneeansweras.com
zbcoufps.page.link,1.0,page.link
dkivratj.page.link,1.0,page.link
gxsearch.club,1.0,gxsearch.club
ntesdmltjnaicvq.sysu.edu.cn,0.0,edu.cn
simplywhatsapp.com,1.0,simplywhatsapp.com
alj.ed.sa,1.0,ed.sa
education.huaweicloud.com,0.0,huaweicloud.com
elite-security.uk,1.0,elite-security.uk
sigonpstik.sysu.edu.cn,0.0,edu.cn
57.128.219.52.sbl.spamhaus.org,0.0,spamhaus.org
d0fcc1ba79d94f9bbed223320c08b04b.fp.measure.office.com,0.0,office.com
onualituyrs.org,1.0,onualituyrs.org
lpcjmhaq.page.link,1.0,page.link
dy.soso.com,0.0,soso.com
sydconenterprises.com,1.0,sydconenterprises.com
uga.suffolk.edu,0.0,suffolk.edu
med-care.co,1.0,med-care.co
eeuzkhth.page.link,1.0,page.link
rmvh.result.garrettcountygranfondo.org,1.0,garrettcountygranfondo.org
adl-gg.mrface.com,1.0,mrface.com
p4-ew2tt7zdcdvk6-mqak66l76sdbnldl-if-v6exp3-v4.metric.gstatic.com,0.0,gstatic.com
1bf4cf8e15d8b5c0a3a3c38138f973f0.safeframe.googlesyndication.com,0.0,googlesyndication.com
izmirdekoltukyikama.com,1.0,izmirdekoltukyikama.com
23isback.us,1.0,23isback.us
mtstribakti.sch.id,1.0,sch.id
feeds.appinn.com,0.0,appinn.com
africaninsectprotein.com,1.0,africaninsectprotein.com
bri-shel.co.za,1.0,co.za
bofkzwua.page.link,1.0,page.link
mscapitalguru.com,1.0,mscapitalguru.com
jaczfcqhcbswv.sysu.edu.cn,0.0,edu.cn
hub.qpyou.cn,0.0,qpyou.cn
alphamgt.com.ng,1.0,com.ng
f7ecb65c60f4428eae2ef977af5351f3.fp.measure.office.com,0.0,office.com
a-0.19-a7000081.c0d0081.16a8.b69.3ea5.200.0.ppfcshh5scnwvla8jgbttlnb8q.avts.mcafee.com,0.0,mcafee.com
6a144dc8cd615b2e070939fe75059bb4.safeframe.googlesyndication.com,0.0,googlesyndication.com
cdn.diplomatie.gouv.fr,0.0,gouv.fr
9f768b7c7cbc35ea2a2af96f7978ece8.safeframe.googlesyndication.com,0.0,googlesyndication.com
6d8c50a2aa89c7620435792f300eee13.safeframe.googlesyndication.com,0.0,googlesyndication.com
bbc83fed8c37cbc11820abb8c53a6bd6.safeframe.googlesyndication.com,0.0,googlesyndication.com
2920b44824490d738d7588052a42222e.safeframe.googlesyndication.com,0.0,googlesyndication.com
67202cbc4f90ce329e72f764ed477468.safeframe.googlesyndication.com,0.0,googlesyndication.com
9165cf1c46d07bee90023f2538bab074.safeframe.googlesyndication.com,0.0,googlesyndication.com
fd27b0c5878d744473900efafd064c43.safeframe.googlesyndication.com,0.0,googlesyndication.com
ae0ebe8bebcdef50e1fac5ba9f81035f.safeframe.googlesyndication.com,0.0,googlesyndication.com
b9bd28943a35c446e3a9867c983554de.safeframe.googlesyndication.com,0.0,googlesyndication.com
75989cbf557acad4bede8f0d7fd6fc2f.safeframe.googlesyndication.com,0.0,googlesyndication.com
e19d691182e4e5b9baaddbbbfd4c5422.safeframe.googlesyndication.com,0.0,googlesyndication.com
vvv.layout.oystergardens.us,1.0,oystergardens.us
2a7af2c7f49c5d431357e3923247cf73.safeframe.googlesyndication.com,0.0,googlesyndication.com
4d62c928526a637c106cc9d8161d6000.safeframe.googlesyndication.com,0.0,googlesyndication.com
c0f10cb0b26a1a8e1164eca844d02dbb.safeframe.googlesyndication.com,0.0,googlesyndication.com
2ad111193974e0bce7d1e9f4df2b2263.safeframe.googlesyndication.com,0.0,googlesyndication.com
58050109ce21a0727a9b564be1aac795.safeframe.googlesyndication.com,0.0,googlesyndication.com
4f307f0d4e66abe3ab6b00cf770d9c0f.safeframe.googlesyndication.com,0.0,googlesyndication.com
dd068479dcc5857b0e3004ffa880d351.safeframe.googlesyndication.com,0.0,googlesyndication.com
3ccfc4d7ba928112f83fd950d290d8af.safeframe.googlesyndication.com,0.0,googlesyndication.com
b4f3f6e964a2c0e1ed4da8fafe7e8b22.safeframe.googlesyndication.com,0.0,googlesyndication.com
fb5af766ffbaf5331e92992dc44e87ab.safeframe.googlesyndication.com,0.0,googlesyndication.com
351ae973aa41d70ddd9904106166b185.safeframe.googlesyndication.com,0.0,googlesyndication.com
dd2e3153795d5ce3c8e1a9940b6ce371.safeframe.googlesyndication.com,0.0,googlesyndication.com
bf35c05483ebe8d1c1088d495d7a3006.safeframe.googlesyndication.com,0.0,googlesyndication.com
wpxucvhh.page.link,1.0,page.link
72k6ns9ak7sgsv2kt46vqfxla3jnzdg5wls2g2c23e70d2cff7d5a759sac.d.aa.online-metrix.net,0.0,online-metrix.net
edalatsod-ir.tk,1.0,edalatsod-ir.tk
hasfzyam.page.link,1.0,page.link
pkaqdbok.page.link,1.0,page.link
second-know.cdn.bcebos.com,0.0,bcebos.com
hrms.dif.co.id,1.0,co.id
www.lasikofmichigan.com,1.0,lasikofmichigan.com
koguygeentgvi.sysu.edu.cn,0.0,edu.cn
moscklkyyxuerk.sysu.edu.cn,0.0,edu.cn
psp-news.org,1.0,psp-news.org
sust365.sharepoint.cn,0.0,sharepoint.cn
southdotuw.com,1.0,southdotuw.com
mvl3luxuij3q.n4.adsco.re,0.0,adsco.re
consent.truste.com,0.0,truste.com
sattamatka-no.com,1.0,sattamatka-no.com
auroraeusse.com,1.0,auroraeusse.com
sparespace.in,1.0,sparespace.in
tcnlspvm.page.link,1.0,page.link
herbalhills.pk,1.0,herbalhills.pk
uguyrpgu.page.link,1.0,page.link
ziwatti.ac.ke,1.0,ac.ke
p109-content.icloud.com,0.0,icloud.com
gftczjyw.page.link,1.0,page.link
cya.baicizhan.com,0.0,baicizhan.com
0eba5a87a3cda9e90451d02a17e252112b9fb6f5de62d1f8.dlied1.cdntips.net,0.0,cdntips.net
2ca55b939954b390d196fc6335c7b35f.safeframe.googlesyndication.com,0.0,googlesyndication.com
1st.ge,1.0,1st.ge
vnaloivq.page.link,1.0,page.link
futuredge.co.ke,1.0,co.ke
dhjtledy.page.link,1.0,page.link
m.tadu.com,0.0,tadu.com
dmc.dns05.com,1.0,dns05.com
external-media38.public.wamsm-a-6.prod.infra.webex.com,0.0,webex.com
uscltd.com.pk,1.0,com.pk
s01.appmifile.com,0.0,appmifile.com
only-66979-58-249-112-69.nstool.netease.com,0.0,netease.com
b2bsync.taobao.com,0.0,taobao.com
auralhearingcare.com,1.0,auralhearingcare.com
gw.ug.1688.com,0.0,1688.com
senmedia-events.co.ke,1.0,co.ke
www.fmvz.unam.mx,0.0,unam.mx
ferrecondorla44.com,1.0,ferrecondorla44.com
travelwithmanta.co.za,1.0,co.za
hotelofficeewn.blogspot.com,1.0,blogspot.com
cotacaoloovi.com.br,1.0,com.br
9130818b08c94536945545d7a20d5d5e.fp.measure.office.com,0.0,office.com
72k6ns9ausbjihq4walbqs2l3b37pobovozk5ebi9591c6e1aa3b7f34sac.d.aa.online-metrix.net,0.0,online-metrix.net
clientscape.co.in,1.0,co.in
xycxjlzs.page.link,1.0,page.link
centuriondstvinstallation.com,1.0,centuriondstvinstallation.com
omalworldwide.com,1.0,omalworldwide.com
behavior-collection.cn-shanghai.log.aliyuncs.com,0.0,aliyuncs.com
mhlb.layout.oystergardens.us,1.0,oystergardens.us
delibirdc.i56.taobao.com,0.0,taobao.com
90.193.197.209.sbl.spamhaus.org,0.0,spamhaus.org
8eed6366d095186e6dd134c777113ff39855be2ee82ea43c.dlied1.cdntips.net,0.0,cdntips.net
prafbgjv.page.link,1.0,page.link
1164224807.docs.qq.com,0.0,qq.com
mejhgncs.page.link,1.0,page.link
apicn.ldmnq.com,0.0,ldmnq.com
lintasnetwork.net,1.0,lintasnetwork.net
9fc6980202ec30a05a633e21f6891827.safeframe.googlesyndication.com,0.0,googlesyndication.com
w4dasvfygoo5iyu66koq-f-56d221893-clientnsv4-s.akamaihd.net,0.0,akamaihd.net
eaaqeubqairkajqacql6qaaaabrj56uw-p0b2en-72c1faf5c-clienttons-s.akamaihd.net,0.0,akamaihd.net
nazifafashion.com,1.0,nazifafashion.com
cefwmdor.page.link,1.0,page.link
bttgn.com,1.0,bttgn.com
ywgjxyms.page.link,1.0,page.link
rsgis.whu.edu.cn,0.0,edu.cn
theracksys.com,1.0,theracksys.com
scoutsjalisco.org,1.0,scoutsjalisco.org
cabschoolo-my.sharepoint.com,0.0,sharepoint.com
thatnextstepafrica.org,1.0,thatnextstepafrica.org
tengfeidn.com,1.0,tengfeidn.com
ns2.hans.hosteurope.de,0.0,hosteurope.de
fa16462b838349ca15b84d9359cb435f.safeframe.googlesyndication.com,0.0,googlesyndication.com
manglagroup.in,1.0,manglagroup.in
only-812326-223-104-1-249.nstool.netease.com,0.0,netease.com
emgers.pe,1.0,emgers.pe
gn-web-assets.api.bbc.com,0.0,bbc.com
oqmqiakn.page.link,1.0,page.link
media4.caiyun.feixin.10086.cn,0.0,10086.cn
dehandreatarot.online,1.0,dehandreatarot.online
cinperu.org,1.0,cinperu.org
img1.waitsun.com,0.0,waitsun.com
elsafeer.travel,1.0,elsafeer.travel
cloudk.click,1.0,cloudk.click
xprvcfmy.page.link,1.0,page.link
bca6a43d9179409e9cd431e3048a4ebf.fp.measure.office.com,0.0,office.com
healthcareprofessionals.ca,1.0,healthcareprofessionals.ca
luly728.home.news.cn,0.0,news.cn
a4f8079f6a8e45b66d978ec3ed5e12ec3.profile.nrt12-c5.cloudfront.net,0.0,cloudfront.net
jw.graduate.sysu.edu.cn,0.0,edu.cn
outin-5e311df938a111ec9df100163e12ac16.oss-cn-shenzhen.aliyuncs.com,0.0,aliyuncs.com
iee.sysu.edu.cn,0.0,edu.cn
jamesshullcustomstairs.com,1.0,jamesshullcustomstairs.com
aeudxxjb.page.link,1.0,page.link
992943d4c8094a3da2b5ce3945c76c0d.fp.measure.office.com,0.0,office.com
application-form.ca,1.0,application-form.ca
shells.nesco-alkes.com,1.0,nesco-alkes.com
www.xiaomai5.com,0.0,xiaomai5.com
knoxwestern.com,1.0,knoxwestern.com
wing.edu.my,1.0,edu.my
www.graduate.sysu.edu.cn,0.0,edu.cn
9c1c7d19f6ec8bb3303603ecd64e4b77.safeframe.googlesyndication.com,0.0,googlesyndication.com
e97rid.tdum.alibaba.com,0.0,alibaba.com
18.155.23.14.sbl.spamhaus.org,0.0,spamhaus.org
sacomp.com.mk,1.0,com.mk
oceanicservices.in,1.0,oceanicservices.in
e.buaa.edu.cn,0.0,edu.cn
web-api.okjike.com,0.0,okjike.com
photosuite.in,1.0,photosuite.in
mxaqenkh.page.link,1.0,page.link
acount.pchouse.com.cn,0.0,com.cn
kplanet-ext.oss-cn-beijing.aliyuncs.com,0.0,aliyuncs.com
rbdlsby.sysu.edu.cn,0.0,edu.cn
fejxjeek.page.link,1.0,page.link
bw89file.oss-accelerate.aliyuncs.com,1.0,aliyuncs.com
kxbeahzc.page.link,1.0,page.link
bdkrwojlahpid.sysu.edu.cn,0.0,edu.cn
pbt1920.files.wordpress.com,0.0,wordpress.com
mylivewallpapers.b-cdn.net,0.0,b-cdn.net
mrngtcliva.sysu.edu.cn,0.0,edu.cn
clyeducation.com,1.0,clyeducation.com
etharrelief.org,1.0,etharrelief.org
hostyfly.com,1.0,hostyfly.com
hrpg.sync.oystergardens.club,1.0,oystergardens.club
67.151.225.13.sbl.spamhaus.org,0.0,spamhaus.org
acd0181f53c84d9262f3a1c7ac3a910f7.profile.yvr50-c1.cloudfront.net,0.0,cloudfront.net
myikigai.hu,1.0,myikigai.hu
tecnologiesline.com,1.0,tecnologiesline.com
alasrindustries.com,1.0,alasrindustries.com
b1f5466f48fb8619c206b8e10d22c7c8.safeframe.googlesyndication.com,0.0,googlesyndication.com
activerbd.com,1.0,activerbd.com
d275ulocoqb183.cloudfront.net,0.0,cloudfront.net
nero.wsbc.warwick.ac.uk,0.0,ac.uk
snngxwvmik.sysu.edu.cn,0.0,edu.cn
mixologa.com,1.0,mixologa.com
wdgjixdn.page.link,1.0,page.link
gepvkdgq.page.link,1.0,page.link
ns4.hn.chinamobile.com,0.0,chinamobile.com
secure-iphone-xml.booking.com,0.0,booking.com
wordlife.in,1.0,wordlife.in
akinzemin.com,1.0,akinzemin.com
stdown.dinju.com,1.0,dinju.com
eodkijuu.page.link,1.0,page.link
shangetu6.map.bdimg.com,0.0,bdimg.com
nexccjttus.sysu.edu.cn,0.0,edu.cn
pepetoys.co,1.0,pepetoys.co
seansassenrath.gallerycdn.azure.cn,0.0,azure.cn
alaskaalconcord.credito800.com,1.0,credito800.com
72k6ns9akjb4as6jevuug6gs45qgehf7uzywvmp4be87e0304edcd357sac.d.aa.online-metrix.net,0.0,online-metrix.net
rr2---sn-a5mlrnez.googlevideo.com,0.0,googlevideo.com
meconta.digital,1.0,meconta.digital
portviewcityhotel.com,1.0,portviewcityhotel.com
androidlog.cn-hangzhou.sls.aliyuncs.com,0.0,aliyuncs.com
twintrick.com,1.0,twintrick.com
addfddd4868a9942fe42d64fb6b28aaf9.profile.cph50-c1.cloudfront.net,0.0,cloudfront.net
150ab3690ee14949804cb919bfb2129f.fp.measure.office.com,0.0,office.com
canalesparga.cl,1.0,canalesparga.cl
accident.lv,1.0,accident.lv
detectportal.firefox.com,0.0,firefox.com
srirgroup.in,1.0,srirgroup.in
a5ad7eeb7e7acb8fbb48765ea7c16051f.profile.nrt57-p1.cloudfront.net,0.0,cloudfront.net
appygrfqvuq5891.h5.xiaoeknow.com,0.0,xiaoeknow.com
congareeegroupsc.com,1.0,congareeegroupsc.com
dhjnmffh.sysu.edu.cn,0.0,edu.cn
84f7b8470f7a430292f4f3c6b84eb93e.fp.measure.office.com,0.0,office.com
mqzgidbm.page.link,1.0,page.link
baipin-external-display.bj.bcebos.com,0.0,bcebos.com
hey-video-1251524319.cos.ap-shanghai.myqcloud.com,0.0,myqcloud.com
roncluv.com,1.0,roncluv.com
oxstduqfv.sysu.edu.cn,0.0,edu.cn
gsslofxh.page.link,1.0,page.link
88b688d62e7db909fec3c83ecb2fcf88.safeframe.googlesyndication.com,0.0,googlesyndication.com
0.0.0.0.1.0.0.4E.dztvdcb7euul5i3q5tceha1zub.avqs.mcafee.com,0.0,mcafee.com
dol.sah.com.pk,1.0,com.pk
trekhighnepal.com,1.0,trekhighnepal.com
morajtravel.com,1.0,morajtravel.com
w4dasvaxfdy2syu6z4da-f-9c32f543f-clientnsv4-s.akamaihd.net,0.0,akamaihd.net
b05061d503607dffb8cdf8a2c91c238c.dlied1.cdntips.net,0.0,cdntips.net
corpzuniga.com,1.0,corpzuniga.com
zj2fdlixfqz3eyu6qtza-f-2f8761573-clientnsv4-s.akamaihd.net,0.0,akamaihd.net
okgpywldstbux.sysu.edu.cn,0.0,edu.cn
BRWD80F995BF2A3.sysu.edu.cn,0.0,edu.cn
hjktkzoe.page.link,1.0,page.link
www.xxxsthebagsxxx.mywire.org,1.0,mywire.org
british-shorthair.es,1.0,british-shorthair.es
apollo2.dl.playstation.net,0.0,playstation.net
kidneychronicles.in,1.0,kidneychronicles.in
facturial.es,1.0,facturial.es
c108c40bf8a28d1bbc785c329fd4a920.safeframe.googlesyndication.com,0.0,googlesyndication.com
iniofer.com,1.0,iniofer.com
finance.hnr.cn,0.0,hnr.cn
api.cms.cztv.com,0.0,cztv.com
wpad.uni-wuerzburg.de,0.0,uni-wuerzburg.de
sukava.com,1.0,sukava.com
campus.weixiao.qq.com,0.0,qq.com
rc10-fc08.oray.com,0.0,oray.com
isamu.co.tz,1.0,co.tz
adliran.duia.ro,1.0,duia.ro
keenanholding.com,1.0,keenanholding.com
cehoca.co,1.0,cehoca.co
0cf3ccd1efa9417b827eb6132431fabd.fp.measure.office.com,0.0,office.com
yedyed.tn,1.0,yedyed.tn
hia-aiml.com,1.0,hia-aiml.com
aeeipytnlbz.sysu.edu.cn,0.0,edu.cn
zljyrpwg.page.link,1.0,page.link
img.cinemablend.com,0.0,cinemablend.com
w4dasvax2cgcgyu7obsq-f-388e090d6-clientnsv4-s.akamaihd.net,0.0,akamaihd.net
360coffeemaker.com,1.0,360coffeemaker.com
kzypakgj.page.link,1.0,page.link
media.discordapp.net,1.0,discordapp.net
zj2fdlixfqz3eyu6lc6a-f-81a712def-clientnsv4-s.akamaihd.net,0.0,akamaihd.net
qaafdesign.com.sa,1.0,com.sa
blank.ey.com,0.0,ey.com
gunjancabindia.com,1.0,gunjancabindia.com
phylab.nenu.edu.cn,0.0,edu.cn
w4dasvdimj2seyu7mcta-f-48808258d-clientnsv4-s.akamaihd.net,0.0,akamaihd.net
ussgfjdi.page.link,1.0,page.link
babzenata.ma,1.0,babzenata.ma
vinatora.com,1.0,vinatora.com
www.fly63.com,0.0,fly63.com
elblogdelingles.sysu.edu.cn,0.0,edu.cn
adl-qps.fartit.com,1.0,fartit.com
lotrtldn.sysu.edu.cn,0.0,edu.cn
careersit.co.za,1.0,co.za
surplz.com,1.0,surplz.com
pt44s.com,1.0,pt44s.com
sheepangroup.com,1.0,sheepangroup.com
emba.hit.edu.cn,0.0,edu.cn
static.shangri-la.com,0.0,shangri-la.com
static.enlisted.net,0.0,enlisted.net
harmonyworldtech.com,1.0,harmonyworldtech.com
gsewvbgz.page.link,1.0,page.link
saf.faqserv.com,1.0,faqserv.com
members.sina.com.cn,0.0,com.cn
wkdqzqzgdso.sysu.edu.cn,0.0,edu.cn
accounts.ft.com,0.0,ft.com
achave.es,1.0,achave.es
infolombok.net,1.0,infolombok.net
rnskabcm.page.link,1.0,page.link
maryamhospital.org,1.0,maryamhospital.org
zqhoalvp.page.link,1.0,page.link
tkk.2023.ebeenj.com,1.0,ebeenj.com
eaaqeubqajchajqacqlxqaaaabrj6ylb-f-db0eaffa1-clienttons-s.akamaihd.net,0.0,akamaihd.net
plane.chinagames.net,0.0,chinagames.net
fastupload.io,1.0,fastupload.io
92i432.tdum.alibaba.com,0.0,alibaba.com
onlineandon.com,1.0,onlineandon.com
xueshu1.80599.net,0.0,80599.net
myekisan.com,1.0,myekisan.com
www.avrfreaks.net,0.0,avrfreaks.net
85edd474607742328b17ed71fb956964.fp.measure.office.com,0.0,office.com
kanipajooh.ir,1.0,kanipajooh.ir
qsptmejr.page.link,1.0,page.link
uscreditfixers.com,1.0,uscreditfixers.com
3442725624.docs.qq.com,0.0,qq.com
oitmnlbh.page.link,1.0,page.link
hotelseansand.com,1.0,hotelseansand.com
zhuxianjuqing93283.lofter.com,0.0,lofter.com
081a7abe4bee5fb49750025ed1babe99.safeframe.googlesyndication.com,0.0,googlesyndication.com
www.critlcalriver.com,1.0,critlcalriver.com
www.gxigroup.com,1.0,gxigroup.com
a496a83a833e8098cf000b8f2ee490f77.profile.nrt51-c2.cloudfront.net,0.0,cloudfront.net
dl.getchu.com,0.0,getchu.com
fastdubairepair.com,1.0,fastdubairepair.com
jhinstitute.com,1.0,jhinstitute.com
news.rambler.ru,0.0,rambler.ru
7e3c12e7918742e3ab8840fc1a9b1b52.fp.measure.office.com,0.0,office.com
cjh-house.cdn.bcebos.com,0.0,bcebos.com
talhaislam.com,1.0,talhaislam.com
search.windows.microsoft.com,0.0,microsoft.com
saham-gh.faqserv.com,1.0,faqserv.com
adl-irna.fartit.com,1.0,fartit.com
tc.icnsh.pro,1.0,icnsh.pro
dzt.hr,1.0,dzt.hr
tch952452.tch.quora.com,0.0,quora.com
otpa.settings.oysterfloats.org,1.0,oysterfloats.org
kayehtrb.page.link,1.0,page.link
kamigame.jp,0.0,kamigame.jp
NPIE8625A.umd.edu,0.0,umd.edu
comediantes.org,1.0,comediantes.org
jawaitsolutions.com,1.0,jawaitsolutions.com
image100.360doc.com,0.0,360doc.com
goodhealth.fitness,1.0,goodhealth.fitness
adlks.fartit.com,1.0,fartit.com
522ed3c7981bba54f832c8370145595b.safeframe.googlesyndication.com,0.0,googlesyndication.com
ebb2e21767fbecb9743a862fb4436a16.safeframe.googlesyndication.com,0.0,googlesyndication.com
florotek.com,1.0,florotek.com
tea.whu.edu.cn,0.0,edu.cn
GPhRR_dZlwQzcb9z9JuGSRcak5zLgU.dbl.spamhaus.org,0.0,spamhaus.org
vnzicaaf.page.link,1.0,page.link
zjbdrmse.page.link,1.0,page.link
ssnkfbotdj.sysu.edu.cn,0.0,edu.cn
a180b89c999c4536a88de7f0ce30f73a.fp.measure.office.com,0.0,office.com
bravemc.info,1.0,bravemc.info
thieuhoa.com.vn,1.0,com.vn
nmkutiyomy.sysu.edu.cn,0.0,edu.cn
www.agies.org,1.0,agies.org
yingu.coding.net,0.0,coding.net
pdwk5uixhjkvayu7cpaa-poj7ba-8d4d0a7b2-clientnsv4-s.akamaihd.net,0.0,akamaihd.net
m3ntalz.net,1.0,m3ntalz.net
xympfvhi.tendawifi.com,0.0,tendawifi.com
oqyupsli.page.link,1.0,page.link
download.jumpw.com,0.0,jumpw.com
chengdu06522.11467.com,0.0,11467.com
02696dae1dd04342a12c103b97361351.fp.measure.office.com,0.0,office.com
pr.getchu.com,0.0,getchu.com
indexinfo.cdn.bcebos.com,0.0,bcebos.com
b-0.19-a7000809.10081.16a8.c13.3ea5.210.0.9swtbl5l2j8ibpj5bkzbgc4j4q.avts.mcafee.com,0.0,mcafee.com
aakashfertilitycentre.in,1.0,aakashfertilitycentre.in
thiago-medeiros.com,1.0,thiago-medeiros.com
fishkeeping.com,1.0,fishkeeping.com
only-858232-112-97-63-39.nstool.netease.com,0.0,netease.com
709862671.docs.qq.com,0.0,qq.com
yashoda.brandwizz.in,1.0,brandwizz.in
powerexfire.com,1.0,powerexfire.com
gentzhull.co.uk,1.0,co.uk
apns-api.kdanmobile.com,0.0,kdanmobile.com
www.bidartrepuestos.com,1.0,bidartrepuestos.com
zhiyuan.edu.sina.com.cn,0.0,com.cn
241.203.217.52.sbl.spamhaus.org,0.0,spamhaus.org
discourse.ros.org,0.0,ros.org
fbe601354e2247a6859ba8041df481d6.fp.measure.office.com,0.0,office.com
yxehuwru.page.link,1.0,page.link
web.uri.edu,0.0,uri.edu
dl67.yunpan.360.cn,0.0,360.cn
gqpwqfuivgxelj.www.tendawifi.com,0.0,tendawifi.com
7.73.67.172.sbl.spamhaus.org,0.0,spamhaus.org
solazone.ph,1.0,solazone.ph
jeenbjhctbza.www.tendawifi.com,0.0,tendawifi.com
kyrqarzr.page.link,1.0,page.link
w4dasvaxfdy2syu65fxq-f-115034641-clientnsv4-s.akamaihd.net,0.0,akamaihd.net
kaooriginal.com,1.0,kaooriginal.com
zhangyuhan.coding.net,0.0,coding.net
robottaeducation.com,1.0,robottaeducation.com
alaskaflboise.heliuswax.com,1.0,heliuswax.com
bierner.gallery.vsassets.io,0.0,vsassets.io
cw-sycdn.kuwo.cn,0.0,kuwo.cn
adl-irm.fartit.com,1.0,fartit.com
zj2fdlixfqzxuyu6ua6a-f-9543f83c2-clientnsv4-s.akamaihd.net,0.0,akamaihd.net
r-0.19-20000000.800.170c.d2c.3ea5.214.0.gbq6vumpz4cnj75u9jriqe933i.avts.mcafee.com,0.0,mcafee.com
71.164.210.18.sbl.spamhaus.org,0.0,spamhaus.org
img.fam-ad.com,0.0,fam-ad.com
80.206.21.72.sbl.spamhaus.org,0.0,spamhaus.org
odax.ci,1.0,odax.ci
skdigitalmediaa.com,1.0,skdigitalmediaa.com
dcb6907b4674444ba6f48af90eb857d7.fp.measure.office.com,0.0,office.com
1f065d35bdb2c4f8a5b1ed4e5f34f1be.safeframe.googlesyndication.com,0.0,googlesyndication.com
irhsh.faqserv.com,1.0,faqserv.com
rr3---sn-i3belnl6.googlevideo.com,0.0,googlevideo.com
railway.tongji.edu.cn,0.0,edu.cn
64c71d58d57b45b5aacf7d58d68f4bf8.fp.measure.office.com,0.0,office.com
ohringenieria.net,1.0,ohringenieria.net
badgeglow.com,1.0,badgeglow.com
adllhs.itsaol.com,1.0,itsaol.com
old-releases.ubuntu.com,0.0,ubuntu.com
skmuhibbahraya.net,1.0,skmuhibbahraya.net
cr-p1.ladsp.com,0.0,ladsp.com
tastequery.com,1.0,tastequery.com
csc.m.kuaishou.com,0.0,kuaishou.com
d2mrbrl85k1st6.cloudfront.net,0.0,cloudfront.net
ns389251.ovh.net,0.0,ovh.net
252.66.34.117.sbl.spamhaus.org,0.0,spamhaus.org
erpsolutions.asia,1.0,erpsolutions.asia
dualstack-mpsapi.amap.com,0.0,amap.com
zpxx9kasaadw.n4.adsco.re,0.0,adsco.re
dcnetwork.in,1.0,dcnetwork.in
only-731907-223-104-63-66.nstool.netease.com,0.0,netease.com
9w5v3i.tdum.alibaba.com,0.0,alibaba.com
dom.daf.free.fr,1.0,free.fr
kejriwalyojana.com,1.0,kejriwalyojana.com
78ff08c97e451399ceccb9d9a2246234.safeframe.googlesyndication.com,0.0,googlesyndication.com
ksxcowon.page.link,1.0,page.link
lixingminlvshi.66law.cn,0.0,66law.cn
element5.mx,1.0,element5.mx
smmpanelwallah.online,1.0,smmpanelwallah.online
a101edaf4ecec82871687de9f401d75ea.profile.bom50-c1.cloudfront.net,0.0,cloudfront.net
boonsiewdesign.com,1.0,boonsiewdesign.com
yojanaindia.co.in,1.0,co.in
efoimoov.sysu.edu.cn,0.0,edu.cn
3f7a5ddc684d975b7d3c910ef940a91a.safeframe.googlesyndication.com,0.0,googlesyndication.com
i207.photobucket.com,0.0,photobucket.com
propertyshopofthecarolinas.com,1.0,propertyshopofthecarolinas.com
avature.net,0.0,avature.net
nebo.prismic.io,0.0,prismic.io
b955c94fe31048f2b38bb6a6744af6c2.fp.measure.office.com,0.0,office.com
tdm.faqserv.com,1.0,faqserv.com
2405083432.docs.qq.com,0.0,qq.com
339de4dd6a87c113ab571956eb4c248c.safeframe.googlesyndication.com,0.0,googlesyndication.com
79c7dcccf0685c462b2d5f3d6816256d.safeframe.googlesyndication.com,0.0,googlesyndication.com
metrowestcorporation.com,1.0,metrowestcorporation.com
lroxsobbnpy.sysu.edu.cn,0.0,edu.cn
saluteindia.in,1.0,saluteindia.in
qwtlkqfl.page.link,1.0,page.link
w4dasvgm5xt5iyu7cnea-f-c06c94285-clientnsv4-s.akamaihd.net,0.0,akamaihd.net
eachonefeedone.org,1.0,eachonefeedone.org
nkjxhawr.page.link,1.0,page.link
thenextafricanchefs.com,1.0,thenextafricanchefs.com
faq.library.upenn.edu,0.0,upenn.edu
magazine.enterprise.co.uk,0.0,co.uk
cinecreativofilmschool.com,1.0,cinecreativofilmschool.com
8dda495f4b9369babaa5-5a2ddc523de0fa402602d66c923dc49b.r71.cf1.rackcdn.com,0.0,rackcdn.com
wb25f.oss-accelerate.aliyuncs.com,1.0,aliyuncs.com
ed.sahamiru.hair,1.0,sahamiru.hair
emprotel.net.bo,1.0,net.bo
35-160-146-56-pushcl.np.communication.playstation.net,0.0,playstation.net
ws126-dx.netease.com,0.0,netease.com
18b0ba9cb08fc67ca531ad21dbd255a9.safeframe.googlesyndication.com,0.0,googlesyndication.com
41e4142c9deae17b581525e55d07ce1b.safeframe.googlesyndication.com,0.0,googlesyndication.com
dcd0c4e1ebad9b02c38eee8efc1d4789.safeframe.googlesyndication.com,0.0,googlesyndication.com
rosysgroup.com,1.0,rosysgroup.com
e0efa6e3edfb49688e371d4b42139ec3.fp.measure.office.com,0.0,office.com
vcsp.ifeng.com,0.0,ifeng.com
bohncugx.page.link,1.0,page.link
rr3---sn-i3b7knzs.googlevideo.com,0.0,googlevideo.com
wheatfieldsmu.lofter.com,0.0,lofter.com
adb.qq.com,0.0,qq.com
talkbali.com,1.0,talkbali.com
miracle-mgmt.com,1.0,miracle-mgmt.com
tcdbjftr.page.link,1.0,page.link
nahitahukuk.com,1.0,nahitahukuk.com
zato.or.tz,1.0,or.tz
gvxsaowr.sysu.edu.cn,0.0,edu.cn
ptlogin2.y.qq.com,0.0,qq.com
9d7db20c8f25428783b126c79f7eca7f.fp.measure.office.com,0.0,office.com
adir.faqserv.com,1.0,faqserv.com
defendamazon.org,1.0,defendamazon.org
cache.dga.jp,0.0,dga.jp
shopnochurarooftop.com,1.0,shopnochurarooftop.com
p209-escrowproxy.icloud.com.cn,0.0,com.cn
m.v.dxsbb.com,0.0,dxsbb.com
gons34cl.top,1.0,gons34cl.top
synagoguecityministries.org,1.0,synagoguecityministries.org
supereconomias.com,1.0,supereconomias.com
dmjzaycl.page.link,1.0,page.link
kolu.novelty.akibacreative.com,1.0,akibacreative.com
abrfitness.com,1.0,abrfitness.com
frey2.com,1.0,frey2.com
w4dasvax373ssyu6j37q-f-a5baebb25-clientnsv4-s.akamaihd.net,0.0,akamaihd.net
kilongainvestment.com,1.0,kilongainvestment.com
pbjxbvps.page.link,1.0,page.link
ecad2.cebbank.com,0.0,cebbank.com
montanasdspringfield.sugartreegardens.com,1.0,sugartreegardens.com
itruuoavyj.sysu.edu.cn,0.0,edu.cn
lzvxqcnn.page.link,1.0,page.link
9.158.16.199.sbl.spamhaus.org,0.0,spamhaus.org
whqtrdnwe.sysu.edu.cn,0.0,edu.cn
galandskiyher4.com,1.0,galandskiyher4.com
5ux8ysej2l.execute-api.us-east-1.amazonaws.com,0.0,amazonaws.com
blog.marketresearch.com,0.0,marketresearch.com
aestheticscc.com,1.0,aestheticscc.com
d33be0e29f510e8c4ae100af6937665c.safeframe.googlesyndication.com,0.0,googlesyndication.com
vukltrxo.page.link,1.0,page.link
chapterconstruction.com,1.0,chapterconstruction.com
tosundokum.com,1.0,tosundokum.com
yule.dndndh.com,0.0,dndndh.com
kyeqovnf.page.link,1.0,page.link
www.hnticai.com,0.0,hnticai.com
kwc0w2swkhofmytkto7zud7uydsu81654591081.nuid.imrworldwide.com,0.0,imrworldwide.com
7keuet.haiertelevisao.sa.com,1.0,sa.com
125.24.169.185.sbl.spamhaus.org,0.0,spamhaus.org
hifi2007reviews.com,1.0,hifi2007reviews.com
touch.travel.sct.glbs.qunar.com,0.0,qunar.com
www.hollywoodreporter.com,0.0,hollywoodreporter.com
xycy-file.zhaopin.com,0.0,zhaopin.com
56cf6044b93450c33f40eda515132cdd.safeframe.googlesyndication.com,0.0,googlesyndication.com
onelink-basic-app.onelink.me,0.0,onelink.me
atndelnorte.mx,1.0,atndelnorte.mx
iran-hz.mrface.com,1.0,mrface.com
imkimqvr.page.link,1.0,page.link
newsnarayan.com,1.0,newsnarayan.com
qjhbfnqo.page.link,1.0,page.link
08a00f1a969990de42d4713a88c5c60b.dlied1.cdntips.net,0.0,cdntips.net
rxmedicos.in,1.0,rxmedicos.in
42.134.159.162.sbl.spamhaus.org,0.0,spamhaus.org
static.livescore.com,0.0,livescore.com
g.youxi369.com,0.0,youxi369.com
uc-file.airdroid.com,0.0,airdroid.com
fuelrescue.ie,1.0,fuelrescue.ie
nsdvzzkp.page.link,1.0,page.link
rr2---sn-aigl6n7s.googlevideo.com,0.0,googlevideo.com
lobggtre.page.link,1.0,page.link
6c757b5269f0435e81510c021c6ce281.fp.measure.office.com,0.0,office.com
sayeman.com,1.0,sayeman.com
wap.xbiquge.la,0.0,xbiquge.la
music.suda.edu.cn,0.0,edu.cn
www.blackmvgo.cc,1.0,blackmvgo.cc
suvbvtbkfr.sysu.edu.cn,0.0,edu.cn
oceanprezentow.pl,1.0,oceanprezentow.pl
5gmcsip03.hdb.rcs.chinamobile.com,0.0,chinamobile.com
adl-xxc.vizvaz.com,1.0,vizvaz.com
restsdk.amap.com,0.0,amap.com
120-236-174-240_s-23-48-201-33_ts-1654605565-clienttons-s.akamaihd.net,0.0,akamaihd.net
12bffeda04f77535937a9d43b6acc577.safeframe.googlesyndication.com,0.0,googlesyndication.com
e6194ffcd57dcade05a8eb392355d5f8.safeframe.googlesyndication.com,0.0,googlesyndication.com
vwigohqbagrnirq.sysu.edu.cn,0.0,edu.cn
ingematchile.cl,1.0,ingematchile.cl
p109-escrowproxy-china.icloud.com,0.0,icloud.com
wfolkvaqydhdb.www.tendawifi.com,0.0,tendawifi.com
ufznmkapo.www.tendawifi.com,0.0,tendawifi.com
caldav.163.com,0.0,163.com
u78dctxzc6ed.s4.adsco.re,0.0,adsco.re
chiphiduhoc.com,1.0,chiphiduhoc.com
www.ist.sysu.edu.cn,0.0,edu.cn
pzbvizaibatute.sysu.edu.cn,0.0,edu.cn
transfacsaltsoluciport.francecentral.cloudapp.azure.com,1.0,azure.com
ingoroyayezunyirimpuhweruhango.org,1.0,ingoroyayezunyirimpuhweruhango.org
b6.office.cmbchina.com,0.0,cmbchina.com
adl.isasecret.com,1.0,isasecret.com
agroinsumoslameseta.com.co,1.0,com.co
photos.fleetmon.com,0.0,fleetmon.com
d11aq2m0u2xbd0.cloudfront.net,0.0,cloudfront.net
pic.news.sohu.com,0.0,sohu.com
vpnfortres.online,1.0,vpnfortres.online
redcocoonpottery.com,1.0,redcocoonpottery.com
toneladas.sysu.edu.cn,0.0,edu.cn
banglara.com,1.0,banglara.com
vkvd18.mycdn.me,0.0,mycdn.me
nail.sysu.edu.cn,0.0,edu.cn
zj2fdlixfqzxuyu6kjra-f-3ce099b1e-clientnsv4-s.akamaihd.net,0.0,akamaihd.net
b477cd5f66c146409d61734243512f39.fp.measure.office.com,0.0,office.com
static202106.cooco.net.cn,0.0,net.cn
uploads2.wikiart.org,0.0,wikiart.org
thumb.re-hentai.com,0.0,re-hentai.com
243.92.214.34.sbl.spamhaus.org,0.0,spamhaus.org
hvvnwhupjazx.sysu.edu.cn,0.0,edu.cn
cldjdrhavdccn.sysu.edu.cn,0.0,edu.cn
adl-w.faqserv.com,1.0,faqserv.com
pqheckt.sysu.edu.cn,0.0,edu.cn
photo.cnnb.com.cn,0.0,com.cn
p4-gqyie5dizagac-ylteuisdp67j5yai-if-v6exp3-v4.metric.gstatic.com,0.0,gstatic.com
carp4.yuanfudao.com,0.0,yuanfudao.com
coynmvoljrttkj.sysu.edu.cn,0.0,edu.cn
msdebbie2u.files.wordpress.com,0.0,wordpress.com
lawanderlust.files.wordpress.com,0.0,wordpress.com
nqjdzqjpecyzzq.sysu.edu.cn,0.0,edu.cn
hamlekundekari.com.tr,1.0,com.tr
mastiff.ext.hp.com,0.0,hp.com
olajideabiola.com,1.0,olajideabiola.com
program.ert.gr,0.0,ert.gr
only-185784-223-104-66-128.nstool.netease.com,0.0,netease.com
03955d13cb91678fa1fa64f4aa8b9547.rdt.tfogc.com,0.0,tfogc.com
dhdhjqzm.page.link,1.0,page.link
zfcg.sz.gov.cn,0.0,gov.cn
torna.ydns.eu,1.0,ydns.eu
snapify.space,1.0,snapify.space
natta.org.np,1.0,org.np
yuxiulinger35615.lofter.com,0.0,lofter.com
yondszcc.page.link,1.0,page.link
d2mdw063ttlqtq.cloudfront.net,0.0,cloudfront.net
szjaqupt.page.link,1.0,page.link
sonic301-21.consmr.mail.ir2.yahoo.com,0.0,yahoo.com
b378.photo.store.qq.com,0.0,qq.com
mystyle.si,1.0,mystyle.si
jxb.shisu.edu.cn,0.0,edu.cn
tradeexprodmd.95516.com,0.0,95516.com
cadcom.co,1.0,cadcom.co
report.em.sandai.net,0.0,sandai.net
72k6ns9axv7yo6k42udvrwk2marh7bjcgvkrbwm4458530eec64940a6sac.d.aa.online-metrix.net,0.0,online-metrix.net
adriaevolution.com,1.0,adriaevolution.com
weiyupeixun.oss-cn-beijing.aliyuncs.com,0.0,aliyuncs.com
kuwalla.band,1.0,kuwalla.band
cityups.net,1.0,cityups.net
mancogroup.com,1.0,mancogroup.com
benderhidrolik.com,1.0,benderhidrolik.com
akbarmappiare.com,1.0,akbarmappiare.com
harlenhomeimprovementcorp.com,1.0,harlenhomeimprovementcorp.com
codermoyv.gitee.io,0.0,gitee.io
luoyang.58.com,0.0,58.com
context.monu.delivery,0.0,monu.delivery
hzjmdluy.page.link,1.0,page.link
sobzliza.page.link,1.0,page.link
waterproofing24.pk,1.0,waterproofing24.pk
office.hust.edu.cn,0.0,edu.cn
mps.rfstaging.co.uk,1.0,co.uk
kpajpurm.page.link,1.0,page.link
w4dasvdimj2leyu7bndq-f-b275e9146-clientnsv4-s.akamaihd.net,0.0,akamaihd.net
fetoyuxy.page.link,1.0,page.link
pe-ydaccount.100bt.com,0.0,100bt.com
d3n77xmtjhxevl.cloudfront.net,0.0,cloudfront.net
ucgavylj.page.link,1.0,page.link
jdvxgrzi.page.link,1.0,page.link
xirconhomes.com.au,1.0,com.au
8f782888ea4208c2e3e4dfb705b2cd90.safeframe.googlesyndication.com,0.0,googlesyndication.com
cmmconsultant.co.uk,1.0,co.uk
vwqwqmxw.page.link,1.0,page.link
sh.bi-xenon.cn,0.0,bi-xenon.cn
chanchalsoft.com,1.0,chanchalsoft.com
72k6ns9a3dai7kzykp44puoug2fxwbx6basrhfja77c7d206df604ee7sac.d.aa.online-metrix.net,0.0,online-metrix.net
lifelab.hust.edu.cn,0.0,edu.cn
rfqzerwc.page.link,1.0,page.link
svcawzlb.page.link,1.0,page.link
quhfydamhooaehm.sysu.edu.cn,0.0,edu.cn
viraldata.com.ng,1.0,com.ng
w4dasvax2cgcgyu6vcna-f-fe825a352-clientnsv4-s.akamaihd.net,0.0,akamaihd.net
mycorance.sysu.edu.cn,0.0,edu.cn
illinoisidpierre.tranzactioneaza.ro,1.0,tranzactioneaza.ro
kdteqsfr.page.link,1.0,page.link
api.globaltimes.cn,0.0,globaltimes.cn
unbug.gallerycdn.vsassets.io,0.0,vsassets.io
arbitribe.com,1.0,arbitribe.com
78ed9f6644c8eac7f673472a0d3242a1.safeframe.googlesyndication.com,0.0,googlesyndication.com
h.clarity.ms,0.0,clarity.ms
muralis.ro,1.0,muralis.ro
wpad.rice.edu,0.0,rice.edu
only-172329-14-150-165-221.nstool.netease.com,0.0,netease.com
w4dasvaxh7zvgyu62uta-phqp54-44736fc6c-clientnsv4-s.akamaihd.net,0.0,akamaihd.net
fnqqwwdv.page.link,1.0,page.link
beatingtracks.files.wordpress.com,0.0,wordpress.com
thefortivpn.com,1.0,thefortivpn.com
yongkang.vn,1.0,yongkang.vn
15minbeauty.sysu.edu.cn,0.0,edu.cn
8b1bb5c15347d1a1ae70825676247ef5.safeframe.googlesyndication.com,0.0,googlesyndication.com
w4dasvaxhxbggyu6uueq-f-cd6b058ef-clientnsv4-s.akamaihd.net,0.0,akamaihd.net
allbase.energy,1.0,allbase.energy
bdsyifsl.page.link,1.0,page.link
31180.website,1.0,31180.website
only-721163-117-136-40-137.nstool.netease.com,0.0,netease.com
antarperu.com.pe,1.0,com.pe
fusecontent.education.vic.gov.au,0.0,gov.au
jx.news.163.com,0.0,163.com
watchsports.wine,1.0,watchsports.wine
adl-iq.vizvaz.com,1.0,vizvaz.com
adl-irn.itsaol.com,1.0,itsaol.com
mkemasze.page.link,1.0,page.link
ac0aa1cbdc2e8ab31897aa199eb55fc9.safeframe.googlesyndication.com,0.0,googlesyndication.com
d2ff52bb6926c08bc76626f921ba7a92.safeframe.googlesyndication.com,0.0,googlesyndication.com
vmblmylk.page.link,1.0,page.link
yxounorr.page.link,1.0,page.link
moto-expert.gr,1.0,moto-expert.gr
RS-BEG-ANX-R004.teamviewer.com,0.0,teamviewer.com
xmcheng.users.sgg.whu.edu.cn,0.0,edu.cn
83e46fe35d814eda844a3c80b97a0493.fp.measure.office.com,0.0,office.com
www.sunglassesninja.com,1.0,sunglassesninja.com
zglxuvob.page.link,1.0,page.link
digithub.co.uk,1.0,co.uk
b3a94d0e1a9c0d3f476d31f95e65312d.safeframe.googlesyndication.com,0.0,googlesyndication.com
rr3---sn-oguelnsr.gvt1.com,0.0,gvt1.com
y6jn8c31uj2zxrcxlctidfrsl45ipqvc2qricppi86a1856cefd265e2sac.d.aa.online-metrix.net,0.0,online-metrix.net
qianchang998.lofter.com,0.0,lofter.com
w4dasvax3mtcuyu7chzq-pz488s-6beb911b2-clientnsv4-s.akamaihd.net,0.0,akamaihd.net
e5fn6p.tdum.alibaba.com,0.0,alibaba.com
zkdyzplmjzmru.www.tendawifi.com,0.0,tendawifi.com
wap-59shuku-com.sm-tc.cn,0.0,sm-tc.cn
beaconsfieldmortgages.ca,1.0,beaconsfieldmortgages.ca
extreme-enduro.ro,1.0,extreme-enduro.ro
notesfromabigworld.files.wordpress.com,0.0,wordpress.com
www.accaglobal.com,0.0,accaglobal.com
reco.ebay.com,0.0,ebay.com
dessur.mx,1.0,dessur.mx
w4daszaxzndsqyu6ysfa-f-f20c7519f-clientnsv4-s.akamaihd.net,0.0,akamaihd.net
ganp.ng,1.0,ganp.ng
ineibmhv.page.link,1.0,page.link
twafcreative.com,1.0,twafcreative.com
msurmilarathore.in,1.0,msurmilarathore.in
wgcps-asia.wargaming.net,0.0,wargaming.net
0a73b59612949b486901d7a403cee81d.dlied1.cdntips.net,0.0,cdntips.net
dns3.whut.edu.cn,0.0,edu.cn
in-jerusalem.net,1.0,in-jerusalem.net
vaddahyb.page.link,1.0,page.link
pfpdusu.sysu.edu.cn,0.0,edu.cn
2r1a17.tdum.alibaba.com,0.0,alibaba.com
53f8f549022442279986381067bce261.fp.measure.office.com,0.0,office.com
jt.xiangtan.gov.cn,0.0,gov.cn
c3d90c36c6f4f3e7af73e0d97e6af57b.safeframe.googlesyndication.com,0.0,googlesyndication.com
692998f0b2572a1df840c19645b4cf58.safeframe.googlesyndication.com,0.0,googlesyndication.com
rdbaiihl.page.link,1.0,page.link
deltastores.co.uk,1.0,co.uk
vkvd234.mycdn.me,0.0,mycdn.me
ssvrurdwcbikuu.sysu.edu.cn,0.0,edu.cn
72k6ns9akngmnd3yfn65jtbqwuo5jcor2bzo443q08246f03dcbe7234sac.d.aa.online-metrix.net,0.0,online-metrix.net
adshine.io,1.0,adshine.io
zjzj.wenming.cn,0.0,wenming.cn
abtomzktrvmaax.sysu.edu.cn,0.0,edu.cn
api.vip.iq.com,0.0,iq.com
adloir.vizvaz.com,1.0,vizvaz.com
9524abce8fb842c7a00b2be6ac8d3b20.fp.measure.office.com,0.0,office.com
alcatrazsecurity.co.za,1.0,co.za
wendyllc.com,1.0,wendyllc.com
dingzi-jsfile-test.oss-cn-shanghai.aliyuncs.com,0.0,aliyuncs.com
c4.szu.edu.cn,0.0,edu.cn
244.101.206.193.sbl.spamhaus.org,0.0,spamhaus.org
173.180.63.69.sbl.spamhaus.org,0.0,spamhaus.org
profassistance.com,1.0,profassistance.com
mt.chinaz.com,0.0,chinaz.com
ueomrixu.page.link,1.0,page.link
67ed5b732a59c93eda1aa0f49731a55b.safeframe.googlesyndication.com,0.0,googlesyndication.com
eaff4071069b598c11b645db0132a8d8.safeframe.googlesyndication.com,0.0,googlesyndication.com
bulkwine.org.ar,1.0,org.ar
eoi5m0.tdum.alibaba.com,0.0,alibaba.com
nhqlxhek.page.link,1.0,page.link
bcf040a2bfd24298850465320832ec4f.fp.measure.office.com,0.0,office.com
bzbgyvzv.page.link,1.0,page.link
opesjk.ug,1.0,opesjk.ug
bi.taoguba.com.cn,0.0,com.cn
6a28fc743a2d48f4b24bbc03529ac564.fp.measure.office.com,0.0,office.com
anapa-zarya.ru,1.0,anapa-zarya.ru
kjcx.yzu.edu.cn,0.0,edu.cn
nathicharamimatrimony.com,1.0,nathicharamimatrimony.com
delawarencolympia.icaesa.com,1.0,icaesa.com
www.pinterest.ru,0.0,pinterest.ru
nisyn1.10010.com,0.0,10010.com
yntcbalr.page.link,1.0,page.link
yebofrnbduitu.sysu.edu.cn,0.0,edu.cn
shop43665090.m.youzan.com,0.0,youzan.com
liceojar.cl,1.0,liceojar.cl
zj2fdlixfqz3eyu6llaa-f-94c33c362-clientnsv4-s.akamaihd.net,0.0,akamaihd.net
ranpjqvi.page.link,1.0,page.link
nnak.or.ke,1.0,or.ke
jeffdahlke.com,1.0,jeffdahlke.com
cdf.faqserv.com,1.0,faqserv.com
cfu.twr.mybluehost.me,1.0,mybluehost.me
mmcctechnology.com,1.0,mmcctechnology.com
captcha.tiancity.com,0.0,tiancity.com
sirinatpetrol.com,1.0,sirinatpetrol.com
appstpxjhg74573.h5.xiaoeknow.com,0.0,xiaoeknow.com
biolankaagrifoods.com,1.0,biolankaagrifoods.com
donhallsprimerib.com,1.0,donhallsprimerib.com
bxzeyicp.page.link,1.0,page.link
jrljbyis.page.link,1.0,page.link
w4dasvfygoo5syu6hava-f-964a38fb5-clientnsv4-s.akamaihd.net,0.0,akamaihd.net
pcqhqkwh.page.link,1.0,page.link
infocuankerajaan.xyz,1.0,infocuankerajaan.xyz
unlbsl.com.np,1.0,com.np
office.iask.com,0.0,iask.com
buyshyhub.com,1.0,buyshyhub.com
vgulvsdf.page.link,1.0,page.link
cemp.sf-express.com,0.0,sf-express.com
kepm.corp.kuaishou.com,0.0,kuaishou.com
spacetechnasa.site,1.0,spacetechnasa.site
kmcpokhara.edu.np,1.0,edu.np
ec2-18-142-253-203.ap-southeast-1.compute.amazonaws.com,0.0,amazonaws.com
rollsbeer.com,1.0,rollsbeer.com
c7453b3c42c70389ddec8d0bcad83dc2.safeframe.googlesyndication.com,0.0,googlesyndication.com
gons31cl.top,1.0,gons31cl.top
homeparadz.com,1.0,homeparadz.com
e.ximalaya.com,0.0,ximalaya.com
awana.co.zw,1.0,co.zw
unoolo.com,1.0,unoolo.com
4peaks.en.softonic.com,0.0,softonic.com
creativeignite.com,1.0,creativeignite.com
totaltaxi.org.br,1.0,org.br
www.smu.edu.cn,0.0,edu.cn
zj2fdlixfqz3eyu6ktrq-f-a4ce350d3-clientnsv4-s.akamaihd.net,0.0,akamaihd.net
cuxiao.m.suning.com,0.0,suning.com
d988fb04ee1e041019bf11c3bbdef4a1.safeframe.googlesyndication.com,0.0,googlesyndication.com
7f70664ccb3a4f8b8e2cb202555d986c.safeframe.googlesyndication.com,0.0,googlesyndication.com
www.ciomp.cas.cn,0.0,cas.cn
kameleonprinting.com,1.0,kameleonprinting.com
a-0.19-a3000801.0.170c.c6b.3ea5.210.0.625q9289jdn42dvrzu7gz1afut.avts.mcafee.com,0.0,mcafee.com
jiubai369.lofter.com,0.0,lofter.com
mmxwogivlusebw.sysu.edu.cn,0.0,edu.cn
masterassociates.co.in,1.0,co.in
c45cad69a105460f987a2d3d8a99ba20.fp.measure.office.com,0.0,office.com
globalapi.ad.xiaomi.com,0.0,xiaomi.com
brqkyvfiafadgh.sysu.edu.cn,0.0,edu.cn
ec2-107-20-44-207.compute-1.amazonaws.com,0.0,amazonaws.com
srg.az,1.0,srg.az
ozkillikvinc.com,1.0,ozkillikvinc.com
ujayvslb.page.link,1.0,page.link
emicom.pe,1.0,emicom.pe
cabex.dz,1.0,cabex.dz
erc.europa.eu,0.0,europa.eu
battlefieldtracker.com,0.0,battlefieldtracker.com
iran-hg.itsaol.com,1.0,itsaol.com
static.a.upc.ubisoft.com,0.0,ubisoft.com
rr5---sn-npoeened.gvt1.com,0.0,gvt1.com
thedailyreel.com,1.0,thedailyreel.com
www.ynuip.ynu.edu.cn,0.0,edu.cn
drknscob.page.link,1.0,page.link
m2csm.oss-cn-hangzhou.aliyuncs.com,0.0,aliyuncs.com
w4dasznm5awbuyu6wl6q-pitd7b-5cc718d0d-clientnsv4-s.akamaihd.net,0.0,akamaihd.net
sahmsa.dns05.com,1.0,dns05.com
sywpqzsf.page.link,1.0,page.link
elaichiwala.com,1.0,elaichiwala.com
pictopara.com,1.0,pictopara.com
sslv6.wlogin.qq.com,0.0,qq.com
42.lac.sysu.edu.cn,0.0,edu.cn
fst.oiu.edu.sd,1.0,edu.sd
d1.udashi.com,1.0,udashi.com
vdztnaas.page.link,1.0,page.link
1xadi.betulsasa.sa.com,1.0,sa.com
esteticaeros.cl,1.0,esteticaeros.cl
vdafinanceandcapital.com.au,1.0,com.au
uwtemvhy.page.link,1.0,page.link
torrentbay.to,0.0,torrentbay.to
smechannels.com,1.0,smechannels.com
sdxw.iqilu.com,0.0,iqilu.com
voxqrmny.page.link,1.0,page.link
cdn1.frocdn.ch,1.0,frocdn.ch
webstockreview.net,0.0,webstockreview.net
saham-g.itsaol.com,1.0,itsaol.com
m.zzvips.com,0.0,zzvips.com
cas.criteo.com,0.0,criteo.com
windmillgardens.com.au,1.0,com.au
farm-1251006671.file.myqcloud.com,0.0,myqcloud.com
dsrtc-chanka.gob.pe,1.0,gob.pe
atualkjsrlogqth.sysu.edu.cn,0.0,edu.cn
zj.stream.tencentmusic.com,0.0,tencentmusic.com
tsoumpasphotogallery.sysu.edu.cn,0.0,edu.cn
jdycrqgv.page.link,1.0,page.link
p70-mailws.icloud.com,0.0,icloud.com
38.199.229.23.sbl.spamhaus.org,0.0,spamhaus.org
jaya-chain.com,1.0,jaya-chain.com
rereal.pk,1.0,rereal.pk
707b307d8d194a4a9b35305a8ae262ec.fp.measure.office.com,0.0,office.com
kstylfhn.page.link,1.0,page.link
shihtzudog.life,1.0,shihtzudog.life
facepic.qidian.com.tc.qq.com,0.0,qq.com
hash8.cdn.kugou.com,0.0,kugou.com
mathewwill.com,1.0,mathewwill.com
xowbdlqalvzia.sysu.edu.cn,0.0,edu.cn
28fd5f0072a694f2366334c1dd053362.safeframe.googlesyndication.com,0.0,googlesyndication.com
69780a4ea29c3dc7af8acff844715666.safeframe.googlesyndication.com,0.0,googlesyndication.com
esxmxdth.page.link,1.0,page.link
houssemeddine.com,1.0,houssemeddine.com
entermarket.co.th,1.0,co.th
dsbn.co.th,1.0,co.th
local.silly-beer.com,1.0,silly-beer.com
alc0zj.tdum.alibaba.com,0.0,alibaba.com
tianqin.qq.com,0.0,qq.com
2a0c7e2bd44a4cb3b73fb8a19ab421a6.fp.measure.office.com,0.0,office.com
pagamento.afya.com.br,1.0,com.br
bcysa.org,1.0,bcysa.org
f7e7b0bc3f4ed56cd5158053ead057af.safeframe.googlesyndication.com,0.0,googlesyndication.com
www.carrozzeriatrieste.net,1.0,carrozzeriatrieste.net
a910.casalemedia.com,0.0,casalemedia.com
orgsaojorge.com.br,1.0,com.br
comoinvertir.pe,1.0,comoinvertir.pe
smpn3petarukan.sch.id,1.0,sch.id
lucknowcakes.in,1.0,lucknowcakes.in
4mupax.tdum.alibaba.com,0.0,alibaba.com
lehyztnu.page.link,1.0,page.link
derryhealthwellness.com,1.0,derryhealthwellness.com
ihbyrqlpoapp.sysu.edu.cn,0.0,edu.cn
basilplast.md,1.0,basilplast.md
energiait.com.br,1.0,com.br
mariaworlds.com,1.0,mariaworlds.com
remar.com.co,1.0,com.co
srfsh.baidu.com,0.0,baidu.com
irmaosaobra.com.br,1.0,com.br
55510f3cf0db44f292969ac9987820c3.fp.measure.office.com,0.0,office.com
ghsartex.com.br,1.0,com.br
mbgrm.com,1.0,mbgrm.com
giltaz.ir,1.0,giltaz.ir
campovalepet.com.br,1.0,com.br
presence.services.sfb.trafficmanager.net,0.0,trafficmanager.net
scgroupsrl.com,1.0,scgroupsrl.com
digitalsafecertificadora.com.br,1.0,com.br
soyandfq.rz.uni-wuerzburg.de,0.0,uni-wuerzburg.de
filwelreg.pw,1.0,filwelreg.pw
maxcelulares.com.br,1.0,com.br
eship.cndhl.com,0.0,cndhl.com
5d08aceef9234054b577285a3813c057.fp.measure.office.com,0.0,office.com
dgcomputer.com.br,1.0,com.br
adldfs.isasecret.com,1.0,isasecret.com
eiaoomoojqggt.sysu.edu.cn,0.0,edu.cn
expeditionarystories.co,1.0,expeditionarystories.co
e560cc3d61948888b3c5a75e86ea6f27.safeframe.googlesyndication.com,0.0,googlesyndication.com
cqahxjgk.page.link,1.0,page.link
architecterp.com,1.0,architecterp.com
wbonfdmr.page.link,1.0,page.link
fetyma.com,1.0,fetyma.com
partner.hp.com,0.0,hp.com
vyxcqbzuvsmghec.sysu.edu.cn,0.0,edu.cn
www.alliancegold.com.ec,1.0,com.ec
lapetitesansebastian.com,1.0,lapetitesansebastian.com
panipan.ro,1.0,panipan.ro
emailmarketing.locaweb.com.br,1.0,com.br
www.4sync.com,1.0,4sync.com
hptest.ro,1.0,hptest.ro
daowxyyz.page.link,1.0,page.link
only-281463-112-96-48-141.nstool.netease.com,0.0,netease.com
84b37c2ccb9f4a7aa7723845b2fc1244.fp.measure.office.com,0.0,office.com
689e6ea591734194b6c810d7d64bfadf.fp.measure.office.com,0.0,office.com
a-0.19-a7000801.c960082.16a8.b7f.3ea5.210.0.3q3isp9mzcpd145zlqp7satj76.avts.mcafee.com,0.0,mcafee.com
cutt.ly,1.0,cutt.ly
54c9b709e56341c4b8d8db3854be4efb.fp.measure.office.com,0.0,office.com
solucionespits.com,1.0,solucionespits.com
expliqji.page.link,1.0,page.link
3d0dc9da26b44751b3cae99f0575fba4.pages.ubembed.com,0.0,ubembed.com
qrwlntlw.page.link,1.0,page.link
844daf1e724542596c28abaed852d1b2.rdt.tfogc.com,0.0,tfogc.com
cf3c4e94c9e948b9b55632e0fea8e0f4.fp.measure.office.com,0.0,office.com
8bagi.sharptelevisao.sa.com,1.0,sa.com
vbglimited.com,1.0,vbglimited.com
www.reifenquick.de,1.0,reifenquick.de
8xxqdf.tdum.alibaba.com,0.0,alibaba.com
img.llgal.xyz,0.0,llgal.xyz
migracionexpress.com,1.0,migracionexpress.com
michiganmebatonrouge.ashleycollinsdesigns.com,1.0,ashleycollinsdesigns.com
bestbabycamp.com,1.0,bestbabycamp.com
update.eternitystresser.xyz,1.0,eternitystresser.xyz
jomsapotlokal.com.my,1.0,com.my
img33.picshick.com,0.0,picshick.com
w4dasvfygoo5syu6hdaq-f-39b290023-clientnsv4-s.akamaihd.net,0.0,akamaihd.net
taijimenusa.org,1.0,taijimenusa.org
m.dzsc.com,0.0,dzsc.com
cos.99.com,0.0,99.com
baytelhekma.com,1.0,baytelhekma.com
nevadacafrankfort.moreinless.com,1.0,moreinless.com
teakwd.com,1.0,teakwd.com
www.fda.gov,0.0,fda.gov
connectww.net,1.0,connectww.net
60e65d296863402887719dbafb5cfb54.fp.measure.office.com,0.0,office.com
paragonprinting.co.uk,1.0,co.uk
maullinspa.cl,1.0,maullinspa.cl
rnjteqbjduvglnj.sysu.edu.cn,0.0,edu.cn
gHnzv5DZ.dbl.spamhaus.org,0.0,spamhaus.org
sivashekimevi.com,1.0,sivashekimevi.com
uploaddeimagens.com.br,1.0,com.br
cbt.faqserv.com,1.0,faqserv.com
2022060500-1311572556.cos.ap-shanghai.myqcloud.com,0.0,myqcloud.com
w4dasvax2ll2syu6gtoa-f-246a64307-clientnsv4-s.akamaihd.net,0.0,akamaihd.net
br-360.com,1.0,br-360.com
odreports.com,1.0,odreports.com
72k6ns9a5dr7aerkvuzbi2u2cfijkfdfkwbbacca442e386fa2439075sac.d.aa.online-metrix.net,0.0,online-metrix.net
9570874b6986b5b336778c1a859d418a.safeframe.googlesyndication.com,0.0,googlesyndication.com
support.aidemy.net,1.0,aidemy.net
minainn.com,1.0,minainn.com
lelivrepourarreterdefumer.com,1.0,lelivrepourarreterdefumer.com
72k6ns9a6uz72vsdgi63taq6eilmnwguaegppusva7dfb11722b84996sac.d.aa.online-metrix.net,0.0,online-metrix.net
tesscastleman.com,1.0,tesscastleman.com
sdigoxtm.page.link,1.0,page.link
nasws.org.np,1.0,org.np
fs03n4.sendspace.com,1.0,sendspace.com
702f21c20178923370799bda01f79976.safeframe.googlesyndication.com,0.0,googlesyndication.com
inverex.com.pk,1.0,com.pk
72k6ns9aauodsk3tbtpgqp66e4wt5vwstyxu5wvl651f4aaba94e7a8fsac.d.aa.online-metrix.net,0.0,online-metrix.net
c90efa587f164ca68e6880851fd84829.fp.measure.office.com,0.0,office.com
wsxy.mnu.cn,0.0,mnu.cn
owtbsqruvcyml.sysu.edu.cn,0.0,edu.cn
test.earborist.com,1.0,earborist.com
kcpjsxuyrwfelka.sysu.edu.cn,0.0,edu.cn
zs-au1-lc1-h2.zoho.com.au,0.0,com.au
pa-yogyakarta.net,1.0,pa-yogyakarta.net
1551232783.docs.qq.com,0.0,qq.com
7d8bcd70641a45838084e7c2c7dc2e60.fp.measure.office.com,0.0,office.com
sqmmagnv.page.link,1.0,page.link
w4dasvdildgkayu7orca-f-8be7c83e2-clientnsv4-s.akamaihd.net,0.0,akamaihd.net
getmega.net,1.0,getmega.net
iqlmvoiet.sysu.edu.cn,0.0,edu.cn
vgwozvcm.page.link,1.0,page.link
iscnvoyyore.sysu.edu.cn,0.0,edu.cn
qmul-ac-uk.zoom.us,0.0,zoom.us
egocom.com.mx,1.0,com.mx
sujanto.id,1.0,sujanto.id
bo0king.blogspot.com,1.0,blogspot.com
alasar.com.pk,1.0,com.pk
auseal.com.au,1.0,com.au
resutanur.blogspot.com,1.0,blogspot.com
a289d20ed6ca9a720aba5033a0ae256b6.profile.fra2-c1.cloudfront.net,0.0,cloudfront.net
dekomtezgah.com,1.0,dekomtezgah.com
beiyllxh.page.link,1.0,page.link
padlet-uploads.storage.googleapis.com,1.0,googleapis.com
dulcettieolic.com.br,1.0,com.br
celebtribune.com,1.0,celebtribune.com
baitangmeigui.taobao.com,0.0,taobao.com
dimelabs.io,1.0,dimelabs.io
westcommerce.com.br,1.0,com.br
medicalsoft.ec,1.0,medicalsoft.ec
srdm.in,1.0,srdm.in
hongking542-1321530550.cos.ap-hongkong.myqcloud.com,1.0,myqcloud.com
penaindonesia.net,1.0,penaindonesia.net
fifa20.service.easports.com,0.0,easports.com
cmacked.com,0.0,cmacked.com
baladikas.com.br,1.0,com.br
proalsa-sa.com,1.0,proalsa-sa.com
gsmis.nuaa.edu.cn,0.0,edu.cn
ifijkcul.page.link,1.0,page.link
zxmee.com,0.0,zxmee.com
speednettelecom.com.br,1.0,com.br
senticorpsale.com,1.0,senticorpsale.com
focusgene-app-1257647777.file.myqcloud.com,0.0,myqcloud.com
naturessupplementsusa.com,1.0,naturessupplementsusa.com
powerthruconsulting.com,1.0,powerthruconsulting.com
consulting-dms.com,1.0,consulting-dms.com
forextradings.net,1.0,forextradings.net
mcqzfufb.page.link,1.0,page.link
tenshimarketing.com,1.0,tenshimarketing.com
uc2785eef775b6a9355a2f0073ea.dl.dropboxusercontent.com,1.0,dropboxusercontent.com
tpwrr.nieer.cas.cn,0.0,cas.cn
hpiflogistics.com,1.0,hpiflogistics.com
yimo123495.lofter.com,0.0,lofter.com
trevcoproductions.com,1.0,trevcoproductions.com
www.saltwire.com,0.0,saltwire.com
dracmarecords.com,1.0,dracmarecords.com
iacademy.fit,1.0,iacademy.fit
vietsportscience.com,1.0,vietsportscience.com
doubleclick.ctfile.com,0.0,ctfile.com
ldqxxszy.page.link,1.0,page.link
telefonteknik.se,1.0,telefonteknik.se
conecthosting.top,1.0,conecthosting.top
only-848923-183-6-9-101.nstool.netease.com,0.0,netease.com
mywinthropcondo.com,1.0,mywinthropcondo.com
plastifikacijametala.com,1.0,plastifikacijametala.com
179527.com,1.0,179527.com
cedixperu.com,1.0,cedixperu.com
m.sfacg.com,0.0,sfacg.com
w4dasvfydozewyu65hoa-f-100109b92-clientnsv4-s.akamaihd.net,0.0,akamaihd.net
lamda.nju.edu.cn,0.0,edu.cn
kjc.hunnu.edu.cn,0.0,edu.cn
famesa.com.ar,1.0,com.ar
8ba0f7260332471ab08851fda0fec4a6.fp.measure.office.com,0.0,office.com
nsicon2022.com,1.0,nsicon2022.com
125.21.216.52.sbl.spamhaus.org,0.0,spamhaus.org
po.csrcpall.com,1.0,csrcpall.com
scholarship.richmond.edu,0.0,richmond.edu
c37864a548d8414994d2f7bfdce6b239.fp.measure.office.com,0.0,office.com
dearninsurance.in,1.0,dearninsurance.in
www.buddhismuskunde.uni-hamburg.de,0.0,uni-hamburg.de
sfulinzi.gva.co.tz,1.0,co.tz
cragency.net,1.0,cragency.net
ekitag.com,1.0,ekitag.com
a-rpetroleservice.com,1.0,a-rpetroleservice.com
sel.pcauto.com.cn,0.0,com.cn
nejm.com.sa,1.0,com.sa
gardening.guide,1.0,gardening.guide
ircftp.net,1.0,ircftp.net
crlisozc.page.link,1.0,page.link
lgincdnmsftuswe2.afd.azureedge.net,0.0,azureedge.net
b0ce23232ba594c244cf7deaf69dc82d.safeframe.googlesyndication.com,0.0,googlesyndication.com
b03fc088ddedd08ec464a52aea09ad8d.safeframe.googlesyndication.com,0.0,googlesyndication.com
samacademia.com,1.0,samacademia.com
hightaste.net,0.0,hightaste.net
ahinfotechusa.com,1.0,ahinfotechusa.com
duadzfrh.page.link,1.0,page.link
melinternationalschool.co.za,1.0,co.za
appointcenter.com,1.0,appointcenter.com
xragracini.com.ng,1.0,com.ng
rwxwrlv.sysu.edu.cn,0.0,edu.cn
kasxvfgq.page.link,1.0,page.link
copainbar.com,1.0,copainbar.com
shzuni.com,1.0,shzuni.com
ebaeuropacontrol.com,1.0,ebaeuropacontrol.com
katsuamber.site,1.0,katsuamber.site
vrbt-yrjy.oss-cn-chengdu.aliyuncs.com,0.0,aliyuncs.com
cfv.faqserv.com,1.0,faqserv.com
d3275068113442628968-t7886798658369965327.id.amgdgt.com,0.0,amgdgt.com
rtcprojects.ie,1.0,rtcprojects.ie
mesonrisa.com,1.0,mesonrisa.com
wagonslearning.net,1.0,wagonslearning.net
bnmghzvigteejv.sysu.edu.cn,0.0,edu.cn
nevadahiindianapolis.clicktocall.us,1.0,clicktocall.us
adleh.mrface.com,1.0,mrface.com
ais-npr-p-edgeload-10zklk4a8us5s-2005110604.us-west-2.elb.amazonaws.com,0.0,amazonaws.com
4c90f68a3b0cfdf8bb85a6a4c777d4b6.safeframe.googlesyndication.com,0.0,googlesyndication.com
techrootsweb.in,1.0,techrootsweb.in
84cf2e82e8c89684dbea459b427300b7.safeframe.googlesyndication.com,0.0,googlesyndication.com
first7starhotelsrilanka.com,1.0,first7starhotelsrilanka.com
constructorarise.com,1.0,constructorarise.com
adlsfa.mynetav.org,1.0,mynetav.org
adl-a.vizvaz.com,1.0,vizvaz.com
dikwsuqq.page.link,1.0,page.link
ab.oiu.edu.sd,1.0,edu.sd
seeprime.tv,1.0,seeprime.tv
nevadaartopeka.ezon.uk,1.0,ezon.uk
want2beme.com,1.0,want2beme.com
nexcreations.com.sg,1.0,com.sg
bestbondcleaning.com.au,1.0,com.au
fortclean.net,1.0,fortclean.net
cynshare.com,1.0,cynshare.com
constrowins.eng.br,1.0,eng.br
31.sysu.edu.cn,0.0,edu.cn
native.cnr.cn,0.0,cnr.cn
jivkiltica.sysu.edu.cn,0.0,edu.cn
w4dasvfygntbgyu6ibfq-f-032d08958-clientnsv4-s.akamaihd.net,0.0,akamaihd.net
forum.worldoftanks.asia,0.0,worldoftanks.asia
www.contact.nespresso.com,0.0,nespresso.com
zj2fdlixfqz3eyu6sxkq-f-abeace34f-clientnsv4-s.akamaihd.net,0.0,akamaihd.net
m.bz.bendibao.com,0.0,bendibao.com
uaqetpkz.sysu.edu.cn,0.0,edu.cn
adl-bbs.vizvaz.com,1.0,vizvaz.com
sahmnl.faqserv.com,1.0,faqserv.com
hsrqjwum.page.link,1.0,page.link
landscapersindubai.com,1.0,landscapersindubai.com
jt.ximalaya.com,0.0,ximalaya.com
long-term-investments.sysu.edu.cn,0.0,edu.cn
zrzyghj.ahsz.gov.cn,0.0,gov.cn
sahmn.faqserv.com,1.0,faqserv.com
centremedicalmorepont.ch,1.0,centremedicalmorepont.ch
gvhpgkzs.page.link,1.0,page.link
f104c672e5da13e765021734ab693caa.safeframe.googlesyndication.com,0.0,googlesyndication.com
bb64a51540fa9a79af48f34cdc2018ed.safeframe.googlesyndication.com,0.0,googlesyndication.com
oese.suda.edu.cn,0.0,edu.cn
trademark.iglesiaelarca.com,1.0,iglesiaelarca.com
JDqNTiLoMH4.dbl.spamhaus.org,0.0,spamhaus.org
120-236-174-209_s-23-215-101-33_ts-1654567201-clienttons-s.akamaihd.net,0.0,akamaihd.net
p4-fgijxwmdrydu2-lhkua67vvcz25yya-if-v6exp3-v4.metric.gstatic.com,0.0,gstatic.com
atlanticlineshipping26.com,1.0,atlanticlineshipping26.com
www86.hattrick.org,0.0,hattrick.org
pngtssp.com,1.0,pngtssp.com
hooverrepairservicecenterauthorized.com,1.0,hooverrepairservicecenterauthorized.com
alexboatsrental.com,1.0,alexboatsrental.com
917598a72c14b3c4233d6aff51edaf68.safeframe.googlesyndication.com,0.0,googlesyndication.com
2bc308828a19a6d8faca0ffbc9b0e030.safeframe.googlesyndication.com,0.0,googlesyndication.com
dawnlineltd.com,1.0,dawnlineltd.com
mafuliyadevimm.in,1.0,mafuliyadevimm.in
dfgkmtiqiopi.sysu.edu.cn,0.0,edu.cn
0ffcf9a80b0840ee9838f0473a3b6661.fp.measure.office.com,0.0,office.com
oxhfhnrehab.sysu.edu.cn,0.0,edu.cn
f09cf50eb88f459c81344f8ddb80381f.fp.measure.office.com,0.0,office.com
zoomiadlu213zc.iad.zoom.us,0.0,zoom.us
jcpaintingcompanyllc.com,1.0,jcpaintingcompanyllc.com
essentagro.com.br,1.0,com.br
thejojostores.com,1.0,thejojostores.com
pva.layout.oystergardens.us,1.0,oystergardens.us
znjeprwj.page.link,1.0,page.link
97.138.166.83.sbl.spamhaus.org,0.0,spamhaus.org
191566-ipv4e.farm.dprodmgd105.aa-rt.sharepoint.com,0.0,sharepoint.com
24437af7d6e844718d7c882c30b6ba1d.fp.measure.office.com,0.0,office.com
maps.google.com.mx,0.0,com.mx
tditjuva.page.link,1.0,page.link
elsantotomesino.com.ar,1.0,com.ar
bornomalaschool.org,1.0,bornomalaschool.org
um.hd.sohu.com,0.0,sohu.com
subirat.net,1.0,subirat.net
lippi-space-sg.oss-accelerate.aliyuncs.com,0.0,aliyuncs.com
autodiscover.nus.edu.sg,0.0,edu.sg
autumnagedcare.com.au,1.0,com.au
onlinequranforkids.com,1.0,onlinequranforkids.com
tht13.gallerycdn.azure.cn,0.0,azure.cn
vioxgkpr.page.link,1.0,page.link
boosterjp.co,1.0,boosterjp.co
ukwestcns-prod-36.ukwest.cloudapp.azure.com,0.0,azure.com
kreedcssg3.temp.swtest.ru,1.0,swtest.ru
telusgroup.co,1.0,telusgroup.co
lenkang.com,1.0,lenkang.com
sxdqhntzpxezyy.sysu.edu.cn,0.0,edu.cn
securecashapp.com,1.0,securecashapp.com
natapp.cn,0.0,natapp.cn
pennynext.com,1.0,pennynext.com
8dbfe7adce90b3c2b5165f0c14851796.safeframe.googlesyndication.com,0.0,googlesyndication.com
bobkelsofan.com,1.0,bobkelsofan.com
jpkc.qust.edu.cn,0.0,edu.cn
norcantec.com.ar,1.0,com.ar
drl.com.mx,1.0,com.mx
ads.fartit.com,1.0,fartit.com
75f84a70b92840b3b0af2552fbaee533.fp.measure.office.com,0.0,office.com
3244287687.docs.qq.com,0.0,qq.com
lv.game.qq.com.tcdn.qq.com,0.0,qq.com
bcymbaun.page.link,1.0,page.link
700fd776f066c0a9f45c5ba9742c09f8.rdt.tfogc.com,0.0,tfogc.com
hunan.ifeng.com,0.0,ifeng.com
api.panzend.xyz,0.0,panzend.xyz
xcx.koolearn.com,0.0,koolearn.com
yyqebgqkagbpl.sysu.edu.cn,0.0,edu.cn
img.it610.com,0.0,it610.com
uimtbd.com,1.0,uimtbd.com
taxntax.in,1.0,taxntax.in
microsecurityupdate.com,1.0,microsecurityupdate.com
88877d3a988800779d0d35c0967ceab8.safeframe.googlesyndication.com,0.0,googlesyndication.com
jaimemcgee.top,1.0,jaimemcgee.top
omal.in,1.0,omal.in
w4dasvaxfdy2syu7d2ka-f-7a705aa50-clientnsv4-s.akamaihd.net,0.0,akamaihd.net
muyplyep.page.link,1.0,page.link
perfectwheels.com.sg,1.0,com.sg
adl-aq.mrface.com,1.0,mrface.com
98cd66124e382f0627092b1eb156b142.safeframe.googlesyndication.com,0.0,googlesyndication.com
apk-1251952132.file.myqcloud.com,0.0,myqcloud.com
peoplestechpark.com,1.0,peoplestechpark.com
paste.ee,1.0,paste.ee
rkpiimya.page.link,1.0,page.link
w4dasvfydh7hqyu63sda-f-bb5f55bd1-clientnsv4-s.akamaihd.net,0.0,akamaihd.net
aarzu.com.pk,1.0,com.pk
thswjoveyn.sysu.edu.cn,0.0,edu.cn
44a8e18015d04cfd8d3ef90585562ed7.fp.measure.office.com,0.0,office.com
holyangelskhandala.com,1.0,holyangelskhandala.com
rangebd.com,1.0,rangebd.com
dubovoy.news,1.0,dubovoy.news
dmhcrlxw.page.link,1.0,page.link
360vr-amyade.com,1.0,360vr-amyade.com
c956ac52e2549b9a0b5f96bc37272bf2.safeframe.googlesyndication.com,0.0,googlesyndication.com
9op3rj1ksp5i3hvu3gfzwixpmwpe21654597296.nuid.imrworldwide.com,0.0,imrworldwide.com
w4dasvfydj7usyu6sdpa-f-6e108c8d6-clientnsv4-s.akamaihd.net,0.0,akamaihd.net
e41ea94994e84305b4eae9b7c47c0f97.fp.measure.office.com,0.0,office.com
smtp.mial2.sysu.edu.cn,0.0,edu.cn
blue-digital.net,1.0,blue-digital.net
olxshop.com,1.0,olxshop.com
d1bvpoagx8hqbg.cloudfront.net,0.0,cloudfront.net
pdwk5wixedwtwyu6usaa-pirufo-92c560a0e-clientnsv4-s.akamaihd.net,0.0,akamaihd.net
b092173d23f84209bc15278fb7e6acce.fp.measure.office.com,0.0,office.com
ninapodiatry.co.uk,1.0,co.uk
games-database.com,0.0,games-database.com
w4dasvcninkvqyu7dpba-f-b8492a9b5-clientnsv4-s.akamaihd.net,0.0,akamaihd.net
nggproxy.3g.qq.com,0.0,qq.com
fundapp.com.ng,1.0,com.ng
pg88pastimenang.com,1.0,pg88pastimenang.com
fca03e425cbc4135ac9ede5110ca288c.fp.measure.office.com,0.0,office.com
jbsa111.oss-accelerate.aliyuncs.com,1.0,aliyuncs.com
r1---sn-h5ugpm-jb36.gvt1.com,0.0,gvt1.com
ioscdn.kugou.com,0.0,kugou.com
d-28762735791137830482.ampproject.net,0.0,ampproject.net
damnafricawhathappened.sysu.edu.cn,0.0,edu.cn
manhua.weibo.com,0.0,weibo.com
hqdouyil.page.link,1.0,page.link
liputan68.com,1.0,liputan68.com
hanbichnepal.com,1.0,hanbichnepal.com
m.amoad.com,0.0,amoad.com
modatrends.nl,1.0,modatrends.nl
289220c6ab5325e4ec38854db52716f9.safeframe.googlesyndication.com,0.0,googlesyndication.com
roexperts.in,1.0,roexperts.in
www553.ff-02.com,0.0,ff-02.com
ieltspreparationbd.com,1.0,ieltspreparationbd.com
bellebutik.com.tr,1.0,com.tr
lsszqmail.sysu.edu.cn,0.0,edu.cn
sadldh.mrface.com,1.0,mrface.com
nittyonotun.com,1.0,nittyonotun.com
updates.ultimate-fakkers.co.network,1.0,co.network
w4dasvaxemniqyu6f3ca-f-fd20016b8-clientnsv4-s.akamaihd.net,0.0,akamaihd.net
yiceqemi.page.link,1.0,page.link
bafybeif7wcmkkzbhbj6a7ssytkb6t35kh25brs3amtfck6qk4vkwhvoldq.ipfs.infura-ipfs.io,0.0,infura-ipfs.io
download.asyncfox.xyz,1.0,asyncfox.xyz
6546795e142d1cc6b667017e15c158ac.safeframe.googlesyndication.com,0.0,googlesyndication.com
spenden.procamp.org,1.0,procamp.org
gppcloud.com,1.0,gppcloud.com
mercyconsultancyhq.com,1.0,mercyconsultancyhq.com
lfuqeinfpo.sysu.edu.cn,0.0,edu.cn
xlzpckdc.sysu.edu.cn,0.0,edu.cn
adlihh.itsaol.com,1.0,itsaol.com
eaaqeubqairyajqacql6qaaaabrj5i4x-psyo85-c406f5780-clienttons-s.akamaihd.net,0.0,akamaihd.net
greentechelectric.eu,1.0,greentechelectric.eu
litter.catbox.moe,1.0,catbox.moe
acesseinfo.com.br,1.0,com.br
ootojvxy.page.link,1.0,page.link
c5222aaed1a44d98b321c810c2fa6531.fp.measure.office.com,0.0,office.com
ejsqmejgqbd.sysu.edu.cn,0.0,edu.cn
aedmfgpq.page.link,1.0,page.link
e9a1f8c9a89aced35aaf98771c95c84f.safeframe.googlesyndication.com,0.0,googlesyndication.com
357494490519f85afec6569f5a7ea0d4.safeframe.googlesyndication.com,0.0,googlesyndication.com
alumni.hnu.edu.cn,0.0,edu.cn
eco.cctv.com,0.0,cctv.com
fivlatam.com,1.0,fivlatam.com
ithembatrainingcollege.co.za,1.0,co.za
jekinformatica.com.br,1.0,com.br
tcnj.edu,0.0,tcnj.edu
abcomunicacionesperu.com,1.0,abcomunicacionesperu.com
link001.wo1wan.com,0.0,wo1wan.com
I7WsQD9sSdMDmj84_my.dbl.spamhaus.org,0.0,spamhaus.org
moj.gjzwfw.gov.cn,0.0,gov.cn
11d7b96387a34290a932d357383f1bf7.fp.measure.office.com,0.0,office.com
clt.ixd.dmm.com,0.0,dmm.com
hypospray.com,1.0,hypospray.com
viewhome.com.vn,1.0,com.vn
angga-weblog.sysu.edu.cn,0.0,edu.cn
eksad.com,1.0,eksad.com
alipay-os.oss-cn-hangzhou-zmf.aliyuncs.com,0.0,aliyuncs.com
gateway-front.nio.com,0.0,nio.com
partotaprayan.ir,1.0,partotaprayan.ir
wzfqirvc.sysu.edu.cn,0.0,edu.cn
sqnhzswq.page.link,1.0,page.link
mediatrends.live,1.0,mediatrends.live
7.191.51.210.sbl.spamhaus.org,0.0,spamhaus.org
law.iask.com,0.0,iask.com
vivafitnessgym.com,1.0,vivafitnessgym.com
berriesgroupofhotels.com,1.0,berriesgroupofhotels.com
divaitfaiye.com,1.0,divaitfaiye.com
w4dasvax2cgcgyu7mwxa-f-ed145b537-clientnsv4-s.akamaihd.net,0.0,akamaihd.net
cf3f366a7714509e439805517d02a3ae.safeframe.googlesyndication.com,0.0,googlesyndication.com
fundatiispeciale.ro,1.0,fundatiispeciale.ro
skin.browser.qq.com,0.0,qq.com
pms.obo.co.ke,1.0,co.ke
jciewmj.sysu.edu.cn,0.0,edu.cn
en.hsss.ustc.edu.cn,0.0,edu.cn
dst.faqserv.com,1.0,faqserv.com
w4dasvfygoo5iyu66l7q-f-ff22fb71b-clientnsv4-s.akamaihd.net,0.0,akamaihd.net
w4das2limhndeyu6wuza-f-199171558-clientnsv4-s.akamaihd.net,0.0,akamaihd.net
rsmfactsolutionescolegiofin.eastus2.cloudapp.azure.com,1.0,azure.com
only-700428-112-96-179-189.nstool.netease.com,0.0,netease.com
bndw.atlasvpn.com,0.0,atlasvpn.com
mspconstructions.com,1.0,mspconstructions.com
infocuankerajaan.co,1.0,infocuankerajaan.co
moba.fp.ps.netease.com,0.0,netease.com
rr1---sn-q4flrnlz.googlevideo.com,0.0,googlevideo.com
w4dasvax2cgcgyu7fwaq-f-38581aeb6-clientnsv4-s.akamaihd.net,0.0,akamaihd.net
whitehouseline.com,1.0,whitehouseline.com
coadymarine.com,1.0,coadymarine.com
indianaarmadison.m-a-i-l-l-o-t.com,1.0,m-a-i-l-l-o-t.com
www.lotuskshetri.com.np,1.0,com.np
dwi-survey.stb.web.id,1.0,web.id
kyxfpvas.page.link,1.0,page.link
homed.snssdk.com,0.0,snssdk.com
ultimaterewardspoints.chase.com,0.0,chase.com
s5agencyworld.co.uk,1.0,co.uk
5d19c0e10626b59ef7c125905a9efd73.safeframe.googlesyndication.com,0.0,googlesyndication.com
labs.zol.com.cn,0.0,com.cn
kdvitywizlbvg.tendawifi.com,0.0,tendawifi.com
rokket.space,1.0,rokket.space
1711535360.docs.qq.com,0.0,qq.com
imperialsociety.co.ke,1.0,co.ke
flashnewsbensedira.com,1.0,flashnewsbensedira.com
promenade.com.my,1.0,com.my
onxctpgo.sysu.edu.cn,0.0,edu.cn
img-hw.xnxx-cdn.com,0.0,xnxx-cdn.com
vietlegal.us,1.0,vietlegal.us
short.pay.weixin.qq.com,0.0,qq.com
cxpmbxrueo.sysu.edu.cn,0.0,edu.cn
nmcmm.wmu.edu.cn,0.0,edu.cn
chashni.co,1.0,chashni.co
themars.pk,1.0,themars.pk
biz-deal.net,1.0,biz-deal.net
jmai.com.na,1.0,com.na
zwfwdt.tobacco.gov.cn,0.0,gov.cn
72k6ns9ahw3mkmke3yshlnoxgsiqnsjjazdepcle809abcb506f5f539sac.d.aa.online-metrix.net,0.0,online-metrix.net
cnom.sante.gov.ml,1.0,gov.ml
mqrybqck.page.link,1.0,page.link
fcc5e36a1147526c4d0962f475359709.safeframe.googlesyndication.com,0.0,googlesyndication.com
5cc2ab83b059aaa2f071dbee824e285e.safeframe.googlesyndication.com,0.0,googlesyndication.com
accacn.custhelp.com,0.0,custhelp.com
f19ffa5933544f90a0a5b56c27c1c080.fp.measure.office.com,0.0,office.com
miyaru.co.ke,1.0,co.ke
sst.dell.com,0.0,dell.com
mailg.sysu.edu.cn,0.0,edu.cn
5ce0510f07ba4c889c7558388ce20bab.fp.measure.office.com,0.0,office.com
fa.sah.com.pk,1.0,com.pk
preprod.lelit.fr,1.0,lelit.fr
pc.grpc.xnet.sandai.net,0.0,sandai.net
34-214-162-221-pushcl.np.communication.playstation.net,0.0,playstation.net
www.iir.titech.ac.jp,0.0,ac.jp
fz.lianjia.com,0.0,lianjia.com
dksi.co.id,1.0,co.id
zugusvxm.page.link,1.0,page.link
xe2larebelde.com,1.0,xe2larebelde.com
132xz-1319111867.cos.ap-beijing.myqcloud.com,1.0,myqcloud.com
cnt.sync.oystergardens.club,1.0,oystergardens.club
5e21d1c0fd93b62cce8d2660558c2671.safeframe.googlesyndication.com,0.0,googlesyndication.com
s0.cp.360.cn,0.0,360.cn
dcaeec78101c55db05bfced9e52c40209994c170.ime.galileo.baidu.com,0.0,baidu.com
ctisupplies.co.ke,1.0,co.ke
ayrintiyapi.com,1.0,ayrintiyapi.com
verotools.com,1.0,verotools.com
lvumu.novelty.akibacreative.com,1.0,akibacreative.com
berndgillich.sysu.edu.cn,0.0,edu.cn
adhiusahakencanalestari.com,1.0,adhiusahakencanalestari.com
59877fa9ed5361b72ba4fc7b2a2056ec.safeframe.googlesyndication.com,0.0,googlesyndication.com
gorgeous-gorgeouslady.sysu.edu.cn,0.0,edu.cn
portmarine.co.tz,1.0,co.tz
kompromat1.press,1.0,kompromat1.press
z.dangdang.com,0.0,dangdang.com
static.nd.edu,0.0,nd.edu
2047837033.docs.qq.com,0.0,qq.com
lightdigital-consult.cd,1.0,lightdigital-consult.cd
93c9a635b89449559a176704078faf13.fp.measure.office.com,0.0,office.com
jrmavqbnky.sysu.edu.cn,0.0,edu.cn
cjgqhbrtrwbdnxw.sysu.edu.cn,0.0,edu.cn
primlypremiumsolutions.com.ng,1.0,com.ng
abhiyandainik.com,1.0,abhiyandainik.com
napi.xdf.cn,0.0,xdf.cn
sempresophia.com,1.0,sempresophia.com
f0904b6ace5c443da7b65d31275c285a.fp.measure.office.com,0.0,office.com
cmtllogistics.co.tz,1.0,co.tz
8ad5252237f14e9792b5a9ce9f6fe3c4.fp.measure.office.com,0.0,office.com
pax-anders.de,1.0,pax-anders.de
pbqqzupt.page.link,1.0,page.link
snsps.suning.com,0.0,suning.com
domiposao.com,1.0,domiposao.com
www.wajuejin.com,0.0,wajuejin.com
sparrowsport.in,1.0,sparrowsport.in
122e3a83c01d460dd2ac3d26cf3b955f.safeframe.googlesyndication.com,0.0,googlesyndication.com
uiyakbyu.page.link,1.0,page.link
pqzedteh.page.link,1.0,page.link
e8c8fbeb82d249cbbbdd878787fbdeb4.fp.measure.office.com,0.0,office.com
only-894132-120-236-174-218.nstool.netease.com,0.0,netease.com
jetpack.wordpress.com,0.0,wordpress.com
bestpricesa.com,1.0,bestpricesa.com
usa-puravive-official.com,1.0,usa-puravive-official.com
u.lingnan.sysu.edu.cn,0.0,edu.cn
abdulkhaleque.in,1.0,abdulkhaleque.in
2883299191-server.va.huya.com,0.0,huya.com
t3460756475078588869.id.amgdgt.com,0.0,amgdgt.com
events.apple.com,0.0,apple.com
cmzzdasm.page.link,1.0,page.link
www.airbnb.com.ar,0.0,com.ar
rxsibje.sysu.edu.cn,0.0,edu.cn
hik-us-dc3.hikvision.com,0.0,hikvision.com
1251542705.vod2.myqcloud.com,0.0,myqcloud.com
technopark.com.pk,1.0,com.pk
13940g40.secure0119.hubspot.net,0.0,hubspot.net
michaelcoleman.icu,1.0,michaelcoleman.icu
cas.faqserv.com,1.0,faqserv.com
maxsave.cfd,1.0,maxsave.cfd
yare.africa,1.0,yare.africa
themarijuanashow.com,1.0,themarijuanashow.com
myfaithcare.com,1.0,myfaithcare.com
squarespace-cdn.com,0.0,squarespace-cdn.com
tengface-live-user.oss-cn-shenzhen.aliyuncs.com,0.0,aliyuncs.com
webtv24.org,1.0,webtv24.org
a8299f3c4fd6a38be1b71764c0044e58.safeframe.googlesyndication.com,0.0,googlesyndication.com
bingemail2.azureedge.net,0.0,azureedge.net
zj2fdngm5xghoyu7bxna-f-8f35ef572-clientnsv4-s.akamaihd.net,0.0,akamaihd.net
apps.saintsoporte.com,1.0,saintsoporte.com
rtpptbola.com,1.0,rtpptbola.com
coopec-2sftogo.com,1.0,coopec-2sftogo.com
wtcfvhia.page.link,1.0,page.link
bc87c7a9646f3cc196cf1062a16bae42.safeframe.googlesyndication.com,0.0,googlesyndication.com
58.193.92.52.sbl.spamhaus.org,0.0,spamhaus.org
tsmedia.id,1.0,tsmedia.id
ea.sycdn.kuwo.cn,0.0,kuwo.cn
a-0.19-a3000081.0.170c.c6b.3ea5.210.0.33ukir4mjebf9bw7tcertvdu7v.avts.mcafee.com,0.0,mcafee.com
pmcpak.com,1.0,pmcpak.com
mobile.covid-alzawraa-lab.com,1.0,covid-alzawraa-lab.com
eaaq3kbacyzeajqacqlxqaaaabrj5lx7-pgh2gs-fd890e524-clienttons-s.akamaihd.net,0.0,akamaihd.net
celiklergoldtasarim.com,1.0,celiklergoldtasarim.com
tesanopalacehostel.com,1.0,tesanopalacehostel.com
img.proxies.world,1.0,proxies.world
ekajxaqmuzpihl.sysu.edu.cn,0.0,edu.cn
gapernas.com,1.0,gapernas.com
rfqgc.2023.ebeenj.com,1.0,ebeenj.com
greenglobalbenefittrade.com,1.0,greenglobalbenefittrade.com
dqwwmgyuerwb.sysu.edu.cn,0.0,edu.cn
hwbfyw.dm.files.1drv.com,0.0,1drv.com
maalaminkemiling.com,1.0,maalaminkemiling.com
97fc01f4e5b7c68f35ded46c01e16e63.safeframe.googlesyndication.com,0.0,googlesyndication.com
a97d2d08ae482aaf0dd917356b36d8a0.safeframe.googlesyndication.com,0.0,googlesyndication.com
weather-data.apple.com,0.0,apple.com
codoorcdn.oss-cn-hangzhou.aliyuncs.com,0.0,aliyuncs.com
jornalnovaepoca.com.br,1.0,com.br
na-ab47.marketo.com,0.0,marketo.com
oosrhctijgtw.sysu.edu.cn,0.0,edu.cn
articblue.eu,1.0,articblue.eu
formalsports.com,1.0,formalsports.com
a3c1336c8327455fbef5d95fba3c0f7a.fp.measure.office.com,0.0,office.com
hseferi-ks.com,1.0,hseferi-ks.com
iwanttoknow.live,1.0,iwanttoknow.live
agenzia.servebeer.com,1.0,servebeer.com
points.115.com,0.0,115.com
m.xhsz.news.cn,0.0,news.cn
psyperceive.com,1.0,psyperceive.com
27.74.92.182.sbl.spamhaus.org,0.0,spamhaus.org
72k6ns9aufqwscbwahcxbhyslzk6gwb7wfpm5ng68c670e31f038c535sac.d.aa.online-metrix.net,0.0,online-metrix.net
support.clz.kr,1.0,clz.kr
b891237b1e7b4d649ab40f4ec4a205dd.fp.measure.office.com,0.0,office.com
080336e8f869cd86c3d8111cceff7939.safeframe.googlesyndication.com,0.0,googlesyndication.com
186.229.152.61.sbl.spamhaus.org,0.0,spamhaus.org
cbade.hkbu.edu.hk,0.0,edu.hk
saudevip.com,1.0,saudevip.com
srb.faqserv.com,1.0,faqserv.com
btdavidclinic.rw,1.0,btdavidclinic.rw
35-155-239-199-pushcl.np.communication.playstation.net,0.0,playstation.net
gobo11fc.top,1.0,gobo11fc.top
zhlylawyer.66law.cn,0.0,66law.cn
outlook-prod-westeurope-1-1.westeurope.cloudapp.azure.com,0.0,azure.com
p39-calendars.icloud.com,0.0,icloud.com
polisci.mit.edu,0.0,mit.edu
pentasupplies.com,1.0,pentasupplies.com
qhkj-release.oss-cn-hangzhou.aliyuncs.com,0.0,aliyuncs.com
igpastpapers.com,1.0,igpastpapers.com
vinhos.grandcru.com.br,1.0,com.br
tgcinternational.net,1.0,tgcinternational.net
twuvawnh.page.link,1.0,page.link
7c04d99c2a2f054d8a9a3cbfae82a448.safeframe.googlesyndication.com,0.0,googlesyndication.com
moeve-schmelz.de,1.0,moeve-schmelz.de
esd.faqserv.com,1.0,faqserv.com
www.wsi.uni-tuebingen.de,0.0,uni-tuebingen.de
gcxogcbuz.sysu.edu.cn,0.0,edu.cn
labour.gov.za,0.0,gov.za
jmbordados.com.br,1.0,com.br
poa.2023.ebeenj.com,1.0,ebeenj.com
55426fc4220f4d3f8ec7138a66c9d4cc.fp.measure.office.com,0.0,office.com
dh.360kan.com,0.0,360kan.com
newcareerconsultancy.in,1.0,newcareerconsultancy.in
flexoz.com.au,1.0,com.au
taxnewmon.blogspot.com,1.0,blogspot.com
w4dasvax373seyu6jvca-f-f461ff82f-clientnsv4-s.akamaihd.net,0.0,akamaihd.net
ufozilyjxqbfwi.sysu.edu.cn,0.0,edu.cn
sector7.fun,1.0,sector7.fun
72k6ns9akyc2qqmndli4m32xfhd4lsckrsid7rgeef7d50fa11f0a8c7sac.d.aa.online-metrix.net,0.0,online-metrix.net
0b38abb016a1c7654d46770c0d77d2bc.safeframe.googlesyndication.com,0.0,googlesyndication.com
c86ec2becb6ceeb410a77c227b741c01.safeframe.googlesyndication.com,0.0,googlesyndication.com
ubezpieczeniawalczyk.pl,1.0,ubezpieczeniawalczyk.pl
rnpn.result.garrettcountygranfondo.org,1.0,garrettcountygranfondo.org
ad18b456c21844ddb289c5a657a63d43.fp.measure.office.com,0.0,office.com
va.cmbc.com.cn,0.0,com.cn
privateproxy.scut.edu.cn,0.0,edu.cn
menhu.cnki.net,0.0,cnki.net
pardoselprado.com,1.0,pardoselprado.com
spacetrack.co.tz,1.0,co.tz
r1---sn-i3belnl7.c.2mdn.net,0.0,2mdn.net
azo-freeware.sysu.edu.cn,0.0,edu.cn
ppbahqpa.page.link,1.0,page.link
d9y2r2msyxru0.cloudfront.net,0.0,cloudfront.net
ipikm7.com,1.0,ipikm7.com
growrichs.com,1.0,growrichs.com
98025d75e101b34b4ba5b54fcaa03a32.safeframe.googlesyndication.com,0.0,googlesyndication.com
sublimelogistics.com.pk,1.0,com.pk
korayustundag.com,1.0,korayustundag.com
albaraka.com.bd,1.0,com.bd
h171713.srv22.test-hf.su,1.0,test-hf.su
adloi.mrbasic.com,1.0,mrbasic.com
tmkkdknmylvja.sysu.edu.cn,0.0,edu.cn
www.bcmnursing.com,1.0,bcmnursing.com
businesscest.com.ng,1.0,com.ng
esdac.jrc.ec.europa.eu,0.0,europa.eu
cbg-dh2.res.netease.com,0.0,netease.com
pdwk5nixjspoayu6wsxa-pt2zlj-122fe6993-clientnsv4-s.akamaihd.net,0.0,akamaihd.net
only-428311-183-9-195-24.nstool.netease.com,0.0,netease.com
hoqvqilh.page.link,1.0,page.link
p42-fmip.icloud.com.cn,0.0,com.cn
rsmwaterproofing.com,1.0,rsmwaterproofing.com
a876302bf6c749598e7ccb0ec86b01cb.fp.measure.office.com,0.0,office.com
qizhixin.monday.com,0.0,monday.com
ngaa1w.lavacelullares.pro,1.0,lavacelullares.pro
portawest.com,1.0,portawest.com
external-media59.public.wnrtm-a-1.prod.infra.webex.com,0.0,webex.com
stcvalue.co.uk,1.0,co.uk
naflqml.gov.np,1.0,gov.np
ot-xhx.61.com,0.0,61.com
rereeti.files.wordpress.com,0.0,wordpress.com
sahmanb.dns05.com,1.0,dns05.com
beqweb.com,1.0,beqweb.com
3a30111c6798422ab9c502a939e48495.fp.measure.office.com,0.0,office.com
files5.uludagbilisim.com,1.0,uludagbilisim.com
marrakechchoralmeeting.ma,1.0,marrakechchoralmeeting.ma
thecadd.in,1.0,thecadd.in
productupdate.net,1.0,productupdate.net
480fc15e8dd44c73830713be6add8e56.fp.measure.office.com,0.0,office.com
crainys.com.au,1.0,com.au
powercomputer.net.co,1.0,net.co
sz2.fcloud.store.qq.com,0.0,qq.com
microstrong.blog.csdn.net,0.0,csdn.net
p33-quota.icloud.com,0.0,icloud.com
lb1.platformio.org,0.0,platformio.org
dcb96aba4c62854253d784a08f29a9fa.safeframe.googlesyndication.com,0.0,googlesyndication.com
5f0c3fd7e8184c0be463f8eee39af35d.safeframe.googlesyndication.com,0.0,googlesyndication.com
usmile.zhaopin.com,0.0,zhaopin.com
bf9276680cf0427297070f1c2a18b5ae.fp.measure.office.com,0.0,office.com
qgnk.cloudid.coffeeonboard.com,1.0,coffeeonboard.com
wudnzxro.page.link,1.0,page.link
wstatic.dcinside.com,0.0,dcinside.com
nehkvrts.page.link,1.0,page.link
profile.ngpvan.com,0.0,ngpvan.com
1f2d335323984ecb83597208c9265773.fp.measure.office.com,0.0,office.com
temes-tw.co,1.0,temes-tw.co
cycling-today.live,1.0,cycling-today.live
m.zuowen.yjbys.com,0.0,yjbys.com
fortunechina.oss-cn-hangzhou.aliyuncs.com,0.0,aliyuncs.com
7788cw.997788.com,0.0,997788.com
bursalambiri.com,1.0,bursalambiri.com
grupomotobel.com.br,1.0,com.br
onxcfjkd.page.link,1.0,page.link
mmredc.com,1.0,mmredc.com
bsfrtgrb.page.link,1.0,page.link
uxrrnqkh.page.link,1.0,page.link
creativekiwi.lk,1.0,creativekiwi.lk
paintbrush.sourceforge.net,0.0,sourceforge.net
ladymarine.com,1.0,ladymarine.com
40760be1afe64dad8876ba99524a7486.fp.measure.office.com,0.0,office.com
6b536cad2d987a01bba5cfe55bdb274c.dlied1.cdntips.net,0.0,cdntips.net
fastandeasypilotcarinsurance.com,1.0,fastandeasypilotcarinsurance.com
pic.coserbox.net,0.0,coserbox.net
londonmart-noida.com,1.0,londonmart-noida.com
baytarim.com,1.0,baytarim.com
72k6ns9aiclsjr7cmgks6m2hiiqi7p5antahfaxfb02b07d55c425b9bsac.d.aa.online-metrix.net,0.0,online-metrix.net
startvideoedition.com,1.0,startvideoedition.com
jjgklkrc.page.link,1.0,page.link
72k6ns9afkxxmuucjh356mfbhysl573ijezlrrxu118573def394d94fsac.d.aa.online-metrix.net,0.0,online-metrix.net
naturalfa.pt,1.0,naturalfa.pt
wccbnuqe.page.link,1.0,page.link
16545925959265acfc0ee8a8c5f143758697281a669e06792aeae23d.tmptrk.sensic.net,0.0,sensic.net
cn.taobao.com,0.0,taobao.com
kkidanap.page.link,1.0,page.link
westeuroper-notifyp.svc.ms,0.0,svc.ms
ccs.play.king.com,0.0,king.com
cid-121e0419085ef55f.users.storage.live.com,0.0,live.com
ipv6.www.so.com.tendawifi.com,0.0,tendawifi.com
73383eb3f6be40235f8cdaae7b706289.safeframe.googlesyndication.com,0.0,googlesyndication.com
987818b8e101c65a2379af40a7ff265b.safeframe.googlesyndication.com,0.0,googlesyndication.com
eead6113c59e4d38f111e12573bc139d.safeframe.googlesyndication.com,0.0,googlesyndication.com
bfjczcpe.page.link,1.0,page.link
hrd.jkb.co.id,1.0,co.id
onlinegratuitycalculator.com,1.0,onlinegratuitycalculator.com
savers24.com,1.0,savers24.com
ws-na.amazon-adsystem.com,0.0,amazon-adsystem.com
urn.org.pk,1.0,org.pk
virginiaiajackson.billsfamily.us,1.0,billsfamily.us
cest-carre.fr,1.0,cest-carre.fr
kgufewvstuw.sysu.edu.cn,0.0,edu.cn
zoomiadlr54mmr.iad.zoom.us,0.0,zoom.us
salarut.com,1.0,salarut.com
apissl.gifshow.com,0.0,gifshow.com
app-down.fp.ps.netease.com,0.0,netease.com
ns-pd.online.sh.cn,0.0,sh.cn
zedok.com.bd,1.0,com.bd
sahidserpong.com,1.0,sahidserpong.com
7816f63e882d4da9870bde73421e7616.fp.measure.office.com,0.0,office.com
trinetrapetroleum.com,1.0,trinetrapetroleum.com
30.107.162.52.sbl.spamhaus.org,0.0,spamhaus.org
lcyx.utibet.edu.cn,0.0,edu.cn
temptmag.com,1.0,temptmag.com
w4dasvaxij5gayu6ofxq-f-d1695655e-clientnsv4-s.akamaihd.net,0.0,akamaihd.net
69a8fcec7ade4999a074913e624322b8.fp.measure.office.com,0.0,office.com
manfredfohringer.de,1.0,manfredfohringer.de
adls.vizvaz.com,1.0,vizvaz.com
tvyteujzvlou.sysu.edu.cn,0.0,edu.cn
v3-cold.douyinvod.com,0.0,douyinvod.com
theselfcompassionproject.files.wordpress.com,0.0,wordpress.com
884499841-a8ebs1f113e74.rc03.oray.com,0.0,oray.com
marcocarola.uk,1.0,marcocarola.uk
outworktech.com,1.0,outworktech.com
gobo18cl.top,1.0,gobo18cl.top
atipakistan.org,1.0,atipakistan.org
93ed9a5e8c7149a9a5b6575972ae08f0.fp.measure.office.com,0.0,office.com
graphics.stanford.edu,0.0,stanford.edu
amanet-sector-6-zeus.ro,1.0,amanet-sector-6-zeus.ro
lkwh.sync.oystergardens.club,1.0,oystergardens.club
202-43-232-182_s-23-200-218-168_ts-1654586687-clienttons-s.akamaihd.net,0.0,akamaihd.net
solarselling.com.br,1.0,com.br
r1eu01.visualwebsiteoptimizer.com,0.0,visualwebsiteoptimizer.com
fromthetrenchesworldreport.com,1.0,fromthetrenchesworldreport.com
theonlinepharmacy.ae,1.0,theonlinepharmacy.ae
w4dasvax2ll2syu6ezia-f-20e16fb43-clientnsv4-s.akamaihd.net,0.0,akamaihd.net
technoscience-egy.com,1.0,technoscience-egy.com
bid-web.casmart.com.cn,0.0,com.cn
assuredservice.co.in,1.0,co.in
orthodentrics.com,1.0,orthodentrics.com
1219144838.docs.qq.com,0.0,qq.com
ifcconstructions.com,1.0,ifcconstructions.com
f2yj36d.baiducom.vqu4698.com,0.0,vqu4698.com
ayk-pvp111.mo.konami.net,0.0,konami.net
smtp21.cnrs.fr,0.0,cnrs.fr
w4dasvaxfpylayu6fdwa-f-fbacaeb71-clientnsv4-s.akamaihd.net,0.0,akamaihd.net
blackptechnology.co.za,1.0,co.za
4b0350eca4584a8ca3b7a2e4a863251c.fp.measure.office.com,0.0,office.com
royalrich.ro,1.0,royalrich.ro
syj168.taobao.com,0.0,taobao.com
sc.cma.gov.cn,0.0,gov.cn
artmediastudio.ro,1.0,artmediastudio.ro
2455812267.docs.qq.com,0.0,qq.com
js.smi2.ru,0.0,smi2.ru
abrtp2-cdn.marketo.com,0.0,marketo.com
cyvzglubln.sysu.edu.cn,0.0,edu.cn
gmas.oiu.edu.sd,1.0,edu.sd
serviss.com.mx,1.0,com.mx
pcxzo.pluto.sogou.com,0.0,sogou.com
elevenexpress.com.co,1.0,com.co
linvite.life,1.0,linvite.life
parmaradvisory.in,1.0,parmaradvisory.in
guboh2p.top,1.0,guboh2p.top
asociatiaimunis.ro,1.0,asociatiaimunis.ro
zj2fcdtimj2leyu7atna-f-a896526fd-clientnsv4-s.akamaihd.net,0.0,akamaihd.net
kontaktowodrinkowo.sysu.edu.cn,0.0,edu.cn
zjc-cuit-edu-cn.webvpn.cuit.edu.cn,0.0,edu.cn
kayad.org.tr,1.0,org.tr
cigaretteelectroniqueparis.fr,1.0,cigaretteelectroniqueparis.fr
xxfzjcny.page.link,1.0,page.link
izlidemi.github.io,1.0,github.io
aliandcompany.pk,1.0,aliandcompany.pk
kentuckynyalbany.nepatakeout.com,1.0,nepatakeout.com
spt.2023.ebeenj.com,1.0,ebeenj.com
vpzutsd.sysu.edu.cn,0.0,edu.cn
uxdlwcbdazxufrs.sysu.edu.cn,0.0,edu.cn
jdpipimb.page.link,1.0,page.link
4ece5678550448b09a2a3d2cbeda2ced.fp.measure.office.com,0.0,office.com
hw-game.flv.huya.com,0.0,huya.com
ecosolutionsbd.com,1.0,ecosolutionsbd.com
old.med.wanfangdata.com.cn,0.0,com.cn
c-0.19-a7000081.ca50081.16a8.c13.3ea5.210.0.aagmdhthdlaed6v46j1nm2jflb.avts.mcafee.com,0.0,mcafee.com
r5-crossplay-sub-15.r5prod.stryder.respawn.com,0.0,respawn.com
olivehr.co.za,1.0,co.za
marketingelephants.com,1.0,marketingelephants.com
hypotheques438.ca,1.0,hypotheques438.ca
caodangdaiviet.edu.vn,1.0,edu.vn
tzhodi.tmall.com,0.0,tmall.com
sscentry.geekbang.org,0.0,geekbang.org
cruzrojareanima.cl,1.0,cruzrojareanima.cl
d7ee85be1adf43e5acc4ff58bc0efbe8.fp.measure.office.com,0.0,office.com
other-player-nf01-sycdn.kuwo.cn,0.0,kuwo.cn
ace1105526f7e1cdf26469e43065bb4eb.profile.lhr62-c3.cloudfront.net,0.0,cloudfront.net
183-6-9-94_s-23-56-4-26_ts-1654598343-clienttons-s.akamaihd.net,0.0,akamaihd.net
drpf-n10.proxima.nie.netease.com,0.0,netease.com
jge.cl,1.0,jge.cl
glowgeniusshop.com,1.0,glowgeniusshop.com
uwegqgs.sysu.edu.cn,0.0,edu.cn
feeneysbathrooms.com.au,1.0,com.au
datahunter.mx,1.0,datahunter.mx
itea-rwanda.com,1.0,itea-rwanda.com
puodexytze.sysu.edu.cn,0.0,edu.cn
sdkserver-dra.op.hicloud.com,0.0,hicloud.com
pdwk52tilncsqyu6fysa-p0d72l-ef6ebf8c2-clientnsv4-s.akamaihd.net,0.0,akamaihd.net
app.feishu.cn,0.0,feishu.cn
chatserver12.comm100.io,0.0,comm100.io
pittsburghbizpage.com,1.0,pittsburghbizpage.com
www-baozimh-com.cdn.ampproject.org,0.0,ampproject.org
82.161.11.141.sbl.spamhaus.org,0.0,spamhaus.org
63581dbe074c4be58978e59b86abbb8b.fp.measure.office.com,0.0,office.com
cdd3cd5475e949d79ee03cd99b625c6e.fp.measure.office.com,0.0,office.com
kzgcdpzd.page.link,1.0,page.link
pubsapp.acs.org,0.0,acs.org
b4fd5f40e48846e296acb63e7f650751.fp.measure.office.com,0.0,office.com
alnahyantrust.com.bd,1.0,com.bd
manzanillaygordaldesevilla.es,1.0,manzanillaygordaldesevilla.es
shop67913540.taobao.com,0.0,taobao.com
sdc.faqserv.com,1.0,faqserv.com
c0b308a6d6b24c3c8a7ef3ed4602dc53.fp.measure.office.com,0.0,office.com
eitfewhk.page.link,1.0,page.link
power.zol.com.cn,0.0,com.cn
w4dasvfydozfeyu625cq-f-b503764e9-clientnsv4-s.akamaihd.net,0.0,akamaihd.net
bax.eliyahost.ir,1.0,eliyahost.ir
stjohnsdamoh.co.in,1.0,co.in
swamini.in,1.0,swamini.in
kcvsonxq.page.link,1.0,page.link
bbugliyrp.sysu.edu.cn,0.0,edu.cn
only-81911-58-249-112-76.nstool.netease.com,0.0,netease.com
edge-087.hkhkg.icloud-content.com,0.0,icloud-content.com
wenawenkosi.co.za,1.0,co.za
ptcoyzyokafyvrg.sysu.edu.cn,0.0,edu.cn
105.sysu.edu.cn,0.0,edu.cn
dsktlkhv.page.link,1.0,page.link
apex.tracker.gg,0.0,tracker.gg
ntl.scheme.corycabana.net,1.0,corycabana.net
adclick.g.doubleclick.net,1.0,doubleclick.net
phil-zh.sysu.edu.cn,0.0,edu.cn
jpxurduf.page.link,1.0,page.link
www.baicizhan.com,0.0,baicizhan.com
nques-recording-uat.s3.us-east-2.amazonaws.com,0.0,amazonaws.com
rr2---sn-i3bssn7e.gvt1.com,0.0,gvt1.com
11236s.oss-cn-beijing.aliyuncs.com,0.0,aliyuncs.com
azurasuperheroes.co.id,1.0,co.id
globaldream.ro,1.0,globaldream.ro
metrofood.mk,1.0,metrofood.mk
ft.com,0.0,ft.com
ditu.bajiu.cn,0.0,bajiu.cn
shop261926401.taobao.com,0.0,taobao.com
ncedcloud.online,1.0,ncedcloud.online
leticiamc.com.br,1.0,com.br
mgtvwfla.files.wordpress.com,0.0,wordpress.com
training.iarc.who.int,0.0,who.int
40bd9540f77e4dae9aadbdd694982eac.fp.measure.office.com,0.0,office.com
crafteon.xyz,1.0,crafteon.xyz
krv.edu.my,1.0,edu.my
cvauqyiy.page.link,1.0,page.link
thoibaodulich.com,1.0,thoibaodulich.com
zgepikqf.page.link,1.0,page.link
dentistajundiai.app.br,1.0,app.br
d1sg0z51b6xwn8.cloudfront.net,0.0,cloudfront.net
westvirginiacohonolulu.sarahmichellenpreviews.online,1.0,sarahmichellenpreviews.online
bodegaycocina.co,1.0,bodegaycocina.co
thewildlife.ca,1.0,thewildlife.ca
img01.bjx.com.cn,0.0,com.cn
w4dasvaxgurbgyu64keq-f-61037089c-clientnsv4-s.akamaihd.net,0.0,akamaihd.net
yslcpvvu.page.link,1.0,page.link
pfsense.org,0.0,pfsense.org
specialsolution.org,1.0,specialsolution.org
www.fgw.sysu.edu.cn,0.0,edu.cn
zj2fdlixfqzxuyu6reva-f-d1ea24771-clientnsv4-s.akamaihd.net,0.0,akamaihd.net
srplisrmk.sysu.edu.cn,0.0,edu.cn
6d84a64c77714f7b88a714b09ad905bd.fp.measure.office.com,0.0,office.com
c-0.19-a7000081.d0481.16a8.c13.3ea5.210.0.e2ttkgjrwk88u2nvr7z1agk62i.avts.mcafee.com,0.0,mcafee.com
w4dasvaxij5gayu6occa-f-619e47c5c-clientnsv4-s.akamaihd.net,0.0,akamaihd.net
sydxb.upc.edu.cn,0.0,edu.cn
mohd-akram.gallerycdn.vsassets.io,0.0,vsassets.io
hauli.co.tz,1.0,co.tz
dqzdflibacjxp.sysu.edu.cn,0.0,edu.cn
healthylivingdiet.us,1.0,healthylivingdiet.us
tc.etest8.com,0.0,etest8.com
odpjyqpb.page.link,1.0,page.link
download.bitdefender.com,0.0,bitdefender.com
pusxlqdipt.sysu.edu.cn,0.0,edu.cn
imhansen.com,1.0,imhansen.com
api.famobi.com,0.0,famobi.com
gbres.dfcfw.com,0.0,dfcfw.com
atuelvnrr.sysu.edu.cn,0.0,edu.cn
tanjin.tk,1.0,tanjin.tk
omwmxagn.page.link,1.0,page.link
test.i.meituan.com,0.0,meituan.com
sugg.search.yahoo.net,0.0,yahoo.net
doodlesz.app,1.0,doodlesz.app
loltw.verizon.gpipe.garenanow.com,0.0,garenanow.com
aaslab.org,1.0,aaslab.org
ssupjupw.page.link,1.0,page.link
green.workercn.cn,0.0,workercn.cn
z.shavsl.com,1.0,shavsl.com
www.myquark.cn,0.0,myquark.cn
external-media75.public.wbomm-a-1.prod.infra.webex.com,0.0,webex.com
kf074fm01.s3.cn-north-1.amazonaws.com.cn,0.0,com.cn
db7bb41ff5294c6fbaea524032f1a9d3.fp.measure.office.com,0.0,office.com
amab-entornodf.org.br,1.0,org.br
8b05cbea878143c3956d721a66b56d07.fp.measure.office.com,0.0,office.com
dev.njc.gov.ng,1.0,gov.ng
successfactors.eu,0.0,successfactors.eu
xdream-frontend.cn-shanghai.log.aliyuncs.com,0.0,aliyuncs.com
b925162782004727a90807dfafd46b6b.fp.measure.office.com,0.0,office.com
wpsdocs.sankuai.com,0.0,sankuai.com
112.118.72.148.sbl.spamhaus.org,0.0,spamhaus.org
smancydata.com.ng,1.0,com.ng
pooldist.17173.com.o.sohu.com,0.0,sohu.com
static.ocecdn.oraclecloud.com,0.0,oraclecloud.com
laptop-pnn4i8l6.sysu.edu.cn,0.0,edu.cn
pidsttzrolww.sysu.edu.cn,0.0,edu.cn
wkhmchwqcdin.sysu.edu.cn,0.0,edu.cn
hxqpxlnn.page.link,1.0,page.link
hkmvjmnv.page.link,1.0,page.link
isme.sustech.edu.cn,0.0,edu.cn
uniquemanufacture.co.in,1.0,co.in
taskmills.com.au,1.0,com.au
51.23.11.106.sbl.spamhaus.org,0.0,spamhaus.org
0d053f9c5dcd41178b459fc5ac01e7de.fp.measure.office.com,0.0,office.com
zn6dnadlopjlkfylz-dnv.siteintercept.qualtrics.com,0.0,qualtrics.com
9472b4d7bfc3dae1ae21c5257b0b865e.dlied1.cdntips.net,0.0,cdntips.net
canadianmuseumofnature.files.wordpress.com,0.0,wordpress.com
constitutionalsanctuarycity.org,1.0,constitutionalsanctuarycity.org
mdspro.my.id,1.0,my.id
jamesjordan.top,1.0,jamesjordan.top
tufaulupamojardc.org,1.0,tufaulupamojardc.org
helpuc.org,1.0,helpuc.org
hl4xaltilncdwyu7biga-pu0tic-894910fad-clientnsv4-s.akamaihd.net,0.0,akamaihd.net
hitstation.nl,1.0,hitstation.nl
hzfzoasipl.sysu.edu.cn,0.0,edu.cn
una.settings.oysterfloats.org,1.0,oysterfloats.org
onedscolprdfrc05.francecentral.cloudapp.azure.com,0.0,azure.com
w4dasvaxfdy4syu6435q-f-822360e1e-clientnsv4-s.akamaihd.net,0.0,akamaihd.net
h170811.srv22.test-hf.su,1.0,test-hf.su
d2zrgfbvbus6yo.cloudfront.net,0.0,cloudfront.net
famylisouth.canadacentral.cloudapp.azure.com,1.0,azure.com
assetstorage196.azureedge.net,0.0,azureedge.net
ce492a0a50544c45ae1d0c2329c224e4.fp.measure.office.com,0.0,office.com
afriski-holimo.co.za,1.0,co.za
1000415.hybrid.miniapp.taobao.com,0.0,taobao.com
k.t.qq.com,0.0,qq.com
cjzgkgiz.page.link,1.0,page.link
w4dasvax373seyu6jtoq-f-0ab88225e-clientnsv4-s.akamaihd.net,0.0,akamaihd.net
d2388136104602157581-w-t8800980499001033229.id.amgdgt.com,0.0,amgdgt.com
net.sjtu.edu.cn,0.0,edu.cn
securehosting.vip,1.0,securehosting.vip
xn--2022-ec5fnb290ds4bow8bkoa536ad8n6jdpt9d243ai42cii8b.sysu.edu.cn,0.0,edu.cn
dobyriml.page.link,1.0,page.link
tbilgi.com,1.0,tbilgi.com
battlegroundmobileindia.link,1.0,battlegroundmobileindia.link
bolidare.beget.tech,1.0,beget.tech
w4dasvfygntbgyu6ibyq-f-463a5e530-clientnsv4-s.akamaihd.net,0.0,akamaihd.net
www.cs.stir.ac.uk,0.0,ac.uk
wsapi.xfyun.cn,0.0,xfyun.cn
plvhuclaa.wid.wisc.edu,0.0,wisc.edu
chennaimetco.co.in,1.0,co.in
jbwejhpa.page.link,1.0,page.link
tcnboso.com,1.0,tcnboso.com
images.hothardware.com,0.0,hothardware.com
20.192.84.99.sbl.spamhaus.org,0.0,spamhaus.org
ftktmqax.page.link,1.0,page.link
zj2fdlixfqz3eyu6llhq-f-ebde4bc11-clientnsv4-s.akamaihd.net,0.0,akamaihd.net
tech101nepal.com,1.0,tech101nepal.com
pdwk5qg7oegtsyu7mr7q-f-dd771b094-clientnsv4-s.akamaihd.net,0.0,akamaihd.net
mastersofsites.com,1.0,mastersofsites.com
p30-keyvalueservice.icloud.com.cn,0.0,com.cn
appmall-prd-1258960627.file.myqcloud.com,0.0,myqcloud.com
0354e70f6df74019a837f174fd06b8fc.fp.measure.office.com,0.0,office.com
lanqhfgk.page.link,1.0,page.link
memphisthrive.com,1.0,memphisthrive.com
lgincdnmsftuswe2.azureedge.net,0.0,azureedge.net
adl-fot.faqserv.com,1.0,faqserv.com
rmzbdvul.page.link,1.0,page.link
microturners.co.in,1.0,co.in
biogreenwholesalers.co.ke,1.0,co.ke
44eaaf5dc2f643609cd904c5d5775432.fp.measure.office.com,0.0,office.com
static.bysjy.com.cn,0.0,com.cn
rmnfyprf.page.link,1.0,page.link
dbpub-cnki-net-443.webvpn.sysu.edu.cn,0.0,edu.cn
tiemvangngoctham.com,1.0,tiemvangngoctham.com
mffvsgkh.page.link,1.0,page.link
r2---sn-bvn0o-ju0l.gvt1.com,0.0,gvt1.com
tvelwithseth.com,1.0,tvelwithseth.com
edusys.hrbeu.edu.cn,0.0,edu.cn
9-0.19-a3000081.81b0033.170c.d2e.3ea5.210.0.mmqnrrm9vabahq3bm54jqk5gbv.avts.mcafee.com,0.0,mcafee.com
oniplast.com.br,1.0,com.br
injemotors.com.br,1.0,com.br
9418370.fls.doubleclick.net,0.0,doubleclick.net
kahqyxw.sysu.edu.cn,0.0,edu.cn
wenlwdjcscmym.sysu.edu.cn,0.0,edu.cn
tipthara.com,1.0,tipthara.com
ezsq.caching.oysterfloats.com,1.0,oysterfloats.com
veijziyf.page.link,1.0,page.link
87e46d7064d34cd49cdc77a31bd44c41.fp.measure.office.com,0.0,office.com
cmsmed.med66.com,0.0,med66.com
atlanticosystems.com,1.0,atlanticosystems.com
enfyhub.com,1.0,enfyhub.com
diagnosticamoreno.com,1.0,diagnosticamoreno.com
girls.bqrdh.com,0.0,bqrdh.com
goingtoasia.org,1.0,goingtoasia.org
toenchen-und-herrschmidt.de,1.0,toenchen-und-herrschmidt.de
mwwsxrlp.page.link,1.0,page.link
dingyijianlvshi.66law.cn,0.0,66law.cn
upkvqwjk.page.link,1.0,page.link
zuriwave.com,1.0,zuriwave.com
nawaz.pk,1.0,nawaz.pk
galleryrasa.com,1.0,galleryrasa.com
yeslifeindia.in,1.0,yeslifeindia.in
pifyqpigmqapr.sysu.edu.cn,0.0,edu.cn
intodental.info,1.0,intodental.info
mcgcpiucin.sysu.edu.cn,0.0,edu.cn
docs.djangoproject.com,0.0,djangoproject.com
darkenergysurvey.slack.com,0.0,slack.com
kceloqda.page.link,1.0,page.link
connectivity-check.linkpc.net,1.0,linkpc.net
travelinghouse.pk,1.0,travelinghouse.pk
databank.tmall.com,0.0,tmall.com
facultyprofiles.hkust.edu.hk,0.0,edu.hk
yeswellindia.in,1.0,yeswellindia.in
peadtrej.page.link,1.0,page.link
uscorporation.com.pk,1.0,com.pk
dblljjvzb.sysu.edu.cn,0.0,edu.cn
r5---sn-i3b7knsd.gvt1.com,0.0,gvt1.com
english.e23.cn,0.0,e23.cn
pc.weixin.qq.com,0.0,qq.com
wwwklmhf33-1322353970.cos.ap-guangzhou.myqcloud.com,1.0,myqcloud.com
jextoban.com,1.0,jextoban.com
thatcookeveryday.com,1.0,thatcookeveryday.com
d1733e8sbsn3o.cloudfront.net,0.0,cloudfront.net
bigkuma.com,1.0,bigkuma.com
ezrwvv.tdum.alibaba.com,0.0,alibaba.com
9xf374.tdum.alibaba.com,0.0,alibaba.com
fdl0h6.tdum.alibaba.com,0.0,alibaba.com
3fizn0.tdum.alibaba.com,0.0,alibaba.com
5bmz80.tdum.alibaba.com,0.0,alibaba.com
840c6d.tdum.alibaba.com,0.0,alibaba.com
8gfcvu.tdum.alibaba.com,0.0,alibaba.com
apply.grad.rochester.edu,0.0,rochester.edu
moscow-post.ru.com,1.0,ru.com
cid-aa92849d2268e78a.users.storage.live.com,0.0,live.com
e9uevr.daewootelevisao.sa.com,1.0,sa.com
edb.faqserv.com,1.0,faqserv.com
ewizardz.com,1.0,ewizardz.com
jm6yr52ps8x5iz9gf4eyvgywgoy6z1654541347.nuid.imrworldwide.com,0.0,imrworldwide.com
94af5d62bdbca13d3b178af0eab82285.safeframe.googlesyndication.com,0.0,googlesyndication.com
75587e1cd44b7d7ed6ddf1f1170a196f.safeframe.googlesyndication.com,0.0,googlesyndication.com
296218384f29c4bc9c4ccac6047a36f2.safeframe.googlesyndication.com,0.0,googlesyndication.com
e503c98d54f922067c507bb2b0abc3d4.safeframe.googlesyndication.com,0.0,googlesyndication.com
e0e9389932b7b6bd4e74b9feb41ccd99.safeframe.googlesyndication.com,0.0,googlesyndication.com
5f1af7cf3e829bdfff65fbcd3bc45311.safeframe.googlesyndication.com,0.0,googlesyndication.com
b68d4998995376708ae56ebdc48e6b3c.safeframe.googlesyndication.com,0.0,googlesyndication.com
aaa87c9f8bda9512c59ddbe55c0334b5.safeframe.googlesyndication.com,0.0,googlesyndication.com
42b9c27832f9fe55c7eb59d57c02f181.safeframe.googlesyndication.com,0.0,googlesyndication.com
0c50e97035f35b811ee16b5a4af08c27.safeframe.googlesyndication.com,0.0,googlesyndication.com
fa76dafc3ef6cd2ff936c747b2809f39.safeframe.googlesyndication.com,0.0,googlesyndication.com
5cbba679507921c31806740457059bd3.safeframe.googlesyndication.com,0.0,googlesyndication.com
133dd62902f55196c463d55a1ad70705.safeframe.googlesyndication.com,0.0,googlesyndication.com
5a59ee6525f146e644c253a155763866.safeframe.googlesyndication.com,0.0,googlesyndication.com
1e1d2393e3fad7b9daaa8ba0a1d20164.safeframe.googlesyndication.com,0.0,googlesyndication.com
842eae626baaba3f3c69e912afcca072.safeframe.googlesyndication.com,0.0,googlesyndication.com
5326ebfeb7c00c845f0ea40364139718.safeframe.googlesyndication.com,0.0,googlesyndication.com
tdmail.gz.1251001122.clb.myqcloud.com,0.0,myqcloud.com
pna24.faiasa.sa.com,1.0,sa.com
serviciosintegralesdelcaribe.com,1.0,serviciosintegralesdelcaribe.com
slmmihrr.page.link,1.0,page.link
cvgm.ar,1.0,cvgm.ar
5718e19b-1140-4664-afc7-5b4d13f9c976.t.ssp.hinet.net,0.0,hinet.net
tybjdeqe.page.link,1.0,page.link
www.pinkoi.com,0.0,pinkoi.com
msch.b.qianxin.com,0.0,qianxin.com
skylinemetrics.com,1.0,skylinemetrics.com
desdeelsentir.cl,1.0,desdeelsentir.cl
cyuxqkrheoeoolr.sysu.edu.cn,0.0,edu.cn
help-ol.bj.bcebos.com,0.0,bcebos.com
bolandraf.com,1.0,bolandraf.com
3ba6558c0b490fe85cbb66dadb836d40.safeframe.googlesyndication.com,0.0,googlesyndication.com
t3777821816628571437.id.amgdgt.com,0.0,amgdgt.com
aocsmfer.page.link,1.0,page.link
1069boys.net,0.0,1069boys.net
biop.scnu.edu.cn,0.0,edu.cn
crtstrack.spdbccc.com.cn,0.0,com.cn
medicena.pk,1.0,medicena.pk
72k6ns9aihsrutyr7x2axq67gyoiifn7jk5ip74fba4f473eb4e7d725sac.d.aa.online-metrix.net,0.0,online-metrix.net
e-h-r-a-z-i-61.mynetav.org,1.0,mynetav.org
adlv.mrface.com,1.0,mrface.com
adk-iran.mrface.com,1.0,mrface.com
eblag.mrface.com,1.0,mrface.com
vladferoiu.com,1.0,vladferoiu.com
encurtador.com.br,1.0,com.br
smartdisplay.lenovo.com,0.0,lenovo.com
ibhldqmh.page.link,1.0,page.link
1912154273.docs.qq.com,0.0,qq.com
codelimd.com,1.0,codelimd.com
supporttrust.org.nz,1.0,org.nz
tech-learning.in,1.0,tech-learning.in
883ef09ba04241b49d5e361e17faec78.fp.measure.office.com,0.0,office.com
p208-ckdatabasews.icloud.com.cn,0.0,com.cn
bittraderfx.com,1.0,bittraderfx.com
synokzcc.page.link,1.0,page.link
vqbnodwn.page.link,1.0,page.link
rastawholesale.com,1.0,rastawholesale.com
p4-eq32vglumscvc-6v5m27oicxia25f2-if-v6exp3-v4.metric.gstatic.com,0.0,gstatic.com
retro-golf.com,1.0,retro-golf.com
theconsulting.io,1.0,theconsulting.io
mta.qq.com,0.0,qq.com
imtcp1.weidian.com,0.0,weidian.com
dl.dropboxusercontent.com,1.0,dropboxusercontent.com
hzproxy.split.netease.com,0.0,netease.com
eda.mrbasic.com,1.0,mrbasic.com
ejqxcvvp.page.link,1.0,page.link
neuidmsso.neu.edu,0.0,neu.edu
sgkoi.dev,0.0,sgkoi.dev
carsinsu.com,1.0,carsinsu.com
searleivsolutions.com,1.0,searleivsolutions.com
trouter-azsc-uswe-0-a.trouter.skype.com,0.0,skype.com
m.js.zgsydw.com,0.0,zgsydw.com
web-yunz.yahoo.co.jp,0.0,co.jp
ujjqpcusuutoro.sysu.edu.cn,0.0,edu.cn
hyjvpbfi.page.link,1.0,page.link
msljelwg.page.link,1.0,page.link
cdan.gov.co,1.0,gov.co
checkblacklistwords.eu,1.0,checkblacklistwords.eu
rypwlyks.page.link,1.0,page.link
shg.ph,1.0,shg.ph
rqxvziql.page.link,1.0,page.link
vmolzzov.page.link,1.0,page.link
gitghana.com,1.0,gitghana.com
latale.autopatch.sdo.com,0.0,sdo.com
historiasdelescarabajo.com,1.0,historiasdelescarabajo.com
mistydeblasiophotography.com,1.0,mistydeblasiophotography.com
oflazevdenevenakliyat.com.tr,1.0,com.tr
teiacs.com.br,1.0,com.br
wordpress.ductai.xyz,1.0,ductai.xyz
megalista.com.br,1.0,com.br
zj2fdlixfqz3eyu6pnva-f-d363b4031-clientnsv4-s.akamaihd.net,0.0,akamaihd.net
bioengineeringcommunity.nature.com,0.0,nature.com
icg-egy.net,1.0,icg-egy.net
ipsdusakawi.com,1.0,ipsdusakawi.com
leads-tiancheng.oss-cn-beijing.aliyuncs.com,0.0,aliyuncs.com
cfe2094efc574048b9fe590c358923a4.fp.measure.office.com,0.0,office.com
login.bigcommerce.com,0.0,bigcommerce.com
ibpsguny.page.link,1.0,page.link
d2kmcmu63umnlw.cloudfront.net,0.0,cloudfront.net
sonic306-20.consmr.mail.gq1.yahoo.com,0.0,yahoo.com
midad-adv.com,1.0,midad-adv.com
gnncoautoparts.com,1.0,gnncoautoparts.com
vdcuwfntjp.sysu.edu.cn,0.0,edu.cn
sfashion.com.mx,1.0,com.mx
mailserve.aks.ac.kr,0.0,ac.kr
qseqegkd.page.link,1.0,page.link
bazcqosjifadqaz.sysu.edu.cn,0.0,edu.cn
www.educity.cn,0.0,educity.cn
5ui5x4.tdum.alibaba.com,0.0,alibaba.com
af5174ca57195242c49480674be850c5452a87a8.ime.galileo.baidu.com,0.0,baidu.com
stateoftheart-2020.allergycongress.gr,1.0,allergycongress.gr
test.openapi.starbucks.com,0.0,starbucks.com
jxkukeitqlhp.sysu.edu.cn,0.0,edu.cn
wcdn.17win.com.x.fb7d1bbf0e32f04e570afba00c181b8f5fa2.9270ed45.id.opendns.com,0.0,opendns.com
gybin6gz.beget.tech,1.0,beget.tech
8b67b89cd7eefee2e797dbe98195bb29.safeframe.googlesyndication.com,0.0,googlesyndication.com
hawari.pk,1.0,hawari.pk
ffed.instance-hungry.net,0.0,instance-hungry.net
www.age.tv,0.0,age.tv
rgtracker.rivergame.net,0.0,rivergame.net
us.pdc.micloud.xiaomi.net,0.0,xiaomi.net
bharatakonstruksi.com,1.0,bharatakonstruksi.com
chuckozeas.com,1.0,chuckozeas.com
roberthamilton.top,1.0,roberthamilton.top
ptbolaterbaik.com,1.0,ptbolaterbaik.com
clinicametropolitana.com.co,1.0,com.co
m.mingpao.com,0.0,mingpao.com
dosaenterprise.com,1.0,dosaenterprise.com
sambhavtv.com,1.0,sambhavtv.com
45.198.7.8.sbl.spamhaus.org,0.0,spamhaus.org
a1.azg168.cn,0.0,azg168.cn
screeninghive.com,1.0,screeninghive.com
rr5---sn-oguelnsy.googlevideo.com,0.0,googlevideo.com
rr5---sn-i3b7knsd.googlevideo.com,0.0,googlevideo.com
c92af8d6084ad600e219ac3d44ee1c25.safeframe.googlesyndication.com,0.0,googlesyndication.com
c48abb71f0034c489b371924b5b11b45.fp.measure.office.com,0.0,office.com
izpxoil.domain.name,0.0,domain.name
arxeologiya.az,1.0,arxeologiya.az
w4dasvaxij5asyu6qq4q-f-ee979d969-clientnsv4-s.akamaihd.net,0.0,akamaihd.net
amaxtravel.com,1.0,amaxtravel.com
fashuo.wendu.com,0.0,wendu.com
srwzyeus.www.tendawifi.com,0.0,tendawifi.com
543e39d196314047b8f427177e92a809.fp.measure.office.com,0.0,office.com
upecmygh.page.link,1.0,page.link
zj2fdlixfqz3eyu6qsjq-f-4ee24123a-clientnsv4-s.akamaihd.net,0.0,akamaihd.net
20ee7d41e329368fa36b093ead216ccb.safeframe.googlesyndication.com,0.0,googlesyndication.com
aram24.ir,1.0,aram24.ir
jorgechavezimagenes.com,1.0,jorgechavezimagenes.com
cdorchestra.org,1.0,cdorchestra.org
bbdqbdew.page.link,1.0,page.link
dojq4kt8ws9iq.cloudfront.net,0.0,cloudfront.net
gsa.apple.com,0.0,apple.com
www.jibei.sgcc.com.cn,0.0,com.cn
e10.whatsapp.net,0.0,whatsapp.net
tpvfclopvovfvz.tendawifi.com,0.0,tendawifi.com
mbservingenieria.com,1.0,mbservingenieria.com
www.iaea.org,0.0,iaea.org
gestionhqse.com,1.0,gestionhqse.com
vodkgeyttp9c.vod.126.net,0.0,126.net
w4dasvfydj7tsyu6sreq-f-520551de5-clientnsv4-s.akamaihd.net,0.0,akamaihd.net
mastertiresgroup.com,1.0,mastertiresgroup.com
skomad.com,1.0,skomad.com
sharethatbiz.com,1.0,sharethatbiz.com
machineexpert.ae,1.0,machineexpert.ae
injury-lawyers-attorney.com,1.0,injury-lawyers-attorney.com
w4dasvax2ll5eyu6owza-f-416ba3ec4-clientnsv4-s.akamaihd.net,0.0,akamaihd.net
sawalsha.com,1.0,sawalsha.com
adwords.sysu.edu.cn,0.0,edu.cn
mensi-ip.com,1.0,mensi-ip.com
cerodamed.com,1.0,cerodamed.com
4161ce70018949e89f06116d6c5a85b9.fp.measure.office.com,0.0,office.com
carseatscomparison.com,1.0,carseatscomparison.com
w4dasxixilaz4yu7hakq-f-bd41d88e1-clientnsv4-s.akamaihd.net,0.0,akamaihd.net
mvz-ansbach.de,1.0,mvz-ansbach.de
hprbhibq.page.link,1.0,page.link
ssn.fartit.com,1.0,fartit.com
iran-vb.fartit.com,1.0,fartit.com
www.newpaper.dahe.cn,0.0,dahe.cn
zseftjeueethcm.sysu.edu.cn,0.0,edu.cn
ems.nwu.edu.cn,0.0,edu.cn
uniquecolleges.com,1.0,uniquecolleges.com
d7442163284736349975-t4332103829628097105.id.amgdgt.com,0.0,amgdgt.com
symbolscopy.net,1.0,symbolscopy.net
playervisual.com,1.0,playervisual.com
ftp.graduate.sysu.edu.cn,0.0,edu.cn
bse.faqserv.com,1.0,faqserv.com
awdtechnologies.com,1.0,awdtechnologies.com
gyowcsix.page.link,1.0,page.link
bagelsonthemain.com,1.0,bagelsonthemain.com
120e652cb121415a2a3077cfbedd0e33.safeframe.googlesyndication.com,0.0,googlesyndication.com
jltwmwgs.sysu.edu.cn,0.0,edu.cn
pnaapvnl.page.link,1.0,page.link
72k6ns9agtm356daahgoljksnzjjenmnz3owzxee7f6ffb4563b4792fsac.d.aa.online-metrix.net,0.0,online-metrix.net
newsaero.info,1.0,newsaero.info
mediatum.ub.tum.de,0.0,tum.de
xvfdckgt.page.link,1.0,page.link
eurologistic.am,1.0,eurologistic.am
blueberry-tech.com,1.0,blueberry-tech.com
sarkerrentacar.com,1.0,sarkerrentacar.com
altunminyum.github.io,1.0,github.io
sixdegreescreative.co.ke,1.0,co.ke
www.parallels.com.cdn.cloudflare.net,0.0,cloudflare.net
gurukulexpress.com,1.0,gurukulexpress.com
samuelbimo.sysu.edu.cn,0.0,edu.cn
amahumbezi.com,1.0,amahumbezi.com
waresagroup.org,1.0,waresagroup.org
hotelaromakalaw.com,1.0,hotelaromakalaw.com
maxximbrasil.com,1.0,maxximbrasil.com
portonesautomaticosbolivia.com,1.0,portonesautomaticosbolivia.com
5ecd4cfcd209b7e29a8a2e2603ef5052.safeframe.googlesyndication.com,0.0,googlesyndication.com
b845cdd2ec6cf4a2cea189f4f4cbf3b9.safeframe.googlesyndication.com,0.0,googlesyndication.com
mail.aliyun.com,0.0,aliyun.com
krishnajwellery.com,1.0,krishnajwellery.com
globalvillage.pk,1.0,globalvillage.pk
ojvwyrgeqd.sysu.edu.cn,0.0,edu.cn
newheightsoverseas.com,1.0,newheightsoverseas.com
insposuma.org.br,1.0,org.br
aspensiesta.com,1.0,aspensiesta.com
kameltarinyek.monster,1.0,kameltarinyek.monster
xsc-cuit-edu-cn.webvpn.cuit.edu.cn,0.0,edu.cn
gbxtmxnc.page.link,1.0,page.link
72k6ns9aiusnrihsb3k47oqqkmyk3dovhps7zzxe0e25ee0ba752e9b2sac.d.aa.online-metrix.net,0.0,online-metrix.net
buildermediasolutions.com,1.0,buildermediasolutions.com
hagwzvzj.page.link,1.0,page.link
sadrate.skin,1.0,sadrate.skin
2731720cd10dad6551acec17be553213.safeframe.googlesyndication.com,0.0,googlesyndication.com
trysupplements.online,1.0,trysupplements.online
ivouch.com.au,1.0,com.au
tidvkfjkox.sysu.edu.cn,0.0,edu.cn
almadarfortrading.com,1.0,almadarfortrading.com
regisschool.co.ke,1.0,co.ke
yasuo.360.cn,0.0,360.cn
mmgamevideo.qpic.cn.tcdn.qq.com,0.0,qq.com
fazalengineering.com,1.0,fazalengineering.com
waeijisho.net,0.0,waeijisho.net
articlecontentplanet.com,1.0,articlecontentplanet.com
ernestmcleodkanchi.com,1.0,ernestmcleodkanchi.com
7fo7ey.tdum.alibaba.com,0.0,alibaba.com
051a4b5b693712dc53a48512b37726da.safeframe.googlesyndication.com,0.0,googlesyndication.com
9c1f061b00d73012633345ad0f1c55c4.safeframe.googlesyndication.com,0.0,googlesyndication.com
aslangrup.com.tr,1.0,com.tr
sintracespadm.org.br,1.0,org.br
w4dasvfyde4qeyu62srq-f-3ddc7047c-clientnsv4-s.akamaihd.net,0.0,akamaihd.net
villasore-solta.com,1.0,villasore-solta.com
torrentkitty.app,0.0,torrentkitty.app
arosalmasayif.com,1.0,arosalmasayif.com
lacasayelcampoinmobiliaria.com,1.0,lacasayelcampoinmobiliaria.com
smv.faqserv.com,1.0,faqserv.com
alharajmarket.com,1.0,alharajmarket.com
medigest.in,1.0,medigest.in
w4dasvax373seyu6jwda-f-3cf4d010d-clientnsv4-s.akamaihd.net,0.0,akamaihd.net
0bd4ef9fb19e11b89c59793be9620158.safeframe.googlesyndication.com,0.0,googlesyndication.com
stat.oiu.edu.sd,1.0,edu.sd
stshy.helsinki.fi,0.0,helsinki.fi
fouredgefm.com,1.0,fouredgefm.com
furfabulousmobilepetspa.com,1.0,furfabulousmobilepetspa.com
cdn3-adb1.online,1.0,cdn3-adb1.online
noam.presence.teams.live.com,0.0,live.com
closebit.com,1.0,closebit.com
dnojbkodgvjwsu.sysu.edu.cn,0.0,edu.cn
zj2fcdqxfdy2syu6ytiq-f-fbb5d21be-clientnsv4-s.akamaihd.net,0.0,akamaihd.net
shoppingrf.com,1.0,shoppingrf.com
socket.pan.baidu.com,0.0,baidu.com
cjxpbapu.page.link,1.0,page.link
genyda.com,1.0,genyda.com
wallhere.com,0.0,wallhere.com
smartbusinessfirm.com,1.0,smartbusinessfirm.com
k380344865-ac52s90d13772.rc03.oray.com,0.0,oray.com
ashersland.com,1.0,ashersland.com
sbudufbe.page.link,1.0,page.link
1149927291.docs.qq.com,0.0,qq.com
apkmirror.memberful.com,0.0,memberful.com
drumvalesecondary.com,1.0,drumvalesecondary.com
strongpg.xyz,1.0,strongpg.xyz
imp.control.kochava.com,0.0,kochava.com
generationsholdings.com,1.0,generationsholdings.com
cdog01.alibaba-inc.com,0.0,alibaba-inc.com
californianhfrankfort.smekonect.com,1.0,smekonect.com
855174ca1ddd99bc3d4babc638723031f719a405.ime.galileo.baidu.com,0.0,baidu.com
wwoanswi.page.link,1.0,page.link
api.mojang.com,0.0,mojang.com
sam.faqserv.com,1.0,faqserv.com
xn--mgbtf4g.com,1.0,xn--mgbtf4g.com
latimesphoto.files.wordpress.com,0.0,wordpress.com
genean-static-master.oss-cn-shenzhen.aliyuncs.com,0.0,aliyuncs.com
pglgdvfkxckksjw.ucl.ac.uk,0.0,ac.uk
klrvviaxhtmqvrn.tendawifi.com,0.0,tendawifi.com
w4dasvfydplqsyu7cgfa-f-dcab47e63-clientnsv4-s.akamaihd.net,0.0,akamaihd.net
youmediachicago.tumblr.com,0.0,tumblr.com
sridgeauto.co.za,1.0,co.za
amzpro.com.br,1.0,com.br
dqgc.gxu.edu.cn,0.0,edu.cn
sepima.com,1.0,sepima.com
ycgzhltlipzn.s4.adsco.re,0.0,adsco.re
3f13df015e2fae38e3ba5baebbdf321a.safeframe.googlesyndication.com,0.0,googlesyndication.com
a111864f3bb7397d0b1e4493a6bd9ec3.safeframe.googlesyndication.com,0.0,googlesyndication.com
d1db1f97f5167071d5c09187571c3a4e.safeframe.googlesyndication.com,0.0,googlesyndication.com
d4f6750a151545a3a459f82f2e4cb463.fp.measure.office.com,0.0,office.com
skenlidd.page.link,1.0,page.link
lv-everphoto.ulikecam.com,0.0,ulikecam.com
adysfrenchbulldogs.com,1.0,adysfrenchbulldogs.com
m.api.dianping.com,0.0,dianping.com
tse1.explicit.bing.net,0.0,bing.net
xnzs.cbpt.cnki.net,0.0,cnki.net
f9966861c7cc66303c4bd63384ab89ef.safeframe.googlesyndication.com,0.0,googlesyndication.com
23279b96c9029f9ec24387c2cc1176c8.safeframe.googlesyndication.com,0.0,googlesyndication.com
polkcountydumpsterrentals.com,1.0,polkcountydumpsterrentals.com
tvceojma.page.link,1.0,page.link
elcumple.de,1.0,elcumple.de
romancehotel.net,1.0,romancehotel.net
china.resmed.com,0.0,resmed.com
adl-sd.fartit.com,1.0,fartit.com
sahgs.faqserv.com,1.0,faqserv.com
indohcf.com,1.0,indohcf.com
engcss.sysu.edu.cn,0.0,edu.cn
stsbd.org,1.0,stsbd.org
5.139.75.110.sbl.spamhaus.org,0.0,spamhaus.org
228648e579237981aebfb9d6b4401c51.safeframe.googlesyndication.com,0.0,googlesyndication.com
owmhndwh.page.link,1.0,page.link
fanfou.com,0.0,fanfou.com
trackingshipment.apple.com,0.0,apple.com
mce.la,1.0,mce.la
binaries.soliditylang.org,0.0,soliditylang.org
suitesobispado.com,1.0,suitesobispado.com
siqlbzlndalctls.sysu.edu.cn,0.0,edu.cn
mcnamaratowing.com,1.0,mcnamaratowing.com
fortunehills.in,1.0,fortunehills.in
zkgdyimc.page.link,1.0,page.link
openai.weixin.qq.com,0.0,qq.com
akhtarweb.com,1.0,akhtarweb.com
johlfnvt.page.link,1.0,page.link
6cb4f9f89bac427d21c5fe4b5b0d34f9.safeframe.googlesyndication.com,0.0,googlesyndication.com
f8f71fcfcbde8b3dff5af0e547ba1c64.safeframe.googlesyndication.com,0.0,googlesyndication.com
www.pleumeurbodou.com,1.0,pleumeurbodou.com
balletstudiobogota.com,1.0,balletstudiobogota.com
intercambiocristiano.com,1.0,intercambiocristiano.com
meiracontadores.com.br,1.0,com.br
wenlantrading.com,1.0,wenlantrading.com
iteckcursos.com.br,1.0,com.br
entergospel.com,1.0,entergospel.com
philxz.whu.edu.cn,0.0,edu.cn
anksearch.com,1.0,anksearch.com
zj2fdlixfqz3eyu6mv7a-f-f814ad576-clientnsv4-s.akamaihd.net,0.0,akamaihd.net
demo.nessotechbd.com,1.0,nessotechbd.com
yeni-dad.az,1.0,yeni-dad.az
ylmtomhi.page.link,1.0,page.link
a50d9678c658e12bf6e9fb08aa5f4a1f.safeframe.googlesyndication.com,0.0,googlesyndication.com
instream.casalemedia.com,0.0,casalemedia.com
sre-vn.com,1.0,sre-vn.com
itfolkstechnology.com,1.0,itfolkstechnology.com
jagrukmumbainews.com,1.0,jagrukmumbainews.com
asahm.itsaol.com,1.0,itsaol.com
patrialand.com,1.0,patrialand.com
simnasfikpunhas.com,1.0,simnasfikpunhas.com
zhlgd.whut.edu.cn,0.0,edu.cn
archive.yunpan.360.cn,0.0,360.cn
waresagroup.com,1.0,waresagroup.com
7ff09425279045b19652006b3c57c04b.fp.measure.office.com,0.0,office.com
cloud.mindmanager.com,0.0,mindmanager.com
content22.citibank.com.cn,0.0,com.cn
assetstorage122.azureedge.net,0.0,azureedge.net
earnmore.bik.co.ke,1.0,co.ke
inverex.net,1.0,inverex.net
whitevivid.com.my,1.0,com.my
uniquepainters.in,1.0,uniquepainters.in
ahlollah.com,1.0,ahlollah.com
p45-quota-china.icloud.com,0.0,icloud.com
keramatfarm.net,1.0,keramatfarm.net
sentry.xiaoeknow.com,0.0,xiaoeknow.com
agemn.co.za,1.0,co.za
mrsouk.com,1.0,mrsouk.com
clinicaferrazsp.com.br,1.0,com.br
3068d2c1068ef5886617cdbe853cfc04.safeframe.googlesyndication.com,0.0,googlesyndication.com
cursoamigurumipassoapasso.com.br,1.0,com.br
ad-sh-sz-zb.wagbridge.tanx.alimama.com,0.0,alimama.com
achcdn.com,0.0,achcdn.com
zj2fdlixfqzxuyu6kmxq-f-99d1646e7-clientnsv4-s.akamaihd.net,0.0,akamaihd.net
procretestructures.co.ke,1.0,co.ke
p114-quota-china.icloud.com,0.0,icloud.com
chinarhospitalanddailysiscenter.com,1.0,chinarhospitalanddailysiscenter.com
rr2---sn-npoeen7d.googlevideo.com,0.0,googlevideo.com
music.iqiyi.com,0.0,iqiyi.com
costarica-traveltours.com,1.0,costarica-traveltours.com
creativoagencia.pe,1.0,creativoagencia.pe
www.tiobe.com,0.0,tiobe.com
misryoum.com,1.0,misryoum.com
cn-fjqz-cmcc-v-01.bilivideo.com,0.0,bilivideo.com
ttt.com.bo,1.0,com.bo
ab0d1d13802d447dad7e7d5d82ebb532.fp.measure.office.com,0.0,office.com
nsdayan.com,1.0,nsdayan.com
6d2a7b1a1e984690bff24235b5eeafd1.fp.measure.office.com,0.0,office.com
dnasweln.cn1.global.ctrip.com,0.0,ctrip.com
ed-rv.vizvaz.com,1.0,vizvaz.com
magic-nails.net,1.0,magic-nails.net
venatusmedia-d.openx.net,0.0,openx.net
goldorart.com,1.0,goldorart.com
smashcomunicaciones.com,1.0,smashcomunicaciones.com
my.statcounter.com,0.0,statcounter.com
cityups.com.pk,1.0,com.pk
jindaodao.blog.sohu.com,0.0,sohu.com
diskete.com.br,1.0,com.br
pusadurbanbank.com,1.0,pusadurbanbank.com
cje4r.ulefonecelullares.motorcycles,1.0,ulefonecelullares.motorcycles
pv-ic.com,1.0,pv-ic.com
hhgs.sync.oystergardens.club,1.0,oystergardens.club
036234516af78f5731b79335c980194e.safeframe.googlesyndication.com,0.0,googlesyndication.com
ab7dd41380432b56ba195085651fb88c.safeframe.googlesyndication.com,0.0,googlesyndication.com
hwgrlehj.page.link,1.0,page.link
myzmpxvx.page.link,1.0,page.link
xcx.qcc.com,0.0,qcc.com
sandiegoloanpro.com,1.0,sandiegoloanpro.com
iowakydesmoines.fachei.com,1.0,fachei.com
afjaopdq.page.link,1.0,page.link
htc.dns05.com,1.0,dns05.com
30e07d3844f44c0e9e5fc4036565b83c.fp.measure.office.com,0.0,office.com
w4dasvfygoo5iyu66nga-f-79636074e-clientnsv4-s.akamaihd.net,0.0,akamaihd.net
sakis.id,1.0,sakis.id
lingyuanhanshuang.lofter.com,0.0,lofter.com
quantlet.wordpress.com,0.0,wordpress.com
dapproid.com,1.0,dapproid.com
forwardskitchen.com,1.0,forwardskitchen.com
market.wapa.taobao.com,0.0,taobao.com
icdn02.gayporno.tv,0.0,gayporno.tv
digistorm.pk,1.0,digistorm.pk
img12.jiwu.com,0.0,jiwu.com
186.194.172.61.sbl.spamhaus.org,0.0,spamhaus.org
homeproservices.org,1.0,homeproservices.org
jsglpt.gdedu.gov.cn,0.0,gov.cn
wst.ahzwfw.gov.cn,0.0,gov.cn
andal-pinal.org,1.0,andal-pinal.org
streann.com,1.0,streann.com
8248ccd2987e712874de2fb48db3fb70.safeframe.googlesyndication.com,0.0,googlesyndication.com
159.23.47.198.sbl.spamhaus.org,0.0,spamhaus.org
bvewiryxvsseg.sysu.edu.cn,0.0,edu.cn
cautivo.wik.com.mx,1.0,com.mx
aquafresh-ro.com,1.0,aquafresh-ro.com
allsealservices.com.au,1.0,com.au
7f8389e961b349b2b5da8f3b49dc2c08.fp.measure.office.com,0.0,office.com
flashapp.top,1.0,flashapp.top
72k6ns9avtloyjagfndnfngvd2g7q623l3cdxxr473c2f17bd2d33a85sac.d.aa.online-metrix.net,0.0,online-metrix.net
fr.1lib.to,0.0,1lib.to
affim.baidu.com,0.0,baidu.com
kathmanducentral.com,1.0,kathmanducentral.com
catasevilla.es,1.0,catasevilla.es
dcdeezfu.page.link,1.0,page.link
104545e4fcea42d08b3e25aec0647d23.fp.measure.office.com,0.0,office.com
nked.result.garrettcountygranfondo.org,1.0,garrettcountygranfondo.org
img.activityjapan.com,0.0,activityjapan.com
omp-img.lrts.me,0.0,lrts.me
moreroom-me.com,1.0,moreroom-me.com
rebrickable.com,0.0,rebrickable.com
routemart.co.in,1.0,co.in
mhideals.com,1.0,mhideals.com
avpfikvp.page.link,1.0,page.link
8waewa.alcatelcelullares.quest,1.0,alcatelcelullares.quest
f9fa4d02705a1b09e456d445b5b85ae2.safeframe.googlesyndication.com,0.0,googlesyndication.com
ec591ab95bb075f04d3bdc27948054f8.safeframe.googlesyndication.com,0.0,googlesyndication.com
yushanmedia.com.np,1.0,com.np
konyapetektemizligitemizleme.com,1.0,konyapetektemizligitemizleme.com
i-62.b-46124.ut.bench.utorrent.com,0.0,utorrent.com
007edciededild.jumpkj.chuairan.com,0.0,chuairan.com
bagsrad.com,1.0,bagsrad.com
adpggf.faqserv.com,1.0,faqserv.com
fd4902c81ae942399a57fa063a54afef.fp.measure.office.com,0.0,office.com
di-revol.com,1.0,di-revol.com
mnxjfnqx.page.link,1.0,page.link
cs.berkeley.edu,0.0,berkeley.edu
eaaq3kbacyq7ajqacqlqa5qerrrj5nh3-f-645320117-clienttons-s.akamaihd.net,0.0,akamaihd.net
asc.itsaol.com,1.0,itsaol.com
ems.youku.com,0.0,youku.com
qdixyqhe.page.link,1.0,page.link
7b74d91fcb353c70952b0c5c12c7fed1.safeframe.googlesyndication.com,0.0,googlesyndication.com
ovgrvpse.page.link,1.0,page.link
yfdsnfy.sysu.edu.cn,0.0,edu.cn
4.155.160.217.sbl.spamhaus.org,0.0,spamhaus.org
infinity-private.infinitynewtab.com,0.0,infinitynewtab.com
pmsarkarijob.com,1.0,pmsarkarijob.com
jivxwirz.page.link,1.0,page.link
adl-gh.fartit.com,1.0,fartit.com
news.tju.edu.cn,0.0,edu.cn
c.nbwz.com,0.0,nbwz.com
slotinternasional.vip,1.0,slotinternasional.vip
cpabulld.com,1.0,cpabulld.com
akaplanners.com,1.0,akaplanners.com
199.121.60.45.sbl.spamhaus.org,0.0,spamhaus.org
kansasintrenton.staticoin.com,1.0,staticoin.com
tflzwxlh.page.link,1.0,page.link
proativa.konkisti.com.br,1.0,com.br
ongoing.website,1.0,ongoing.website
luterlab.com.br,1.0,com.br
aa1885d11f922ec74b28597477ab23a4b.profile.sin52-c3.cloudfront.net,0.0,cloudfront.net
mahaseelinvestment.com,1.0,mahaseelinvestment.com
hijactive.net,1.0,hijactive.net
uniim1.shutterfly.com,0.0,shutterfly.com
5wu1jn.tdum.alibaba.com,0.0,alibaba.com
buckstile.co.zw,1.0,co.zw
acwzdwza.page.link,1.0,page.link
nascardigitalmediallc.demdex.net,0.0,demdex.net
madeinchinajournal.us6.list-manage.com,0.0,list-manage.com
santaritasjc.org.br,1.0,org.br
worker-images-9.ws.pho.to,0.0,pho.to
ygeswzbycny.sysu.edu.cn,0.0,edu.cn
mall.cngold.org,0.0,cngold.org
zj2fdlixfqzxuyu6n2nq-f-546fc8e15-clientnsv4-s.akamaihd.net,0.0,akamaihd.net
cayfiltresi.com,1.0,cayfiltresi.com
b96923593bb3467785a354355f32f38f.fp.measure.office.com,0.0,office.com
116e2232ec5b48b8ad22b452aff04f8c.fp.measure.office.com,0.0,office.com
dypay.douyin.com,0.0,douyin.com
xvpmgcusz.domain.name,0.0,domain.name
wrightway.ae,1.0,wrightway.ae
rgbyvpao.page.link,1.0,page.link
av-identity.s3.amazonaws.com,0.0,amazonaws.com
wlwallid.page.link,1.0,page.link
b257508de3fc278451ae9a470ee57fa9.safeframe.googlesyndication.com,0.0,googlesyndication.com
4d75d862979abcd7bf11cd5a7286dc61.safeframe.googlesyndication.com,0.0,googlesyndication.com
ondrejklicpera.cz,1.0,ondrejklicpera.cz
beegolang.com,1.0,beegolang.com
deine-bewerbung.com,1.0,deine-bewerbung.com
elaphonline.com,1.0,elaphonline.com
work.infoflow.baidu.com,0.0,baidu.com
jehbldkl.page.link,1.0,page.link
omniacafe.com,1.0,omniacafe.com
bebczofh.page.link,1.0,page.link
frodo.wi.mit.edu,0.0,mit.edu
xn--80acujtctd.xn--p1ai,1.0,xn--80acujtctd.xn--p1ai
disturbnot.com,1.0,disturbnot.com
dbdorg.slack.com,0.0,slack.com
e3f31cfc294642b085f8aeb65bdf21d3.safeframe.googlesyndication.com,0.0,googlesyndication.com
corporatefinanceinstitute.com,0.0,corporatefinanceinstitute.com
tyabji.net,1.0,tyabji.net
www.ylmfu.com,0.0,ylmfu.com
8ddb0839c490480ab4053fca12c94e58.fp.measure.office.com,0.0,office.com
brokrbindr.ca,1.0,brokrbindr.ca
detail.i56.taobao.com,0.0,taobao.com
t8923916258045084145.id.amgdgt.com,0.0,amgdgt.com
08100de9fce16274d62880825f08f09d.safeframe.googlesyndication.com,0.0,googlesyndication.com
9eb5ca818857b1218894a03640e368e5.safeframe.googlesyndication.com,0.0,googlesyndication.com
lanccmxmfbcq.sysu.edu.cn,0.0,edu.cn
qhucqguewrgrhwr.sysu.edu.cn,0.0,edu.cn
nobsteendriver.com,1.0,nobsteendriver.com
mishal.be,1.0,mishal.be
earthmattersmusic.com,1.0,earthmattersmusic.com
meekoppelen.klimaatadaptatie.nl,1.0,klimaatadaptatie.nl
tradepay.com.ng,1.0,com.ng
fullcalendar.io,0.0,fullcalendar.io
bidbur.com,1.0,bidbur.com
lensclicker.com,1.0,lensclicker.com
cnbjgizs.page.link,1.0,page.link
jmrxdnxf.sysu.edu.cn,0.0,edu.cn
cyydxhed.page.link,1.0,page.link
bernalpliego.com,1.0,bernalpliego.com
72k6ns9ainvwxwrtp4at4w4dx27kkacc3yqsoway7e61d226b471bd20sac.d.aa.online-metrix.net,0.0,online-metrix.net
medallia.s3.amazonaws.com,0.0,amazonaws.com
21jingji.com,0.0,21jingji.com
kadmos.com.ng,1.0,com.ng
ljxpenl.sysu.edu.cn,0.0,edu.cn
yedict.com,0.0,yedict.com
w4dasvaxfdy4syu6fpxq-f-3556b8dbf-clientnsv4-s.akamaihd.net,0.0,akamaihd.net
list.dhedge.eth.link,0.0,eth.link
ca722e7015a24f5bbd43cacd45ad19de.fp.measure.office.com,0.0,office.com
alb-rbo80zctiuvcqjkfrh.cn-hangzhou.alb.aliyuncs.com,0.0,aliyuncs.com
behrangmusic.com,1.0,behrangmusic.com
ec9b761c60b1c6e06084d49d8c4d5d45.safeframe.googlesyndication.com,0.0,googlesyndication.com
4f6834feb6837b5f5ca0beb4327e78c6.safeframe.googlesyndication.com,0.0,googlesyndication.com
bf58341inw.bf.dynatrace.com,0.0,dynatrace.com
fuchsia-sa.com,1.0,fuchsia-sa.com
080df2e57f1642d996d51cd681674433.fp.measure.office.com,0.0,office.com
wewashclothes.com,1.0,wewashclothes.com
92f21fba33ee4bb6a68269690051ba5a.fp.measure.office.com,0.0,office.com
iowaakdenver.thedragan.com,1.0,thedragan.com
lfd-www.lfd.uci.edu,0.0,uci.edu
img.mingyantong.com,0.0,mingyantong.com
themefisher.com,0.0,themefisher.com
youneedlavu.com,1.0,youneedlavu.com
sah-adl.my03.com,1.0,my03.com
gyjjifzcc.domain.name,0.0,domain.name
inflowingagency.com,1.0,inflowingagency.com
texstudio.sourceforge.net,0.0,sourceforge.net
conventionalservices.com,1.0,conventionalservices.com
kidsneedsbd.com,1.0,kidsneedsbd.com
w4dasvdimj2seyu67xqq-f-674cd74ce-clientnsv4-s.akamaihd.net,0.0,akamaihd.net
3943adbbd01df60a55cfe0541bd74df4.safeframe.googlesyndication.com,0.0,googlesyndication.com
gfixnwkx.page.link,1.0,page.link
bo.sogou.com,0.0,sogou.com
prodamp.com.au,1.0,com.au
cuhk.edu.hk,0.0,edu.hk
kttibnwc.page.link,1.0,page.link
w4dasvfydj7scyu7nqva-p5wfvd-4e404245c-clientnsv4-s.akamaihd.net,0.0,akamaihd.net
sunudigicom.com,1.0,sunudigicom.com
w4dasvfydj7tsyu6sn2a-f-45260d1fc-clientnsv4-s.akamaihd.net,0.0,akamaihd.net
0119039e070b3b3ea17c9b0997519231.safeframe.googlesyndication.com,0.0,googlesyndication.com
gkaaa.lanzoub.com,0.0,lanzoub.com
enqukocr.page.link,1.0,page.link
worldfantasticgifts.com,1.0,worldfantasticgifts.com
southcarolinaneatlanta.hcunleashed.com,1.0,hcunleashed.com
pdwk523ilnctuyu7eyta-pxa66h-d86b25cf9-clientnsv4-s.akamaihd.net,0.0,akamaihd.net
mittaa.com,1.0,mittaa.com
d9fc08a0bd124cd3a4b9c358c7c690f1.fp.measure.office.com,0.0,office.com
woopazar.com,1.0,woopazar.com
v.titan007.com,0.0,titan007.com
highlandofpeace.com,1.0,highlandofpeace.com
1e6ead.tdum.alibaba.com,0.0,alibaba.com
a900472fc26e1c6224e16b16e120aa24.safeframe.googlesyndication.com,0.0,googlesyndication.com
739a18bacd9dfa5619af9919b32dc529.safeframe.googlesyndication.com,0.0,googlesyndication.com
4861af84f9f350d567ad04eb2772c0f8.safeframe.googlesyndication.com,0.0,googlesyndication.com
act-mx.csiro.au,0.0,csiro.au
a02331cf677f8f9abd16a97c614802c4e.profile.fra56-p4.cloudfront.net,0.0,cloudfront.net
tempfiles.ninja,1.0,tempfiles.ninja
concreteprinciplesdesign.com,1.0,concreteprinciplesdesign.com
amarfoods.com,1.0,amarfoods.com
gf4wzo.tdum.alibaba.com,0.0,alibaba.com
w4dasvaxzhmecyu7amhq-ptl4iv-02f67471f-clientnsv4-s.akamaihd.net,0.0,akamaihd.net
b2b-news.10jqka.com.cn,0.0,com.cn
ggservice.lagou.com,0.0,lagou.com
a0df431393fd4e388e34459e9a9b0ac5.fp.measure.office.com,0.0,office.com
hl4xagdilnccuyu7glia-p824u1-761b7b5d7-clientnsv4-s.akamaihd.net,0.0,akamaihd.net
www.rittal.com,1.0,rittal.com
dw.c4kdeliver.top,1.0,c4kdeliver.top
lodoschart.com,1.0,lodoschart.com
dl.qishia.com,1.0,qishia.com
init.itunes.apple.com,0.0,apple.com
28.55.47.104.sbl.spamhaus.org,0.0,spamhaus.org
celestialthaispa.com,1.0,celestialthaispa.com
noscftmcv.www.tendawifi.com,0.0,tendawifi.com
ora-dental.com,1.0,ora-dental.com
cshms.kp.gov.pk,1.0,gov.pk
183-6-9-84_s-23-48-214-147_ts-1654590180-clienttons-s.akamaihd.net,0.0,akamaihd.net
art.alphacoders.com,0.0,alphacoders.com
215848a76f5b4127a8d3677e59caa815.fp.measure.office.com,0.0,office.com
72k6ns9abf2jzaoqxi5oaqy2avmtwtca24c6b5ci9c3d3a904c23aa2asac.d.aa.online-metrix.net,0.0,online-metrix.net
account.wiley.com,0.0,wiley.com
annualpost.com,1.0,annualpost.com
kk-kz.facebook.com,0.0,facebook.com
hl4xaxdilnccuyu6wjva-p1n48l-e56b7f2e0-clientnsv4-s.akamaihd.net,0.0,akamaihd.net
soapap.gob.mx,1.0,gob.mx
gilghxpj.page.link,1.0,page.link
aipccoaching.com,1.0,aipccoaching.com
ncjkujsm.page.link,1.0,page.link
rutube.ru.xx3.kz,0.0,xx3.kz
informaticatrapani.com,1.0,informaticatrapani.com
ckojlwor.sysu.edu.cn,0.0,edu.cn
designideation.tech,1.0,designideation.tech
4am.health,1.0,4am.health
betabooru.donmai.us,0.0,donmai.us
oycldztf.page.link,1.0,page.link
ardesia.ph,1.0,ardesia.ph
interface.blog.sina.com.cn,0.0,com.cn
report.appmetrica.yandex.net,0.0,yandex.net
static-xesapi.speiyou.com,0.0,speiyou.com
e.hust.edu.cn,0.0,edu.cn
sahg.itsaol.com,1.0,itsaol.com
rutgersconnect-my.sharepoint.com,0.0,sharepoint.com
rdeditingjobs.co.in,1.0,co.in
beyondmedical.co.id,1.0,co.id
c8b490d4646a9fe631f07f00f3d80bfd.safeframe.googlesyndication.com,0.0,googlesyndication.com
www.upyun.com,0.0,upyun.com
ed1vacbmm30.webex.com,0.0,webex.com
hikaku-sitatter.com,0.0,hikaku-sitatter.com
history.ecnu.edu.cn,0.0,edu.cn
mayesuperior.com,1.0,mayesuperior.com
virradat.hu,1.0,virradat.hu
lh-tingshu-business.lizhiweike.com,0.0,lizhiweike.com
vcdn01.freegaytube.xxx,0.0,freegaytube.xxx
only-408414-223-104-67-14.nstool.netease.com,0.0,netease.com
wywh.cbpt.cnki.net,0.0,cnki.net
modack.com,1.0,modack.com
gate.lsn.edu.dz,1.0,edu.dz
pps.whatsapp.net,0.0,whatsapp.net
t-a-a.org,1.0,t-a-a.org
ttvfbdyx.sysu.edu.cn,0.0,edu.cn
lakerestaurant.co.za,1.0,co.za
czkxappplmcg.sysu.edu.cn,0.0,edu.cn
goh.org.au,1.0,org.au
e86fb0b1648bf01671ce568343212ca9.safeframe.googlesyndication.com,0.0,googlesyndication.com
ibchhfrz.sysu.edu.cn,0.0,edu.cn
ohlkfclk.page.link,1.0,page.link
adlv.my03.com,1.0,my03.com
computermdsolutions.com,1.0,computermdsolutions.com
www.vishay.com,1.0,vishay.com
upworkapi.changba.com,0.0,changba.com
zabeelmall.com,1.0,zabeelmall.com
zj2fdlixfqz3eyu6q2da-f-859a98706-clientnsv4-s.akamaihd.net,0.0,akamaihd.net
6lr2fy.tdum.alibaba.com,0.0,alibaba.com
w4dasvaxgurbqyu64hkq-f-d41deb9c7-clientnsv4-s.akamaihd.net,0.0,akamaihd.net
5fe02f02a212fc5aba8461d82317ba08.safeframe.googlesyndication.com,0.0,googlesyndication.com
mindset-4-success.com,1.0,mindset-4-success.com
3t5fmdirx7fxxfe6s7e5p3wi2o3e2wq37urrzdys25c5615816b68c49sac.d.aa.online-metrix.net,0.0,online-metrix.net
cb79b88bf81b443da1d8773931648247.fp.measure.office.com,0.0,office.com
airoutlaw.com,1.0,airoutlaw.com
rmdiq.com,1.0,rmdiq.com
student.tongji.edu.cn,0.0,edu.cn
devises-dz.com,1.0,devises-dz.com
surenarora.com,1.0,surenarora.com
6957adfc57d0d1418e4890ffc862dd32.safeframe.googlesyndication.com,0.0,googlesyndication.com
musicaondemand.com,1.0,musicaondemand.com
oregonnvolympia.sydneynews24.com,1.0,sydneynews24.com
journal-inflammation.biomedcentral.com,0.0,biomedcentral.com
staticfile.golue.com,0.0,golue.com
accounts.taylorfrancis.com,0.0,taylorfrancis.com
athadnw.com,1.0,athadnw.com
texon.io,0.0,texon.io
www.shenzhenair.com,0.0,shenzhenair.com
dynamicindustries.com.pk,1.0,com.pk
button.flattr.com,0.0,flattr.com
vr.sina.com.cn,0.0,com.cn
vnrevents.com,1.0,vnrevents.com
cufe.bbs.kaoyan.com,0.0,kaoyan.com
worldaz.tr.skype.com,0.0,skype.com
tingolazodeportes.com,1.0,tingolazodeportes.com
96ztj6.tdum.alibaba.com,0.0,alibaba.com
e70747e17d1d4676b7f0dd7147ee4944.fp.measure.office.com,0.0,office.com
9e696097bd31d4186c91077496bad248.safeframe.googlesyndication.com,0.0,googlesyndication.com
dqqzfw.by.files.1drv.com,0.0,1drv.com
ota-baidu.cdn.bcebos.com,0.0,bcebos.com
594581955-ad76s0d5a6f2f.rc03.oray.com,0.0,oray.com
w4dasvaxfdy2syu6z4ja-f-c92b64109-clientnsv4-s.akamaihd.net,0.0,akamaihd.net
dzjkbqrpfes.sysu.edu.cn,0.0,edu.cn
mpigjpcc.page.link,1.0,page.link
www.mfa.gov.bn,0.0,gov.bn
c014707fc3334152896c86be0d4f7f42.fp.measure.office.com,0.0,office.com
ismailagace.com,1.0,ismailagace.com
03dc80dd74334f41b6a31be85c402187.fp.measure.office.com,0.0,office.com
smartcommtech.com,1.0,smartcommtech.com
www.steadyrun.com,1.0,steadyrun.com
goyaclinics.com,1.0,goyaclinics.com
epiphany.gaodun.com,0.0,gaodun.com
adl-qqu.fartit.com,1.0,fartit.com
dev-demo.info,1.0,dev-demo.info
3dprintingkenya.com,1.0,3dprintingkenya.com
bluelabelpharma.com,1.0,bluelabelpharma.com
evqmoifg.page.link,1.0,page.link
632432.space,1.0,632432.space
www.mbalib.com,0.0,mbalib.com
ljqhzdpk.page.link,1.0,page.link
destinyrestorationassociation.org,1.0,destinyrestorationassociation.org
zxqwsynt.page.link,1.0,page.link
92fbd22fcc3be6c528613ee00bc579b4.safeframe.googlesyndication.com,0.0,googlesyndication.com
w4dasvaxhp6icyu6hpfa-f-687e54fec-clientnsv4-s.akamaihd.net,0.0,akamaihd.net
starnet.lk,1.0,starnet.lk
smpn41.semarangkota.go.id,1.0,go.id
austerra.org,1.0,austerra.org
capacitacionsos.com,1.0,capacitacionsos.com
livetrafficfeed.com,0.0,livetrafficfeed.com
72k6ns9aizgcrvfqsxr6mk7yn7suyuiqjuxnhp7p4474029ac7995cb2sac.d.aa.online-metrix.net,0.0,online-metrix.net
globalknitfair.com,1.0,globalknitfair.com
mvdiuqro.page.link,1.0,page.link
flcjkvlw.page.link,1.0,page.link
p-cnhk00.kxcdn.com,0.0,kxcdn.com
dc89c4d59a2042f3b361ac5a608f8106.fp.measure.office.com,0.0,office.com
3ef88025b3c7eb1c675d49da8cb0bb15.safeframe.googlesyndication.com,0.0,googlesyndication.com
fjthmxiw.page.link,1.0,page.link
weeo1g.haiertelevisao.sa.com,1.0,sa.com
englishnet.com.mx,1.0,com.mx
feunimas.net,1.0,feunimas.net
vahzugyqpbgm.sysu.edu.cn,0.0,edu.cn
baliinside.id,1.0,baliinside.id
uslpmaut.page.link,1.0,page.link
72k6ns9ahyqubs335smdx6j6orvuzofxcp5lcbfg9103465bd9bfad1esac.d.aa.online-metrix.net,0.0,online-metrix.net
ggic08.miguvideo.com,0.0,miguvideo.com
s.opoxv.com,0.0,opoxv.com
p-dc294-mainserver-466283660.us-west-2.elb.amazonaws.com,0.0,amazonaws.com
syzs-logbuket-china-1258344701.cos.ap-guangzhou.myqcloud.com,0.0,myqcloud.com
daughtersofkenya.org,1.0,daughtersofkenya.org
nksonstravel.com,1.0,nksonstravel.com
bb3d32b2a479bc54e41ba32659558775.safeframe.googlesyndication.com,0.0,googlesyndication.com
953a550527bc4571aff2526cf75d0402.fp.measure.office.com,0.0,office.com
img7-build.jiwu.com,0.0,jiwu.com
meonhanong.com,1.0,meonhanong.com
qqsgdir.qq.com,0.0,qq.com
p69-availability.icloud.com.cn,0.0,com.cn
e7ca01de640f42e28ad2af841a894683.fp.measure.office.com,0.0,office.com
casagilapizaco.mx,1.0,casagilapizaco.mx
zj2fdlixfqz3eyu6k6bq-f-d80567e5e-clientnsv4-s.akamaihd.net,0.0,akamaihd.net
pan.tenire.com,1.0,tenire.com
timejs.game.163.com,0.0,163.com
w4dasvaxfdy4syu6troq-f-6e78d4220-clientnsv4-s.akamaihd.net,0.0,akamaihd.net
eecf029e52b3409292cd159489024d12.fp.measure.office.com,0.0,office.com
megabrand.com.pk,1.0,com.pk
thomashoneycombfoundation.org,1.0,thomashoneycombfoundation.org
motorrad-tours.com,1.0,motorrad-tours.com
huattiong.com,1.0,huattiong.com
ad-l.mrface.com,1.0,mrface.com
uca876cbd2b81be1744f1f02aead.dl.dropboxusercontent.com,1.0,dropboxusercontent.com
only-399793-112-96-195-51.nstool.netease.com,0.0,netease.com
w4dasvfygoo5iyu66kna-f-6a8aa38eb-clientnsv4-s.akamaihd.net,0.0,akamaihd.net
5oakd.wileyfoxcelullares.motorcycles,1.0,wileyfoxcelullares.motorcycles
corporacioncatverde.org,1.0,corporacioncatverde.org
vipbg.vcu.edu,0.0,vcu.edu
6a96026a17085176ed6928a9b6aa687d.safeframe.googlesyndication.com,0.0,googlesyndication.com
898a7d34c6464d67aad0c3eb51adf156.fp.measure.office.com,0.0,office.com
wwsvf.layout.oystergardens.us,1.0,oystergardens.us
baydevs.com,1.0,baydevs.com
techgreeds.com,1.0,techgreeds.com
neonorm.com.tr,1.0,com.tr
binislamglobal.ae,1.0,binislamglobal.ae
baramode.com,1.0,baramode.com
bbs-quantclass-cn-1253788117.file.myqcloud.com,0.0,myqcloud.com
currylounge.ca,1.0,currylounge.ca
4b1310bfc5774408b9b208c5a9fc9e27.fp.measure.office.com,0.0,office.com
41.180.80.54.sbl.spamhaus.org,0.0,spamhaus.org
qxikmxrj.page.link,1.0,page.link
c6be5abaa29911463638dcc04b1e520f.safeframe.googlesyndication.com,0.0,googlesyndication.com
adl-gid.otzo.com,1.0,otzo.com
zcc.nenu.edu.cn,0.0,edu.cn
shadowlogo-1309110856.cos.accelerate.myqcloud.com,0.0,myqcloud.com
review-with-alam.xyz,1.0,review-with-alam.xyz
front-gate-api-from-cn-449940069.ap-northeast-2.elb.amazonaws.com,0.0,amazonaws.com
tamskitchentorbay.co.uk,1.0,co.uk
barakohypermarket.co,1.0,barakohypermarket.co
27958e1f427be24e5faf7e1cae85e36c.rdt.tfogc.com,0.0,tfogc.com
comfybeautysecret.com,1.0,comfybeautysecret.com
rr2---sn-3pm7dne6.googlevideo.com,0.0,googlevideo.com
943z3a.tdum.alibaba.com,0.0,alibaba.com
escharts.com,0.0,escharts.com
sightvape.com,1.0,sightvape.com
zwgqmtumj.sysu.edu.cn,0.0,edu.cn
69f11a04644b530a186be8ee1753a5b2.safeframe.googlesyndication.com,0.0,googlesyndication.com
voliamo.uk,1.0,voliamo.uk
w4dasvaxfdy4syu7bbyq-f-ebe1aa374-clientnsv4-s.akamaihd.net,0.0,akamaihd.net
prism-report-mtlive.dreport.meituan.net,0.0,meituan.net
bhjasd183.oss-accelerate.aliyuncs.com,1.0,aliyuncs.com
ieqzdmjzoywlziu.sysu.edu.cn,0.0,edu.cn
circuitech.ae,1.0,circuitech.ae
photopea.com,0.0,photopea.com
fakhryfoundation.org,1.0,fakhryfoundation.org
ddvvsvkn.page.link,1.0,page.link
uobmnlxsrcjclu.sysu.edu.cn,0.0,edu.cn
78jlmbtlu4wbrroncdzy6btqs7loexbs6vwahvui1fef60b33bd6bdcasac.d.aa.online-metrix.net,0.0,online-metrix.net
1fda190afcc7e2654dfad4064012efdf.safeframe.googlesyndication.com,0.0,googlesyndication.com
54b5ab80dfa911198def1214a568a9f4.safeframe.googlesyndication.com,0.0,googlesyndication.com
dokumentasoluciones.com,1.0,dokumentasoluciones.com
www.systemrequirementslab.com,0.0,systemrequirementslab.com
lichess.org,0.0,lichess.org
device.io.mi.com,0.0,mi.com
aknewshd.com,1.0,aknewshd.com
epsol.cl,1.0,epsol.cl
druggarden.sakura.ne.jp,0.0,ne.jp
dlcdnamaxcntwinapps.asus.com.cn,0.0,com.cn
ioqmjhpj.page.link,1.0,page.link
mmjs.csai.cn,0.0,csai.cn
semergygroup.com,1.0,semergygroup.com
b35fc9c1b31c2b4ea6ab12dea101b55e.safeframe.googlesyndication.com,0.0,googlesyndication.com
bafybeicbios74vxqwiwqj2lwuvzfctdxnoi6utudavogwgv3hh5ptlnsni.ipfs.infura-ipfs.io,0.0,infura-ipfs.io
jigeqxnh.page.link,1.0,page.link
pacificgroup.co,1.0,pacificgroup.co
live.offcn.com,0.0,offcn.com
fawezi.org,1.0,fawezi.org
atechelectricalengr.com,1.0,atechelectricalengr.com
ip230614527.ahcdn.com,0.0,ahcdn.com
zj2fdlixfqz3eyu6pfxa-f-d670f506d-clientnsv4-s.akamaihd.net,0.0,akamaihd.net
25e6bf5008ff4410b77438f1711b46bd.fp.measure.office.com,0.0,office.com
video3.mingpao.com,0.0,mingpao.com
nypixie.com,1.0,nypixie.com
mashang98-other-1257986007.cos.ap-beijing.myqcloud.com,0.0,myqcloud.com
2afb0b5c6ddc4a84a05937a391fe4775.fp.measure.office.com,0.0,office.com
polinets.sysu.edu.cn,0.0,edu.cn
35670931d825b26c421c22697dc639eb.safeframe.googlesyndication.com,0.0,googlesyndication.com
hotshortlet.com,1.0,hotshortlet.com
nwifuqdi.page.link,1.0,page.link
a-0.19-a3000411.0.170c.d2e.3ea5.210.0.w79v5b2zmjrrmdcmldeui6tfwb.avts.mcafee.com,0.0,mcafee.com
geseguridadsocial.com,1.0,geseguridadsocial.com
aplicacionesrdm.com,1.0,aplicacionesrdm.com
www.download.windowsupdate.com,0.0,windowsupdate.com
FX0CD6AE.tendawifi.com,0.0,tendawifi.com
oximedbolivia.com,1.0,oximedbolivia.com
buahati.com,1.0,buahati.com
volleyball-muenchen.de,1.0,volleyball-muenchen.de
feceb4ec6f02dea4ba51dfa67c115146.safeframe.googlesyndication.com,0.0,googlesyndication.com
only-412786-112-96-48-122.nstool.netease.com,0.0,netease.com
icing808.lofter.com,0.0,lofter.com
tntevent.vn,1.0,tntevent.vn
nseafqnrqtit.sysu.edu.cn,0.0,edu.cn
w4dasvdimj2seyu7mcdq-f-56df2f73a-clientnsv4-s.akamaihd.net,0.0,akamaihd.net
qsbjpxar.page.link,1.0,page.link
kayserialarmuydu.com,1.0,kayserialarmuydu.com
knhslpwl.page.link,1.0,page.link
dsbahmgppc0j4.cloudfront.net,0.0,cloudfront.net
36e6c148d06b4aac91df21374033f834.fp.measure.office.com,0.0,office.com
aqtvopknlnab.sysu.edu.cn,0.0,edu.cn
marseilleprotech.com,1.0,marseilleprotech.com
smtpu.uvic.ca,0.0,uvic.ca
wesender.shop,1.0,wesender.shop
gogebsqn.page.link,1.0,page.link
agencymediasosial.com,1.0,agencymediasosial.com
sahln.vizvaz.com,1.0,vizvaz.com
jvvymhytm.www.tendawifi.com,0.0,tendawifi.com
datacamp.pxf.io,0.0,pxf.io
oesvcrgb.sysu.edu.cn,0.0,edu.cn
c876ab3775b34d669f5b425b47d231e0.fp.measure.office.com,0.0,office.com
8fe356179cde45baab39974a6de26bcb.fp.measure.office.com,0.0,office.com
netpifir.page.link,1.0,page.link
dispatchweekly.com,1.0,dispatchweekly.com
danmoror.page.link,1.0,page.link
8bhzrk.tdum.alibaba.com,0.0,alibaba.com
83k3r1.tdum.alibaba.com,0.0,alibaba.com
w4dasvfyde4ieyu652ua-ppmw5v-9b5f3bd9b-clientnsv4-s.akamaihd.net,0.0,akamaihd.net
ladl.isasecret.com,1.0,isasecret.com
cokemv.me,0.0,cokemv.me
weidown-my.sharepoint.cn,0.0,sharepoint.cn
ghsujwa.sysu.edu.cn,0.0,edu.cn
fnmrdfmbgrdyk.sysu.edu.cn,0.0,edu.cn
starsful.com,1.0,starsful.com
w4dasvfygjme6yu6x6pq-f-23f34edb0-clientnsv4-s.akamaihd.net,0.0,akamaihd.net
a5a2d18aec4d4a3096bf839e25b3ed2d.fp.measure.office.com,0.0,office.com
images.springer.com,0.0,springer.com
gjyj.gdufe.edu.cn,0.0,edu.cn
mohsho.image.coocan.jp,0.0,coocan.jp
32.16.2.23.sbl.spamhaus.org,0.0,spamhaus.org
e8b704a761aec7abffb2e280fab845622daa5b201ce1a95b.dlied1.cdntips.net,0.0,cdntips.net
kxouamxw.page.link,1.0,page.link
soxzzynpgit.sysu.edu.cn,0.0,edu.cn
grtgroup.com.pk,1.0,com.pk
blog-imgs-105.2nt.com,0.0,2nt.com
tvugetlv.tendawifi.com,0.0,tendawifi.com
donordrive.com.cdn.cloudflare.net,0.0,cloudflare.net
online.factsmgt.com,0.0,factsmgt.com
kaprat.com,1.0,kaprat.com
drmikeexposervices.com,1.0,drmikeexposervices.com
dsfa.fartit.com,1.0,fartit.com
hypnotherapytrainingcollege.com.au,1.0,com.au
kxndguvsxrizr.sysu.edu.cn,0.0,edu.cn
agcgalleria.com,1.0,agcgalleria.com
iexbmebt.page.link,1.0,page.link
driqwelelrh.sysu.edu.cn,0.0,edu.cn
cdn.xgroovy.com,0.0,xgroovy.com
6b1e24c94742d0444a8788173f91b443.safeframe.googlesyndication.com,0.0,googlesyndication.com
lesp.pku.edu.cn,0.0,edu.cn
jyoftcgn.page.link,1.0,page.link
luxurynclassic.com,1.0,luxurynclassic.com
pictogram.mx,1.0,pictogram.mx
i-0.19-a3600009.10483.16a8.b8a.3ea5.210.0.m58i3jnpqe29dwvqubz26kupr6.avts.mcafee.com,0.0,mcafee.com
saleshomes.vn,1.0,saleshomes.vn
only-333740-67-198-130-119.nstool.netease.com,0.0,netease.com
pjychjkb.page.link,1.0,page.link
pepelu-staging.01staging.site,1.0,01staging.site
ir-ir.faqserv.com,1.0,faqserv.com
igpmanzanillaygordaldesevilla.org,1.0,igpmanzanillaygordaldesevilla.org
bwc1.cau.edu.cn,0.0,edu.cn
pgodcadk.page.link,1.0,page.link
9a3e95a7a9e246b5830d30a4e444e796.fp.measure.office.com,0.0,office.com
gxrpwhyt.page.link,1.0,page.link
luziania.go.gov.br,1.0,gov.br
1c4ede0e949800875fe54138487c292a.safeframe.googlesyndication.com,0.0,googlesyndication.com
ff9047430e760b4419c1e862fd43e61c.safeframe.googlesyndication.com,0.0,googlesyndication.com
trustpub.bj.bcebos.com,0.0,bcebos.com
cn.blizzard.com,0.0,blizzard.com
ofhiqfbylewtbq.sysu.edu.cn,0.0,edu.cn
mt-vod.smzdm.com,0.0,smzdm.com
emersonmerrick.sysu.edu.cn,0.0,edu.cn
dcfsdfds2fdhfgj.sbs,1.0,dcfsdfds2fdhfgj.sbs
www.mpa.zju.edu.cn,0.0,edu.cn
109810-android-ds.metric.gstatic.com,0.0,gstatic.com
dentistasaocarlos.com.br,1.0,com.br
crisfaria.com.br,1.0,com.br
334bcb569da6785bccf63e94901af21c.safeframe.googlesyndication.com,0.0,googlesyndication.com
update-wanou1.oss-cn-hangzhou.aliyuncs.com,0.0,aliyuncs.com
mindspacesolution.in,1.0,mindspacesolution.in
amali-maison.com,1.0,amali-maison.com
dentarayclinic.com,1.0,dentarayclinic.com
mhdcr.com,1.0,mhdcr.com
chaleaframe.com.br,1.0,com.br
avitamedicina.com.br,1.0,com.br
rtpslotdewi.com,1.0,rtpslotdewi.com
alibabashop.pk,1.0,alibabashop.pk
code-jquery-com-443.webvpn.sysu.edu.cn,0.0,edu.cn
8l2d6l.tdum.alibaba.com,0.0,alibaba.com
knnejlxt.page.link,1.0,page.link
784f179b76c84f42a9a165ee2169bb00.fp.measure.office.com,0.0,office.com
w4dasvfygphbgyu6w6aq-f-67a916f9b-clientnsv4-s.akamaihd.net,0.0,akamaihd.net
265c597750b542c185ae34e50e88e8d1.fp.measure.office.com,0.0,office.com
bop6k1.tdum.alibaba.com,0.0,alibaba.com
1012315801.docs.qq.com,0.0,qq.com
gjwfsxxs.page.link,1.0,page.link
03c4d6b4c74507294a700bf5ccbd98fd.safeframe.googlesyndication.com,0.0,googlesyndication.com
uxswolbzivua.sysu.edu.cn,0.0,edu.cn
vsniq.result.garrettcountygranfondo.org,1.0,garrettcountygranfondo.org
canlarevdeneve.com,1.0,canlarevdeneve.com
a-0.19-a7000801.c010081.1644.885.3ea3.210.0.chegmu8rfbawvvmz2g3p7vnml5.avts.mcafee.com,0.0,mcafee.com
perdana.com.my,1.0,com.my
cakapriau.com,1.0,cakapriau.com
bayezovv.page.link,1.0,page.link
bluedreamsschools.com,1.0,bluedreamsschools.com
plvidn19.com,1.0,plvidn19.com
helm.traefik.io.sysu.edu.cn,0.0,edu.cn
crucialpsicologia.cl,1.0,crucialpsicologia.cl
iemagreen.com,1.0,iemagreen.com
NO-OSL-ANX-R017.teamviewer.com,0.0,teamviewer.com
aqarsharjah.com,1.0,aqarsharjah.com
archivovivopaulofreire.org,1.0,archivovivopaulofreire.org
rtt.com.co,1.0,com.co
sd-1684625-h00001.ferozo.net,1.0,ferozo.net
fdeffc8d29854228b3c86e50ef64ef5c.fp.measure.office.com,0.0,office.com
wtrace.sx.chinamobile.com,0.0,chinamobile.com
lgzswswykdjuy.domain.name,0.0,domain.name
gkfyokfl.page.link,1.0,page.link
www.itp.cas.cn,0.0,cas.cn
certhis.us,1.0,certhis.us
705150ff51df468c98d3245a0e085b99.fp.measure.office.com,0.0,office.com
ricc.in,1.0,ricc.in
hacc.com.sa,1.0,com.sa
fdoqvkkk.page.link,1.0,page.link
wcokdw.dm.files.1drv.com,0.0,1drv.com
google-document.org,1.0,google-document.org
55159e3a177766831e18f00d8ea5a6f7.safeframe.googlesyndication.com,0.0,googlesyndication.com
a2318.casalemedia.com,0.0,casalemedia.com
shop42495260.m.youzan.com,0.0,youzan.com
456a237cf664a8eba026865e0c1b2625.safeframe.googlesyndication.com,0.0,googlesyndication.com
saham-d.skcarriages.com,1.0,skcarriages.com
hotelsunplaza.in,1.0,hotelsunplaza.in
psorientalmarket.com,1.0,psorientalmarket.com
ue.818ps.com,0.0,818ps.com
pdwk5paxzirruyu7ltba-pwzef4-67f3823d2-clientnsv4-s.akamaihd.net,0.0,akamaihd.net
qnjrtectvlxy.sysu.edu.cn,0.0,edu.cn
ensalud.com.co,1.0,com.co
crwpojkb.page.link,1.0,page.link
pgvpwefclt212.ccr.corp.intel.com,0.0,intel.com
yqyjfrwisldc.sysu.edu.cn,0.0,edu.cn
avender.store,1.0,avender.store
my.gxrczc.com,0.0,gxrczc.com
d3465517926203281572-t3681690708317065380.id.amgdgt.com,0.0,amgdgt.com
world.people.com.cn,0.0,com.cn
padrwfak.page.link,1.0,page.link
api.bt.cn,0.0,bt.cn
c5b7f80d6adc1319ce758d5b7e7c088e.safeframe.googlesyndication.com,0.0,googlesyndication.com
c85506d00de2744b61f5642ca3657dc3.safeframe.googlesyndication.com,0.0,googlesyndication.com
nasuhbeyakademi.com,1.0,nasuhbeyakademi.com
itr.works,1.0,itr.works
ieshmechmaa.site,1.0,ieshmechmaa.site
348811246.docs.qq.com,0.0,qq.com
res-onxce.oss-accelerate.aliyuncs.com,0.0,aliyuncs.com
bbs.okaoyan.com,0.0,okaoyan.com
rr3---sn-o097znsk.googlevideo.com,0.0,googlevideo.com
r3---sn-npoldn7s.googlevideo.com,0.0,googlevideo.com
30c753144997fc9dbe70aac8cf0d0926.rdt.tfogc.com,0.0,tfogc.com
aierjuna.lofter.com,0.0,lofter.com
sheva.vn,1.0,sheva.vn
stream.binance.me,0.0,binance.me
passport.1905.com,0.0,1905.com
birulaut.id,1.0,birulaut.id
my-lynk.com,1.0,my-lynk.com
bfacilityservice.com,1.0,bfacilityservice.com
eblaghs.fartit.com,1.0,fartit.com
click.updates.cambridge.org,0.0,cambridge.org
xtbg.zfsg.gd.gov.cn,0.0,gov.cn
puntograficobb.com,1.0,puntograficobb.com
bcurve.net,1.0,bcurve.net
itpathshalaa.com,1.0,itpathshalaa.com
familyws.icloud.apple.com,0.0,apple.com
c-0.19-a7000489.2.170c.c6b.3ea5.210.0.8t8v8mq412slkf36fnutc63b4v.avts.mcafee.com,0.0,mcafee.com
yfeqqsy03mvt.com,1.0,yfeqqsy03mvt.com
firstrepairsltd.com,1.0,firstrepairsltd.com
ekiciitfaiye.com,1.0,ekiciitfaiye.com
davidsuclea.ro,1.0,davidsuclea.ro
91a820dbf635b78c3632e2010067bbfb.safeframe.googlesyndication.com,0.0,googlesyndication.com
actamicro.ijournals.cn,0.0,ijournals.cn
8714cdbef906170b5fe7bd7cd4d9d680.safeframe.googlesyndication.com,0.0,googlesyndication.com
arsiteku.com,1.0,arsiteku.com
w4dasvaxhxbggyu6vwuq-f-336977dab-clientnsv4-s.akamaihd.net,0.0,akamaihd.net
download.skycn.com,1.0,skycn.com
rohanapparels.com.pk,1.0,com.pk
w4dasvaxfdy4syu6flnq-f-2cb836b66-clientnsv4-s.akamaihd.net,0.0,akamaihd.net
60bdfbda488e473d8102cce4a95003e1.fp.measure.office.com,0.0,office.com
wzxjtbdf.page.link,1.0,page.link
dc0f7b41070bf7d65f6877d051210de9.safeframe.googlesyndication.com,0.0,googlesyndication.com
df8bdd5335b4aebcdcce70444328c02a.safeframe.googlesyndication.com,0.0,googlesyndication.com
3f199571b8b51e3490bc2a121aea712d.safeframe.googlesyndication.com,0.0,googlesyndication.com
rileyfalconsecurity.co.ke,1.0,co.ke
8054b6850bf2407eaf3269ce457f4061.fp.measure.office.com,0.0,office.com
cqtljhyo.page.link,1.0,page.link
core2.gsfc.nasa.gov,0.0,nasa.gov
learnxeducation.com,1.0,learnxeducation.com
adls.mrface.com,1.0,mrface.com
sansadkhelspardha.in,1.0,sansadkhelspardha.in
ismartsolulab.com,1.0,ismartsolulab.com
zupo.zju.edu.cn,0.0,edu.cn
ad36bd3c6eb9b2d05dcf21a23dc84b07.safeframe.googlesyndication.com,0.0,googlesyndication.com
mahmoodsadeghi13.com,1.0,mahmoodsadeghi13.com
esteticasiemprelindas.com,1.0,esteticasiemprelindas.com
gqaqqvkrpbtvs.sysu.edu.cn,0.0,edu.cn
events.bugsnag.shopbop.amazon.dev,0.0,amazon.dev
salvagepirate.com,1.0,salvagepirate.com
wukvjyly.page.link,1.0,page.link
f739735c4db2470480fba9b47e9b8df9.fp.measure.office.com,0.0,office.com
www.ingonherbal.com,1.0,ingonherbal.com
rsums.co.id,1.0,co.id
stun1.l.google.com,0.0,google.com
iogbpyv.sysu.edu.cn,0.0,edu.cn
n4291289.vps18.u.avcdn.net,0.0,avcdn.net
bioelectronics.eng.cam.ac.uk,0.0,ac.uk
usenata.com,1.0,usenata.com
adl-sahml.fartit.com,1.0,fartit.com
xnl1f6ultkg2jyb4mi8iczv0rfdfg1654585009.nuid.imrworldwide.com,0.0,imrworldwide.com
unisono.band,1.0,unisono.band
madicon.co.za,1.0,co.za
zenithdentaire.com,1.0,zenithdentaire.com
vjcdggbupsji.sysu.edu.cn,0.0,edu.cn
drugsideeffectchecker.com,1.0,drugsideeffectchecker.com
nithiacapital.com,1.0,nithiacapital.com
34-214-202-81-pushcl.np.communication.playstation.net,0.0,playstation.net
ismartsocial.com,1.0,ismartsocial.com
foladmarkazi.com,1.0,foladmarkazi.com
sapansahu.com,1.0,sapansahu.com
vbdm.settings.oysterfloats.org,1.0,oysterfloats.org
df45ay5pw60dy.cloudfront.net,0.0,cloudfront.net
www.baike.baidu.com,0.0,baidu.com
only-762200-117-136-31-255.nstool.netease.com,0.0,netease.com
zj2fdlixfqz3eyu6rapq-f-87f60760b-clientnsv4-s.akamaihd.net,0.0,akamaihd.net
wcgi.jianke.com,0.0,jianke.com
mpns-intel.api.mgtv.com,0.0,mgtv.com
cafedesmots.com,1.0,cafedesmots.com
osam.org.ar,1.0,org.ar
d3l9fju211jpzs.cloudfront.net,0.0,cloudfront.net
19.163.190.20.sbl.spamhaus.org,0.0,spamhaus.org
1081-ipv4e.clump.dprodmgd106.aa-rt.sharepoint.com,0.0,sharepoint.com
fwx.perrier.ffm.qq.com,0.0,qq.com
jlbrajgl.page.link,1.0,page.link
clearwooddesigner.com,1.0,clearwooddesigner.com
fancyshoppingcenter.pk,1.0,fancyshoppingcenter.pk
solutionforum.au,1.0,solutionforum.au
3t5fmdir7rwcu7jblrg5bzcdwkctzigyvqawl2f641e972157a65e8e7sac.d.aa.online-metrix.net,0.0,online-metrix.net
2pmg8.tdum.alibaba.com,0.0,alibaba.com
osal-sa.com,1.0,osal-sa.com
a-0.19-a7000011.c0e0081.170c.d78.3ea5.210.0.rm9mf9g8ffwn61sm8a2w1da2e6.avts.mcafee.com,0.0,mcafee.com
fzeqizwn.page.link,1.0,page.link
c152ad4a5bc945f081f89a7a704c02d1.fp.measure.office.com,0.0,office.com
healthads.shop,1.0,healthads.shop
waiub.betulsasa.sa.com,1.0,sa.com
fhpyjjxsyxgs.qiyukf.com,0.0,qiyukf.com
bzixrgpe.page.link,1.0,page.link
mfs.msn.com,0.0,msn.com
partotaprayan.com,1.0,partotaprayan.com
madaraschool.org,1.0,madaraschool.org
lesecolesatlas-gn.org,1.0,lesecolesatlas-gn.org
70d834f5de37459b85d3d8ea96ad561d.fp.measure.office.com,0.0,office.com
wap.cztv.com,0.0,cztv.com
posicionamientonatural.es,1.0,posicionamientonatural.es
vdownload-4.sb-cd.com,0.0,sb-cd.com
monitor.music.qq.com,0.0,qq.com
hacker.548848.xyz,1.0,548848.xyz
8c2411c7377a4dae99b9a34e7951fd1f.fp.measure.office.com,0.0,office.com
samathaspupusas.com,1.0,samathaspupusas.com
kimcamacademy.net,1.0,kimcamacademy.net
qicxhorh.page.link,1.0,page.link
be974b864b6b9c4b5715b2bd60b051dd.safeframe.googlesyndication.com,0.0,googlesyndication.com
pseventer.com,1.0,pseventer.com
159.2.101.151.sbl.spamhaus.org,0.0,spamhaus.org
piodeachiniot.com,1.0,piodeachiniot.com
only-924285-223-104-67-81.nstool.netease.com,0.0,netease.com
meetup.com,0.0,meetup.com
bilibqimg.cdn.bcebos.com,0.0,bcebos.com
biwntlwl.sysu.edu.cn,0.0,edu.cn
ustb.id.ustb.edu.cn,0.0,edu.cn
mitoohwgnby.sysu.edu.cn,0.0,edu.cn
sxllyj.cass.cn,0.0,cass.cn
pvweamdp.sysu.edu.cn,0.0,edu.cn
www.szfty.net,0.0,szfty.net
adz.app.br,1.0,app.br
wevovcnmjisxvpf.www.tendawifi.com,0.0,tendawifi.com
lider.fm,1.0,lider.fm
lpexpert.site,1.0,lpexpert.site
silverytips.com,1.0,silverytips.com
www.inkscape.org,0.0,inkscape.org
css.znzmo.com,0.0,znzmo.com
bs.nenu.edu.cn,0.0,edu.cn
72k6ns9auf2usbm36dvnpfteetetkj7hodzhfskgd0ee558c1857ae2esac.d.aa.online-metrix.net,0.0,online-metrix.net
finmanage.gdufe.edu.cn,0.0,edu.cn
202-116-81-14_s-23-196-47-91_ts-1654567582-clienttons-s.akamaihd.net,0.0,akamaihd.net
humanbenchmark.com,0.0,humanbenchmark.com
shibboleth.ebscohost.com,0.0,ebscohost.com
sms.sina.com.cn,0.0,com.cn
zurnnvlu.page.link,1.0,page.link
bafybeid5rstj6jemz2pf6acgm6gpkvv6ytwy56xteavf2xu4zwgkammst4.ipfs.infura-ipfs.io,0.0,infura-ipfs.io
encore5.jig.media,1.0,jig.media
topone.al,1.0,topone.al
knqwwbpk.page.link,1.0,page.link
a2453c10-ce3f-4b7b-af2d-911672da2ed7.t.ssp.hinet.net,0.0,hinet.net
a19c0f74c0dbc166b59d19dec9861092.safeframe.googlesyndication.com,0.0,googlesyndication.com
trumnapgame.online,1.0,trumnapgame.online
only-233274-223-104-72-235.nstool.netease.com,0.0,netease.com
xmkoyton.page.link,1.0,page.link
eqhvjyir.page.link,1.0,page.link
tbgroop.ir,1.0,tbgroop.ir
grupocardo.com.mx,1.0,com.mx
hema.highway.alibaba-inc.com,0.0,alibaba-inc.com
jggsznxu.page.link,1.0,page.link
rishraff.com,1.0,rishraff.com
1727071816.docs.qq.com,0.0,qq.com
2f99f331a86b408aa5e708bac5401430.fp.measure.office.com,0.0,office.com
qianquanlanjing.lofter.com,0.0,lofter.com
ozkarahafriyat.com,1.0,ozkarahafriyat.com
css.sohu.com,0.0,sohu.com
srm.faqserv.com,1.0,faqserv.com
abb8c91b-cfd2-4ae6-ba53-16579fe1acb1.usrfiles.com,1.0,usrfiles.com
rjkjfgzd.page.link,1.0,page.link
imp9.bidgear.com,0.0,bidgear.com
alb.www.tendawifi.com,0.0,tendawifi.com
client-server4.safedog.cn,0.0,safedog.cn
touchenexus.com,1.0,touchenexus.com
voguetales.com,1.0,voguetales.com
195.16.219.52.sbl.spamhaus.org,0.0,spamhaus.org
sadrate.hair,1.0,sadrate.hair
ortopediawong.pe,1.0,ortopediawong.pe
pkrsqmjl.page.link,1.0,page.link
c860a754844921069160d5b9b6e5c5b8.safeframe.googlesyndication.com,0.0,googlesyndication.com
4d95f3cd27cb4e482c274abd2dfb9a65.safeframe.googlesyndication.com,0.0,googlesyndication.com
nxqaw.baiducom.randyandtheresa.com,0.0,randyandtheresa.com
vjudge.csgrandeur.cn,0.0,csgrandeur.cn
shop562962350.taobao.com,0.0,taobao.com
gons19cl.top,1.0,gons19cl.top
f3.3dwhere.com,0.0,3dwhere.com
upcyclestitches.com,1.0,upcyclestitches.com
saudesomnis.com.br,1.0,com.br
sbszizsf.page.link,1.0,page.link
cdn.nbcb.com.cn,0.0,com.cn
csvnwcjebpxi.sysu.edu.cn,0.0,edu.cn
greenrootslandscaping.ae,1.0,greenrootslandscaping.ae
vihaninternational.com,1.0,vihaninternational.com
4b8c92b0915d4a8aaf136210ca1939cd.fp.measure.office.com,0.0,office.com
p208-keyvalueservice-china.icloud.com,0.0,icloud.com
0fe7854f4b564defbd191f59860d3e0b.fp.measure.office.com,0.0,office.com
bzepwhqo.page.link,1.0,page.link
meinkleinesseminarhaus.it,1.0,meinkleinesseminarhaus.it
b113.photo.store.qq.com,0.0,qq.com
netspeedmeter.com,1.0,netspeedmeter.com
chasecarhire.com.au,1.0,com.au
miradamaga.cl,1.0,miradamaga.cl
multitenantzpprodstorage.blob.core.windows.net,0.0,windows.net
celloxwatches.com,1.0,celloxwatches.com
mirrors.bloomu.edu,0.0,bloomu.edu
sondoscamisas.com,1.0,sondoscamisas.com
live-a-epic7-gate-906043832.ap-northeast-1.elb.amazonaws.com,0.0,amazonaws.com
connecticutmasantafe.m-a-i-l-l-o-t.com,1.0,m-a-i-l-l-o-t.com
wishisland.pk,1.0,wishisland.pk
nen.layout.oystergardens.us,1.0,oystergardens.us
fxhh.jd.com,0.0,jd.com
handmaidscatholicschoolibadan.com,1.0,handmaidscatholicschoolibadan.com
lucreindia.com,1.0,lucreindia.com
indico.phy.ornl.gov,0.0,ornl.gov
p4-hn6fwrwuvb35m-yyn6j6ztlzlzkz2e-if-v6exp3-v4.metric.gstatic.com,0.0,gstatic.com
ejkwalvshwqo.sysu.edu.cn,0.0,edu.cn
dno.settings.oysterfloats.org,1.0,oysterfloats.org
liokinch.com,1.0,liokinch.com
etumaxgulf.com,1.0,etumaxgulf.com
ncyjyvud.page.link,1.0,page.link
c8kum9.tdum.alibaba.com,0.0,alibaba.com
choicewzp1.eastmoney.com,0.0,eastmoney.com
api.twilio.com,0.0,twilio.com
zj2fdlixfqz3eyu6pmvq-f-728d3083d-clientnsv4-s.akamaihd.net,0.0,akamaihd.net
dynamic-principles.linkpc.net,1.0,linkpc.net
rishish.com,1.0,rishish.com
lady.people.com.cn,0.0,com.cn
tumail.org,1.0,tumail.org
ta-nk.co.jp,1.0,co.jp
smpneqeb.www.tendawifi.com,0.0,tendawifi.com
arcrosarquitectura.com,1.0,arcrosarquitectura.com
a98hnw.tdum.alibaba.com,0.0,alibaba.com
ahudag.ahu.edu.cn,0.0,edu.cn
0795.jxpta.com,0.0,jxpta.com
mtrack.rayjump.com,0.0,rayjump.com
rhpsupplychain.com,1.0,rhpsupplychain.com
cvnhbceq.page.link,1.0,page.link
supervagas.online,1.0,supervagas.online
vyetkwzi.page.link,1.0,page.link
w4dasvaxfdy4syu7a5qq-f-5271bea1b-clientnsv4-s.akamaihd.net,0.0,akamaihd.net
es.mathworks.com,0.0,mathworks.com
freewifi.360.cn,0.0,360.cn
posmicrosystems.com,1.0,posmicrosystems.com
rtynlcvs.page.link,1.0,page.link
plandeplanes.com,1.0,plandeplanes.com
dfbc064953ece00cffa50cd6536d6ad4.safeframe.googlesyndication.com,0.0,googlesyndication.com
toolstechs.com,1.0,toolstechs.com
dgssoftware-pa.com,1.0,dgssoftware-pa.com
traque.co,1.0,traque.co
jysujlwyeccjtuq.sysu.edu.cn,0.0,edu.cn
whiqvznd.page.link,1.0,page.link
4cd7a5804914445aa6b0d2d1ec63a9eb.fp.measure.office.com,0.0,office.com
classic-construct.com,1.0,classic-construct.com
gypixjqb.page.link,1.0,page.link
mediaassets.airbus.com,0.0,airbus.com
console-platform-pt-1252317822.image.myqcloud.com,0.0,myqcloud.com
allonlinenewz.com,1.0,allonlinenewz.com
nshboeec.page.link,1.0,page.link
newwoodsrl.it,1.0,newwoodsrl.it
pexels.com,0.0,pexels.com
zj2fdlixfqz3eyu6mwra-f-73cb4d39f-clientnsv4-s.akamaihd.net,0.0,akamaihd.net
ypcanjcf.page.link,1.0,page.link
a4c636d8fb1274444901d42f16fa8bfe.safeframe.googlesyndication.com,0.0,googlesyndication.com
sandboxdataminegroup.com.au,1.0,com.au
wplriqhtr.sysu.edu.cn,0.0,edu.cn
01f75c81c85b734b4d6165995ccc8cb1.dlied1.cdntips.net,0.0,cdntips.net
ghsqchkd.page.link,1.0,page.link
ptbolaaman.com,1.0,ptbolaaman.com
timbuktu.co.id,1.0,co.id
egyfarm.com,1.0,egyfarm.com
szkolenia-ms.pl,1.0,szkolenia-ms.pl
www.bi.undp.org,0.0,undp.org
monday.com,0.0,monday.com
zj2fdlixfqz3eyu6q7ea-f-64a20663f-clientnsv4-s.akamaihd.net,0.0,akamaihd.net
72k6ns9afyz32um5gvxirqw4cqsppj7qacil3mure5ac317169ed811fsac.d.aa.online-metrix.net,0.0,online-metrix.net
boaboca.pt,1.0,boaboca.pt
c39f64348cbb4f569d6a49eb8e50f5b7.fp.measure.office.com,0.0,office.com
ezeuba.me,1.0,ezeuba.me
peach.paheal.net,0.0,paheal.net
www.boohee.com,0.0,boohee.com
ssc.fartit.com,1.0,fartit.com
lfgeahag.page.link,1.0,page.link
my-wechat.mdnice.com,0.0,mdnice.com
w4dasvdimj2tayu67ria-f-b0e79e737-clientnsv4-s.akamaihd.net,0.0,akamaihd.net
digitalpinki.com,1.0,digitalpinki.com
xgc.ncu.edu.cn,0.0,edu.cn
yfbdpgixpytlixy.sysu.edu.cn,0.0,edu.cn
722771903-a87cs5217c779.rc03.oray.com,0.0,oray.com
radium-audio.com,1.0,radium-audio.com
lolatag.com,1.0,lolatag.com
hunggiang.vn,1.0,hunggiang.vn
dr-tamar.pro,1.0,dr-tamar.pro
sslapi.jrj.com.cn,0.0,com.cn
ar2shop.com,1.0,ar2shop.com
auth.vmware.com,0.0,vmware.com
3m5t0ggsq4t6.l4.adsco.re,0.0,adsco.re
wxpublic-1251448646.file.myqcloud.com,0.0,myqcloud.com
26.88.13.31.sbl.spamhaus.org,0.0,spamhaus.org
vladowiki.fmf.uni-lj.si,0.0,uni-lj.si
gbstaohe.page.link,1.0,page.link
t10img.yangkeduo.com,0.0,yangkeduo.com
abhijayaspices.com,1.0,abhijayaspices.com
wndnpakx.page.link,1.0,page.link
irtsqpsm.page.link,1.0,page.link
mycalltaxi.com,1.0,mycalltaxi.com
westeurope1-0.pushnp.svc.ms,0.0,svc.ms
assadara-group.com,1.0,assadara-group.com
35-164-18-226-pushcl.np.communication.playstation.net,0.0,playstation.net
deukhurimultiplecampus.edu.np,1.0,edu.np
hitechhomes.ca,1.0,hitechhomes.ca
8113885aa7f0a2cd28b321c5a25f3571.dlied1.cdntips.net,0.0,cdntips.net
yamaclis.com,1.0,yamaclis.com
furrytalesdogwalker.co.uk,1.0,co.uk
dcb8ae41fabb48a08456b8b544dffa27.fp.measure.office.com,0.0,office.com
2979d1213f4ac048b6b52fa7e3e19dbd.safeframe.googlesyndication.com,0.0,googlesyndication.com
e678824ffab39afee2f514f7ff4c4c58.safeframe.googlesyndication.com,0.0,googlesyndication.com
onedrive.live.com,1.0,live.com
gprddata.sysu.edu.cn,0.0,edu.cn
www.zaih.com,0.0,zaih.com
yjsb.ciac.cas.cn,0.0,cas.cn
api16-core.tiktokv.com,0.0,tiktokv.com
parafusacos.com.br,1.0,com.br
fmgw.scu.glbs.qunar.com,0.0,qunar.com
tattoocapilar.com,1.0,tattoocapilar.com
smd.agency,1.0,smd.agency
miateknik.com,1.0,miateknik.com
6c383ca2282d473e9674cb763866810c.fp.measure.office.com,0.0,office.com
tumusicaapp.com,1.0,tumusicaapp.com
adsqe.fartit.com,1.0,fartit.com
www.getbeamer.com,0.0,getbeamer.com
adlgs.itsaol.com,1.0,itsaol.com
urbanrecords.buzz,1.0,urbanrecords.buzz
txpmyhlca.sysu.edu.cn,0.0,edu.cn
www.downdetector.com,0.0,downdetector.com
abodeclime.com,1.0,abodeclime.com
drive.google.com,1.0,google.com
europlanet-society.us20.list-manage.com,0.0,list-manage.com
fuiwfjld.page.link,1.0,page.link
4c4e41df2113410c95bc82f6ad2701c4.fp.measure.office.com,0.0,office.com
gofly.id,1.0,gofly.id
injewtkx.page.link,1.0,page.link
www.chevrolet.ca,0.0,chevrolet.ca
www.wisecleaner.com,0.0,wisecleaner.com
follow.co.za,1.0,co.za
hurdacikonya.com,1.0,hurdacikonya.com
gblue.eu,1.0,gblue.eu
adsqq.vizvaz.com,1.0,vizvaz.com
vuedell.co.uk,1.0,co.uk
zsyklicy.page.link,1.0,page.link
500000wordswithpictures.com,1.0,500000wordswithpictures.com
c120930aadcb6c1872b30eca0b6cc114.safeframe.googlesyndication.com,0.0,googlesyndication.com
76f8b65744e956872389020a488d10bf.safeframe.googlesyndication.com,0.0,googlesyndication.com
b9ccc237749411cc1c9a4b7af667be66.safeframe.googlesyndication.com,0.0,googlesyndication.com
5c37144ffe62491aa1889e35cb843b9d.fp.measure.office.com,0.0,office.com
telihlup.page.link,1.0,page.link
f6b69285a56a49e3bfdf0147034787c9.fp.measure.office.com,0.0,office.com
empiricalbusiness.co.zw,1.0,co.zw
xivmmyxmcb.sysu.edu.cn,0.0,edu.cn
tribunadeparnaiba.com,1.0,tribunadeparnaiba.com
adl-sam.itsaol.com,1.0,itsaol.com
c56493c062a14dd8b019c39cea937dbd.fp.measure.office.com,0.0,office.com
res.cnsrc.org.cn,0.0,org.cn
pcnonline.ng,1.0,pcnonline.ng
nbachuuv.sysu.edu.cn,0.0,edu.cn
drqwihzg.page.link,1.0,page.link
almost4x4.com,1.0,almost4x4.com
testgbsdk.nie.netease.com,0.0,netease.com
scheiff.eu,1.0,scheiff.eu
gwngroup.id,1.0,gwngroup.id
dartagnan-capitals.com,1.0,dartagnan-capitals.com
colegiodelsol.info,1.0,colegiodelsol.info
mtsnurulkamalsambirejo.com,1.0,mtsnurulkamalsambirejo.com
ngitzupvj.sysu.edu.cn,0.0,edu.cn
logconf.iflytek.com.www.tendawifi.com,0.0,tendawifi.com
499-ipv4e.clump.prod.aa-rt.sharepoint.com,0.0,sharepoint.com
oxtflnaw.page.link,1.0,page.link
maker-cnki-net-s.webvpn.sysu.edu.cn,0.0,edu.cn
mayanmexico.travel,1.0,mayanmexico.travel
15ab18efb29048d5b12267115348d2d7.fp.measure.office.com,0.0,office.com
4c1c6c2c-3624-42cb-a147-0b3263050851.usrfiles.com,1.0,usrfiles.com
groupersgame.com,1.0,groupersgame.com
rhbcscirfosdqq.sysu.edu.cn,0.0,edu.cn
marquesvogt.com,1.0,marquesvogt.com
i9t5qw.db.files.1drv.com,1.0,1drv.com
35dbbee073656a5077410aa79d7f3f2d.safeframe.googlesyndication.com,0.0,googlesyndication.com
7a94a1a2cde4c1eb3edb112f566d4e62.safeframe.googlesyndication.com,0.0,googlesyndication.com
384e9b96c50036df9e9c5fb671dfd654.safeframe.googlesyndication.com,0.0,googlesyndication.com
8cc4761f60e55e24eb489d3c405fe815.safeframe.googlesyndication.com,0.0,googlesyndication.com
nunoecristinawellnesscoachs.com,1.0,nunoecristinawellnesscoachs.com
xplwelshffpkvx.sysu.edu.cn,0.0,edu.cn
appgongyu.58.com,0.0,58.com
waorm.hisensetelevisao.sa.com,1.0,sa.com
mqtt-web.zhihu.com,0.0,zhihu.com
zamzamhotelbatu.com,1.0,zamzamhotelbatu.com
virginiagahonolulu.aimeeburnett.info,1.0,aimeeburnett.info
swarf.pk,1.0,swarf.pk
servipolares.com,1.0,servipolares.com
101.147.166.143.sbl.spamhaus.org,0.0,spamhaus.org
0e95eec57ce54333813d8df40e071f37.fp.measure.office.com,0.0,office.com
urbanhood.pk,1.0,urbanhood.pk
undergroundnyc.com,1.0,undergroundnyc.com
ahagroup.in,1.0,ahagroup.in
hrhxmdliypzor.sysu.edu.cn,0.0,edu.cn
2565.replace.favo.rew65.com,0.0,rew65.com
recomandat.com,1.0,recomandat.com
weysnigs.page.link,1.0,page.link
7mat2.faiasa.sa.com,1.0,sa.com
parsnikanco.com,1.0,parsnikanco.com
customer.crm.1688.com,0.0,1688.com
w4dasvaxfdy4syu67veq-f-527a11d68-clientnsv4-s.akamaihd.net,0.0,akamaihd.net
www.royalroad.com,0.0,royalroad.com
atlacomulco.gob.mx,1.0,gob.mx
koqwxjog.page.link,1.0,page.link
www.hostingcloud.racing,1.0,hostingcloud.racing
cuneiformtest.com,1.0,cuneiformtest.com
sa-dn.vizvaz.com,1.0,vizvaz.com
2ebbd5150d214c598ac6a9fb4a0cc786.fp.measure.office.com,0.0,office.com
thehighestinstitut.com,1.0,thehighestinstitut.com
photos-sony-res.flyme.com,0.0,flyme.com
cdn3-adb1.ru,1.0,cdn3-adb1.ru
w4dasvax2cgiayu6ukdq-f-d7b7568cb-clientnsv4-s.akamaihd.net,0.0,akamaihd.net
wecanmph.wjx.cn,0.0,wjx.cn
ndpt.layout.oystergardens.us,1.0,oystergardens.us
birkelseeds.com,1.0,birkelseeds.com
sayapparels.com,1.0,sayapparels.com
a818dd13888f4542b0d639bd5f2596f0.fp.measure.office.com,0.0,office.com
jjbpo.com.co,1.0,com.co
rr3---sn-3pm7dn7r.googlevideo.com,0.0,googlevideo.com
timfall.files.wordpress.com,0.0,wordpress.com
amr.shandong.gov.cn,0.0,gov.cn
pakpersian-carpets.com,1.0,pakpersian-carpets.com
kkqoygrp.page.link,1.0,page.link
roseslandfarm.com,1.0,roseslandfarm.com
s1.d.meituan.net,0.0,meituan.net
pgpdl.biligame.com,0.0,biligame.com
news.soxo.bet,1.0,soxo.bet
6966534d90924e49a717048aae7288b4.fp.measure.office.com,0.0,office.com
item.damai.cn,0.0,damai.cn
e7a0f904656f47dd93e837f6ef6a79ac.fp.measure.office.com,0.0,office.com
zgcgw.beijing.gov.cn,0.0,gov.cn
globalzonetoday.com,0.0,globalzonetoday.com
ablink.mail.memrise.com,0.0,memrise.com
jsj.result.garrettcountygranfondo.org,1.0,garrettcountygranfondo.org
hospitalvirgendefatima.gob.pe,1.0,gob.pe
dsyhgzljlm.domain.name,0.0,domain.name
qpnfswly.page.link,1.0,page.link
vozimx.site,1.0,vozimx.site
sfqlbxfj.page.link,1.0,page.link
58a36fc5fc5ec618d9a94fc913c2cafc.safeframe.googlesyndication.com,0.0,googlesyndication.com
45df09d1efb80adec092417f286c8c76.safeframe.googlesyndication.com,0.0,googlesyndication.com
marvelouswriters.com,1.0,marvelouswriters.com
greenlane.co.za,1.0,co.za
mentoriamaia.com,1.0,mentoriamaia.com
idsjlizj.page.link,1.0,page.link
eahbmedia.in,1.0,eahbmedia.in
only-149859-183-46-20-109.nstool.netease.com,0.0,netease.com
xjrwpwoh.page.link,1.0,page.link
adsh.vizvaz.com,1.0,vizvaz.com
oomsvtoc.page.link,1.0,page.link
senpaicontent.com,1.0,senpaicontent.com
zxmdkpsbzmkgei.sysu.edu.cn,0.0,edu.cn
dacsandongthapmuoi.vn,1.0,dacsandongthapmuoi.vn
sites.ed.gov,0.0,ed.gov
2f5770b1c94d4f2ebb055d6fbabebbf4.fp.measure.office.com,0.0,office.com
t4374758623503446373.id.amgdgt.com,0.0,amgdgt.com
nsairoet.kozow.com,1.0,kozow.com
officialshop.oss-cn-beijing.aliyuncs.com,0.0,aliyuncs.com
techcloudes.com,1.0,techcloudes.com
mx2.mail.139.com,0.0,139.com
classicroverstravel.com,1.0,classicroverstravel.com
jjjbros.com.au,1.0,com.au
mmjagzeebixcs.sysu.edu.cn,0.0,edu.cn
www.security.online-banking.hsbc.com.hk,0.0,com.hk
app.api.sj.360.cn,0.0,360.cn
v27-cold.douyinvod.com,0.0,douyinvod.com
zj2fdlixfqz3eyu6mziq-f-172f417aa-clientnsv4-s.akamaihd.net,0.0,akamaihd.net
radio-services.itunes.apple.com,0.0,apple.com
saham-w.itsaol.com,1.0,itsaol.com
arpatex.ch,1.0,arpatex.ch
cleangreenva.com,1.0,cleangreenva.com
needzsolutions.com,1.0,needzsolutions.com
offerselecter.com,1.0,offerselecter.com
284828-android-ds.metric.gstatic.com,0.0,gstatic.com
ctc.i.gtimg.cn,0.0,gtimg.cn
a-0.19-24097801.c8d0082.1838.1c44.410a.400.9d.pllvtvqpa2dvnugppd97kwdg5i.avqs.mcafee.com,0.0,mcafee.com
meritodigital.com,1.0,meritodigital.com
topazlabs.com,0.0,topazlabs.com
tutorialadda.com,1.0,tutorialadda.com
gqegkbvq.page.link,1.0,page.link
mecsekenergetika.hu,1.0,mecsekenergetika.hu
tqrvuzqv.page.link,1.0,page.link
a-0.19-a7000801.0.170c.c6b.3ea5.210.0.h2k365ifkbdjddbz3zrdebe9mi.avts.mcafee.com,0.0,mcafee.com
peanutlab.net,1.0,peanutlab.net
nonexist.sdo.com,0.0,sdo.com
ekbjonrk.page.link,1.0,page.link
califholdings.com,1.0,califholdings.com
vlwgbgtxdz.sysu.edu.cn,0.0,edu.cn
fms.dns05.com,1.0,dns05.com
denisspedition.ro,1.0,denisspedition.ro
1ae2526e0ff85f8f1705e6e5cf3e80ca.safeframe.googlesyndication.com,0.0,googlesyndication.com
f9c8129f1ed145b08fab29752589499b.safeframe.googlesyndication.com,0.0,googlesyndication.com
w4dasvc4po6vayu6g2oq-f-37ea9633e-clientnsv4-s.akamaihd.net,0.0,akamaihd.net
72k6ns9a4hfj4qdzgkvnh7bogrh5ajgwyiwav6ru674f35990acbca0asac.d.aa.online-metrix.net,0.0,online-metrix.net
bd3b3c42b8c8423cbb7e3eb4524f56a7.fp.measure.office.com,0.0,office.com
1380575.s4.udesk.cn,0.0,udesk.cn
m.wei2008.com,0.0,wei2008.com
thestandpoint.ca,1.0,thestandpoint.ca
www-google-analytics.l.google.com,0.0,google.com
zyyrs-003-1307933473.cos-website.ap-chengdu.myqcloud.com,0.0,myqcloud.com
tyjrswt.jiangxi.gov.cn,0.0,gov.cn
f3256d9d4164cd8f8570c3aa55b92138.safeframe.googlesyndication.com,0.0,googlesyndication.com
clinicileardeleanu.ro,1.0,clinicileardeleanu.ro
ccmr.sppm.tsinghua.edu.cn,0.0,edu.cn
lloydfedder.com,1.0,lloydfedder.com
jobly.pk,1.0,jobly.pk
www.my.oschina.net,0.0,oschina.net
19.offcn.com,0.0,offcn.com
trans-proxy.api.xiaomi.net,0.0,xiaomi.net
zj2fdlixfqzxuyu6p3aa-f-70ca16a7b-clientnsv4-s.akamaihd.net,0.0,akamaihd.net
w0oa5m.bluboldlikeuscelullares.motorcycles,1.0,bluboldlikeuscelullares.motorcycles
pifmedia.ro,1.0,pifmedia.ro
ak.hetaruwg.com,0.0,hetaruwg.com
static2.chatrandom.com,0.0,chatrandom.com
sgw-de.c.huawei.com,0.0,huawei.com
washingtonmaalbany.nexusbd.us,1.0,nexusbd.us
maternarse.com.uy,1.0,com.uy
madamsdara.com,1.0,madamsdara.com
a4bcd8be56584b88a067e4188b35c645.fp.measure.office.com,0.0,office.com
p104-ckdatabase-china.icloud.com,0.0,icloud.com
ns2.wlfdle.rnc.net.cable.rogers.com,0.0,rogers.com
clients.browser.qq.com,0.0,qq.com
6a4eecba71a14e91924cc8ecfe6ffb8a.fp.measure.office.com,0.0,office.com
digioff.co,1.0,digioff.co
j28.joovideo.cc,0.0,joovideo.cc
ji.fhauiehgha.com,1.0,fhauiehgha.com
cbqohfnm.page.link,1.0,page.link
meliuscapitalhumano.com,1.0,meliuscapitalhumano.com
p115-ckdatabase-china.icloud.com,0.0,icloud.com
a9f1ff015cb9f78c64100d38f019657e.safeframe.googlesyndication.com,0.0,googlesyndication.com
gconsultores.com.co,1.0,com.co
a-0.19-24099801.c190082.1838.1c44.410a.400.9d.dlivbazzwu9iltzu6ns9q3bfuj.avqs.mcafee.com,0.0,mcafee.com
bzphlwkscthqw.sysu.edu.cn,0.0,edu.cn
africanempowermenthubuganda.org,1.0,africanempowermenthubuganda.org
blueseapalinuro.it,1.0,blueseapalinuro.it
jko.result.garrettcountygranfondo.org,1.0,garrettcountygranfondo.org
183-6-9-99_s-23-56-4-26_ts-1654606702-clienttons-s.akamaihd.net,0.0,akamaihd.net
zomradio.com,1.0,zomradio.com
monsterlyrics.sysu.edu.cn,0.0,edu.cn
organicsynthesis.univie.ac.at,0.0,ac.at
bf5ffc7f6d084d75bfe4f99ceaed1d6b.fp.measure.office.com,0.0,office.com
w4dasvaxacrsqyu64alq-f-364a381b0-clientnsv4-s.akamaihd.net,0.0,akamaihd.net
zodbercbw.sysu.edu.cn,0.0,edu.cn
65407c6676fd8e54f5bcb0313f9569ef.safeframe.googlesyndication.com,0.0,googlesyndication.com
sounds.bl.uk,0.0,bl.uk
fsfevngaewsibwv.www.tendawifi.com,0.0,tendawifi.com
a6f625476ff74a9598ece1ae0e19580e.fp.measure.office.com,0.0,office.com
e-amwaj.com,1.0,e-amwaj.com
cheaptravelservice.us,1.0,cheaptravelservice.us
forest.himanfast.com,1.0,himanfast.com
internetareal.net.br,1.0,net.br
spa.sysu.edu.cn,0.0,edu.cn
botfusion1-8f4913f37609.herokuapp.com,1.0,herokuapp.com
lastimaners.ug,1.0,lastimaners.ug
lucaspena.com,1.0,lucaspena.com
trackking.co,1.0,trackking.co
specnaznachenie.ru,1.0,specnaznachenie.ru
mhrmpcoop.com.ph,1.0,com.ph
cdn.gamerant.com,0.0,gamerant.com
locksmithalberton.com,1.0,locksmithalberton.com
zj2fdlixfqz3eyu6s2ea-f-14c1faddb-clientnsv4-s.akamaihd.net,0.0,akamaihd.net
mn.sina.cn,0.0,sina.cn
update.grammarly.com,0.0,grammarly.com
sahame.fartit.com,1.0,fartit.com
seccliprod.alipay.com,0.0,alipay.com
elcantererorestaurante.com,1.0,elcantererorestaurante.com
peckhamplumbingandheating.co.uk,1.0,co.uk
usmanahmad.com,1.0,usmanahmad.com
8118f449515064b1c8aeda9ab3eb34a3.safeframe.googlesyndication.com,0.0,googlesyndication.com
qpgpbnyu.page.link,1.0,page.link
image.space.rakuten.co.jp,0.0,co.jp
zj2fdlixfqzveyu6gkyq-f-069418a8f-clientnsv4-s.akamaihd.net,0.0,akamaihd.net
trimblesoft.com,1.0,trimblesoft.com
aiicomultishield.com,1.0,aiicomultishield.com
58a654b1e7a8459daebf1b9f4e819e05.fp.measure.office.com,0.0,office.com
axioworldwide.com,1.0,axioworldwide.com
growthxmedia.co,1.0,growthxmedia.co
frqaaoquqfj.sysu.edu.cn,0.0,edu.cn
only-764630-183-46-140-55.nstool.netease.com,0.0,netease.com
b-114137.oss-accelerate.aliyuncs.com,0.0,aliyuncs.com
hciqtoggjqu.sysu.edu.cn,0.0,edu.cn
spitalcfpascani.ro,1.0,spitalcfpascani.ro
lapigua.mx,1.0,lapigua.mx
vlsi.ce.titech.ac.jp,0.0,ac.jp
startup-guyane.tech,1.0,startup-guyane.tech
thehumilityproject.files.wordpress.com,0.0,wordpress.com
foodvixen.files.wordpress.com,0.0,wordpress.com
6r92l3.tdum.alibaba.com,0.0,alibaba.com
hl4xaltiksysoyu6vhlq-f-4326aff41-clientnsv4-s.akamaihd.net,0.0,akamaihd.net
utahilfrankfort.porradelfavosto.com,1.0,porradelfavosto.com
login.kleientertainment.com,0.0,kleientertainment.com
www.ee.sdu.edu.cn,0.0,edu.cn
otilonaija.com,1.0,otilonaija.com
archive.cnx.org,0.0,cnx.org
dggpaddc00049.china.huawei.com,0.0,huawei.com
webvpn.jxutcm.edu.cn,0.0,edu.cn
1c7600a78c7ff415def1768f3bd25592.safeframe.googlesyndication.com,0.0,googlesyndication.com
tsmtransporte.com,1.0,tsmtransporte.com
www.qiaopisjk.sysu.edu.cn,0.0,edu.cn
72k6ns9aiuywlh2bx7vxvstxkvtmva2m4ldkkfaee85af48c0240a78csac.d.aa.online-metrix.net,0.0,online-metrix.net
palpa.ps,1.0,palpa.ps
byra24.no,1.0,byra24.no
silveracre.com,1.0,silveracre.com
gtech.com.co,1.0,com.co
tevcat2.uchicago.edu,0.0,uchicago.edu
finesseplates.co.uk,1.0,co.uk
une3.net,1.0,une3.net
zj2fdlixfqzxuyu6rfaq-f-9283c7829-clientnsv4-s.akamaihd.net,0.0,akamaihd.net
atrvek.tdum.alibaba.com,0.0,alibaba.com
baskego.com,1.0,baskego.com
r2---sn-npoeenll.googlevideo.com,0.0,googlevideo.com
DE-FRA-ANX-R038.teamviewer.com,0.0,teamviewer.com
neurips.cc,0.0,neurips.cc
setiadental.center,1.0,setiadental.center
shalife.in,1.0,shalife.in
7-1311377069.cos.ap-beijing.myqcloud.com,0.0,myqcloud.com
vijayawadasrajugariruchulu.com,1.0,vijayawadasrajugariruchulu.com
bec.faqserv.com,1.0,faqserv.com
ci27.actonsoftware.com,0.0,actonsoftware.com
du0gal.tdum.alibaba.com,0.0,alibaba.com
lamirandehoteltchad.com,1.0,lamirandehoteltchad.com
shijiezhizui86464.lofter.com,0.0,lofter.com
rr1---sn-i3co-i3bee.gvt1.com,0.0,gvt1.com
lvcsac.com.pe,1.0,com.pe
7f3e9f7bc2b245f0af29f10b2a8dc2e6.fp.measure.office.com,0.0,office.com
logging-server.turing.com,0.0,turing.com
0c5209eb14896e290716f9c6f41065ca.safeframe.googlesyndication.com,0.0,googlesyndication.com
xqtr.result.garrettcountygranfondo.org,1.0,garrettcountygranfondo.org
medcar.com.tn,1.0,com.tn
donkeytourscroatia.com,1.0,donkeytourscroatia.com
xbtjhedlm.sysu.edu.cn,0.0,edu.cn
kyc.hzu.edu.cn,0.0,edu.cn
adscookie.com,1.0,adscookie.com
lsspjournal.biomedcentral.com,0.0,biomedcentral.com
orchidcuratedtravel.com,1.0,orchidcuratedtravel.com
mat1.qq.com,0.0,qq.com
sblzdxsu.page.link,1.0,page.link
charlie.student.csu.edu.au,0.0,edu.au
lionaiassistant.com,1.0,lionaiassistant.com
372224685b93f7ac3aa15d04ea8073e6.safeframe.googlesyndication.com,0.0,googlesyndication.com
a-iran.fartit.com,1.0,fartit.com
lojcowal.page.link,1.0,page.link
mvyulfqzrcv.www.tendawifi.com,0.0,tendawifi.com
sentrex219.xyz,1.0,sentrex219.xyz
juntadeconfrariesdese.live-website.com,1.0,live-website.com
husk.ro,1.0,husk.ro
californialuxuryhotel.ng,1.0,californialuxuryhotel.ng
55.graduate.sysu.edu.cn,0.0,edu.cn
kapuupal.page.link,1.0,page.link
madhavbelbase.com.np,1.0,com.np
grad.sdu.edu.cn,0.0,edu.cn
bearcatpumps.com.cn,1.0,com.cn
tsa.faqserv.com,1.0,faqserv.com
public.19x19.com,0.0,19x19.com
emeklihaber.com,1.0,emeklihaber.com
dastkarfoundation.com,1.0,dastkarfoundation.com
ridgemedicalcentre.com,1.0,ridgemedicalcentre.com
6588448b64a84b5cbebe3292a82b0cc1.fp.measure.office.com,0.0,office.com
lwlezhfeaaz.sysu.edu.cn,0.0,edu.cn
sxuqdyxe.page.link,1.0,page.link
cynorix.com,1.0,cynorix.com
3t5fmdirt4aalxzrkfpkatpdq2ooctehfexmjxny86c7a7d113bbf7e7sac.d.aa.online-metrix.net,0.0,online-metrix.net
w4dasvaxfdy4syu7babq-f-b21c71c0b-clientnsv4-s.akamaihd.net,0.0,akamaihd.net
72k6ns9azuokrewr7ygyxdmw6x2n2enjfh4jezw788df3c81e9706d07sac.d.aa.online-metrix.net,0.0,online-metrix.net
files-ld.s3.us-east-2.amazonaws.com,1.0,amazonaws.com
educakolping.cl,1.0,educakolping.cl
sjjnxuuk.page.link,1.0,page.link
k-sharq.com,1.0,k-sharq.com
bioinfo.life.hust.edu.cn,0.0,edu.cn
w4dasvc4po6vayu6gykq-f-d1d9b64ca-clientnsv4-s.akamaihd.net,0.0,akamaihd.net
yitxiaozjk.sysu.edu.cn,0.0,edu.cn
f6f31594deb74b1c96196f9aa1ed2bec.fp.measure.office.com,0.0,office.com
vozvlutmoiyyc.sysu.edu.cn,0.0,edu.cn
p4-cvv7ux3skwk3u-wiud5kwjodnlzhfm-if-v6exp3-v4.metric.gstatic.com,0.0,gstatic.com
864525-android-ds.metric.gstatic.com,0.0,gstatic.com
m.zhtjdemo.youth.cn,0.0,youth.cn
blanchecatfight.com,1.0,blanchecatfight.com
0f25af7a2c944b67ad1b0366364797e5.fp.measure.office.com,0.0,office.com
fe06e586a7da400196532104f6b26f81.fp.measure.office.com,0.0,office.com
a842.casalemedia.com,0.0,casalemedia.com
www.TradeInsights.net,1.0,TradeInsights.net
panaderialaoncevalpo.cl,1.0,panaderialaoncevalpo.cl
my.gxu.edu.cn,0.0,edu.cn
palmtreeacademy.org,1.0,palmtreeacademy.org
wolsale.com,1.0,wolsale.com
onlygist.com.ng,1.0,com.ng
cjpl.jnu.edu.cn,0.0,edu.cn
cmcc1.netq.qq.com,0.0,qq.com
208.62.90.64.sbl.spamhaus.org,0.0,spamhaus.org
ultuarc.cl,1.0,ultuarc.cl
only-82607-223-104-68-4.nstool.netease.com,0.0,netease.com
chsebppq.page.link,1.0,page.link
lostheaven.com.cn,1.0,com.cn
p71-escrowproxy.icloud.com,0.0,icloud.com
mhpropertiesltd.com,1.0,mhpropertiesltd.com
axuyrdlw.page.link,1.0,page.link
tyc0e5d6tuwb.l4.adsco.re,0.0,adsco.re
gz.jiwu.com,0.0,jiwu.com
iabcsbh.com,1.0,iabcsbh.com
www.theopendao.com,0.0,theopendao.com
krea.com.py,1.0,com.py
ssv.fartit.com,1.0,fartit.com
eds.ydns.eu,1.0,ydns.eu
f93.workupload.com,1.0,workupload.com
vdrone.ro,1.0,vdrone.ro
lhrztzja.page.link,1.0,page.link
qcbzdoac.page.link,1.0,page.link
dm5hs9apmyjqo.cloudfront.net,0.0,cloudfront.net
gormanbechard.files.wordpress.com,0.0,wordpress.com
idealleisureholiday.com,1.0,idealleisureholiday.com
1e20dfbb9444deefa423beb3c81cb4ad.safeframe.googlesyndication.com,0.0,googlesyndication.com
j-sentry.jd.com,0.0,jd.com
jppsgefo.page.link,1.0,page.link
70iibl.tdum.alibaba.com,0.0,alibaba.com
e-theral.com,1.0,e-theral.com
wirkaleufu.cl,1.0,wirkaleufu.cl
trekcdnprod.azureedge.net,0.0,azureedge.net
laundrywk.com,1.0,laundrywk.com
ral.layout.oystergardens.us,1.0,oystergardens.us
kizpcyiv.page.link,1.0,page.link
urdupoint98.com,1.0,urdupoint98.com
dedog-server-sec.futunn.com,0.0,futunn.com
thesomamind.com,1.0,thesomamind.com
parlinfo.aph.gov.au,0.0,gov.au
allenlaw.my,1.0,allenlaw.my
buguceshi.oss-cn-shenzhen.aliyuncs.com,0.0,aliyuncs.com
net-vg-cdn.rayjump.com,0.0,rayjump.com
cfs13.tistory.com,1.0,tistory.com
kreonsoccer23.hu,1.0,kreonsoccer23.hu
europe-garage-automobile.com,1.0,europe-garage-automobile.com
120-236-174-217_s-223-119-50-222_ts-1654540090-clienttons-s.akamaihd.net,0.0,akamaihd.net
soiti.com.co,1.0,com.co
kelgsjfq.page.link,1.0,page.link
delisheatsblog.files.wordpress.com,0.0,wordpress.com
francais-english-arabic.com,1.0,francais-english-arabic.com
sacfyf.com.mx,1.0,com.mx
vbt.novelty.akibacreative.com,1.0,akibacreative.com
exclusive-inter.com,1.0,exclusive-inter.com
rcwxnrdl.page.link,1.0,page.link
hotelkiwi.gr,1.0,hotelkiwi.gr
christypaul2013.files.wordpress.com,0.0,wordpress.com
3d8be322e8d0319e716398bc33004392.safeframe.googlesyndication.com,0.0,googlesyndication.com
1843387b04e18ee62c3afcf187f71bb3.safeframe.googlesyndication.com,0.0,googlesyndication.com
cp-algorithms.com,0.0,cp-algorithms.com
shamsuddeensparepartsenterprise.com.ng,1.0,com.ng
kghealthtech.com,1.0,kghealthtech.com
bjifyzq.sysu.edu.cn,0.0,edu.cn
a4011537c6beec1209a1e688fca7dc303.profile.iah50-c4.cloudfront.net,0.0,cloudfront.net
ulqldrzuti.sysu.edu.cn,0.0,edu.cn
fffnfcxk.page.link,1.0,page.link
lf.hebnews.cn,0.0,hebnews.cn
kwey3.salgueirosa.sa.com,1.0,sa.com
aa192c32d0774a519084f834c28c70df.fp.measure.office.com,0.0,office.com
1n6ckf.tdum.alibaba.com,0.0,alibaba.com
comtexaco.com.co,1.0,com.co
5cf98df02c76777260666aeafbbf21fc.safeframe.googlesyndication.com,0.0,googlesyndication.com
d4a81ca19eef7db7d0975d2bb1f6e103.safeframe.googlesyndication.com,0.0,googlesyndication.com
konyaotogaz.com,1.0,konyaotogaz.com
52b9c79ad08d49c48ea035339255def1.fp.measure.office.com,0.0,office.com
vollfisioterapia.com.br,1.0,com.br
graduate.prod.dpcms4.sysu.edu.cn,0.0,edu.cn
leaf.as.pptv.com,0.0,pptv.com
judomogimirim.com.br,1.0,com.br
ohmoryll.sysu.edu.cn,0.0,edu.cn
syncskuq.page.link,1.0,page.link
duizhiri.lofter.com,0.0,lofter.com
lambda.sysu.edu.cn,0.0,edu.cn
nsmlab.com,1.0,nsmlab.com
channeldistribution.net,1.0,channeldistribution.net
sherchans.com,1.0,sherchans.com
structuredatabase.files.wordpress.com,0.0,wordpress.com
2206f02456566e1d4a002495932093fa.safeframe.googlesyndication.com,0.0,googlesyndication.com
omalworldwide.net,1.0,omalworldwide.net
gurgle.mashable.com,0.0,mashable.com
gnsys.com.br,1.0,com.br
creatixacademy.com,1.0,creatixacademy.com
gfs208n119.userstorage.mega.co.nz,0.0,co.nz
elecsaconsas.com,1.0,elecsaconsas.com
dl.gj.tc.qq.com,0.0,qq.com
cantorpeninha.com.br,1.0,com.br
brunolemes.com.br,1.0,com.br
bemmequerartes.com.br,1.0,com.br
marykeventer.co.za,1.0,co.za
parladonna.com.br,1.0,com.br
a1e91d60166c8a62112c6a74f144feb6b.profile.bom78-p6.cloudfront.net,0.0,cloudfront.net
vip.szx.ifanr.com,0.0,ifanr.com
tigersproductos.com,1.0,tigersproductos.com
desktop.parallels.com.cdn.cloudflare.net,0.0,cloudflare.net
ranthambhoresafaribooking.in,1.0,ranthambhoresafaribooking.in
wdespachante.com.br,1.0,com.br
doutoravanessaramos.com.br,1.0,com.br
eiderdowns.co.nz,1.0,co.nz
oaajzumz.page.link,1.0,page.link
1qwqewrewqweqwrqe.sbs,1.0,1qwqewrewqweqwrqe.sbs
kqrsywya.page.link,1.0,page.link
polyu.zoom.us,0.0,zoom.us
photonupstudio.com,1.0,photonupstudio.com
fdztmru.sysu.edu.cn,0.0,edu.cn
jointings.org,1.0,jointings.org
vbnexcod.co.in,1.0,co.in
www.szsonaw.com,0.0,szsonaw.com
images.connected.arrow.com,0.0,arrow.com
mrbusinessadvertiser.com,1.0,mrbusinessadvertiser.com
lenguae.com,1.0,lenguae.com
prd-tnm.s3.amazonaws.com,0.0,amazonaws.com
eblagh.my03.com,1.0,my03.com
archives.hainan.gov.cn,0.0,gov.cn
plantix-eg.com,1.0,plantix-eg.com
quizlet.onelink.me,0.0,onelink.me
www.gduf.edu.cn,0.0,edu.cn
motionislife.co.uk,1.0,co.uk
d0ac5be49b60fb843e33cea78bea6dc8.safeframe.googlesyndication.com,0.0,googlesyndication.com
64d5182af02ae929bc723a59f9d9536f.safeframe.googlesyndication.com,0.0,googlesyndication.com
fdfik.sync.oystergardens.club,1.0,oystergardens.club
circle-1256420804.file.myqcloud.com,0.0,myqcloud.com
bhatetravels.com,1.0,bhatetravels.com
autooutletllc.com,1.0,autooutletllc.com
washingtonscnashville.ecorally.ng,1.0,ecorally.ng
fashionmanya.com,1.0,fashionmanya.com
goldentelecommunication.com.ng,1.0,com.ng
itbgqvyntodgv.sysu.edu.cn,0.0,edu.cn
zj2fdlixfqz3eyu6rtfq-f-47300d2dc-clientnsv4-s.akamaihd.net,0.0,akamaihd.net
r9---sn-ni57rn7s.c.2mdn.net,0.0,2mdn.net
partyschool.hnu.edu.cn,0.0,edu.cn
hzbuismv.page.link,1.0,page.link
tplifeweixin-public.oss-cn-shanghai-finance-1-pub.aliyuncs.com,0.0,aliyuncs.com
mxb-0019ad02.gslb.pphosted.com,0.0,pphosted.com
tbldxdjndzhlb.sysu.edu.cn,0.0,edu.cn
35d1fe34d9e84a4da28b67f356c5717b.fp.measure.office.com,0.0,office.com
oneclickbuy.pk,1.0,oneclickbuy.pk
gons17cl.top,1.0,gons17cl.top
zj2fdlixfqzxuyu6khya-f-72e801d4c-clientnsv4-s.akamaihd.net,0.0,akamaihd.net
hdjs.bigda.com,0.0,bigda.com
cetineraluminyum.com,1.0,cetineraluminyum.com
pabbly.com,0.0,pabbly.com
cos.image.joox.com,0.0,joox.com
www.weasyl.com,0.0,weasyl.com
NUC-YUANYUAN.sysu.edu.cn,0.0,edu.cn
bongomin.com,1.0,bongomin.com
konyakayahurdacilik.com,1.0,konyakayahurdacilik.com
toss.is,1.0,toss.is
pdwk5uaxjspowyu62x3q-f-9c71697a3-clientnsv4-s.akamaihd.net,0.0,akamaihd.net
configpatch.xunyou.com,0.0,xunyou.com
api.lbs.yandex.ru,0.0,yandex.ru
maquinadenegocios.com.br,1.0,com.br
kapinga.co.tz,1.0,co.tz
mhuzlpwu.page.link,1.0,page.link
5c02cba33ccc4c6393fbf794badf179a.fp.measure.office.com,0.0,office.com
a3ed4d35d764aca1d268dbe943a8c471.safeframe.googlesyndication.com,0.0,googlesyndication.com
haxqe5kcslgqhgqacvgl5777qma8y1654561620.nuid.imrworldwide.com,0.0,imrworldwide.com
5f7565400660a1abe2e4518cb0ede959.safeframe.googlesyndication.com,0.0,googlesyndication.com
centreon.net,1.0,centreon.net
ishzbjqf.page.link,1.0,page.link
northshoregreencare.co.nz,1.0,co.nz
txadkbsy.page.link,1.0,page.link
www.casemine.com,0.0,casemine.com
bellepreviews.com,1.0,bellepreviews.com
ata2-img.oss-cn-zhangjiakou.aliyuncs.com,0.0,aliyuncs.com
finance.upc.edu.cn,0.0,edu.cn
zhenai4pm-1251661065.cos.ap-beijing.myqcloud.com,0.0,myqcloud.com
vbkjeqzzias.sysu.edu.cn,0.0,edu.cn
1084334462.docs.qq.com,0.0,qq.com
ceramikaydekorados.com,1.0,ceramikaydekorados.com
www.ba.scu.edu.tw,0.0,edu.tw
shop.travisscott.com,0.0,travisscott.com
srizonyerp.com,1.0,srizonyerp.com
louisianaazsantafe.windsorsouthcorp.com,1.0,windsorsouthcorp.com
11zigv.tdum.alibaba.com,0.0,alibaba.com
webhonlines.za.com,1.0,za.com
fcckjahu.page.link,1.0,page.link
adsco.re,0.0,adsco.re
geolocation-onetrust-com-443.webvpn.sysu.edu.cn,0.0,edu.cn
s0-static.jjwxc.net,0.0,jjwxc.net
luxjay-group.com,1.0,luxjay-group.com
kolibrinijare.com,1.0,kolibrinijare.com
cdndownloadins.21wecan.com,0.0,21wecan.com
learn.tsinghua.edu.cn,0.0,edu.cn
medialive.stream,1.0,medialive.stream
fclmex.com,1.0,fclmex.com
crudeoiltrader.sysu.edu.cn,0.0,edu.cn
santamariaviajesyturismo.com,1.0,santamariaviajesyturismo.com
keyvigilant.com.mx,1.0,com.mx
ablink.sender.skyscanner.com,0.0,skyscanner.com
login-obd.3g.qq.com,0.0,qq.com
pre.aps.org,0.0,aps.org
unospresso.com,1.0,unospresso.com
www.ningde.gov.cn,0.0,gov.cn
6uijie.tdum.alibaba.com,0.0,alibaba.com
somosmejortv.com,1.0,somosmejortv.com
xtremefrenchbulldogs.com,1.0,xtremefrenchbulldogs.com
laksambarta.com,1.0,laksambarta.com
estudiointegraldearte.com,1.0,estudiointegraldearte.com
aprfc.rw,1.0,aprfc.rw
legalny.com.pl,1.0,com.pl
tzcktpyqnvb.sysu.edu.cn,0.0,edu.cn
twcsgs5003.game-beans.com,0.0,game-beans.com
okeoldhl.page.link,1.0,page.link
siparisler.github.io,1.0,github.io
kyliemartin.com.au,1.0,com.au
parrotbay.net,1.0,parrotbay.net
oceanite.in,1.0,oceanite.in
jaideemenu.com,1.0,jaideemenu.com
goodfurnitureworks.com,1.0,goodfurnitureworks.com
fr.stripchat.com,0.0,stripchat.com
mindfully.vn,1.0,mindfully.vn
rr6---sn-nx57ynls.googlevideo.com,0.0,googlevideo.com
lead42.info,1.0,lead42.info
codeload.github.com,1.0,github.com
janeriver.lofter.com,0.0,lofter.com
medicalsoft.cl,1.0,medicalsoft.cl
zopte221.xyz,1.0,zopte221.xyz
econintech.org,1.0,econintech.org
w4dasvfydplqsyu7g5va-f-0a7f179c5-clientnsv4-s.akamaihd.net,0.0,akamaihd.net
qcffojoe.page.link,1.0,page.link
tardimed.com,1.0,tardimed.com
b.bst.126.net,0.0,126.net
dkugbhea.page.link,1.0,page.link
deputadoevandroaraujo.com.br,1.0,com.br
hd-sms-01.sysu.edu.cn,0.0,edu.cn
rpmxihwcjrh.sysu.edu.cn,0.0,edu.cn
equippedbeings.com,1.0,equippedbeings.com
transmilez.com,1.0,transmilez.com
a4f2a8dcf85a8a1bf7a19721ad9b3db8b.profile.kix56-c2.cloudfront.net,0.0,cloudfront.net
dinamicus.com.br,1.0,com.br
iconaatamaker.in,1.0,iconaatamaker.in
tipstar-recycling.com,1.0,tipstar-recycling.com
leapfrogstrategy.com,1.0,leapfrogstrategy.com
w4dasvdimj2seyu67yxa-f-9fa302ef7-clientnsv4-s.akamaihd.net,0.0,akamaihd.net
v5-f-gzcm06.douyinvod.com,0.0,douyinvod.com
fviktrsbafpt.sysu.edu.cn,0.0,edu.cn
3c91034cfa494085aed9ae9411d10696.fp.measure.office.com,0.0,office.com
38296fbbf0e979da3063f41e82e0afb8.safeframe.googlesyndication.com,0.0,googlesyndication.com
pros.cm,1.0,pros.cm
trackgeneral.com,1.0,trackgeneral.com
normacsales.com,1.0,normacsales.com
d2edv2ftesbs3e.cloudfront.net,0.0,cloudfront.net
smpitbu.sch.id,1.0,sch.id
tmuwunsn.page.link,1.0,page.link
abb87b07f48837a577735e6183dbc0c2.safeframe.googlesyndication.com,0.0,googlesyndication.com
79b1be58baccf290c47eaaacc6bc3503.safeframe.googlesyndication.com,0.0,googlesyndication.com
api.tuisong.baidu.com,0.0,baidu.com
qoyynwzg.page.link,1.0,page.link
hkyolduhasijr.sysu.edu.cn,0.0,edu.cn
4yohjm.tdum.alibaba.com,0.0,alibaba.com
top360digitalmedia.com,1.0,top360digitalmedia.com
update.polarisoffice.com,0.0,polarisoffice.com
gsdfe.cc,1.0,gsdfe.cc
c-pathways.com,1.0,c-pathways.com
zzxx.gdhrss.gov.cn,0.0,gov.cn
satsacademy.in,1.0,satsacademy.in
nortproperties.se,1.0,nortproperties.se
tatthopunzo.com,1.0,tatthopunzo.com
services.chess.com,0.0,chess.com
03a9f974fd708a0e20e12795eeeee3bb.safeframe.googlesyndication.com,0.0,googlesyndication.com
nintendoswitch.jd.com,0.0,jd.com
af277e9853781210daf188413722afb20.profile.blr50-c1.cloudfront.net,0.0,cloudfront.net
update.filezilla-project.org,0.0,filezilla-project.org
a9e169f62b9e2e7dbd2a0843d462542e3.profile.kix56-c1.cloudfront.net,0.0,cloudfront.net
zj2fdlixfqzxuyu6lxtq-f-7ff338a45-clientnsv4-s.akamaihd.net,0.0,akamaihd.net
news.ecommerce.qq.com,0.0,qq.com
agnisurakshas.com,1.0,agnisurakshas.com
genetics.wustl.edu,0.0,wustl.edu
rgdk16.kuaishang.cn,0.0,kuaishang.cn
pdwk5zqxedwrcyu7d76a-phjndu-1280bb8b3-clientnsv4-s.akamaihd.net,0.0,akamaihd.net
rechtsanwalt-wucherpfennig.de,1.0,rechtsanwalt-wucherpfennig.de
ec.walkme.com,0.0,walkme.com
a34b5f809e6340c2bc08f696ff340821.fp.measure.office.com,0.0,office.com
redatas.oss-cn-beijing.aliyuncs.com,0.0,aliyuncs.com
kjkxcfeu.page.link,1.0,page.link
sonmycotoxin.com.ng,1.0,com.ng
ed-sd.vizvaz.com,1.0,vizvaz.com
bfb903985150657baba8eb86713ce8ce.safeframe.googlesyndication.com,0.0,googlesyndication.com
52c471c639cb943fcb30356c7bcb279f.safeframe.googlesyndication.com,0.0,googlesyndication.com
forbangladesh.com,1.0,forbangladesh.com
igaaexportsltd.co.tz,1.0,co.tz
rr5---sn-i3b7kns6.gvt1.com,0.0,gvt1.com
euik1r.tdum.alibaba.com,0.0,alibaba.com
xttmcgmm.page.link,1.0,page.link
caxc.sync.oystergardens.club,1.0,oystergardens.club
91.zssom.sysu.edu.cn,0.0,edu.cn
adl-vvs.mrbasic.com,1.0,mrbasic.com
paldiengineering.com,1.0,paldiengineering.com
ime-service.vivo.com.cn,0.0,com.cn
backstory.ebay.co.uk,0.0,co.uk
9d9704314e9dcb7125ed4ea178ae4c76.safeframe.googlesyndication.com,0.0,googlesyndication.com
8c780f8c1dd65d427697dde56f9f9475.safeframe.googlesyndication.com,0.0,googlesyndication.com
flhomebuyerkit.com,1.0,flhomebuyerkit.com
mediaroutes.com,1.0,mediaroutes.com
easyfotovoltaico.it,1.0,easyfotovoltaico.it
rucfd.ruc.edu.cn,0.0,edu.cn
a-0.19-a7000011.80e0081.1644.885.3ea3.210.0.cualnm915za3renfgrals649sq.avts.mcafee.com,0.0,mcafee.com
www.solidworks.com,0.0,solidworks.com
kangarookids.ae,1.0,kangarookids.ae
goastudios.com,1.0,goastudios.com
adl-irnh.fartit.com,1.0,fartit.com
soikbmoqxyu.sysu.edu.cn,0.0,edu.cn
72k6ns9awndiy4vrzp5lsfuo7vd3djczdna4nxmfc21f84f9fc1058a2sac.d.aa.online-metrix.net,0.0,online-metrix.net
w4dasvcfydneuyu7mjba-f-d1513a0c3-clientnsv4-s.akamaihd.net,0.0,akamaihd.net
auth-mgate.woa.com,0.0,woa.com
adl-q.faqserv.com,1.0,faqserv.com
zh.bendibao.com,0.0,bendibao.com
88092b74-56c9-4547-93b1-8955582ef70c.t.ssp.hinet.net,0.0,hinet.net
delivery156.akamai-cdn-content.com,0.0,akamai-cdn-content.com
a5fe5981c65aa8fbcd8100fad98d951b.safeframe.googlesyndication.com,0.0,googlesyndication.com
cel9collection.auone.jp,0.0,auone.jp
richterhi-tech.com,1.0,richterhi-tech.com
scm.dns05.com,1.0,dns05.com
opeyemitelecoms.com.ng,1.0,com.ng
sokht24.com,1.0,sokht24.com
teyrdwtt.page.link,1.0,page.link
liegefelicio.com.br,1.0,com.br
kuwi.layout.oystergardens.us,1.0,oystergardens.us
wpacindia.com,1.0,wpacindia.com
63be6d07301f6c8da2bcd60ce754825d.safeframe.googlesyndication.com,0.0,googlesyndication.com
baovevieta.com,1.0,baovevieta.com
inverexsolar.com.pk,1.0,com.pk
passport.mahjongsoul.com,0.0,mahjongsoul.com
media.shdc.abchina.com,0.0,abchina.com
external-sso.wiley.com.cdn.cloudflare.net,0.0,cloudflare.net
event.fanli.com,0.0,fanli.com
only-691397-112-97-84-114.nstool.netease.com,0.0,netease.com
shiyan.lanzoui.com,0.0,lanzoui.com
elorait.com,1.0,elorait.com
arquitectosdca.com,1.0,arquitectosdca.com
trueecard.com,1.0,trueecard.com
172161115.docs.qq.com,0.0,qq.com
zemax.zendesk.com,0.0,zendesk.com
-IbvUHF2CyJK8QWz.dbl.spamhaus.org,0.0,spamhaus.org
bu1y31d.baiducom.vqu4698.com,0.0,vqu4698.com
impeccableafricatour.com,1.0,impeccableafricatour.com
dowbqeom.page.link,1.0,page.link
mucaddam.pk,1.0,mucaddam.pk
emmanuelandrachel.org,1.0,emmanuelandrachel.org
aidomain.in,1.0,aidomain.in
a6ffa3cdf57ce2c0be9db0fae18df680f.profile.vie50-c1.cloudfront.net,0.0,cloudfront.net
socialnap.com,1.0,socialnap.com
only-86620-112-97-245-217.nstool.netease.com,0.0,netease.com
shhpqkwq.page.link,1.0,page.link
file.xmpush.xiaomi.com.tendawifi.com,0.0,tendawifi.com
demosite.name,1.0,demosite.name
fvksfjbssqq.sysu.edu.cn,0.0,edu.cn
iarista.com,1.0,iarista.com
amzfix.com,1.0,amzfix.com
marketstrategiesmgmt.com,1.0,marketstrategiesmgmt.com
perfectpowersystem.com,1.0,perfectpowersystem.com
moradadapraia-bombinhas.com.br,1.0,com.br
konyapelet.com.tr,1.0,com.tr
maestrohealthafrica.com,1.0,maestrohealthafrica.com
cms.mpi.univie.ac.at,0.0,ac.at
malikironstore.com,1.0,malikironstore.com
hcnsjkqg.page.link,1.0,page.link
nvis-it.com,1.0,nvis-it.com
file.qq.com,0.0,qq.com
icmcargo.com,1.0,icmcargo.com
www.broward.org,0.0,broward.org
webvpn.jyu.edu.cn,0.0,edu.cn
9jaflaverstore.com,1.0,9jaflaverstore.com
madele.bi,1.0,madele.bi
sinhalese.cri.cn,0.0,cri.cn
www.sellersprite.com,0.0,sellersprite.com
lti.cs.vt.edu,1.0,vt.edu
akestech.com,1.0,akestech.com
msfxg.3g.qq.com,0.0,qq.com
eaaqeubqaijeajqacqlxqaaaabrj6r4k-f-eec94b085-clienttons-s.akamaihd.net,0.0,akamaihd.net
kr.newyork-english.edu,1.0,newyork-english.edu
p44-ckcoderouter-china.icloud.com,0.0,icloud.com
shop.10086.cn.c.cdn.chinamobile.com,0.0,chinamobile.com
onedriveclucprodbn20008.blob.core.windows.net,0.0,windows.net
mzt.jiangxi.gov.cn,0.0,gov.cn
htsolusi.com,1.0,htsolusi.com
xcr8j9mthev8.s4.adsco.re,0.0,adsco.re
suad.group,1.0,suad.group
dynomia.ca,1.0,dynomia.ca
cid-003e0c03138058af.users.storage.live.com,0.0,live.com
type-o-matic.sysu.edu.cn,0.0,edu.cn
f008729b5f7dd1f0667e9cfe6d8239c6.safeframe.googlesyndication.com,0.0,googlesyndication.com
elceymixkids.online,1.0,elceymixkids.online
w4dasvdildgkayu7ovpq-f-ad8b152e5-clientnsv4-s.akamaihd.net,0.0,akamaihd.net
people-privacy.oss-cn-beijing.aliyuncs.com,0.0,aliyuncs.com
mymedfile.us,1.0,mymedfile.us
w4dasvfm5awkayu63n4a-f-ef56ba322-clientnsv4-s.akamaihd.net,0.0,akamaihd.net
gloucestertaxicompany.com,1.0,gloucestertaxicompany.com
revanth.com,1.0,revanth.com
khyyril.com,1.0,khyyril.com
87fb64d51d6a425faf974e8472c454b4.fp.measure.office.com,0.0,office.com
kjtupxzu.page.link,1.0,page.link
berkeley.edu,0.0,berkeley.edu
enzomatencio.com,1.0,enzomatencio.com
suac-jp.academia.edu,0.0,academia.edu
crnvnhii.page.link,1.0,page.link
istbi.fudan.edu.cn,0.0,edu.cn
uxvrewmq.page.link,1.0,page.link
72k6ns9aktwcs4yfuvuevqbfhirwt4xzlv35tkxld2c4aa66cd7f8c4bsac.d.aa.online-metrix.net,0.0,online-metrix.net
synergy-pos.com,1.0,synergy-pos.com
mktrading.co.za,1.0,co.za
spd-haltern-am-see.de,1.0,spd-haltern-am-see.de
w4dasvfm5awkayu63l5a-f-a99ecd590-clientnsv4-s.akamaihd.net,0.0,akamaihd.net
a.c-0.19-a7000081.c1c0081.16a8.c13.3ea5.210.0.36mmblv1jvbhhmar16b78lfh4i.avts.mcafee.com,0.0,mcafee.com
qej.settings.oysterfloats.org,1.0,oysterfloats.org
shardastationery.com,1.0,shardastationery.com
gw-lt-hbsjz-02.cg.163.com,0.0,163.com
member.pixnet.cc,0.0,pixnet.cc
fdgdgd.su,1.0,fdgdgd.su
sogemad.net,1.0,sogemad.net
squarechapel.co.uk,1.0,co.uk
atefehataollahi.com,1.0,atefehataollahi.com
crecs.ruc.edu.cn,0.0,edu.cn
zeepaard.com,1.0,zeepaard.com
iota205.rtb.appier.net,0.0,appier.net
img-1251840830.cos.ap-beijing.myqcloud.com,0.0,myqcloud.com
media-msp1-1.cdn.whatsapp.net,0.0,whatsapp.net
kondisioner.az,1.0,kondisioner.az
wlzb.zhku.edu.cn,0.0,edu.cn
trakyagunesteknik.com,1.0,trakyagunesteknik.com
asl.fartit.com,1.0,fartit.com
sogovpbazycs.sysu.edu.cn,0.0,edu.cn
spcmvnnwvaosx.sysu.edu.cn,0.0,edu.cn
movingtonewzealand.org,1.0,movingtonewzealand.org
azharconstruction.com,1.0,azharconstruction.com
user.58.com,0.0,58.com
469fd278162bbd973cc55ded3b9c9ef6.safeframe.googlesyndication.com,0.0,googlesyndication.com
2a41f3bae7391273c26a2b2bec2222bb.safeframe.googlesyndication.com,0.0,googlesyndication.com
legendhero.persiangig.com,1.0,persiangig.com
8248.co.uk,1.0,co.uk
lesamisduvelo.fr,1.0,lesamisduvelo.fr
wisdom.www.sogou.com,0.0,sogou.com
dailylivechat.com,1.0,dailylivechat.com
ybponby.sysu.edu.cn,0.0,edu.cn
poloseducacionais.com.br,1.0,com.br
sona2.music.126.net,0.0,126.net
kheg.sync.oystergardens.club,1.0,oystergardens.club
sia.dz,1.0,sia.dz
jc-print.oss-cn-hangzhou.aliyuncs.com,0.0,aliyuncs.com
tecnoyar.com,1.0,tecnoyar.com
nyolyyryqewotp.sysu.edu.cn,0.0,edu.cn
sandbox-87-1.reactblade.portal.azure.net,0.0,azure.net
khdhmszxonfl.sysu.edu.cn,0.0,edu.cn
wagonslearning.org,1.0,wagonslearning.org
kemalak.com.my,1.0,com.my
firebasestorage.googleapis.com,1.0,googleapis.com
jqtgqbivmn.sysu.edu.cn,0.0,edu.cn
quickie.com.do,1.0,com.do
novostiua.info,1.0,novostiua.info
eea5850a0b12015edcfb7f754a7e6dca.safeframe.googlesyndication.com,0.0,googlesyndication.com
935a802dfd5013669decfdc90c52822f.safeframe.googlesyndication.com,0.0,googlesyndication.com
2505204706.docs.qq.com,0.0,qq.com
maths.hust.edu.cn,0.0,edu.cn
khabarfarsi.com,0.0,khabarfarsi.com
e36adc97ec84466e87f917652821ef24.fp.measure.office.com,0.0,office.com
highcare-bucuresti.com,1.0,highcare-bucuresti.com
site-6403370-9082-2967.mystrikingly.com,0.0,mystrikingly.com
ytgz5.sa.com,1.0,sa.com
w4dasvaxfdy4syu7kzea-f-a136ad782-clientnsv4-s.akamaihd.net,0.0,akamaihd.net
demande-hypothecaire.ca,1.0,demande-hypothecaire.ca
zj2fdlixfqz3eyu6piya-f-fdafef4c2-clientnsv4-s.akamaihd.net,0.0,akamaihd.net
zslxcmmtafcexzt.rz.uni-wuerzburg.de,0.0,uni-wuerzburg.de
a2572.casalemedia.com,0.0,casalemedia.com
agenciadigital.app.br,1.0,app.br
rajamuhammadali.com,1.0,rajamuhammadali.com
englishvideolessons.sysu.edu.cn,0.0,edu.cn
dub130.mail.live.com,0.0,live.com
180plan.com.au,1.0,com.au
vclrendering.co.uk,1.0,co.uk
industriastornometaljr.com,1.0,industriastornometaljr.com
fountainofvictory.org,1.0,fountainofvictory.org
26b65b34acfb65cbd82cf1e3ebfe0e85.safeframe.googlesyndication.com,0.0,googlesyndication.com
e0d14fb18ea01591305160834c404cdd.safeframe.googlesyndication.com,0.0,googlesyndication.com
safe.2345.cc,0.0,2345.cc
zncuzzs2uwzfdac0b-hydroonecx.siteintercept.qualtrics.com,0.0,qualtrics.com
c3ec25357bd74b3fb675f62a2fd313ac.fp.measure.office.com,0.0,office.com
interpol.edu.pl,1.0,edu.pl
ald-lamp-us.alicdn.com,0.0,alicdn.com
www.ruijie.com.cn,0.0,com.cn
pan-lamoderna.com,1.0,pan-lamoderna.com
premierfl.mx,1.0,premierfl.mx
thetechstore.pk,1.0,thetechstore.pk
www.repanso.com,0.0,repanso.com
btddohlx.page.link,1.0,page.link
m0.dreport.meituan.net,0.0,meituan.net
taking-care.us,1.0,taking-care.us
db0b790923c844359f991af0d13b73f8.fp.measure.office.com,0.0,office.com
doku.pub,0.0,doku.pub
xnlnzqmlp.sysu.edu.cn,0.0,edu.cn
ffcaca9887b695c06f7a40d0128d7446.safeframe.googlesyndication.com,0.0,googlesyndication.com
pufa.southcn.com,0.0,southcn.com
cursodeparapsicologia.org,1.0,cursodeparapsicologia.org
socialwiki.com.br,1.0,com.br
f-mall.jd.com,0.0,jd.com
vextwobl.page.link,1.0,page.link
abf0e708addac80e1dc14b7c610ae288a.profile.mel50-c2.cloudfront.net,0.0,cloudfront.net
aviyana.lk,1.0,aviyana.lk
des.mrbasic.com,1.0,mrbasic.com
adlsj.dns05.com,1.0,dns05.com
globaldream.events,1.0,globaldream.events
ofipzrmwr.sysu.edu.cn,0.0,edu.cn
thrombosisjournal.biomedcentral.com,0.0,biomedcentral.com
najocelfwklyop.sysu.edu.cn,0.0,edu.cn
snowluwu.ru,1.0,snowluwu.ru
ah.weather.com.cn,0.0,com.cn
dhkrziln.page.link,1.0,page.link
inavco.com,1.0,inavco.com
22.236.127.185.sbl.spamhaus.org,0.0,spamhaus.org
amolmolas.com.br,1.0,com.br
wpjiang.users.sgg.whu.edu.cn,0.0,edu.cn
yvdg6bxr3rboqr9zjsrnrdadaq2ic1654583433.nuid.imrworldwide.com,0.0,imrworldwide.com
p72-keyvalueservice.icloud.com,0.0,icloud.com
graydepellet.cl,1.0,graydepellet.cl
mdisk.spdb.com.cn,0.0,com.cn
zujdpkvkmdi.sysu.edu.cn,0.0,edu.cn
37.151.225.13.sbl.spamhaus.org,0.0,spamhaus.org
agencybig.bs2dl.yy.com,0.0,yy.com
c657f3e119a63438c7e5197824ef4de4.safeframe.googlesyndication.com,0.0,googlesyndication.com
07e29108a6f3a14e696ba7ecfe6939f9.safeframe.googlesyndication.com,0.0,googlesyndication.com
www.moonshinephilly.com,1.0,moonshinephilly.com
dnsc5f9a60d-0446-429f-9a87-9212764f105f-azurebatch-cloudservice.westus.cloudapp.azure.com,0.0,azure.com
ai4fs.com.ng,1.0,com.ng
megatrustinc.com,1.0,megatrustinc.com
ed-cons.com,1.0,ed-cons.com
c-0.19-a3100011.29400c3.16a8.b69.3ea5.210.0.hjdjns8jw2g9i1qutpb7svweii.avts.mcafee.com,0.0,mcafee.com
damai-item.oss-cn-beijing.aliyuncs.com,0.0,aliyuncs.com
h171459.srv22.test-hf.su,1.0,test-hf.su
fms.oiu.edu.sd,1.0,edu.sd
vod1446-aliyun06-vip-lixian.xunlei.com,0.0,xunlei.com
wafh.caching.oysterfloats.com,1.0,oysterfloats.com
generalsmart.com.br,1.0,com.br
svmougcr.page.link,1.0,page.link
drive.usercontent.google.com,1.0,google.com
primetechnologies.net.pk,1.0,net.pk
duushxffcigswi.sysu.edu.cn,0.0,edu.cn
bqubfrbzhvlz.sysu.edu.cn,0.0,edu.cn
santara.site,1.0,santara.site
r1---sn-nv47lnsr.googlevideo.com,0.0,googlevideo.com
71a8ffc794221e2d88d5a22be231ecac.safeframe.googlesyndication.com,0.0,googlesyndication.com
c95f7f767ea7ec191de42112e186a6ea.safeframe.googlesyndication.com,0.0,googlesyndication.com
975cf1628691b8277813681bee9cef03.safeframe.googlesyndication.com,0.0,googlesyndication.com
img.jsly001.com,0.0,jsly001.com
udupoytr.page.link,1.0,page.link
efeceweb.com,1.0,efeceweb.com
perfect-itsolutions.com,1.0,perfect-itsolutions.com
klive-play.kaochong.com,0.0,kaochong.com
myartfric.media,1.0,myartfric.media
ftuoxitgczdgpmn.sysu.edu.cn,0.0,edu.cn
6fb51f6d7b77461ea8831fdc821df9c0.js.ubembed.com,0.0,ubembed.com
doorbell.api.net.bd,1.0,net.bd
www.apps.webofknowledge.com,0.0,webofknowledge.com
s3.dualstack.ap-southeast-1.amazonaws.com,0.0,amazonaws.com
brilliant-solutions.ae,1.0,brilliant-solutions.ae
milanoboutique-gruppo.com,1.0,milanoboutique-gruppo.com
fkfleagues.com,1.0,fkfleagues.com
okdeaqio.page.link,1.0,page.link
myoldcountryhouse.com,1.0,myoldcountryhouse.com
zj2fdlixfqz3eyu6lcoq-f-394d7d101-clientnsv4-s.akamaihd.net,0.0,akamaihd.net
444ce613810d4716806c5bf7175b479b.fp.measure.office.com,0.0,office.com
hackspace.raspberrypi.com,0.0,raspberrypi.com
sisi.shmtu.edu.cn,0.0,edu.cn
21c12d414bc44b4e947b98b56e765bea.fp.measure.office.com,0.0,office.com
nuxctuu.sysu.edu.cn,0.0,edu.cn
55d4a3ebc78cd26c014f45c16d363962.safeframe.googlesyndication.com,0.0,googlesyndication.com
vtuzwuhz.page.link,1.0,page.link
8c2c5833318a8eb27ea79f9b2738bba9.safeframe.googlesyndication.com,0.0,googlesyndication.com
diuetgeo.page.link,1.0,page.link
ykwv.caching.oysterfloats.com,1.0,oysterfloats.com
thetimesbharat.com,1.0,thetimesbharat.com
obolpxnr.page.link,1.0,page.link
jmqfitxi.sysu.edu.cn,0.0,edu.cn
premiumwellpro.com,1.0,premiumwellpro.com
raqfndgw.page.link,1.0,page.link
160.3.78.140.sbl.spamhaus.org,0.0,spamhaus.org
rsazicblct.sysu.edu.cn,0.0,edu.cn
i-2000.b-2-6-1.sync.bench.resilio.com,0.0,resilio.com
fr.api.net.bd,1.0,net.bd
dl90.zlibcdn.com,0.0,zlibcdn.com
qydwuett.page.link,1.0,page.link
wmuyjylpkpge.sysu.edu.cn,0.0,edu.cn
a-0.19-a7000081.c1e0082.170c.c6b.3ea5.210.0.kwbqhwfdfugj6jbncnaek8fenb.avts.mcafee.com,0.0,mcafee.com
evolve-adv.com,1.0,evolve-adv.com
tramaartetextil.com.mx,1.0,com.mx
remvenie.page.link,1.0,page.link
almaseka.com.sa,1.0,com.sa
ee33d6ca7aeb48c1a7751c25b3a7ffd3.fp.measure.office.com,0.0,office.com
colantari.info,1.0,colantari.info
jeakimphotography.co,1.0,jeakimphotography.co
synergyconsulting.us,1.0,synergyconsulting.us
izuvgzio.page.link,1.0,page.link
konyacagdasevdeneve.net,1.0,konyacagdasevdeneve.net
93e8095ad0c44f268612923b7e8035a0.fp.measure.office.com,0.0,office.com
uzpcljmy.page.link,1.0,page.link
gruporosagoncalves.com.br,1.0,com.br
dichvuphanmem.net,1.0,dichvuphanmem.net
basehealthcare.com,1.0,basehealthcare.com
surfrote.com,1.0,surfrote.com
60a8b5de952843028cf18bf268516dcd.fp.measure.office.com,0.0,office.com
agitel-formation.net,1.0,agitel-formation.net
radim-vpn.org,1.0,radim-vpn.org
68b26c64cf93429298ff3fafe7314585.fp.measure.office.com,0.0,office.com
1a3ce7c5728c4884b9f7ec325de55244.fp.measure.office.com,0.0,office.com
oytejtia.sysu.edu.cn,0.0,edu.cn
kaytkaytv.com,1.0,kaytkaytv.com
w4dasvfydj7usyu6sdaq-f-d07df5597-clientnsv4-s.akamaihd.net,0.0,akamaihd.net
eunqises20220607.oss-cn-shenzhen.aliyuncs.com,0.0,aliyuncs.com
xnuhpmhw.page.link,1.0,page.link
npskudlu.com,1.0,npskudlu.com
pdwk5wixzbficyu66ama-f-21caff9f8-clientnsv4-s.akamaihd.net,0.0,akamaihd.net
affaires.co.in,1.0,co.in
hasinamart.com,1.0,hasinamart.com
bf89c2d0c23a14f95263a29f9d96d1db82deb529649de321.dlied1.cdntips.net,0.0,cdntips.net
prosatecperu.com,1.0,prosatecperu.com
dailygoldsignals.com,1.0,dailygoldsignals.com
63e7e41d8d6e43f98651f06fa545f447.fp.measure.office.com,0.0,office.com
gobesitysurgery.com,1.0,gobesitysurgery.com
tomcat.apache.org,0.0,apache.org
pm-law.co,1.0,pm-law.co
www.harpersbazaar.com.hk,0.0,com.hk
t8522690597362483137.id.amgdgt.com,0.0,amgdgt.com
2e8d93e60040e2850b9175e85a4b366ee1b0ce8895d5a5d5.dlied1.cdntips.net,0.0,cdntips.net
usokbvvsatlwtk.sysu.edu.cn,0.0,edu.cn
youunis.net,1.0,youunis.net
linksumuthokirtp.info,1.0,linksumuthokirtp.info
mataranibio.com,1.0,mataranibio.com
118.graduate.sysu.edu.cn,0.0,edu.cn
2ff684772e42e28a016c86bc6601708c.safeframe.googlesyndication.com,0.0,googlesyndication.com
img.beckett.com,0.0,beckett.com
mil.iqiyi.com,0.0,iqiyi.com
w4dasvfyd4ameyu6vtka-f-adc3f570c-clientnsv4-s.akamaihd.net,0.0,akamaihd.net
a-0.19-a7000801.c050081.16a8.c13.3ea5.210.0.tl3367ffpkif13j73mwrz6bevi.avts.mcafee.com,0.0,mcafee.com
brandworks.com.au,1.0,com.au
assets.zabbix.com,0.0,zabbix.com
8b463d2ad0194c53a57bac22fa716afe.fp.measure.office.com,0.0,office.com
4e978b1d73bdf3cbf19aa08a618bb745.safeframe.googlesyndication.com,0.0,googlesyndication.com
static.tenable.com.cdn.cloudflare.net,0.0,cloudflare.net
lhtgw391643972.files.wordpress.com,0.0,wordpress.com
140ce3ad910e462ba5ebb277fba70972.fp.measure.office.com,0.0,office.com
wavefront.pe,1.0,wavefront.pe
serviaseo.com,1.0,serviaseo.com
diversesa.co.za,1.0,co.za
www.thurrott.com,0.0,thurrott.com
fextralife.com,0.0,fextralife.com
nurin.ug,1.0,nurin.ug
120-236-174-226_s-23-48-201-42_ts-1654612720-clienttons-s.akamaihd.net,0.0,akamaihd.net
138.190.51.121.sbl.spamhaus.org,0.0,spamhaus.org
183.163.226.159.sbl.spamhaus.org,0.0,spamhaus.org
gslbali.ximalaya.com.www.tendawifi.com,0.0,tendawifi.com
villalaconcepcion.com,1.0,villalaconcepcion.com
uneraemb.page.link,1.0,page.link
tgkijweq.page.link,1.0,page.link
tropiclean.vn,1.0,tropiclean.vn
e88ffbb1-dfb7-4d70-8b9a-9c458bf52611.t.ssp.hinet.net,0.0,hinet.net
120-236-174-245_s-184-26-91-30_ts-1654594675-clienttons-s.akamaihd.net,0.0,akamaihd.net
i.quotev.com,0.0,quotev.com
auto.bus.sysu.edu.cn,0.0,edu.cn
pmc1201.com,0.0,pmc1201.com
pzxxotkb.page.link,1.0,page.link
pu.guitarworld.com.cn,0.0,com.cn
p31-ckdevice-china.icloud.com,0.0,icloud.com
mapwo.org.af,1.0,org.af
qdardcx.sysu.edu.cn,0.0,edu.cn
2yyoe.img.ag.d.sendibm3.com,0.0,sendibm3.com
external-relay.indiana.edu,0.0,indiana.edu
cenb.sync.oystergardens.club,1.0,oystergardens.club
xalh.sync.oystergardens.club,1.0,oystergardens.club
nndbyvkqp.sysu.edu.cn,0.0,edu.cn
www.hn.xinhuanet.com,0.0,xinhuanet.com
xps.phub.sandai.net,0.0,sandai.net
ottimg.cdn.pandora.xiaomi.com,0.0,xiaomi.com
sz.ktrmr.com,0.0,ktrmr.com
walkindrivetoday.com,1.0,walkindrivetoday.com
d59033beb3454fc5b4eaba29417c624f.fp.measure.office.com,0.0,office.com
bluskyglobal.com,1.0,bluskyglobal.com
sirvankolan.com,1.0,sirvankolan.com
nkbshipping.com,1.0,nkbshipping.com
smarttravelsolutions.in,1.0,smarttravelsolutions.in
3a2aed2e2ebf450887fcf2672ae81488.fp.measure.office.com,0.0,office.com
sapid.net.au,1.0,net.au
maddoctech.com,1.0,maddoctech.com
dxtkeubje.sysu.edu.cn,0.0,edu.cn
adl-a.mynetav.org,1.0,mynetav.org
protectstudio.com,1.0,protectstudio.com
edge-101.hkhkg.icloud-content.com,0.0,icloud-content.com
shopnovinplus.com,1.0,shopnovinplus.com
dns2fa54e13-8184-4fba-92f6-f556ec2a9cc7-azurebatch-cloudservice.westus.cloudapp.azure.com,0.0,azure.com
yac.org.pk,1.0,org.pk
m.zige.eol.cn,0.0,eol.cn
3aadf34d497030f08a579c50ebaa005e.safeframe.googlesyndication.com,0.0,googlesyndication.com
1f9ab22c580d4b62b57b34831fc12f42.fp.measure.office.com,0.0,office.com
ledsun-eg.com,1.0,ledsun-eg.com
smartgate.changsha.gov.cn,0.0,gov.cn
oxyxmfqv.page.link,1.0,page.link
filmkaku.com,1.0,filmkaku.com
adlrs.dns05.com,1.0,dns05.com
cdn-ws.content.steamchina.com,0.0,steamchina.com
dzmuaynn.sysu.edu.cn,0.0,edu.cn
4a5ec9dcbe203a7c1a87eadb3dec8428.dlied1.cdntips.net,0.0,cdntips.net
optradigital.com,1.0,optradigital.com
htcnphmk.page.link,1.0,page.link
192.60.84.184.sbl.spamhaus.org,0.0,spamhaus.org
6qdf3j.tdum.alibaba.com,0.0,alibaba.com
hl4xajaxfdy2syu6zxcq-f-e71c30a79-clientnsv4-s.akamaihd.net,0.0,akamaihd.net
mobilelog.kugou.com,0.0,kugou.com
p26-ckdevice-china.icloud.com,0.0,icloud.com
frioborges.com.ve,1.0,com.ve
guiacontactobcn.com,1.0,guiacontactobcn.com
20.126.250.203.sbl.spamhaus.org,0.0,spamhaus.org
mscat.pe,1.0,mscat.pe
r2---sn-un57sn7y.gvt1.com,0.0,gvt1.com
mobile2.10jqka.com.cn,0.0,com.cn
secasan.info,1.0,secasan.info
91images20210911.oss-accelerate.aliyuncs.com,0.0,aliyuncs.com
baae.sard.ruc.edu.cn,0.0,edu.cn
9bd2dc6b39d57562d57b35a73c53f9c4.safeframe.googlesyndication.com,0.0,googlesyndication.com
bca18372a7d2b5b873c37d55e290bfa6.safeframe.googlesyndication.com,0.0,googlesyndication.com
siscofashion.com.ng,1.0,com.ng
smkpgri2pasuruan.sch.id,1.0,sch.id
zj2fdlixfqzxuyu6lqnq-f-21d16955c-clientnsv4-s.akamaihd.net,0.0,akamaihd.net
adt.faqserv.com,1.0,faqserv.com
a2010.casalemedia.com,0.0,casalemedia.com
elenaprem.com,1.0,elenaprem.com
aptinverex.net,1.0,aptinverex.net
qmcdxmbd.page.link,1.0,page.link
brxt.mendeley.com,0.0,mendeley.com
647o33baidu.s.3jdh.com,0.0,3jdh.com
ujii.sync.oystergardens.club,1.0,oystergardens.club
daughtersofmotherindia.com,1.0,daughtersofmotherindia.com
torfxkskvb.sysu.edu.cn,0.0,edu.cn
2cebc5d0d81cc259646708cba6a5aac2.safeframe.googlesyndication.com,0.0,googlesyndication.com
desirelandscapes.com.au,1.0,com.au
globalhunttechnologies.in,1.0,globalhunttechnologies.in
baisoya.com.pk,1.0,com.pk
5d9b637550878670ef7882ec50dc357e.fp.measure.office.com,0.0,office.com
4c10f5f80e6b4d78abe196af8aad8844.fp.measure.office.com,0.0,office.com
35-166-175-91-pushcl.np.communication.playstation.net,0.0,playstation.net
mxzex322.xyz,1.0,mxzex322.xyz
tceducn.com,1.0,tceducn.com
dtccsf.org,1.0,dtccsf.org
hs.nufe.edu.cn,0.0,edu.cn
9d3f8049478a42b5b4c094256190fd17.fp.measure.office.com,0.0,office.com
hotword.kuwo.cn,0.0,kuwo.cn
chattanpvc.com,1.0,chattanpvc.com
empresape.com,1.0,empresape.com
36d49807164243a48c56ff9b602a3a9f.fp.measure.office.com,0.0,office.com
jtafp.cloudid.coffeeonboard.com,1.0,coffeeonboard.com
imanifestnow.net,1.0,imanifestnow.net
server.toeicswt.co.kr,1.0,co.kr
foreverus.in,1.0,foreverus.in
195858-ipv4.gr.global.aa-rt.sharepoint.com,0.0,sharepoint.com
pxhxllym.page.link,1.0,page.link
gelsynergysolutions.com,1.0,gelsynergysolutions.com
transledger.io,1.0,transledger.io
mymobiletoolsandtrades.com,1.0,mymobiletoolsandtrades.com
ahpbxmuw.page.link,1.0,page.link
2585ec189ee6fc21e56f7913a9f74589.safeframe.googlesyndication.com,0.0,googlesyndication.com
smartsbee.co,1.0,smartsbee.co
thelocationgold.com,1.0,thelocationgold.com
dadouexport.com,1.0,dadouexport.com
zj2fdlixfqzxuyu6l3vq-f-b53fc08d7-clientnsv4-s.akamaihd.net,0.0,akamaihd.net
downloadly.net,0.0,downloadly.net
zozovideo.com,0.0,zozovideo.com
foxfilehost.fun,1.0,foxfilehost.fun
almpcest.page.link,1.0,page.link
cdn.brandpa.com,0.0,brandpa.com
www1486.ff-03.com,0.0,ff-03.com
nmkhvonyfttzst.www.tendawifi.com,0.0,tendawifi.com
hbn42414.beget.tech,1.0,beget.tech
3monkeysthrift.f2f.org,1.0,f2f.org
d310a9hpolx59w.cloudfront.net,0.0,cloudfront.net
105de05774b14d66a4cc0163b83445d4.fp.measure.office.com,0.0,office.com
bonitgames.com,1.0,bonitgames.com
www.mingyantong.com,0.0,mingyantong.com
xxd2vifwvbfdzkkjmxhpxtxmsks181654578761.nuid.imrworldwide.com,0.0,imrworldwide.com
gbuarts.com,1.0,gbuarts.com
poonamcoatings.com,1.0,poonamcoatings.com
sodef-sl.com,1.0,sodef-sl.com
server72.dosya.co,1.0,dosya.co
dznnuj.tdum.alibaba.com,0.0,alibaba.com
app6wf7nmsr4708.h5.xiaoeknow.com,0.0,xiaoeknow.com
ecvgparr.page.link,1.0,page.link
urd183.analysys.cn,0.0,analysys.cn
jtunpaah.page.link,1.0,page.link
playstation.com,0.0,playstation.com
2a05ef636b3caa39bf10680ffd133909.safeframe.googlesyndication.com,0.0,googlesyndication.com
ee64ea6ed9634479b258529719ba5783.fp.measure.office.com,0.0,office.com
media.newyorker.com,0.0,newyorker.com
takayuki-office.inotaka.com,1.0,inotaka.com
statics.ys7.com,0.0,ys7.com
forest-china-1415829784.cn-northwest-1.elb.amazonaws.com.cn,0.0,com.cn
imgs.dlads.cn,0.0,dlads.cn
benjamin-simmonds.gallerycdn.azure.cn,0.0,azure.cn
973694016.docs.qq.com,0.0,qq.com
c-0.19-240f2081.f240000.1838.1c44.410a.400.9d.wmtg38umibvswra5g6gfw3s6ft.avqs.mcafee.com,0.0,mcafee.com
d1tha5yds2obwc.cloudfront.net,0.0,cloudfront.net
vicantres.com,1.0,vicantres.com
lwbypaagwohccq.sysu.edu.cn,0.0,edu.cn
syedahmad.me,1.0,syedahmad.me
mochilaeasas.com,1.0,mochilaeasas.com
3c10a432f59248839c941587b9b3f3f5.safeframe.googlesyndication.com,0.0,googlesyndication.com
ea9a96b6526f0c9480e15a34bd619953.safeframe.googlesyndication.com,0.0,googlesyndication.com
wiki.acervolima.com,0.0,acervolima.com
68.95.153.160.sbl.spamhaus.org,0.0,spamhaus.org
wt1-cloud-acs.lol.qq.com,0.0,qq.com
federalenterprisebd.com,1.0,federalenterprisebd.com
zj2fdlixfqzxuyu6t3ca-f-d500a1991-clientnsv4-s.akamaihd.net,0.0,akamaihd.net
p4-gjxh7w47l37ps-a2cobs3jaijnrakc-if-v6exp3-v4.metric.gstatic.com,0.0,gstatic.com
tw.torrentkitty.app,0.0,torrentkitty.app
clearplate-server-buff-test.oss-cn-beijing.aliyuncs.com,0.0,aliyuncs.com
wubshetbekele.com,1.0,wubshetbekele.com
railway.net.tw,1.0,net.tw
hm.k618.cn,0.0,k618.cn
starpointedu.com,1.0,starpointedu.com
grovv.ru,1.0,grovv.ru
www.blphoto.net,0.0,blphoto.net
aqbira.tdum.alibaba.com,0.0,alibaba.com
d7db1b5784f74b0c8f93f1831496025b.fp.measure.office.com,0.0,office.com
w4dasvcapstwayu6g2ya-pgih0k-08989645e-clientnsv4-s.akamaihd.net,0.0,akamaihd.net
arcconstructora.cl,1.0,arcconstructora.cl
yuzhi54207.lofter.com,0.0,lofter.com
olxdeal.com,1.0,olxdeal.com
092b3c8f152f42ceb9499a346fa39914.fp.measure.office.com,0.0,office.com
76aae2.sharpcelullares.quest,1.0,sharpcelullares.quest
adl-vv.mrface.com,1.0,mrface.com
grupotrespro.com,1.0,grupotrespro.com
aceitunasevillana.com,1.0,aceitunasevillana.com
bibasgautam.com.np,1.0,com.np
cace.zju.edu.cn,0.0,edu.cn
f96081f15c287d33801b66f1dfc86db5.safeframe.googlesyndication.com,0.0,googlesyndication.com
static5.cdn.yestone.com,0.0,yestone.com
qqpzlhme.page.link,1.0,page.link
w4dasvaxfdy4syu643ta-f-e45d831c2-clientnsv4-s.akamaihd.net,0.0,akamaihd.net
knkfcmnq.page.link,1.0,page.link
nt.e23.cn,0.0,e23.cn
drmurtazashomoeopathy.in,1.0,drmurtazashomoeopathy.in
p41-fmfmobile.icloud.com,0.0,icloud.com
test.nie.163.com,0.0,163.com
yvxoyouscqn.sysu.edu.cn,0.0,edu.cn
gpepzlra.page.link,1.0,page.link
c7c972611e5e461ea214e192e1b7f908.fp.measure.office.com,0.0,office.com
rasadnik-vocne-sadnice.rs,1.0,rasadnik-vocne-sadnice.rs
1bb85ba9876c4717a83c2d3f836860c4.fp.measure.office.com,0.0,office.com
adfq-a.vizvaz.com,1.0,vizvaz.com
ydhzsxktkwco.sysu.edu.cn,0.0,edu.cn
remdiswap.com,1.0,remdiswap.com
www.sec.or.th,0.0,or.th
fp.sysu.edu.cn,0.0,edu.cn
wooplr.sysu.edu.cn,0.0,edu.cn
signin.ebay.com,0.0,ebay.com
www.fj.msa.gov.cn,0.0,gov.cn
gnzybxok.page.link,1.0,page.link
digitalconsultants.com.pk,1.0,com.pk
dwaorg.grundigtelevisao.sa.com,1.0,sa.com
centurionperu.com.pe,1.0,com.pe
www.tt1069.com,0.0,tt1069.com
mts-natrevearthenviron.nature.com,0.0,nature.com
www.nx.news.cn,0.0,news.cn
rebuild.mk,1.0,rebuild.mk
71d227ae459442a5b12cd586fdb0dd4a.fp.measure.office.com,0.0,office.com
pkwgooqot.sysu.edu.cn,0.0,edu.cn
sah.vizvaz.com,1.0,vizvaz.com
legaltransportes.cl,1.0,legaltransportes.cl
zj2fdlixfqz3eyu6pdna-f-1b435b61c-clientnsv4-s.akamaihd.net,0.0,akamaihd.net
free.360totalsecurity.com,1.0,360totalsecurity.com
faculty.dlut.edu.cn,0.0,edu.cn
primptania.fr,1.0,primptania.fr
bafybeifntdamo3k6f2oijpgxka65c7tjd5wcyw3zehgiqpdwxv55nnlfoe.ipfs.infura-ipfs.io,0.0,infura-ipfs.io
fingerimpression.in,1.0,fingerimpression.in
atechairsystems.ca,1.0,atechairsystems.ca
lamoeaag.page.link,1.0,page.link
tklcailx.page.link,1.0,page.link
getamericanclasshelp.com,1.0,getamericanclasshelp.com
WW10KRBUS01DSKO.bureauveritas.com,0.0,bureauveritas.com
cfb.faqserv.com,1.0,faqserv.com
qbypcupk.page.link,1.0,page.link
ponizinny.nl,1.0,ponizinny.nl
nstqb.org,1.0,nstqb.org
ashishinfracon.com,1.0,ashishinfracon.com
emsqxygufqbxbd.www.tendawifi.com,0.0,tendawifi.com
glumotrustfinance.io,1.0,glumotrustfinance.io
cid.org.ng,1.0,org.ng
mail.alphaassessoriato.com.br,1.0,com.br
colombianbarbers.com,1.0,colombianbarbers.com
emelsabanpsychotherapy.co.uk,1.0,co.uk
orderedami.com,1.0,orderedami.com
penzion-bawaria.cz,1.0,penzion-bawaria.cz
citycentredubai.com,1.0,citycentredubai.com
maxfieldwalker.gallerycdn.vsassets.io,0.0,vsassets.io
asdz.faqserv.com,1.0,faqserv.com
columbine.ir,1.0,columbine.ir
www.ck180.net,0.0,ck180.net
rubiomoveis.com.br,1.0,com.br
pecatonicabeer.com,1.0,pecatonicabeer.com
notify.aescripts.com,0.0,aescripts.com
viptowerspanama.com,1.0,viptowerspanama.com
sa-de.vizvaz.com,1.0,vizvaz.com
portal.lpp.org.pk,1.0,org.pk
bwc.zuel.edu.cn,0.0,edu.cn
w4dasvfygntjwyu6isuq-f-56f63f0a6-clientnsv4-s.akamaihd.net,0.0,akamaihd.net
share.zight.com,1.0,zight.com
dba6a2f29c03864de4558fed5ecca382.safeframe.googlesyndication.com,0.0,googlesyndication.com
olhnzghw.page.link,1.0,page.link
zentrem39.xyz,1.0,zentrem39.xyz
adl-vq.vizvaz.com,1.0,vizvaz.com
bacspceb.page.link,1.0,page.link
nexusfm.uk,1.0,nexusfm.uk
passport-global.reg.ntes53.netease.com,0.0,netease.com
reuqoynw.page.link,1.0,page.link
boegqqwml.sysu.edu.cn,0.0,edu.cn
serchmonkeyboss.com,1.0,serchmonkeyboss.com
27.184.248.162.sbl.spamhaus.org,0.0,spamhaus.org
bigwigbiography.com,1.0,bigwigbiography.com
sig.hbzb666.com,0.0,hbzb666.com
cbstailgatefan.files.wordpress.com,0.0,wordpress.com
eds.faqserv.com,1.0,faqserv.com
cb-invoice-logos-prod.s3.us-east-1.amazonaws.com,0.0,amazonaws.com
hrsxplfoej.sysu.edu.cn,0.0,edu.cn
biz.esnai.com,0.0,esnai.com
fenbi-android.cn-beijing.log.aliyuncs.com,0.0,aliyuncs.com
35-164-215-98-pushcl.np.communication.playstation.net,0.0,playstation.net
w4dasvaxfdy2syu67dnq-f-8e1b9d398-clientnsv4-s.akamaihd.net,0.0,akamaihd.net
balustradeinox.info,1.0,balustradeinox.info
eljennsolutions.com,1.0,eljennsolutions.com
cn-jlcc-cu-03-06.bilivideo.com,0.0,bilivideo.com
browserbookmark.taobao.com,0.0,taobao.com
chaucatotoursperu.com,1.0,chaucatotoursperu.com
tstore.tn,1.0,tstore.tn
cdn.findamasters.com,0.0,findamasters.com
bodrumprofesyonel.com,1.0,bodrumprofesyonel.com
adventuristacorner.files.wordpress.com,0.0,wordpress.com
120-236-174-177_s-23-48-201-42_ts-1654615144-clienttons-s.akamaihd.net,0.0,akamaihd.net
purimaju.com,1.0,purimaju.com
kb-render.cn-shanghai.log.aliyuncs.com,0.0,aliyuncs.com
dcut.top,1.0,dcut.top
weohnspclnml.sysu.edu.cn,0.0,edu.cn
ecofloorcorp.com,1.0,ecofloorcorp.com
c7c4c00354ac40db9533dbbdd2425c26.fp.measure.office.com,0.0,office.com
data.gingersoftware.com,0.0,gingersoftware.com
iskillsjr.com,1.0,iskillsjr.com
ikazuqgxn.sysu.edu.cn,0.0,edu.cn
vptriathlon.com,1.0,vptriathlon.com
72k6ns9av5d2c74ka2skssr6wg6z4w64hvghlo2af423484c6c2c8180sac.d.aa.online-metrix.net,0.0,online-metrix.net
smartpencentral.ca,1.0,smartpencentral.ca
apktotis.page.link,1.0,page.link
6244c57a66cb4b3e90d0b071ee22ed2a.fp.measure.office.com,0.0,office.com
bionicengineering.pk,1.0,bionicengineering.pk
only-693076-223-104-68-40.nstool.netease.com,0.0,netease.com
genena.me,1.0,genena.me
acf5b63b0de374a7744a7269c12b94129.profile.nrt51-c3.cloudfront.net,0.0,cloudfront.net
ugzamdat.page.link,1.0,page.link
2b5a527b3f624ae789001e0417eb1af2.fp.measure.office.com,0.0,office.com
ce959eebdda9fd5ef4acc9659c54fd9e.safeframe.googlesyndication.com,0.0,googlesyndication.com
abtwgwfblzsp.sysu.edu.cn,0.0,edu.cn
w4dasvaxfdy2syu7eyta-f-e6581696b-clientnsv4-s.akamaihd.net,0.0,akamaihd.net
f581b9b3b64341a5ae3f8ef6a5bc8fc5.fp.measure.office.com,0.0,office.com
crevinut.com,1.0,crevinut.com
redlineevents.co.uk,1.0,co.uk
focusystems.com,1.0,focusystems.com
qos.189.cn,0.0,189.cn
hnl.com.pk,1.0,com.pk
ipf.sustech.edu.cn,0.0,edu.cn
m.xitongtiandi.net,0.0,xitongtiandi.net
almonanhijama.com,1.0,almonanhijama.com
techwizz.co.za,1.0,co.za
powermustangclub.cl,1.0,powermustangclub.cl
andiraya.com,1.0,andiraya.com
ad8ef8797be4470898d492a162fc6d39.fp.measure.office.com,0.0,office.com
c-0.19-a7000489.2.16a8.c13.3ea5.210.0.1k1uzbgmwwhm4u33ra8ln965z5.avts.mcafee.com,0.0,mcafee.com
jardintreehouse.cl,1.0,jardintreehouse.cl
www.74j.net,0.0,74j.net
muzzumilruheel.com,1.0,muzzumilruheel.com
bnlrixvp.page.link,1.0,page.link
yi6hs.tdum.alibaba.com,0.0,alibaba.com
f4ead801dea34360b5529839e3a4afde.fp.measure.office.com,0.0,office.com
92a553c54f49843d762773803858143d.safeframe.googlesyndication.com,0.0,googlesyndication.com
kgauwmulceexso.sysu.edu.cn,0.0,edu.cn
prod-frs.content.classy.org,0.0,classy.org
nebraskamoharrisburg.customizemyname.com,1.0,customizemyname.com
vmhealthassist.com,1.0,vmhealthassist.com
urlebird.com,0.0,urlebird.com
screenshotscontent-d4002.xboxlive.com,0.0,xboxlive.com
www.lookae.com,0.0,lookae.com
w4dasxqxggboqyu7hxgq-f-e8fd89206-clientnsv4-s.akamaihd.net,0.0,akamaihd.net
exilum.com,1.0,exilum.com
e6786c9c1ae441c491174d3df6ea53e8.fp.measure.office.com,0.0,office.com
b141.photo.store.qq.com,0.0,qq.com
ceoadvisory.my,1.0,ceoadvisory.my
c414dd3af1e84f8b9131a80ac5dc9e56.fp.measure.office.com,0.0,office.com
exnenizb.page.link,1.0,page.link
f0d39da4df46f6656d422597be76b017.safeframe.googlesyndication.com,0.0,googlesyndication.com
zhlr.2023.ebeenj.com,1.0,ebeenj.com
d1yprpojhqvser.cloudfront.net,0.0,cloudfront.net
h171741.srv22.test-hf.su,1.0,test-hf.su
9fb0f14e-kong-kongproxy-066b-2032067591.us-east-1.elb.amazonaws.com,0.0,amazonaws.com
1004d4883d3a439485ebada67c42152f.fp.measure.office.com,0.0,office.com
unicomg.com,1.0,unicomg.com
hzxarvah.page.link,1.0,page.link
torkleader.com,1.0,torkleader.com
gons11fc.top,1.0,gons11fc.top
file.garden,1.0,file.garden
prkbhuru.page.link,1.0,page.link
ditto-ershou.ke.com,0.0,ke.com
hfc17-s3store-bucket-223.s3.nie.netease.com,0.0,netease.com
bplp-aintemouchent.dz,1.0,bplp-aintemouchent.dz
vlpzcrzs.page.link,1.0,page.link
h-p.mall.cnki.net.fafu.vpn358.com,0.0,vpn358.com
55757e26f09c5561032e40b73508ad04.safeframe.googlesyndication.com,0.0,googlesyndication.com
atm-fp-vnext.office.com,0.0,office.com
tyresonlinestore.com,1.0,tyresonlinestore.com
188.226.107.39.sbl.spamhaus.org,0.0,spamhaus.org
sonic302-19.consmr.mail.sg3.yahoo.com,0.0,yahoo.com
qrpay.co.id,1.0,co.id
cn-hk-eq-bcache-02.bilivideo.com,0.0,bilivideo.com
yacht-rentalm.com,1.0,yacht-rentalm.com
ljkuvafieq.sysu.edu.cn,0.0,edu.cn
mkdsbhrj.page.link,1.0,page.link
littlecoveresort.com,1.0,littlecoveresort.com
72k6ns9anin4hbvv7ywfax5vjumbjqigr7fhpbocd1b0f025c1f543a0sac.d.aa.online-metrix.net,0.0,online-metrix.net
ufe-section-indonesie.org,1.0,ufe-section-indonesie.org
w4dasvaxeqh5qyu7kfbq-f-e7b415e2e-clientnsv4-s.akamaihd.net,0.0,akamaihd.net
g.task.weibo.com,0.0,weibo.com
ssjfoundation.com,1.0,ssjfoundation.com
catinadingradina.ro,1.0,catinadingradina.ro
piqiytk.sysu.edu.cn,0.0,edu.cn
adls.dns05.com,1.0,dns05.com
i-38.b-46248.ut.bench.utorrent.com,0.0,utorrent.com
vzx.result.garrettcountygranfondo.org,1.0,garrettcountygranfondo.org
sxdofcom.shaanxi.gov.cn,0.0,gov.cn
tch983221.tch.quora.com,0.0,quora.com
rrclassic.in,1.0,rrclassic.in
tijxpfpm.page.link,1.0,page.link
rowtyiwg.page.link,1.0,page.link
file.icve.com.cn,0.0,com.cn
indmed.in,1.0,indmed.in
log.getadblock.com,0.0,getadblock.com
svoy.pro,1.0,svoy.pro
7adea1fc7a9c5594bb16cb40273384f84cab9ce1e62664b3.dlied1.cdntips.net,0.0,cdntips.net
1c99030db098b0056afad94402459207.safeframe.googlesyndication.com,0.0,googlesyndication.com
demirsan.com,1.0,demirsan.com
9275a673e2154d2ab34b1dd640fede86.fp.measure.office.com,0.0,office.com
tsfzptkc.page.link,1.0,page.link
badlanderssc.fp.ps.easebar.com,0.0,easebar.com
colegiucriminologie.md,1.0,colegiucriminologie.md
we7-oss.oss-cn-hangzhou.aliyuncs.com,0.0,aliyuncs.com
ae8a158ed4564d42a180238cd956486d.fp.measure.office.com,0.0,office.com
auth.changyou.com,0.0,changyou.com
www.ppshu8.com,0.0,ppshu8.com
sigma.baidu.com,0.0,baidu.com
c-0.19-24094041.90083.1838.1c44.410a.400.9d.86db5td47jn84zujun8szhdb9j.avqs.mcafee.com,0.0,mcafee.com
geiselmed.dartmouth.edu,0.0,dartmouth.edu
autodiscover.sysu.edu.cn,0.0,edu.cn
www.fossil.com,0.0,fossil.com
webrtc2-ap-web-1.agora.io,0.0,agora.io
monitorperkaraktp.id,1.0,monitorperkaraktp.id
10559438.fls.doubleclick.net,0.0,doubleclick.net
thre03bb.top,1.0,thre03bb.top
abeseguros.com,1.0,abeseguros.com
w4dasvax2cgiayu6vffq-f-f7f531357-clientnsv4-s.akamaihd.net,0.0,akamaihd.net
moucecore.org,1.0,moucecore.org
restaurangfolkparken.se,1.0,restaurangfolkparken.se
hxtqvudd.page.link,1.0,page.link
118ad2d999e540b8ba801c3ae256a6b8.fp.measure.office.com,0.0,office.com
1.0.0.0.sbl.spamhaus.org,0.0,spamhaus.org
thekeyboard.co.in,1.0,co.in
daewooservicecentreauthorized.com,1.0,daewooservicecentreauthorized.com
tyj.gansu.gov.cn,0.0,gov.cn
support.dji.com,0.0,dji.com
chengdu.customs.gov.cn,0.0,gov.cn
72k6ns9ackhr4cbvsfgdwspdicgh5kujencshal33c7ff3ae59c6d798sac.d.aa.online-metrix.net,0.0,online-metrix.net
timondoo.com,1.0,timondoo.com
26qewsdz.oss-accelerate.aliyuncs.com,1.0,aliyuncs.com
iili.io,1.0,iili.io
jyxy.tynu.edu.cn,0.0,edu.cn
ozzminu.sysu.edu.cn,0.0,edu.cn
flgaqnjp.page.link,1.0,page.link
weverseshop.io,0.0,weverseshop.io
74.bus.sysu.edu.cn,0.0,edu.cn
futurefibered.com,1.0,futurefibered.com
6d7b81a1812248f9b2406d7d3df6cb13.fp.measure.office.com,0.0,office.com
rsc.dns05.com,1.0,dns05.com
ambalaje-cerasela.ro,1.0,ambalaje-cerasela.ro
d7430721548835670781-t6998375984608103165.id.amgdgt.com,0.0,amgdgt.com
movieshouse.in,1.0,movieshouse.in
www.sky-mobile.eu,1.0,sky-mobile.eu
usfraudreport.com,1.0,usfraudreport.com
mittmexico.com,1.0,mittmexico.com
s-wanfangdata-com-cn-s.webvpn.sysu.edu.cn,0.0,edu.cn
dsg.dns05.com,1.0,dns05.com
dgmda.org,1.0,dgmda.org
en.wikivoyage.ahau.cf,0.0,ahau.cf
adlriran.com,1.0,adlriran.com
31014a245eef4bcf953a9e32df786a7e.fp.measure.office.com,0.0,office.com
6d60cc16dd16435cbefd8c308d45e1db.fp.measure.office.com,0.0,office.com
ufshop.mx,1.0,ufshop.mx
ncljktpp.page.link,1.0,page.link
domusnostra-studio.ro,1.0,domusnostra-studio.ro
profit.3stepsprofit.com,1.0,3stepsprofit.com
aef3484fe976458d9cf67697b400408c.fp.measure.office.com,0.0,office.com
tienda.hst.com.ec,1.0,com.ec
adl-mf.mrface.com,1.0,mrface.com
b9gt7r.tdum.alibaba.com,0.0,alibaba.com
70e2015464c34704a204d73b915010c9.fp.measure.office.com,0.0,office.com
ohxibveb.ucl.ac.uk,0.0,ac.uk
gtu-c01.m.alicdn.com,0.0,alicdn.com
53b3c52fb6de4755bf23e0403f3918dd.fp.measure.office.com,0.0,office.com
assets.coursehero.com,0.0,coursehero.com
vivekwp.com,1.0,vivekwp.com
wynaclick.baidu.com,0.0,baidu.com
41a6a66bf085483d99d21039e0a3f9dc.fp.measure.office.com,0.0,office.com
zueem.com,1.0,zueem.com
res.superqqshow.qq.com,0.0,qq.com
markgov.id,1.0,markgov.id
qiom.center,1.0,qiom.center
sd.189.cn,0.0,189.cn
39e27aaceec24e898f760e2c1e46491d.fp.measure.office.com,0.0,office.com
f8449823f0ac49028560abe05791399e.fp.measure.office.com,0.0,office.com
secure.constellation.iqvia.com,0.0,iqvia.com
zj2fdlixfqzxuyu6ltja-f-ff90f2032-clientnsv4-s.akamaihd.net,0.0,akamaihd.net
c15b981292fc75ab6de6f1293a243c5f.rdt.tfogc.com,0.0,tfogc.com
minidoctor.org,1.0,minidoctor.org
us.weibo.com,0.0,weibo.com
briezkalni.lv,1.0,briezkalni.lv
254c445d7d5cfea5c3c3d2217f7f0738.safeframe.googlesyndication.com,0.0,googlesyndication.com
b3fa712ddd76cacac65f5b2ace9ea521.safeframe.googlesyndication.com,0.0,googlesyndication.com
ncu-tokyo-live-thirdpartyweb-1723006515.ap-northeast-1.elb.amazonaws.com,0.0,amazonaws.com
polls.zaobao.com,0.0,zaobao.com
i9fqe.com,1.0,i9fqe.com
c-iran.dns05.com,1.0,dns05.com
law.whu.edu.cn,0.0,edu.cn
wx-008.blog.163.com,0.0,163.com
enicon.mx,1.0,enicon.mx
hst.com.ec,1.0,com.ec
822f3bcefc9eab89733c1e7baeb2598e.safeframe.googlesyndication.com,0.0,googlesyndication.com
a579159eb2ce01d51ca09e9e890b4b21.safeframe.googlesyndication.com,0.0,googlesyndication.com
ey.sycdn.kuwo.cn,0.0,kuwo.cn
mfijkcum.page.link,1.0,page.link
pqdaydxh.page.link,1.0,page.link
tedsbrain.com,1.0,tedsbrain.com
3.rlb.router.teamviewer.cn,0.0,teamviewer.cn
6753f71bb91a47378bc13616142dc3ca.fp.measure.office.com,0.0,office.com
suitesmonterrey.mx,1.0,suitesmonterrey.mx
chatmob.fanxing.kugou.com,0.0,kugou.com
grupocartagena.info,1.0,grupocartagena.info
wvkztnfhu.sysu.edu.cn,0.0,edu.cn
p-g-technology.com,1.0,p-g-technology.com
w4dasvfygjme6yu6x4xq-f-45900ab48-clientnsv4-s.akamaihd.net,0.0,akamaihd.net
6c366ccb5b4b88a4b8e70f7b436f3f78.safeframe.googlesyndication.com,0.0,googlesyndication.com
adl-shd.mrface.com,1.0,mrface.com
9jxki2.tdum.alibaba.com,0.0,alibaba.com
fivestareducational.com,1.0,fivestareducational.com
dswhq.layout.oystergardens.us,1.0,oystergardens.us
blazer-magazine.com,0.0,blazer-magazine.com
adl-itn.itsaol.com,1.0,itsaol.com
idealdabsters.com,1.0,idealdabsters.com
xfftyieo.page.link,1.0,page.link
usllpic0ew5aek5xd5xolryxnuibo5lfnws24xwp349276e5b40bd1fcsac.d.aa.online-metrix.net,0.0,online-metrix.net
1f6bdda25277441083fd6d6f87336f59.fp.measure.office.com,0.0,office.com
bj.ke.com,0.0,ke.com
jandjtowingliverpool.com.au,1.0,com.au
c0b1336eb7d2419e899b029e5c388d45.fp.measure.office.com,0.0,office.com
supportlights.com,1.0,supportlights.com
jrcpalladio.com,1.0,jrcpalladio.com
clalontechs.co.tz,1.0,co.tz
funletters.net,1.0,funletters.net
spsiphil.com,1.0,spsiphil.com
zj2fcdtiojgbeyu7b3ba-pxvznj-fadd40cef-clientnsv4-s.akamaihd.net,0.0,akamaihd.net
a8ab9c861dac47408b29acbf9fa2b25b.fp.measure.office.com,0.0,office.com
b0aabefe41633439299e933dfc1a5ff2.safeframe.googlesyndication.com,0.0,googlesyndication.com
petstation.co.in,1.0,co.in
cdn.jsdelivr.net,0.0,jsdelivr.net
effect.douyin.com,0.0,douyin.com
gaci.ge,1.0,gaci.ge
a1cfGLc0VMQ.iot-as-mqtt.cn-shanghai.aliyuncs.com,0.0,aliyuncs.com
zj2fdlixfqzxuyu6ooka-f-f29eebf5c-clientnsv4-s.akamaihd.net,0.0,akamaihd.net
2jcw8g.tdum.alibaba.com,0.0,alibaba.com
uu.update.netease.com,0.0,netease.com
rr1---sn-i3belnll.googlevideo.com,0.0,googlevideo.com
zj2fdlixfqz3eyu6ltsq-f-c1cf5ac82-clientnsv4-s.akamaihd.net,0.0,akamaihd.net
elasimson.com,1.0,elasimson.com
hq1.jrj.com.cn,0.0,com.cn
portaldeuniao.com.br,1.0,com.br
adl-vb.mrbasic.com,1.0,mrbasic.com
dgsmoxxfcfa.sysu.edu.cn,0.0,edu.cn
5196vy.tdum.alibaba.com,0.0,alibaba.com
smalltown.in,1.0,smalltown.in
flittosg.s3.amazonaws.com,0.0,amazonaws.com
mamazgroupbd.com,1.0,mamazgroupbd.com
w4dasulimj2kgyu7bifq-f-eb29e318b-clientnsv4-s.akamaihd.net,0.0,akamaihd.net
guizhou.gov.cn,0.0,gov.cn
phobos.apple.com,0.0,apple.com
alexafurnitech.com,1.0,alexafurnitech.com
josemiguelescribano.com,1.0,josemiguelescribano.com
lsa.2023.ebeenj.com,1.0,ebeenj.com
bikehatbd.com,1.0,bikehatbd.com
uglknfxj.page.link,1.0,page.link
test.thepearlrecovery.org,1.0,thepearlrecovery.org
friendstivity.id,1.0,friendstivity.id
shuiguopai.cowtransfer.com,0.0,cowtransfer.com
jayabhushanagroindustries.com,1.0,jayabhushanagroindustries.com
connectivitycheck.cbg-app.huawei.com.sysu.edu.cn,0.0,edu.cn
koyjcjn.sysu.edu.cn,0.0,edu.cn
a50034b2c5bf15390d90d15b865521250.profile.fra60-p1.cloudfront.net,0.0,cloudfront.net
sheyap.com,1.0,sheyap.com
outdooremarati.com,1.0,outdooremarati.com
w4dasvaxfdy2syu7e2kq-f-f5e919cd2-clientnsv4-s.akamaihd.net,0.0,akamaihd.net
drive.google.com.it-barcelona.com,1.0,it-barcelona.com
w4dasxixfdy4syu7bvrq-f-7d611695c-clientnsv4-s.akamaihd.net,0.0,akamaihd.net
tpnfwjxc.page.link,1.0,page.link
eaaqeubqaijeajqacql6qaaaabrj5ide-pz4j6r-4c3ba9526-clienttons-s.akamaihd.net,0.0,akamaihd.net
hs.lib.tsinghua.edu.cn,0.0,edu.cn
konfo-content.opintopolku.fi,0.0,opintopolku.fi
voto-telematico.com,1.0,voto-telematico.com
rictqloh.page.link,1.0,page.link
zj2fdlixfqz3eyu6kpxq-f-fb7f72e37-clientnsv4-s.akamaihd.net,0.0,akamaihd.net
skuxubbk.sysu.edu.cn,0.0,edu.cn
constantinscarpentry.co.uk,1.0,co.uk
ontechrio.com,1.0,ontechrio.com
damned-2024.com,1.0,damned-2024.com
only-297357-112-96-65-205.nstool.netease.com,0.0,netease.com
vmi1159541.contaboserver.net,1.0,contaboserver.net
aimdaddy.com,1.0,aimdaddy.com
shinebytanzila.com,1.0,shinebytanzila.com
fmzxnajp.g02.ign.com,0.0,ign.com
ed-rf.vizvaz.com,1.0,vizvaz.com
www.cub.ynu.edu.cn,0.0,edu.cn
titikakamining.pe,1.0,titikakamining.pe
m.jiaochengzhijia.com,0.0,jiaochengzhijia.com
adl-hg.faqserv.com,1.0,faqserv.com
wahseaharowana.com.my,1.0,com.my
gueveadehumboldt.gob.mx,1.0,gob.mx
bodrumilanver.com,1.0,bodrumilanver.com
glfibjsb.page.link,1.0,page.link
decatoria.com,1.0,decatoria.com
ecosing.com,1.0,ecosing.com
ed06b9a1154545cfa71d826fcfb7e04b.fp.measure.office.com,0.0,office.com
1146508792.docs.qq.com,0.0,qq.com
www.qingyuan.sjtu.edu.cn,0.0,edu.cn
secure.eloqua.com,0.0,eloqua.com
g1.163.com,0.0,163.com
p4-hicn5todnsifw-lep4hd62eagpxbkb-if-v6exp3-v4.metric.gstatic.com,0.0,gstatic.com
shrimamashri.com,1.0,shrimamashri.com
6837c412c8c1752254291d4bd2604b87.safeframe.googlesyndication.com,0.0,googlesyndication.com
c-0.19-a7000801.30081.170c.d0f.3ea5.210.0.6lmq5hfrvqklspck77l3kfcs1t.avts.mcafee.com,0.0,mcafee.com
www.cn2an.top,1.0,cn2an.top
www-pm.larc.nasa.gov,0.0,nasa.gov
u27255768.ct.sendgrid.net,0.0,sendgrid.net
badbull.pro,1.0,badbull.pro
www.wits.ac.za,0.0,ac.za
umolvkuq.page.link,1.0,page.link
img.tgl.qq.com.cloud.tc.qq.com,0.0,qq.com
72k6ns9ahs4p2trjnxzccph6y7ej7wprjiipecdxf836782e9fb3b8ddsac.d.aa.online-metrix.net,0.0,online-metrix.net
m.comic.naver.com,0.0,naver.com
logv3.shanbay.com,0.0,shanbay.com
127.124.196.91.sbl.spamhaus.org,0.0,spamhaus.org
creatify.co.in,1.0,co.in
www.fileconvoy.com,1.0,fileconvoy.com
linearcomunicacao.com,1.0,linearcomunicacao.com
72k6ns9arshml4cbzbyoi64337ukmyh7llba2pvi99624f35068ccfe1sac.d.aa.online-metrix.net,0.0,online-metrix.net
wingstime.com.mx,1.0,com.mx
asilkfdo.page.link,1.0,page.link
widgixeu-library.s3.amazonaws.com,0.0,amazonaws.com
analytics.ff.avast.com,0.0,avast.com
fmclog.co.uk,1.0,co.uk
upkxafiq.page.link,1.0,page.link
wagonslearning.in,1.0,wagonslearning.in
zhangmeilvshi.66law.cn,0.0,66law.cn
27c11554deb8ecd5cfb3f67880dada95.safeframe.googlesyndication.com,0.0,googlesyndication.com
472633997c0caac6d4206d3e1b4e93af.safeframe.googlesyndication.com,0.0,googlesyndication.com
rgcapital.com.mx,1.0,com.mx
77ce4d34a59c47e5869e1e7088d360cf.fp.measure.office.com,0.0,office.com
www.esunbank.com.tw,0.0,com.tw
wallpapercave.com,1.0,wallpapercave.com
youyanmail.sysu.edu.cn,0.0,edu.cn
gbsbgmwo.page.link,1.0,page.link
w4dasvaxeqh4eyu7krjq-f-0b26ea921-clientnsv4-s.akamaihd.net,0.0,akamaihd.net
dornelesassessoria.com.br,1.0,com.br
reisebloggerwelt.de,1.0,reisebloggerwelt.de
onlinejournalism.pk,1.0,onlinejournalism.pk
w4dasvaxgyjlqyu64oqq-f-e8f196900-clientnsv4-s.akamaihd.net,0.0,akamaihd.net
d123yxywqx9ajm.cloudfront.net,0.0,cloudfront.net
sgnec.sgcc.com.cn,0.0,com.cn
rr4---sn-oguesn6y.googlevideo.com,0.0,googlevideo.com
javaseven.co.id,1.0,co.id
queqiao.suning.com,0.0,suning.com
24aa895d087546b6953209d0a1168120.fp.measure.office.com,0.0,office.com
tyj.zj.gov.cn,0.0,gov.cn
allemania.ro,1.0,allemania.ro
fbbazar.com,1.0,fbbazar.com
synpqpwz.page.link,1.0,page.link
inovtecautomacao.com.br,1.0,com.br
web.dangqun.ccb.com,0.0,ccb.com
onxowdv.sysu.edu.cn,0.0,edu.cn
intro.sohu.com,0.0,sohu.com
code-workshop-kit.gallerycdn.azure.cn,0.0,azure.cn
cb49.dic.cool,0.0,dic.cool
sg.jobomas.com,0.0,jobomas.com
w4dasvax2cgiayu6umdq-f-719113192-clientnsv4-s.akamaihd.net,0.0,akamaihd.net
logout.miwifi.com,0.0,miwifi.com
new.ob.ae,1.0,ob.ae
achvsystems.ro,1.0,achvsystems.ro
ucce.com.mx,1.0,com.mx
cdn-tcp.online,1.0,cdn-tcp.online
scottlivinghome.com.br,1.0,com.br
349k8mlylz5x5s.graduate.sysu.edu.cn,0.0,edu.cn
tdjgs6048.zlongame.com,0.0,zlongame.com
vikdokav.page.link,1.0,page.link
nlefygzk.page.link,1.0,page.link
e5868e8359fca34b79a9f17608209ba7.dlied1.cdntips.net,0.0,cdntips.net
rhvauqxh.page.link,1.0,page.link
s3-eu-west-2.amazonaws.com,0.0,amazonaws.com
stars.library.ucf.edu,0.0,ucf.edu
balzac.com.mx,1.0,com.mx
76dbbc2918ddb025d7683610e20a5417.safeframe.googlesyndication.com,0.0,googlesyndication.com
static.ahzwfw.gov.cn,0.0,gov.cn
r-0.19-20000000.800.170c.d2c.3ea5.214.0.5ge229fntueeg8jefsj85z2nqb.avts.mcafee.com,0.0,mcafee.com
yatdevfd.page.link,1.0,page.link
nado.ca,1.0,nado.ca
dualstack.readpeakloadbalancer-production-126343442.eu-central-1.elb.amazonaws.com,0.0,amazonaws.com
accesorioswc.com,1.0,accesorioswc.com
c7.trafficdeposit.com,0.0,trafficdeposit.com
notifications-api.datacamp.com,0.0,datacamp.com
cabinetstomatologic-brasov.ro,1.0,cabinetstomatologic-brasov.ro
ev10mgmt.oss-accelerate.aliyuncs.com,1.0,aliyuncs.com
m.fs.bendibao.com,0.0,bendibao.com
korinthix.sysu.edu.cn,0.0,edu.cn
tuzlanskimaraton.com,1.0,tuzlanskimaraton.com
553d995f96db4d528756e0cf8f9ffa18.fp.measure.office.com,0.0,office.com
litestudios.us,1.0,litestudios.us
nativafmtubarao.com,1.0,nativafmtubarao.com
6c7nbh.tdum.alibaba.com,0.0,alibaba.com
plex.tv,0.0,plex.tv
kimyen.net,1.0,kimyen.net
xfdrtxdz.page.link,1.0,page.link
edge-016.hktko1.icloud-content.com,0.0,icloud-content.com
user.qunar.com,0.0,qunar.com
finaxio.co,1.0,finaxio.co
image.newsletter.2k.com,0.0,2k.com
metalfiber.com.pe,1.0,com.pe
np.lostsoulsuk.com,1.0,lostsoulsuk.com
gons30cl.top,1.0,gons30cl.top
pattoverascienza.com,1.0,pattoverascienza.com
zj2fdlixfqzxuyu6nvrq-f-1bd7d595b-clientnsv4-s.akamaihd.net,0.0,akamaihd.net
thecountlab.com.py,1.0,com.py
i.openshop.com.hk,0.0,com.hk
xuvbdnio.page.link,1.0,page.link
rr1---sn-30a7yn7k.googlevideo.com,0.0,googlevideo.com
sahum.itsaol.com,1.0,itsaol.com
humaurapp.com,1.0,humaurapp.com
forums.intel.com,0.0,intel.com
svkhyzvw.page.link,1.0,page.link
test980ti.s3.ap-northeast-2.amazonaws.com,0.0,amazonaws.com
www.refinery29.com,0.0,refinery29.com
72k6ns9as7df5eleraoltblvpz2ckf7tgflspolhb4108b94f8cc0840sac.d.aa.online-metrix.net,0.0,online-metrix.net
admin.bus.sysu.edu.cn,0.0,edu.cn
pscuscdnmars.azureedge.net,0.0,azureedge.net
232.lingnan.sysu.edu.cn,0.0,edu.cn
vcxsrv.sourceforge.net,0.0,sourceforge.net
cembec.pics,1.0,cembec.pics
nexskill.com,1.0,nexskill.com
bricknerplumbingllc.com,1.0,bricknerplumbingllc.com
tda-events.inq.com,0.0,inq.com
ucapi.duia.com,0.0,duia.com
p4-bu6tzyvj3pidg-rvgqqlnk4bheus6x-if-v6exp3-v4.metric.gstatic.com,0.0,gstatic.com
dellhp369-my.sharepoint.com,0.0,sharepoint.com
zhengkang.blog.csdn.net,0.0,csdn.net
restauracekup.cz,1.0,restauracekup.cz
yaxmdefr.page.link,1.0,page.link
ice.settings.oysterfloats.org,1.0,oysterfloats.org
ozkantasimacilik.com,1.0,ozkantasimacilik.com
gjc.ccsu.cn,0.0,ccsu.cn
fbahevgl.page.link,1.0,page.link
sovereignadventures.co.ke,1.0,co.ke
chaperito.edu.pe,1.0,edu.pe
apilayer.us11.list-manage.com,0.0,list-manage.com
wt1-cloud-feapp.lol.qq.com,0.0,qq.com
t-tester.bulog.jp,1.0,bulog.jp
e37934f1bb9f50ab7cfaee59e51ae543.safeframe.googlesyndication.com,0.0,googlesyndication.com
092774a5358b0c890be6ec5268b66f2d.safeframe.googlesyndication.com,0.0,googlesyndication.com
vjatbkvt.page.link,1.0,page.link
smeneiad.page.link,1.0,page.link
nkhavcdr.page.link,1.0,page.link
fmiryruy.page.link,1.0,page.link
d2dzjyo4yc2sta.cloudfront.net,0.0,cloudfront.net
hoanggiadoor.com,1.0,hoanggiadoor.com
colectar.ro,1.0,colectar.ro
fxareba.com,1.0,fxareba.com
jc-yk-static.oss-cn-shanghai.aliyuncs.com,0.0,aliyuncs.com
platform.mcafee.com,0.0,mcafee.com
afilix.tech,1.0,afilix.tech
dsp.whu.edu.cn,0.0,edu.cn
todoistproject.com,1.0,todoistproject.com
r2.sn-j5o76n7s.gvt1.com,0.0,gvt1.com
1796998120.docs.qq.com,0.0,qq.com
only-144749-223-104-66-93.nstool.netease.com,0.0,netease.com
isc.bit.edu.cn,0.0,edu.cn
qjbrragmiml.sysu.edu.cn,0.0,edu.cn
sivall.pe,1.0,sivall.pe
la4-c2-ia5.ia5.r.salesforceliveagent.com,0.0,salesforceliveagent.com
m.ddxs.cc,0.0,ddxs.cc
a7bfc069f2f13c21eb21023d51d1ac562.profile.maa51-p1.cloudfront.net,0.0,cloudfront.net
africatrendtrading.com,1.0,africatrendtrading.com
fhlstitching.files.wordpress.com,0.0,wordpress.com
jdkjjoxn.page.link,1.0,page.link
01e2b9e81714d3857db07f6766a4e5a7.safeframe.googlesyndication.com,0.0,googlesyndication.com
cdn2.ghostery.com,0.0,ghostery.com
superstar.tibolts.co.uk,1.0,co.uk
TrHY1o4QYXHlUqObKTdZWt.dbl.spamhaus.org,0.0,spamhaus.org
dbfyq.settings.oysterfloats.org,1.0,oysterfloats.org
statics.eoffcn.com,0.0,eoffcn.com
ispamazozo.com,1.0,ispamazozo.com
aquatickidsglobalschool.com,1.0,aquatickidsglobalschool.com
eabmzvhtictavd.sysu.edu.cn,0.0,edu.cn
igp-educa.es,1.0,igp-educa.es
suarapamong.com,1.0,suarapamong.com
cmgstatesmanparenting.files.wordpress.com,0.0,wordpress.com
154.249.124.192.sbl.spamhaus.org,0.0,spamhaus.org
w4dasvaxemnjmyu6fxqa-f-0c0e08405-clientnsv4-s.akamaihd.net,0.0,akamaihd.net
gyngojuice.com,1.0,gyngojuice.com
cnzimnyo.page.link,1.0,page.link
c275d71984239ee4993203b3398e50bd.safeframe.googlesyndication.com,0.0,googlesyndication.com
97cd92ab6c8cc6210033f7156ff6b1e3.safeframe.googlesyndication.com,0.0,googlesyndication.com
uwm.edu,0.0,uwm.edu
jiankang.xkyn.com,0.0,xkyn.com
mweimall.co.ke,1.0,co.ke
w4dasvaxfpylayu6faza-f-9638b067b-clientnsv4-s.akamaihd.net,0.0,akamaihd.net
gew3.badoo.com,0.0,badoo.com
zrz.sync.oystergardens.club,1.0,oystergardens.club
uxkaxqea.page.link,1.0,page.link
poziwcct.page.link,1.0,page.link
w4dasyqxfdy4syu667ga-f-b0e239097-clientnsv4-s.akamaihd.net,0.0,akamaihd.net
2b1fbeca952b427f836f2ebdeead1a86.fp.measure.office.com,0.0,office.com
trekkrafrica.co.ke,1.0,co.ke
pouya.blob.core.windows.net,1.0,windows.net
252.47.251.34.sbl.spamhaus.org,0.0,spamhaus.org
sklodg.gyig.cas.cn,0.0,cas.cn
kqqidtvibmbb.sysu.edu.cn,0.0,edu.cn
zlkwahrsrh.sysu.edu.cn,0.0,edu.cn
www.yhdm9.com,0.0,yhdm9.com
excelon.co.ke,1.0,co.ke
only-127829-223-104-60-200.nstool.netease.com,0.0,netease.com
mail.rakishevkenes.com,1.0,rakishevkenes.com
ckynfaamsom.sysu.edu.cn,0.0,edu.cn
28d3af51b77736cbe8615ee9c4d3231b.safeframe.googlesyndication.com,0.0,googlesyndication.com
shop43547114.youzan.com,0.0,youzan.com
a11083715786.cdn-pci.optimizely.com,0.0,optimizely.com
gons26cl.top,1.0,gons26cl.top
w4dasvaxeqbfcyu6xufq-f-509875074-clientnsv4-s.akamaihd.net,0.0,akamaihd.net
view.e.iu.edu,0.0,iu.edu
4bc1719c969b41409aecb68343ff6c1d.fp.measure.office.com,0.0,office.com
agaavlapx.sysu.edu.cn,0.0,edu.cn
belgiumclubsstv.be,1.0,belgiumclubsstv.be
oqeoxgii.page.link,1.0,page.link
coachingcognition.sysu.edu.cn,0.0,edu.cn
keuangan.bkc.or.id,1.0,or.id
realpromotora.com.br,1.0,com.br
lmkconsulting.co.za,1.0,co.za
0.0.0.0.1.0.0.4E.4baje4dhu8jc11jjckzhut1ck6.avqs.mcafee.com,0.0,mcafee.com
zj2fdlixfqzxuyu6lqra-f-f34cd3df8-clientnsv4-s.akamaihd.net,0.0,akamaihd.net
mtiba.co.ke,1.0,co.ke
dgfao.dg.gov.cn,0.0,gov.cn
www412.ff-01.com,0.0,ff-01.com
benzomod.online,1.0,benzomod.online
gedu.fjnu.edu.cn,0.0,edu.cn
ygwpfpnk.page.link,1.0,page.link
ph-tk.oray.com,0.0,oray.com
a3420d814d3155cd4b4750177031655b4.profile.mxp64-c3.cloudfront.net,0.0,cloudfront.net
mcm.sysu.edu.cn,0.0,edu.cn
jageshwarrayartibedcollege.org,1.0,jageshwarrayartibedcollege.org
mdanderson.influuent.utsystem.edu,0.0,utsystem.edu
physics.qdu.edu.cn,0.0,edu.cn
ipaplnpq.page.link,1.0,page.link
zj2fdjyxjtqsmyu7a2xa-f-ad1e2930b-clientnsv4-s.akamaihd.net,0.0,akamaihd.net
robot.czxy.com,0.0,czxy.com
chiroterapi.com,1.0,chiroterapi.com
lqdoxkxd.page.link,1.0,page.link
stwmznenm.sysu.edu.cn,0.0,edu.cn
checkimage.neea.edu.cn,0.0,edu.cn
perniqfu.page.link,1.0,page.link
dninvervcl.sysu.edu.cn,0.0,edu.cn
was-col.com,1.0,was-col.com
whhly.shandong.gov.cn,0.0,gov.cn
b19043f527e18438e21da7eb196b8cdd.safeframe.googlesyndication.com,0.0,googlesyndication.com
campus.seewo.com,0.0,seewo.com
d7.fajridemo.com,1.0,fajridemo.com
4237bd144f1845efa5804ff8cffe7306.fp.measure.office.com,0.0,office.com
itnsolution.co.in,1.0,co.in
eurora.es,1.0,eurora.es
majoziacademy.com,1.0,majoziacademy.com
omejhmpw.sysu.edu.cn,0.0,edu.cn
p112-escrowproxy.icloud.com.cn,0.0,com.cn
aksheraa.com,1.0,aksheraa.com
www.powerlanguage.co.uk,0.0,co.uk
chessvalleyautos.co.uk,1.0,co.uk
gordaleteymanzanilla.es,1.0,gordaleteymanzanilla.es
irr.fartit.com,1.0,fartit.com
www.websound.ru,1.0,websound.ru
assyafaah.sg,1.0,assyafaah.sg
irowefrhvlypmoz.sysu.edu.cn,0.0,edu.cn
specials.jd.hk,0.0,jd.hk
hayav.com,0.0,hayav.com
frensterol.com,1.0,frensterol.com
acs-maroc.org,1.0,acs-maroc.org
ed-sr.vizvaz.com,1.0,vizvaz.com
carinhosomotel.com.br,1.0,com.br
adxstatic.vivo.com.cn,0.0,com.cn
andersonassociates.co,1.0,andersonassociates.co
xhkdpmjw.page.link,1.0,page.link
o74662.ingest.sentry.io,0.0,sentry.io
galerija-boja.hr,1.0,galerija-boja.hr
dj-david.ro,1.0,dj-david.ro
72k6ns9ahmkrvzlmn4sey5obebgqudvpckoq6b65f32f74458755e1d3sac.d.aa.online-metrix.net,0.0,online-metrix.net
proecompany.com,1.0,proecompany.com
lalaviajera.sysu.edu.cn,0.0,edu.cn
sa-bi.otzo.com,1.0,otzo.com
rea-floor.com,1.0,rea-floor.com
wltx.12355.net,0.0,12355.net
1253159997.vod2.myqcloud.com,0.0,myqcloud.com
whgs.edu.pk,1.0,edu.pk
vet2jet.xyz,1.0,vet2jet.xyz
en.cqvip.com,0.0,cqvip.com
amrdcdata.ssec.wisc.edu,0.0,wisc.edu
dn.ozy.com,0.0,ozy.com
tpplmbmh.page.link,1.0,page.link
vzywmlpy.page.link,1.0,page.link
ctec.xjtu.edu.cn,0.0,edu.cn
3t5fmdirkwupjptpg2iqhy4orggyvssmlzkesc4cdb0660930bd6a420sac.d.aa.online-metrix.net,0.0,online-metrix.net
aae-sgsip001-9.asuscomm.com,0.0,asuscomm.com
ideisren.page.link,1.0,page.link
5thpillarpakistan.com.pk,1.0,com.pk
wwgsvkfzw.domain.name,0.0,domain.name
cyycvzeg.page.link,1.0,page.link
xxitbfma.page.link,1.0,page.link
yeshen529shengkuai.lofter.com,0.0,lofter.com
vdavwbzw.page.link,1.0,page.link
dl.9xu.com,1.0,9xu.com
yxeppzistppqg.sysu.edu.cn,0.0,edu.cn
vulzxgn.sysu.edu.cn,0.0,edu.cn
cfe0028bc5f9250b39ee8238ccdd3419.safeframe.googlesyndication.com,0.0,googlesyndication.com
026ea221c0944ea3a861421ff8aa7e69.fp.measure.office.com,0.0,office.com
gw2.178.com,0.0,178.com
hxdfzwiy.page.link,1.0,page.link
muaythaiboxingacademy.com,1.0,muaythaiboxingacademy.com
miracleinfotech.org,1.0,miracleinfotech.org
202-116-81-14_s-23-63-243-153_ts-1654589867-clienttons-s.akamaihd.net,0.0,akamaihd.net
lemorgandesigns.co.ke,1.0,co.ke
supervisorpro.live,1.0,supervisorpro.live
mfedeoy.sysu.edu.cn,0.0,edu.cn
irmakpanelcittelorgu.com.tr,1.0,com.tr
factorycounter.com,1.0,factorycounter.com
b44465bbe29795a7f88f0c44e09d371c.safeframe.googlesyndication.com,0.0,googlesyndication.com
781d0318f9a30d8aa9355243de2aee29.safeframe.googlesyndication.com,0.0,googlesyndication.com
0113f005b82532cefdcb32416b26a027.safeframe.googlesyndication.com,0.0,googlesyndication.com
mudratherapy.in,1.0,mudratherapy.in
rejareja.store,1.0,rejareja.store
m.xixiwg.com,0.0,xixiwg.com
brasigncertificacao.com.br,1.0,com.br
adlwh.itsaol.com,1.0,itsaol.com
kidcocandy.com,1.0,kidcocandy.com
marketplace.huaweicloud.com,0.0,huaweicloud.com
zfjeonalk.sysu.edu.cn,0.0,edu.cn
1ae8ee9b6c6027f80b77f81f900086f8.safeframe.googlesyndication.com,0.0,googlesyndication.com
w4dasvaxgluuqyu6weea-f-6cccbd5df-clientnsv4-s.akamaihd.net,0.0,akamaihd.net
gons18cl.top,1.0,gons18cl.top
74.110.145.61.sbl.spamhaus.org,0.0,spamhaus.org
thetestpage.39.net,0.0,39.net
mcithjjp.page.link,1.0,page.link
aranhaconstrutora.com.br,1.0,com.br
sigortagurmesi.com,1.0,sigortagurmesi.com
192.32.141.43.sbl.spamhaus.org,0.0,spamhaus.org
p1.eqxiu.com,0.0,eqxiu.com
gnr-api.webapp.163.com,0.0,163.com
mauriciosuarezfotografia.com,1.0,mauriciosuarezfotografia.com
qaehmptwou.sysu.edu.cn,0.0,edu.cn
apurnomo.com,1.0,apurnomo.com
salsadk.dk,1.0,salsadk.dk
kgugc.kugou.com,0.0,kugou.com
shahab.pk,1.0,shahab.pk
gjvhost.com,1.0,gjvhost.com
tomwallner.icu,1.0,tomwallner.icu
volleytip.com,1.0,volleytip.com
v3.baidupcs.com,0.0,baidupcs.com
topitltd.com,1.0,topitltd.com
8219e35875af7336b22d443eb78058c6.safeframe.googlesyndication.com,0.0,googlesyndication.com
kform.innan.net,1.0,innan.net
w4dasvaxeqh5qyu7j77q-f-71f67c6fe-clientnsv4-s.akamaihd.net,0.0,akamaihd.net
user.v2.meizu.com,0.0,meizu.com
sfc.faqserv.com,1.0,faqserv.com
fpqxrhat.page.link,1.0,page.link
bracessorios-auto.pt,1.0,bracessorios-auto.pt
mbaby.cafe24.com,0.0,cafe24.com
navimon.baidu.com,0.0,baidu.com
a-0.19-a7000801.d850083.16a8.b7f.3ea5.210.0.14ffbe2bpsd52nkdaaglkceseq.avts.mcafee.com,0.0,mcafee.com
noujoumtounes.com,1.0,noujoumtounes.com
bafybeif2wc2xfx6ctem5oso5xmp4itayjxlbvtcefy5gtubotxqhdat324.ipfs.infura-ipfs.io,0.0,infura-ipfs.io
150.93.53.163.sbl.spamhaus.org,0.0,spamhaus.org
gssaude.pt,1.0,gssaude.pt
api.cupid.iqiyi.com,0.0,iqiyi.com
zolbr.novelty.akibacreative.com,1.0,akibacreative.com
api.qd.alibaba.com,0.0,alibaba.com
sandbox.herzek.net,1.0,herzek.net
quizbn.com,1.0,quizbn.com
upuginjn.page.link,1.0,page.link
w4dasvaxgyjlqyu64r5q-f-9d2cff78e-clientnsv4-s.akamaihd.net,0.0,akamaihd.net
b2e464154f2f48039489a6825f4753d0.fp.measure.office.com,0.0,office.com
wlzmtohrvkez.sysu.edu.cn,0.0,edu.cn
d2drpqns9yptw5.cloudfront.net,0.0,cloudfront.net
5493tblcr27iuf4ctgxvrenhpb5rfin5ypw6b7ne20f01d233529ffbfsac.d.aa.online-metrix.net,0.0,online-metrix.net
energyplanetdmcc.com,1.0,energyplanetdmcc.com
ex-yu.site,1.0,ex-yu.site
177.54.254.182.sbl.spamhaus.org,0.0,spamhaus.org
xvp.imgix.net,0.0,imgix.net
w4dasvaxeqh4eyu7kera-f-3867f32a4-clientnsv4-s.akamaihd.net,0.0,akamaihd.net
settings.picsart.com,0.0,picsart.com
xxgk.bjtu.edu.cn,0.0,edu.cn
mhusseinib.com,1.0,mhusseinib.com
paradisestatic.vivo.com.cn,0.0,com.cn
c-ie.2345.cc,0.0,2345.cc
dc5k8fg5ioc8s.cloudfront.net,0.0,cloudfront.net
ccforteza.com,1.0,ccforteza.com
vragubsakjuv.sysu.edu.cn,0.0,edu.cn
midtjjaz.page.link,1.0,page.link
pdiboss.in,1.0,pdiboss.in
2853af16338544b082562f4b10d11730.fp.measure.office.com,0.0,office.com
kopihitam.click,1.0,kopihitam.click
qusbec.com,1.0,qusbec.com
d2eaurng5jd25h.cloudfront.net,0.0,cloudfront.net
aeujwyfp.page.link,1.0,page.link
bamboom.com.co,1.0,com.co
img147xs.cdn.bcebos.com,0.0,bcebos.com
rdmvxpzlgotmkaw.sysu.edu.cn,0.0,edu.cn
icphs.edu.pk,1.0,edu.pk
w4dasvfyde4sqyu62qsq-f-d451f00ef-clientnsv4-s.akamaihd.net,0.0,akamaihd.net
38.243.60.45.sbl.spamhaus.org,0.0,spamhaus.org
resource.360dhf.cn,0.0,360dhf.cn
survey.euro.confirmit.com,0.0,confirmit.com
0a332e0d982ec67d3e278c4928061d75.safeframe.googlesyndication.com,0.0,googlesyndication.com
vawmax.com,1.0,vawmax.com
techcusp.com,1.0,techcusp.com
ics.autohome.com.cn,0.0,com.cn
thre03sh.top,1.0,thre03sh.top
govdelivery.com,0.0,govdelivery.com
talentmashup.com,1.0,talentmashup.com
adl-sah.mynetav.org,1.0,mynetav.org
pm123.taobao.com,0.0,taobao.com
c25a9ab0dac22a4a444f5900a4114a3e.safeframe.googlesyndication.com,0.0,googlesyndication.com
03544ec52b054a78b2344e2aefff9fd7.fp.measure.office.com,0.0,office.com
sls-qdou-app.cn-hangzhou.log.aliyuncs.com,0.0,aliyuncs.com
legalbeagle.com,0.0,legalbeagle.com
dl91.yunpan.360.cn,0.0,360.cn
iran-kjir.itsaol.com,1.0,itsaol.com
33e0f04bcf104ad38fb3cf644c865219.fp.measure.office.com,0.0,office.com
inefa.cl,1.0,inefa.cl
afebfmjr.page.link,1.0,page.link
460552949cf5d3693dbd14e89a8f8ca5.safeframe.googlesyndication.com,0.0,googlesyndication.com
dms.mrface.com,1.0,mrface.com
gitlab.oiu.edu.sd,1.0,edu.sd
ttf.api.net.bd,1.0,net.bd
bhagirathitv.com,1.0,bhagirathitv.com
midwayfun.client.dev.rocketeffect.com,1.0,rocketeffect.com
becshapraknet-ir.tk,1.0,becshapraknet-ir.tk
vilmas.digital-brands.de,1.0,digital-brands.de
shajaratlemon.com,1.0,shajaratlemon.com
attikanea.sysu.edu.cn,0.0,edu.cn
ns4-16-us-west-2.ec2-rdns.amazonaws.com,0.0,amazonaws.com
stoaer.abetoas.sa.com,1.0,sa.com
theaurom.com,1.0,theaurom.com
badj.baoan.gov.cn,0.0,gov.cn
link.edmodo.com,0.0,edmodo.com
clinichealth.com.br,1.0,com.br
buzzbt.io,1.0,buzzbt.io
72k6ns9a6nnk62g2dfg4wkmmtlcgzoi5xuoxog7kd9dae4a51005167dsac.d.aa.online-metrix.net,0.0,online-metrix.net
vsa27.tawk.to,0.0,tawk.to
tva1.sinaimg.cn.tendawifi.com,0.0,tendawifi.com
ed-sa.vizvaz.com,1.0,vizvaz.com
0f3426742bed4891b90b3a988a54191c.fp.measure.office.com,0.0,office.com
77eayc.karbonncelullares.pro,1.0,karbonncelullares.pro
a84237dea1a962d0b99075128decea9e.safeframe.googlesyndication.com,0.0,googlesyndication.com
e4707755228d455f84bf09fa9844415a.fp.measure.office.com,0.0,office.com
976237-android-ds.metric.gstatic.com,0.0,gstatic.com
w4dastqxfdy4syu6upxq-f-ab934cfb2-clientnsv4-s.akamaihd.net,0.0,akamaihd.net
ztocggof.page.link,1.0,page.link
t.hdhome.org,0.0,hdhome.org
strongbooster.xyz,1.0,strongbooster.xyz
palanupal.in,1.0,palanupal.in
72k6ns9acje2a7ae2cvnlttynfar7kyajsunmwhs2dd2187edd146a58sac.d.aa.online-metrix.net,0.0,online-metrix.net
taxi-moto-paris.net,1.0,taxi-moto-paris.net
cnews.chinadaily.com.cn,0.0,com.cn
wrcevjtk.page.link,1.0,page.link
ravipatel.co.in,1.0,co.in
datasystembolivia.com,1.0,datasystembolivia.com
gknzgblvgemgkf.sysu.edu.cn,0.0,edu.cn
w4dasvaxij5asyu6qnzq-f-d24ea0c5a-clientnsv4-s.akamaihd.net,0.0,akamaihd.net
cid-f64a1ec2e90383dc.users.storage.live.com,0.0,live.com
levarrise.com,1.0,levarrise.com
sed.my03.com,1.0,my03.com
other-web-rd01-sycdn.kuwo.cn,0.0,kuwo.cn
sordcfbl.page.link,1.0,page.link
us-east-1.mmp-proxy.mshop.amazon.dev,0.0,amazon.dev
a86b9efedc3286580c0f3df3f61d12fa76c2bb71da6a8c53.dlied1.cdntips.net,0.0,cdntips.net
kaisasecurity.com,1.0,kaisasecurity.com
hseqinternational.com,1.0,hseqinternational.com
edge-232.hkhkg.icloud-content.com,0.0,icloud-content.com
lwaeaz.teixosa.sa.com,1.0,sa.com
variz.fartit.com,1.0,fartit.com
366e64345c82422b80d5dbb0199b677c.fp.measure.office.com,0.0,office.com
www.chem.zstu.edu.cn,0.0,edu.cn
coliturcusco.com.pe,1.0,com.pe
69e5d59db15e201e35c39b190bcefb51.safeframe.googlesyndication.com,0.0,googlesyndication.com
fee39ffe4c11e24194ced3d66639b684.safeframe.googlesyndication.com,0.0,googlesyndication.com
carcodebd.com,1.0,carcodebd.com
bhalmaskin.com,1.0,bhalmaskin.com
bixolabs10.autodesk360.com,1.0,autodesk360.com
gervais.ma,1.0,gervais.ma
rephrasesrv.gingersoftware.com,0.0,gingersoftware.com
loganwritersfestival.com.au,1.0,com.au
clinicabenedicto.com,1.0,clinicabenedicto.com
saham.fartit.com,1.0,fartit.com
carvan.app,1.0,carvan.app
dollarcontrols.online,1.0,dollarcontrols.online
www.chok8.com,0.0,chok8.com
download.sp.f-secure.com,0.0,f-secure.com
zimbra.igpp.ucla.edu,0.0,ucla.edu
succession.circle.ms,0.0,circle.ms
smartjayasolution.com,1.0,smartjayasolution.com
sapnokiyatra.live,1.0,sapnokiyatra.live
ghqhlkf.sysu.edu.cn,0.0,edu.cn
indianaksdesmoines.virtualtutors.us,1.0,virtualtutors.us
hnxnrtvf.page.link,1.0,page.link
lqjmzitq.page.link,1.0,page.link
c44106d2e1010522f9687bbe8144f622.safeframe.googlesyndication.com,0.0,googlesyndication.com
oopszrqd.sysu.edu.cn,0.0,edu.cn
moidanpwvxvj.sysu.edu.cn,0.0,edu.cn
thumbnails.odycdn.com,0.0,odycdn.com
wdb.life,1.0,wdb.life
cecan.org.br,1.0,org.br
modernprecast.com,1.0,modernprecast.com
karer.by,1.0,karer.by
ZDYyX4_HTn5tgJh.dbl.spamhaus.org,0.0,spamhaus.org
bdfqsqgj.page.link,1.0,page.link
metro1500.com,1.0,metro1500.com
08cb5ea46149aad7814d74d881fed8b6.dlied1.cdntips.net,0.0,cdntips.net
c0ba79252ea54e6c98c370fa0a4e001d.fp.measure.office.com,0.0,office.com
playharam.sysu.edu.cn,0.0,edu.cn
ggrdgllb.page.link,1.0,page.link
ideamos.com.mx,1.0,com.mx
hlg-zs.oss-cn-zhangjiakou.aliyuncs.com,0.0,aliyuncs.com
nwsee.bond,1.0,nwsee.bond
shkdvgdjqffeit.sysu.edu.cn,0.0,edu.cn
softwaremaroc.com,1.0,softwaremaroc.com
portal.discover.com,0.0,discover.com
opentrade.com.bo,1.0,com.bo
inventory-proxy.gaijin.net,0.0,gaijin.net
l-adl.faqserv.com,1.0,faqserv.com
jcy.dg.gov.cn,0.0,gov.cn
angoraveteriner.com,1.0,angoraveteriner.com
kapaass.com,1.0,kapaass.com
v2.zopim.com,0.0,zopim.com
konyaadak.org,1.0,konyaadak.org
letsjustsayyes.com,1.0,letsjustsayyes.com
fc.yahoo.com,0.0,yahoo.com
apluspestcontrolnj.com,1.0,apluspestcontrolnj.com
r1---sn-a5m7zu76.googlevideo.com,0.0,googlevideo.com
wqjgjroq.page.link,1.0,page.link
d9e52269a51608b260ff87124ae08e6b.safeframe.googlesyndication.com,0.0,googlesyndication.com
vallepal.cl,1.0,vallepal.cl
bmvmedia.net,1.0,bmvmedia.net
comperiapr.com,1.0,comperiapr.com
blazest4ler.000webhostapp.com,1.0,000webhostapp.com
dietchain.ai,1.0,dietchain.ai
cn.exchange-rates.org,0.0,exchange-rates.org
www.uow.edu.au,0.0,edu.au
rayyantechnology.com,1.0,rayyantechnology.com
addoxygenempowermentfoundation.org,1.0,addoxygenempowermentfoundation.org
crypticminer.cloud,1.0,crypticminer.cloud
fzzrwndx.page.link,1.0,page.link
rzjkfvgn.page.link,1.0,page.link
zj2fdlixfqz3eyu6llva-f-15909d35b-clientnsv4-s.akamaihd.net,0.0,akamaihd.net
e.kuaishou.com,0.0,kuaishou.com
quicknet.co.in,1.0,co.in
tkh.edu.pk,1.0,edu.pk
e82e9f76b447eb13936f0d6b5feb1505.safeframe.googlesyndication.com,0.0,googlesyndication.com
7aceea3e85fe4b8eb67b1995c3b07291.fp.measure.office.com,0.0,office.com
www.scidown.cn,0.0,scidown.cn
u12660497.ct.sendgrid.net,0.0,sendgrid.net
zkartgnl.page.link,1.0,page.link
vidurymisko.lt,1.0,vidurymisko.lt
dropincaredc.com,1.0,dropincaredc.com
jetsalb.sysu.edu.cn,0.0,edu.cn
5ce8d02faed845e48bb5344e1b3d5474.fp.measure.office.com,0.0,office.com
breadwater.online,1.0,breadwater.online
blalzafg.page.link,1.0,page.link
athiele.com.br,1.0,com.br
bmnnhntlz.sysu.edu.cn,0.0,edu.cn
smyofsbe.page.link,1.0,page.link
link.healthline.com,0.0,healthline.com
202-197-98-95-8080-p.webvpn2.hnu.edu.cn,0.0,edu.cn
almuaridin.com,1.0,almuaridin.com
all5joy-test.oss-cn-beijing.aliyuncs.com,0.0,aliyuncs.com
sarekncsssd.sysu.edu.cn,0.0,edu.cn
adfs.kaust.edu.sa,0.0,edu.sa
smartsofalondon.uk,1.0,smartsofalondon.uk
acpmpackers.com,1.0,acpmpackers.com
sfhmlytt.page.link,1.0,page.link
1580521079.docs.qq.com,0.0,qq.com
skyalarabia.com,1.0,skyalarabia.com
cdh.epfl.ch,0.0,epfl.ch
gsrwhyus.page.link,1.0,page.link
bullchallenge.io,1.0,bullchallenge.io
jpbenterprise.com,1.0,jpbenterprise.com
coloros.wjx.cn,0.0,wjx.cn
evoobio.it,1.0,evoobio.it
guldtmzc.page.link,1.0,page.link
tv.ustc.edu.cn,0.0,edu.cn
hum-yummy.com,1.0,hum-yummy.com
news.hit.edu.cn,0.0,edu.cn
shenlanxueyuan.com,0.0,shenlanxueyuan.com
heads4-ak-spotify-com.akamaized.net,0.0,akamaized.net
36ff9f1a3a00ceabe8558d5ddf8413f0.safeframe.googlesyndication.com,0.0,googlesyndication.com
782d7b25681281e43c59c968f8eb5dae.safeframe.googlesyndication.com,0.0,googlesyndication.com
197926c8c3e6124923f6dfd5262877a2.safeframe.googlesyndication.com,0.0,googlesyndication.com
sa-db.vizvaz.com,1.0,vizvaz.com
nadsoltechnolabs.com,1.0,nadsoltechnolabs.com
pop.139.com,0.0,139.com
a18155fc794d4ca2967025ad7c8f4040.fp.measure.office.com,0.0,office.com
407902-android-ds.metric.gstatic.com,0.0,gstatic.com
deangelisfilmes.com.br,1.0,com.br
thedreamdegree.com,1.0,thedreamdegree.com
ctest.oiu.edu.sd,1.0,edu.sd
govpam.sysu.edu.cn,0.0,edu.cn
focus2.minhacasa.tv,1.0,minhacasa.tv
japanwestcns-prod-6.japanwest.cloudapp.azure.com,0.0,azure.com
1c64acbf305a051195c158ae4c698a16.safeframe.googlesyndication.com,0.0,googlesyndication.com
lawtosuccess.com,1.0,lawtosuccess.com
flipboard.com,0.0,flipboard.com
olympicscientific.ca,1.0,olympicscientific.ca
ls-prod-alb-1962828899.cn-northwest-1.elb.amazonaws.com.cn,0.0,com.cn
4ja64.hisensetelevisao.sa.com,1.0,sa.com
demandehypothecaire.ca,1.0,demandehypothecaire.ca
dmteqcvz.page.link,1.0,page.link
vkmusicfix.com,1.0,vkmusicfix.com
aaltrakeqyy.sysu.edu.cn,0.0,edu.cn
asesoriascomex.cl,1.0,asesoriascomex.cl
3065095309.docs.qq.com,0.0,qq.com
sam.lanzouj.com,0.0,lanzouj.com
iee.aaaib.top,0.0,aaaib.top
ipip.yy.com,0.0,yy.com
72k6ns9abdbjaui42ucvgdxnzxgucintkdjd6xxjf6cf5a7140db1f81sac.d.aa.online-metrix.net,0.0,online-metrix.net
069f11ff56edf8e3f21c84356161c553.safeframe.googlesyndication.com,0.0,googlesyndication.com
podiummarketresearch.com,1.0,podiummarketresearch.com
hsgt.nl,1.0,hsgt.nl
svzpofzu.page.link,1.0,page.link
equipeoesteracing.esp.br,1.0,esp.br
tfs.faqserv.com,1.0,faqserv.com
haraki.co.id,1.0,co.id
1f500a909cc27b0ccf9255212876c33b.safeframe.googlesyndication.com,0.0,googlesyndication.com
fundacionhectorlavarelloperu.org,1.0,fundacionhectorlavarelloperu.org
sanggarklasik.com,1.0,sanggarklasik.com
arterecreiovidros.com.br,1.0,com.br
gobo14fc.top,1.0,gobo14fc.top
vojvodina.co.rs,1.0,co.rs
aciia.asia,1.0,aciia.asia
aslgroup.ae,1.0,aslgroup.ae
jisupbnl.page.link,1.0,page.link
market.live.com,0.0,live.com
8ae1b0d4f9b404e7412aa810a7de363f.dlied1.cdntips.net,0.0,cdntips.net
starli.top,1.0,starli.top
crs.cloudapps.cisco.com,0.0,cisco.com
pfhalaos.org,1.0,pfhalaos.org
fb0fc46c66bc4be2af8ec3d75fa1718f.fp.measure.office.com,0.0,office.com
1cdcad6d1fb34e81a38c020f891d3fe0.fp.measure.office.com,0.0,office.com
carcharodon.trendmicro.com,0.0,trendmicro.com
54afbeae59d11a27f9bbd38948ad2502.safeframe.googlesyndication.com,0.0,googlesyndication.com
gobs2or.top,1.0,gobs2or.top
mexicopostalcode.com,1.0,mexicopostalcode.com
pic.tgp.qq.com,0.0,qq.com
943e276705d84abcbc4c0091c79e3f3b.fp.measure.office.com,0.0,office.com
cdn.fbsbx.com,1.0,fbsbx.com
559ee39917e24cd1991bc753bf69f2f5.fp.measure.office.com,0.0,office.com
mg-navigation.eu,1.0,mg-navigation.eu
iskl.edu.pk,1.0,edu.pk
vmaj.com,1.0,vmaj.com
click.dtiserv2.com,0.0,dtiserv2.com
ywaaa.sync.oystergardens.club,1.0,oystergardens.club
zj2fdlixfqz3eyu6liza-f-74f224b52-clientnsv4-s.akamaihd.net,0.0,akamaihd.net
haris.in,1.0,haris.in
lthaler.sysu.edu.cn,0.0,edu.cn
merceogrady.com.ar,1.0,com.ar
wiki.open.qq.com,0.0,qq.com
b4bb9c3577d43279b69ee6de1adbfaff.safeframe.googlesyndication.com,0.0,googlesyndication.com
fcd80db4e4de5d47aae10a43cd310715.safeframe.googlesyndication.com,0.0,googlesyndication.com
6f3f98f89b60a729fb76f9b584e03042.safeframe.googlesyndication.com,0.0,googlesyndication.com
tiaokan.live,0.0,tiaokan.live
merchentusindiajute.com,1.0,merchentusindiajute.com
ibhybbn.sysu.edu.cn,0.0,edu.cn
sso.tianditu.gov.cn,0.0,gov.cn
danaplay4d.com,1.0,danaplay4d.com
s19.trafficdeposit.com,0.0,trafficdeposit.com
1eiaet.pinheirosa.sa.com,1.0,sa.com
97ead4f1200c47f7929f6c43c9c1f02e.fp.measure.office.com,0.0,office.com
hncdbrqzynoxr.sysu.edu.cn,0.0,edu.cn
img.docin.com,0.0,docin.com
qatarnikah.com,1.0,qatarnikah.com
ilpiaidv.page.link,1.0,page.link
rajindevs.com,1.0,rajindevs.com
pzvfcdmq.page.link,1.0,page.link
graytoner.com,1.0,graytoner.com
drhanneserasmus.co.za,1.0,co.za
mypricex.com,1.0,mypricex.com
bafybeiaun5gm7zsh7qry2hy6nfaigk6lc6ss3z5mpv6piegchzinqiigpy.ipfs.infura-ipfs.io,0.0,infura-ipfs.io
adl-q.vizvaz.com,1.0,vizvaz.com
bebyjqnm.page.link,1.0,page.link
gons23cl.top,1.0,gons23cl.top
008c599aabfa4e6db8b2e81f7d7dead6.fp.measure.office.com,0.0,office.com
ca982ab9653f61bafabf2e7e641d2311.safeframe.googlesyndication.com,0.0,googlesyndication.com
traveltoursexperts.us,1.0,traveltoursexperts.us
zo5bsdfygntdgyu66qwa-f-217d64298-clientnsv4-s.akamaihd.net,0.0,akamaihd.net
wemod.beget.tech,1.0,beget.tech
beaiik.philipstelevisao.sa.com,1.0,sa.com
studiopro.com.br,1.0,com.br
eaaqeubqai4majqacqlxqaaaabrj55p7-prmh3u-87244db88-clienttons-s.akamaihd.net,0.0,akamaihd.net
emoji.cdn.bcebos.com,0.0,bcebos.com
ayamgolchajlx.sysu.edu.cn,0.0,edu.cn
nbsdevelopments.com,1.0,nbsdevelopments.com
isquaretechnologies.com,1.0,isquaretechnologies.com
crpao.ac.th,1.0,ac.th
jingguan.yuanlin.com,0.0,yuanlin.com
sysuscrrc.wjx.cn,0.0,wjx.cn
zfuneyxaoq.sysu.edu.cn,0.0,edu.cn
pantiwilasa.app,1.0,pantiwilasa.app
sindicaturadetecate.gob.mx,1.0,gob.mx
0-9u210edu12j-dj-1.xyz,1.0,0-9u210edu12j-dj-1.xyz
zj2fdlixfqz3eyu6s3pq-f-af29cbc7b-clientnsv4-s.akamaihd.net,0.0,akamaihd.net
0f401220340e450ba38d2af115835282.fp.measure.office.com,0.0,office.com
cnxiqhnh.page.link,1.0,page.link
iiygtjp.sysu.edu.cn,0.0,edu.cn
efa.faqserv.com,1.0,faqserv.com
joinvilleseguranca.com.br,1.0,com.br
entertainmentstation.biz,1.0,entertainmentstation.biz
bravekonnect.com.ng,1.0,com.ng
www.141jav.com,0.0,141jav.com
netpay.sysu.edu.cn,0.0,edu.cn
essayspanel.org,1.0,essayspanel.org
adl-aff.vizvaz.com,1.0,vizvaz.com
sada.my03.com,1.0,my03.com
verticallis.com.br,1.0,com.br
lfsv.org,1.0,lfsv.org
jamzugel.page.link,1.0,page.link
88a47cbc29c046f3b6a13995482a52d2.fp.measure.office.com,0.0,office.com
www.canadainternational.gc.ca,0.0,gc.ca
ir.xevcsau.wiki,1.0,xevcsau.wiki
advat.com.ng,1.0,com.ng
afieldbook.files.wordpress.com,0.0,wordpress.com
inspired-maintenance.co.uk,1.0,co.uk
chidoqr.site,1.0,chidoqr.site
design-kerites.hu,1.0,design-kerites.hu
jatel.co.ke,1.0,co.ke
superiorairpurification.com,1.0,superiorairpurification.com
pdwk5pg7o7yaqyu7hmoa-f-07a4003bc-clientnsv4-s.akamaihd.net,0.0,akamaihd.net
sowhat.gdown.baidu.com,0.0,baidu.com
biosolutions.com.co,1.0,com.co
w4dasvax2ll5eyu6jpvq-f-6e2ebdeba-clientnsv4-s.akamaihd.net,0.0,akamaihd.net
research.bpcrc.osu.edu,0.0,osu.edu
p4-ebribmcekptwg-yszqdvqn6ryjzldd-if-v6exp3-v4.metric.gstatic.com,0.0,gstatic.com
uk.qolsys.com,1.0,qolsys.com
hunan.tousu.sina.cn,0.0,sina.cn
61e436c20f0672a0c39327452b5f4280.safeframe.googlesyndication.com,0.0,googlesyndication.com
eb055345ea9cd3aa10d9ea7e86177251.safeframe.googlesyndication.com,0.0,googlesyndication.com
m.kdslife.com,0.0,kdslife.com
agri.tongji.edu.cn,0.0,edu.cn
20-courier2.push.apple.com,0.0,apple.com
6381907dc6184ce88d366b68d6e28456.fp.measure.office.com,0.0,office.com
72k6ns9ahwgqcd3kv2kmjst6pbtswpb7dzuu7klu1d67db0d815172a8sac.d.aa.online-metrix.net,0.0,online-metrix.net
3527647aac7e421c911099e9d581e2a5.fp.measure.office.com,0.0,office.com
erkmwtszunhich.sysu.edu.cn,0.0,edu.cn
r2---sn-ab5szn7r.gvt1.com,0.0,gvt1.com
newperspectivellc.com,1.0,newperspectivellc.com
jtapi.bendibao.com,0.0,bendibao.com
ibszawal.page.link,1.0,page.link
c959a75a3e7c4ce982b728d9c944aaf5.fp.measure.office.com,0.0,office.com
46b887b460a0541673700593d59cb6f3.safeframe.googlesyndication.com,0.0,googlesyndication.com
03e62f2350e3d67514f00f069d70c997.safeframe.googlesyndication.com,0.0,googlesyndication.com
093d00ab001055c7fbe7922322693775.safeframe.googlesyndication.com,0.0,googlesyndication.com
xwiqmixgwsavyi.sysu.edu.cn,0.0,edu.cn
b452w4.tdum.alibaba.com,0.0,alibaba.com
yakislar.com,1.0,yakislar.com
teachenglishonline.org,1.0,teachenglishonline.org
qb9xsq.by.files.1drv.com,0.0,1drv.com
washingtonnvcarsoncity.jensupports.online,1.0,jensupports.online
uddoktasoftware.com,1.0,uddoktasoftware.com
3ef27cca9af6474aad44162e57c710b6.fp.measure.office.com,0.0,office.com
yvfuueyn.page.link,1.0,page.link
enatcryi.page.link,1.0,page.link
da176f088580520509496ac28cb7708d.safeframe.googlesyndication.com,0.0,googlesyndication.com
hxapp.10jqka.com.cn,0.0,com.cn
754dnr.tdum.alibaba.com,0.0,alibaba.com
enldkwln.page.link,1.0,page.link
mail.my.swjtu.edu.cn,0.0,edu.cn
ocy.result.garrettcountygranfondo.org,1.0,garrettcountygranfondo.org
sghao.yilianmeiti.com,0.0,yilianmeiti.com
8ad02012550b46039e5403e0594a9528.fp.measure.office.com,0.0,office.com
seostatic.to8to.com,0.0,to8to.com
zhinan.sogou.com,0.0,sogou.com
defendamazon.com.br,1.0,com.br
alntech.com.br,1.0,com.br
eximiamedical.ro,1.0,eximiamedical.ro
2504639394.docs.qq.com,0.0,qq.com
cdaonline.com.ar,1.0,com.ar
2a60b5ca50ec4afbae52837367beee5d.fp.measure.office.com,0.0,office.com
spirituallake.com,1.0,spirituallake.com
lubdydmavadecz.sysu.edu.cn,0.0,edu.cn
kentuckymddover.vltlt.com,1.0,vltlt.com
rtm-sa.co,1.0,rtm-sa.co
196.214.186.35.sbl.spamhaus.org,0.0,spamhaus.org
fvuzp.settings.oysterfloats.org,1.0,oysterfloats.org
mbt.jd.com,0.0,jd.com
sattakingtv.in,1.0,sattakingtv.in
dynamodb.ca-central-1.amazonaws.com,0.0,amazonaws.com
6490fa1ffb3c142d055954cfb649e31b.safeframe.googlesyndication.com,0.0,googlesyndication.com
89f1988a69a95aa2e67681265716150c.safeframe.googlesyndication.com,0.0,googlesyndication.com
6c8dfb7625c83963d062c6e22356de52.safeframe.googlesyndication.com,0.0,googlesyndication.com
update.itopvpn.com,1.0,itopvpn.com
flatfeecorp.co,1.0,flatfeecorp.co
kxkjdpazmz.tendawifi.com,0.0,tendawifi.com
zoomva134-224-209-147zc.cloud.zoom.us,0.0,zoom.us
news.online.sh.cn,0.0,sh.cn
mechanical-valley.com,1.0,mechanical-valley.com
reviewofbooks.in,1.0,reviewofbooks.in
sabdankur.com,1.0,sabdankur.com
pdwk52qxfv7zqyu662ba-px7pfh-6048ae0a6-clientnsv4-s.akamaihd.net,0.0,akamaihd.net
zj2fdlixfqzxuyu6omda-f-d09e3a02f-clientnsv4-s.akamaihd.net,0.0,akamaihd.net
deeplearning.csail.mit.edu,0.0,mit.edu
evgenzow.beget.tech,1.0,beget.tech
file100fg.oss-accelerate.aliyuncs.com,1.0,aliyuncs.com
only-758754-120-236-174-232.nstool.netease.com,0.0,netease.com
wgtbgpfs.page.link,1.0,page.link
checki109.360doc.com,0.0,360doc.com
uztgqhlx.page.link,1.0,page.link
8cae614b660394abc46d61999a12c24c.safeframe.googlesyndication.com,0.0,googlesyndication.com
vleofhodsvdtj.sysu.edu.cn,0.0,edu.cn
lsn.edu.dz,1.0,edu.dz
ageinggreen.com,1.0,ageinggreen.com
jibaleysolution.com,1.0,jibaleysolution.com
120-236-174-209_s-23-48-201-42_ts-1654579278-clienttons-s.akamaihd.net,0.0,akamaihd.net
d3nevzfk7ii3be.cloudfront.net,0.0,cloudfront.net
pdwk5waxfv7zqyu6zgbq-p5vhsk-c7757b7fc-clientnsv4-s.akamaihd.net,0.0,akamaihd.net
www.encurtador.com.br,1.0,com.br
derekstadler.files.wordpress.com,0.0,wordpress.com
qqoqfkstafu.sysu.edu.cn,0.0,edu.cn
baradweb.com,1.0,baradweb.com
www.deporte.unam.mx,0.0,unam.mx
sonsik.org.np,1.0,org.np
w4dasvdimj2kgyu7d4ea-f-eb8b2df1b-clientnsv4-s.akamaihd.net,0.0,akamaihd.net
quangcaolcd.com,1.0,quangcaolcd.com
bettercumbria.files.wordpress.com,0.0,wordpress.com
trezona.au,1.0,trezona.au
ddzvpbyu.sysu.edu.cn,0.0,edu.cn
eeaqilqe.page.link,1.0,page.link
capacbi.com.mx,1.0,com.mx
vmxngdrg.page.link,1.0,page.link
sms.vbglimited.com,1.0,vbglimited.com
ahasso.heart.org,0.0,heart.org
e6cbfa2331241553af28b939d420dd9e.safeframe.googlesyndication.com,0.0,googlesyndication.com
izjddaqq.sysu.edu.cn,0.0,edu.cn
kwxfpisumwekn.sysu.edu.cn,0.0,edu.cn
distributoralquran.com,1.0,distributoralquran.com
parsechelp.zendesk.com,0.0,zendesk.com
oth.eve.mdt.qq.com.www.tendawifi.com,0.0,tendawifi.com
dominika.com.br,1.0,com.br
ejstowing.com,1.0,ejstowing.com
aaipi.or.id,1.0,or.id
izrzhvu.www.tendawifi.com,0.0,tendawifi.com
www.alfredapp.com,0.0,alfredapp.com
cckhp.edu.pk,1.0,edu.pk
ns2.bdm.microsoftonline.com,0.0,microsoftonline.com
8f5015fc0336bd1dd7dffbcc2853fae3.safeframe.googlesyndication.com,0.0,googlesyndication.com
egymelm.com,1.0,egymelm.com
wpa.qq.com,0.0,qq.com
alarko.com.ar,1.0,com.ar
relianceeducation.net,1.0,relianceeducation.net
reifenquick.de,1.0,reifenquick.de
peer.hebnews.cn,0.0,hebnews.cn
www.dnp.co.jp,0.0,co.jp
183-6-9-102_s-23-196-47-105_ts-1654576471-clienttons-s.akamaihd.net,0.0,akamaihd.net
xevbihfsf.sysu.edu.cn,0.0,edu.cn
www.52doc.com,0.0,52doc.com
deadprawn.com,1.0,deadprawn.com
21f2c025654e47929b29b550a936a2c0.fp.measure.office.com,0.0,office.com
koyahtx.com,1.0,koyahtx.com
kuckste.de,1.0,kuckste.de
myftychq.page.link,1.0,page.link
obikua.com,1.0,obikua.com
75197f18362648c88a50f7fce8e582fc.fp.measure.office.com,0.0,office.com
28.9.47.104.sbl.spamhaus.org,0.0,spamhaus.org
qqmail-70566.picnjc.qpic.cn,0.0,qpic.cn
turkbilisim.org,1.0,turkbilisim.org
sa.sde.sony.com,0.0,sony.com
scontent-mxp1-1.cdninstagram.com,0.0,cdninstagram.com
w4dasvaxij5gayu6ogga-f-6059e7cd0-clientnsv4-s.akamaihd.net,0.0,akamaihd.net
messdistr2-rdr2-prod.ros.rockstargames.com,0.0,rockstargames.com
starseedfx.com,1.0,starseedfx.com
d8d493e4e898ad473ef9b7b90ee1239a.safeframe.googlesyndication.com,0.0,googlesyndication.com
liuc.pbcsf.tsinghua.edu.cn,0.0,edu.cn
pitt.com.br,1.0,com.br
kamproduction.us,1.0,kamproduction.us
electroking.com.mx,1.0,com.mx
333de47343a8409c9259dabc41290f42.fp.measure.office.com,0.0,office.com
cnj.yiigle.com,0.0,yiigle.com
xwxqw.settings.oysterfloats.org,1.0,oysterfloats.org
beerfestthegoodone.f2f.org,1.0,f2f.org
2114cd1bf64a1f84f1a29d9a4cb0442b.dlied1.cdntips.net,0.0,cdntips.net
vip.99box.com,0.0,99box.com
yn.meituan.com,0.0,meituan.com
fauzshvb.page.link,1.0,page.link
unsaidwish.com,1.0,unsaidwish.com
gqnooqsjlcnowo.sysu.edu.cn,0.0,edu.cn
waptv.2345.com,0.0,2345.com
mti-scientific.com,1.0,mti-scientific.com
statistic.zhaopin.cn,0.0,zhaopin.cn
pctoolsbarrancabermeja.com.co,1.0,com.co
sivastblab.org,1.0,sivastblab.org
sahmnl.mynetav.org,1.0,mynetav.org
72k6ns9a6pbldiblfievrryt2qgrstu2p5uqmbtbd372a358bae81ea7sac.d.aa.online-metrix.net,0.0,online-metrix.net
flycrystaluae.com,1.0,flycrystaluae.com
poki-gdn.com,0.0,poki-gdn.com
rkzbeybe.page.link,1.0,page.link
ac88bb437bbc68f94a3a57c942ad0900.safeframe.googlesyndication.com,0.0,googlesyndication.com
9df15277cc330ef8dfc5c8d44af51765.safeframe.googlesyndication.com,0.0,googlesyndication.com
3df29ec6ef1e400ca7607cd02aba0cb0.fp.measure.office.com,0.0,office.com
api-ms.cobainaja.id,1.0,cobainaja.id
exsefbazar.com,1.0,exsefbazar.com
cdrqra.sn.files.1drv.com,0.0,1drv.com
iowaidbatonrouge.tripledivasbathwerks.com,1.0,tripledivasbathwerks.com
yqall02.baidupcs.com,0.0,baidupcs.com
blindsportssa.org.au,1.0,org.au
bunbahk.com,1.0,bunbahk.com
livework.in,1.0,livework.in
zj2fdlixfqzxuyu6lmyq-f-3b222730a-clientnsv4-s.akamaihd.net,0.0,akamaihd.net
m-douguo-com.sm-tc.cn,0.0,sm-tc.cn
MiWiFi-R3-srv.sysu.edu.cn,0.0,edu.cn
t20.pixhost.to,0.0,pixhost.to
https.corp.qualcomm.com,0.0,qualcomm.com
r4.sn-j5o7dn7d.gvt1.com,0.0,gvt1.com
344ed6554ef7485482b18930e953f3df.fp.measure.office.com,0.0,office.com
www.teknoarge.com,1.0,teknoarge.com
onlineearnway.com,1.0,onlineearnway.com
chaohua.sinaimg.cn,0.0,sinaimg.cn
alhanallc.com,1.0,alhanallc.com
renukaindustry.co.in,1.0,co.in
ae4c2bc9dff28c74666e92c29ea1f8440.profile.sea19-c2.cloudfront.net,0.0,cloudfront.net
ranifood.com.bd,1.0,com.bd
api.chengdu.gov.cn,0.0,gov.cn
w4dasvc4po6vayu6g5dq-f-1d8f69e8c-clientnsv4-s.akamaihd.net,0.0,akamaihd.net
ocupwbfe.domain.name,0.0,domain.name
koguri.org,1.0,koguri.org
biorxiv.s3.amazonaws.com,0.0,amazonaws.com
jambudwipa.in,1.0,jambudwipa.in
zj2fdntiksysoyu6x2xa-f-e4d34d42e-clientnsv4-s.akamaihd.net,0.0,akamaihd.net
rrjkikjrdpp.sysu.edu.cn,0.0,edu.cn
public-10000230.image.myqcloud.com,0.0,myqcloud.com
17fbcb712b72413d9cd839ffde4e16a1.fp.measure.office.com,0.0,office.com
pdwk5qlijqcnuyu6v72q-f-0a31a2038-clientnsv4-s.akamaihd.net,0.0,akamaihd.net
shpilliwilli.com,1.0,shpilliwilli.com
ijeuwa.com,1.0,ijeuwa.com
880721b6b5e3e219f9ca5f16e44ae324.safeframe.googlesyndication.com,0.0,googlesyndication.com
starphonefix.com,1.0,starphonefix.com
drought.mssl.ucl.ac.uk,0.0,ac.uk
dorkarindustries.com,1.0,dorkarindustries.com
mengodinvestments.com,1.0,mengodinvestments.com
isaiahbenjamin.top,1.0,isaiahbenjamin.top
mrsmekgbm.sysu.edu.cn,0.0,edu.cn
ypaejpzm.page.link,1.0,page.link
jizmforcwq.sysu.edu.cn,0.0,edu.cn
g4aor6.jvctelevisao.sa.com,1.0,sa.com
mdsbio-tech.com,1.0,mdsbio-tech.com
support.illumina.com,0.0,illumina.com
justsafepay.com,1.0,justsafepay.com
484ad295ba3e49bc9004b39afbf6a719.fp.measure.office.com,0.0,office.com
vkvd132.mycdn.me,0.0,mycdn.me
d5.sinaimg.cn,0.0,sinaimg.cn
unicornmedialabs.in,1.0,unicornmedialabs.in
phim18.co,0.0,phim18.co
zj2fdlixfqzxuyu6lqdq-f-aca9f1a92-clientnsv4-s.akamaihd.net,0.0,akamaihd.net
maconsulting.be,1.0,maconsulting.be
tdakaafg.page.link,1.0,page.link
dxbpaddc00003.china.huawei.com,0.0,huawei.com
nordics.qolsys.com,1.0,qolsys.com
onesols.com,1.0,onesols.com
jokpmmhafhrtun.sysu.edu.cn,0.0,edu.cn
txnxbjav.page.link,1.0,page.link
classicgamer.com.mx,1.0,com.mx
fishkeeping.store,1.0,fishkeeping.store
olugun.co.za,1.0,co.za
cfhcezmt.page.link,1.0,page.link
shadedbsa.com.au,1.0,com.au
w4dasvaxgurbgyu64hfq-f-364d70982-clientnsv4-s.akamaihd.net,0.0,akamaihd.net
only-924306-117-136-32-218.nstool.netease.com,0.0,netease.com
arigotechnologies.com,1.0,arigotechnologies.com
044bb927ccaf11b376b2859080d9f969.safeframe.googlesyndication.com,0.0,googlesyndication.com
e9e749c4037021724ccf4201e4d58847.safeframe.googlesyndication.com,0.0,googlesyndication.com
nmkdx-info.s3-ap-northeast-1.amazonaws.com,0.0,amazonaws.com
mrjlwbdb.page.link,1.0,page.link
voceslideres.org,1.0,voceslideres.org
beatingtracks.wordpress.com,0.0,wordpress.com
y6jn8c31wr6agm2er45mkai5suuut4blkwmbv3uy8ef1512ee12431f9sac.d.aa.online-metrix.net,0.0,online-metrix.net
www.attsuppliers.com,1.0,attsuppliers.com
kawaiikawaii.jp,0.0,kawaiikawaii.jp
ali.xmssdn.micloud.mi.com,0.0,mi.com
www.dmxq.cc,0.0,dmxq.cc
orangeprint.pl,1.0,orangeprint.pl
d4a91a4c9a093fa8df3090f31029133e.safeframe.googlesyndication.com,0.0,googlesyndication.com
b5217af32c29ca6e9d1702c23dbc97e0.safeframe.googlesyndication.com,0.0,googlesyndication.com
adlf-ir.mrface.com,1.0,mrface.com
shreekalastudioz.com,1.0,shreekalastudioz.com
msjbfpaz.page.link,1.0,page.link
0921a4270da54a8d857278a72b5fc15c.fp.measure.office.com,0.0,office.com
ingerev.cl,1.0,ingerev.cl
7wj5l8.tdum.alibaba.com,0.0,alibaba.com
dtgwgspq.page.link,1.0,page.link
cfs7.blog.daum.net,1.0,daum.net
medfioytrkdkcodlskeej.net,1.0,medfioytrkdkcodlskeej.net
deuxbdju.page.link,1.0,page.link
newideasec.com,1.0,newideasec.com
xmsmqeqe.page.link,1.0,page.link
a-0.19-2409f081.c900082.1838.1c44.410a.400.9d.khslblbl224uw5ic867vv46gu5.avqs.mcafee.com,0.0,mcafee.com
journals.bmj.com.cdn.cloudflare.net,0.0,cloudflare.net
mini-apk.com,1.0,mini-apk.com
rajapangansejahtera.com,1.0,rajapangansejahtera.com
cms-sh.de,1.0,cms-sh.de
402.isasecret.com,1.0,isasecret.com
72k6ns9alca5ss7nt3mtsf4mcokniq3e6pewp42oc2e161203e136dbfsac.d.aa.online-metrix.net,0.0,online-metrix.net
f3298f73ff6b469fa8ff5e75584b89d5.fp.measure.office.com,0.0,office.com
03db2d5fa8963b91aeb4f965711d1832.safeframe.googlesyndication.com,0.0,googlesyndication.com
1b4b3167dba50e6d5fdb299ee08d22e8.safeframe.googlesyndication.com,0.0,googlesyndication.com
download-soft.fun,1.0,download-soft.fun
mangdo-1254073825.cos.ap-chengdu.myqcloud.com,0.0,myqcloud.com
bang-phinf.pstatic.net,0.0,pstatic.net
uxwwvvau.page.link,1.0,page.link
e8759386c334490b88ef54f17d5f1a34.fp.measure.office.com,0.0,office.com
royalprinters.co.in,1.0,co.in
af1525048ef61a08ecae87a524ca5ca97.profile.bos50-c2.cloudfront.net,0.0,cloudfront.net
mlftirc.zju.edu.cn,0.0,edu.cn
live-midgard-mq-8d61988f9d6a4ceb.elb.us-east-1.amazonaws.com,0.0,amazonaws.com
obsessive.business,1.0,obsessive.business
compuhost.org,1.0,compuhost.org
ysy.novelty.akibacreative.com,1.0,akibacreative.com
modivaluxury.com,1.0,modivaluxury.com
65d2cb2c3ba09d989565739defe6b4f2.safeframe.googlesyndication.com,0.0,googlesyndication.com
2zlrbm.tdum.alibaba.com,0.0,alibaba.com
sem.faqserv.com,1.0,faqserv.com
fd460775e27849809bb3e33349a0cb03.fp.measure.office.com,0.0,office.com
kalos.com.ar,1.0,com.ar
static.cnblogs.com,0.0,cnblogs.com
dl.zhushou.sogou.com,0.0,sogou.com
dns6c0705d6-931c-4e7c-8bf6-5c93ac6980b1-azurebatch-cloudservice.westus.cloudapp.azure.com,0.0,azure.com
w4dasvaxemniqyu6gcla-f-ccda1732f-clientnsv4-s.akamaihd.net,0.0,akamaihd.net
LjyOeWiQ.dbl.spamhaus.org,0.0,spamhaus.org
dma24.com,1.0,dma24.com
bkz.oss-cn-beijing.aliyuncs.com,0.0,aliyuncs.com
zkmbocpgtmgrv.sysu.edu.cn,0.0,edu.cn
logisticspierias.com,1.0,logisticspierias.com
edificiocomercial.com.br,1.0,com.br
189f5d65f7084e2aaa6ee78e98ff545d.fp.measure.office.com,0.0,office.com
xrvgajuf.page.link,1.0,page.link
techavela.com,1.0,techavela.com
terelesterapia.hu,1.0,terelesterapia.hu
nh48.files.wordpress.com,0.0,wordpress.com
2145432093.docs.qq.com,0.0,qq.com
amtrakdeals.com,1.0,amtrakdeals.com
3285398417.docs.qq.com,0.0,qq.com
njuaoywm.page.link,1.0,page.link
zj2fdnqxg4x3wyu7m36q-ptnhgn-50dac1f1d-clientnsv4-s.akamaihd.net,0.0,akamaihd.net
da.dxy.cn,0.0,dxy.cn
2wcd3n.tdum.alibaba.com,0.0,alibaba.com
actressskin.sysu.edu.cn,0.0,edu.cn
w4dasvdikbmbqyu6iomq-pf1epv-02b0e835c-clientnsv4-s.akamaihd.net,0.0,akamaihd.net
esellx.com,1.0,esellx.com
kaufman.conroeisd.net,0.0,conroeisd.net
201.7.28.119.sbl.spamhaus.org,0.0,spamhaus.org
ah-movers.com,1.0,ah-movers.com
skybeeglobal.com,1.0,skybeeglobal.com
kmsox815.xyz,1.0,kmsox815.xyz
shop36438612.taobao.com,0.0,taobao.com
6ac6a8a52a3043e18d743505ef92a1d5.fp.measure.office.com,0.0,office.com
86d9d981a77a6468a4aa1dca634b00dd.safeframe.googlesyndication.com,0.0,googlesyndication.com
bankpinar.com,1.0,bankpinar.com
banyokazani.com,1.0,banyokazani.com
sso.cntaiping.com,0.0,cntaiping.com
i39.photobucket.com,0.0,photobucket.com
isairsite.files.wordpress.com,0.0,wordpress.com
carragheen.com,1.0,carragheen.com
cmhfzerm.page.link,1.0,page.link
570433379-ad8ds779d2565.rc03.oray.com,0.0,oray.com
today.line.me,0.0,line.me
assets-global.website-files.com,0.0,website-files.com
jannaty-charity.org,1.0,jannaty-charity.org
qdnest.pcs.baidu.com,0.0,baidu.com
sedcportal.com.my,1.0,com.my
pceanewgithurai.org,1.0,pceanewgithurai.org
zeerush.com,1.0,zeerush.com
chiroqueabogados.pe,1.0,chiroqueabogados.pe
zj2fdlixfqz3eyu6leba-f-6f58fce2d-clientnsv4-s.akamaihd.net,0.0,akamaihd.net
acnfdynd.page.link,1.0,page.link
ced672e9ddde4546bd156cffdf1f9198.fp.measure.office.com,0.0,office.com
singer.cn.b2b168.com,0.0,b2b168.com
183-6-9-84_s-23-63-74-137_ts-1654556724-clienttons-s.akamaihd.net,0.0,akamaihd.net
book.ifeng.com,0.0,ifeng.com
videoapi.vivo.com.cn,0.0,com.cn
dnmtrzxa.page.link,1.0,page.link
w4dasyixiik5syu6yyhq-f-7f64b056d-clientnsv4-s.akamaihd.net,0.0,akamaihd.net
uzzifyjq.page.link,1.0,page.link
a0be0c46b06a377e30f0a4066473dbfb.safeframe.googlesyndication.com,0.0,googlesyndication.com
now.qq.com,0.0,qq.com
d1a8dioxuajlzs.cloudfront.net,0.0,cloudfront.net
downloads.media-talk.ru,1.0,media-talk.ru
accountsmall.in,1.0,accountsmall.in
w4dasvdimj2seyu672ra-f-beefa51f9-clientnsv4-s.akamaihd.net,0.0,akamaihd.net
x3kY1jQERCxh.dbl.spamhaus.org,0.0,spamhaus.org
35-165-117-112-pushcl.np.communication.playstation.net,0.0,playstation.net
senoritajulia.lofter.com,0.0,lofter.com
med-melem.com,1.0,med-melem.com
gdgspx.gspxonline.com,0.0,gspxonline.com
183-6-9-84_s-104-123-154-43_ts-1654555956-clienttons-s.akamaihd.net,0.0,akamaihd.net
wos.58.com,0.0,58.com
w4dasvaxij5gayu6ofhq-f-e7486ed84-clientnsv4-s.akamaihd.net,0.0,akamaihd.net
52bd08b4883d7c419974a42adc80aaf4.safeframe.googlesyndication.com,0.0,googlesyndication.com
e0511592e25d99c4f2aa48b1631e3246.safeframe.googlesyndication.com,0.0,googlesyndication.com
visionlightscapes.com,1.0,visionlightscapes.com
asesoriasaldia.com,1.0,asesoriasaldia.com
dyvqitnv.page.link,1.0,page.link
qjds.contest.chaoxing.com,0.0,chaoxing.com
keystargems.ca,1.0,keystargems.ca
csi-china.l.google.com,0.0,google.com
colegiojuanbernardone.com,1.0,colegiojuanbernardone.com
perfectutilities.co.in,1.0,co.in
antaema.com,1.0,antaema.com
konyaikincielesya.com,1.0,konyaikincielesya.com
parroquiajesuses.com,1.0,parroquiajesuses.com
kcl.ac.uk,0.0,ac.uk
ir-edalat.my03.com,1.0,my03.com
waresachemicals.com,1.0,waresachemicals.com
edc88d9a2f154bcabeb51afb4c47aac0.fp.measure.office.com,0.0,office.com
zj.bi-xenon.cn,0.0,bi-xenon.cn
nbighdhzmipfspv.sysu.edu.cn,0.0,edu.cn
cdn-settings.segment.com,0.0,segment.com
w4dasvax2ll2syu6ey2a-f-9516a53c6-clientnsv4-s.akamaihd.net,0.0,akamaihd.net
arcagroup.mx,1.0,arcagroup.mx
k8vif92eusrr7spwkviywssyxgn7hgpgvzxjucyv2a6728a3dd2d2081sac.d.aa.online-metrix.net,0.0,online-metrix.net
pusdalops-bpbdsulteng.com,1.0,pusdalops-bpbdsulteng.com
w4dasxvyde4nyyu6sv2q-peja6s-e1a7607aa-clientnsv4-s.akamaihd.net,0.0,akamaihd.net
sukgyyyf.page.link,1.0,page.link
lbe.co.ke,1.0,co.ke
rwugt.com,1.0,rwugt.com
ytfmuzwn.page.link,1.0,page.link
mgyt.xyz,1.0,mgyt.xyz
spielsand-kaufen.com,1.0,spielsand-kaufen.com
neurosteo.net,1.0,neurosteo.net
sallybdran.co.il,1.0,co.il
fmjmcrwr.page.link,1.0,page.link
appcashier.95516.com,0.0,95516.com
nifcqese.page.link,1.0,page.link
3ec0f86e33459c2419474790254e5e47.safeframe.googlesyndication.com,0.0,googlesyndication.com
archives.fbi.gov,0.0,fbi.gov
aquila-services.bg,1.0,aquila-services.bg
w4dast5ydj7scyu6zl7a-psknd3-985ab7b30-clientnsv4-s.akamaihd.net,0.0,akamaihd.net
seekrtech-forest.s3-ap-southeast-1.amazonaws.com,0.0,amazonaws.com
hospitaldrlima.com,1.0,hospitaldrlima.com
ahhsjcei.page.link,1.0,page.link
www.ccgp-sichuan.gov.cn,0.0,gov.cn
vlandvn.com,1.0,vlandvn.com
tungphamblog.com,1.0,tungphamblog.com
dzh58cb2obdk1.cloudfront.net,0.0,cloudfront.net
supersyntheticsbd.com,1.0,supersyntheticsbd.com
assets-taylorfrancis-com-s.libproxy.xmu.edu.cn,0.0,edu.cn
u7eksa.ch.files.1drv.com,0.0,1drv.com
careermoguls.com,1.0,careermoguls.com
xian.customs.gov.cn,0.0,gov.cn
fegmckuxqknsnc.sysu.edu.cn,0.0,edu.cn
4be1a0783910764c7a9d8871131a3be0.safeframe.googlesyndication.com,0.0,googlesyndication.com
w4dasyyxh4mt4yu6rcra-f-fd744eb72-clientnsv4-s.akamaihd.net,0.0,akamaihd.net
idahohicheyenne.branrozek.com,1.0,branrozek.com
primeenterprise.us,1.0,primeenterprise.us
konyagursoyevdenevenakliyat.com.tr,1.0,com.tr
aamoriboutiquehotel.com,1.0,aamoriboutiquehotel.com
pic-finance.cctv.cn,0.0,cctv.cn
vikingos.site,1.0,vikingos.site
pdwk56g7o7yaqyu6w5la-f-cab2470d5-clientnsv4-s.akamaihd.net,0.0,akamaihd.net
aimhigh-global.com,1.0,aimhigh-global.com
danakildepressiontours.com,1.0,danakildepressiontours.com
codingtestsforkids.com,1.0,codingtestsforkids.com
fraa-raff.org,1.0,fraa-raff.org
149.141.225.13.sbl.spamhaus.org,0.0,spamhaus.org
thesteampowered.help,1.0,thesteampowered.help
cdn3-adb1.com,1.0,cdn3-adb1.com
unhabvwpnt.sysu.edu.cn,0.0,edu.cn
oqettbrr.page.link,1.0,page.link
www.bioinformatics.ubc.ca,0.0,ubc.ca
bgrjbxlg.page.link,1.0,page.link
r2---sn-vgqskne6.googlevideo.com,0.0,googlevideo.com
cannamed.org.za,1.0,org.za
qcollect.co.za,1.0,co.za
dl.nbminer.com,0.0,nbminer.com
therealrealtor.lk,1.0,therealrealtor.lk
babaandsons.in,1.0,babaandsons.in
theredchickz.com,1.0,theredchickz.com
media.ilearning.unipus.cn,0.0,unipus.cn
97e63e87ed3f4d46936f25630269163f.fp.measure.office.com,0.0,office.com
w4dasznyde4ieyu633ra-pir2mr-3f3c29df6-clientnsv4-s.akamaihd.net,0.0,akamaihd.net
dckrr5dz8ir9.s4.adsco.re,0.0,adsco.re
wntvofenvddzv.sysu.edu.cn,0.0,edu.cn
w4dasvax2cgiayu7fwnq-f-a48ee05d5-clientnsv4-s.akamaihd.net,0.0,akamaihd.net
ecefa26e53532881c367ef90eb983cf8.safeframe.googlesyndication.com,0.0,googlesyndication.com
muilee.com.my,1.0,com.my
aydintelorgutelcit.com,1.0,aydintelorgutelcit.com
www.kalp-s.com,1.0,kalp-s.com
protechasia.com,1.0,protechasia.com
a-0.19-a7000081.c070081.170c.c6b.3ea5.210.0.scrfe4z8h54gu1653qlgpmfgwq.avts.mcafee.com,0.0,mcafee.com
arwncpeiylma.sysu.edu.cn,0.0,edu.cn
TA-qR_yu.dbl.spamhaus.org,0.0,spamhaus.org
schleswig-flensburg.freifunk.net,1.0,freifunk.net
p206-iwmb.icloud.com.cn,0.0,com.cn
www.organ.su.se,0.0,su.se
rdmittifaqiah.com,1.0,rdmittifaqiah.com
onpyoqqm.page.link,1.0,page.link
www.tablesgenerator.com,0.0,tablesgenerator.com
6835f4aebe8049b6bb93b745cc22c0e4.fp.measure.office.com,0.0,office.com
axrphvkoog.sysu.edu.cn,0.0,edu.cn
trudumax.ukt.co.id,1.0,co.id
djqqoxyixezjjj.sysu.edu.cn,0.0,edu.cn
mixit-sound.com,1.0,mixit-sound.com
ea03c093284064ef894d0dec9f3828f4.safeframe.googlesyndication.com,0.0,googlesyndication.com
28bdf0f8f800edd94929addeb9f7b5f6.safeframe.googlesyndication.com,0.0,googlesyndication.com
konr.settings.oysterfloats.org,1.0,oysterfloats.org
u19.boys.2017.volleyball.fivb.com,0.0,fivb.com
llumarsaudi.com,1.0,llumarsaudi.com
vqzeilmc.page.link,1.0,page.link
botanicainternacionaldelamor.com,1.0,botanicainternacionaldelamor.com
py.da.mgtv.com,0.0,mgtv.com
mxmkvagu.page.link,1.0,page.link
hqzb.cau.edu.cn,0.0,edu.cn
a0bc05d578ab992ca0fb683ab6ecd6f4.safeframe.googlesyndication.com,0.0,googlesyndication.com
hds.caching.oysterfloats.com,1.0,oysterfloats.com
776042110-a82esf71c2879.rc03.oray.com,0.0,oray.com
desktop-qgtbk0v.sysu.edu.cn,0.0,edu.cn
wppkg.baidupcs.com,0.0,baidupcs.com
1837069909.docs.qq.com,0.0,qq.com
564e8d5c7f2344cd8107d00cd68ee8b0.fp.measure.office.com,0.0,office.com
chezetu.com,1.0,chezetu.com
pcgaupgs.page.link,1.0,page.link
w4dasvdiotzsgyu7m7iq-f-df202857f-clientnsv4-s.akamaihd.net,0.0,akamaihd.net
8e6b2b90b75579885deaf3be92b8c0e4.dlied1.cdntips.net,0.0,cdntips.net
frankmullers.duckdns.org,1.0,duckdns.org
jrsa--0607101515.07-10.sepb--0912.g1jnmyj2yu.com,0.0,g1jnmyj2yu.com
pdwk5pyxiosmeyu6gdrq-f-fd4b45da1-clientnsv4-s.akamaihd.net,0.0,akamaihd.net
addressusa.ca,1.0,addressusa.ca
winsumfashion.com,1.0,winsumfashion.com
opendoors.com.ng,1.0,com.ng
accountingnj.blob.core.windows.net,1.0,windows.net
190a37d8ec5139331f58640d09a03c1e.safeframe.googlesyndication.com,0.0,googlesyndication.com
wktvbroy.page.link,1.0,page.link
singerimg.tx.kugou.com,0.0,kugou.com
kivfpltgsvl.sysu.edu.cn,0.0,edu.cn
xtohaube.page.link,1.0,page.link
publichealth.jmir.org,0.0,jmir.org
justiceaing.my.id,1.0,my.id
tddbizan.page.link,1.0,page.link
engthuse.com,1.0,engthuse.com
jmmthgn.lenovo.com,0.0,lenovo.com
qu.sdo.com,0.0,sdo.com
grafana.com,0.0,grafana.com
advipickles.com,1.0,advipickles.com
dyszyihi.page.link,1.0,page.link
a-0.19-a7000081.8110081.16a8.b69.3ea5.210.0.qdmg558riwzjb9gv9f5n81d976.avts.mcafee.com,0.0,mcafee.com
coderscrowd.net,1.0,coderscrowd.net
assecap.com,1.0,assecap.com
mavrosdrive.gr,1.0,mavrosdrive.gr
apmt.co.in,1.0,co.in
ybortzza.page.link,1.0,page.link
help.alipay.com,0.0,alipay.com
sorvss.org.rs,1.0,org.rs
d3e34545a35250b9aff62562ad408773.safeframe.googlesyndication.com,0.0,googlesyndication.com
54e3446545e2c78e6b563e9b525a6319.safeframe.googlesyndication.com,0.0,googlesyndication.com
xpertmedianews.com,1.0,xpertmedianews.com
a3tmed.com,1.0,a3tmed.com
9335ebe991d94923bc529d2f5463f1a5.fp.measure.office.com,0.0,office.com
tzzsuafz.page.link,1.0,page.link
WSHU00304.gmea.gad.schneider-electric.com,0.0,schneider-electric.com
imdeslmi.page.link,1.0,page.link
mailman13.u.washington.edu,0.0,washington.edu
cpc.people.com.cn,0.0,com.cn
423c0e7524e24bce9e2eb9f1f6e51179.fp.measure.office.com,0.0,office.com
withlovefromcassandra.files.wordpress.com,0.0,wordpress.com
hbionline.live,1.0,hbionline.live
sahm.mrface.com,1.0,mrface.com
tafsirerp.com,1.0,tafsirerp.com
emandi.com.pk,1.0,com.pk
uvvbxstd.page.link,1.0,page.link
electroblitz.ro,1.0,electroblitz.ro
cvmalala.com,1.0,cvmalala.com
sisidb.co.uk,1.0,co.uk
d360be3f68474a8ca9f5420e2faef2d1.fp.measure.office.com,0.0,office.com
intl-investholding.com,1.0,intl-investholding.com
newsoffice.mit.edu,0.0,mit.edu
imap.mxhichina.com,0.0,mxhichina.com
e8a75577d76d123c457761442f0f5d92.safeframe.googlesyndication.com,0.0,googlesyndication.com
d53281fad9ef435034f8746a697d2ad1.safeframe.googlesyndication.com,0.0,googlesyndication.com
akdspmxr.page.link,1.0,page.link
cofetariefocsani.ro,1.0,cofetariefocsani.ro
ctr.hd.sohu.com,0.0,sohu.com
pjgilram.page.link,1.0,page.link
chamberlain.hk,1.0,chamberlain.hk
browser-backup.vivo.com.cn,0.0,com.cn
w4dasvdijw3rwyu6gqyq-f-51c608a78-clientnsv4-s.akamaihd.net,0.0,akamaihd.net
svjberlk.page.link,1.0,page.link
adlsgh.mrbonus.com,1.0,mrbonus.com
agenciasim.mx,1.0,agenciasim.mx
ramawidi.com,1.0,ramawidi.com
www.press.jhu.edu,0.0,jhu.edu
nguyenducduy.com,1.0,nguyenducduy.com
zuphfizpzs.sysu.edu.cn,0.0,edu.cn
sigmarespaldos.info,1.0,sigmarespaldos.info
s.csc.edu.cn,0.0,edu.cn
zsb.qlu.edu.cn,0.0,edu.cn
sisfo.cgl.co.id,1.0,co.id
ac84d67f0af0fd821d411293be834047d.profile.zrh50-c1.cloudfront.net,0.0,cloudfront.net
aizanjyq.page.link,1.0,page.link
love-sms.in,1.0,love-sms.in
walkinmyshoes.org.au,1.0,org.au
d14nm6jxhkwela.cloudfront.net,0.0,cloudfront.net
twio0t.vertucelullares.pro,1.0,vertucelullares.pro
redcross.sysu.edu.cn,0.0,edu.cn
nebo-trk.com,1.0,nebo-trk.com
budgienation.net,1.0,budgienation.net
catalog.uta.edu,0.0,uta.edu
petinstruct.com,1.0,petinstruct.com
oofvcajd.page.link,1.0,page.link
insidepitchxl.com,1.0,insidepitchxl.com
e6b699edf30353eb48930f9c2083a6b4.safeframe.googlesyndication.com,0.0,googlesyndication.com
pakistanroof.com,1.0,pakistanroof.com
prateektapes.com,1.0,prateektapes.com
dreport.sankuai.com,0.0,sankuai.com
simplyvisit.co.uk,1.0,co.uk
qgbzxbk.sysu.edu.cn,0.0,edu.cn
zdszmuki.page.link,1.0,page.link
chaturnarayanshastri.com,1.0,chaturnarayanshastri.com
rfoeeiedeyc.www.tendawifi.com,0.0,tendawifi.com
ringkhodro.ir,1.0,ringkhodro.ir
housingphotography.com,1.0,housingphotography.com
am9hzq.tdum.alibaba.com,0.0,alibaba.com
kailani6.one.microsoft.com,0.0,microsoft.com
f8b4389e6e38ef5dd23cd5d02809fc71.safeframe.googlesyndication.com,0.0,googlesyndication.com
9a8e670b934bff0dadd9547cbd9098ae.safeframe.googlesyndication.com,0.0,googlesyndication.com
bonhomia-pa.com,1.0,bonhomia-pa.com
cdntiku.oss-cn-shanghai.aliyuncs.com,0.0,aliyuncs.com
theskyisthelimit.pl,1.0,theskyisthelimit.pl
mtsuswatunhasanahkpjawa.sch.id,1.0,sch.id
wenzhen.jd.com,0.0,jd.com
adl-qii.fartit.com,1.0,fartit.com
dsa.fartit.com,1.0,fartit.com
adl-lo.fartit.com,1.0,fartit.com
shop129193261.taobao.com,0.0,taobao.com
jagobulletin.com,1.0,jagobulletin.com
gobo06fc.top,1.0,gobo06fc.top
mamzxqmd.page.link,1.0,page.link
d4c69c8dde134092bfdfa2cde8307951.fp.measure.office.com,0.0,office.com
a2463.casalemedia.com,0.0,casalemedia.com
synagoguetv.org,1.0,synagoguetv.org
ar.itr.works,1.0,itr.works
ikirian.com,1.0,ikirian.com
thekassia.co.uk,1.0,co.uk
nbrennan.com,1.0,nbrennan.com
c4ku9n.tdum.alibaba.com,0.0,alibaba.com
pinchmyself.files.wordpress.com,0.0,wordpress.com
www.umetravel.com,0.0,umetravel.com
blitsgames.zendesk.com,0.0,zendesk.com
a-0.19-a7000081.c8b0081.16a8.b69.3ea5.210.0.65uts9lb9118ze1pes4elvfqbv.avts.mcafee.com,0.0,mcafee.com
183-6-9-84_s-23-213-175-163_ts-1654580371-clienttons-s.akamaihd.net,0.0,akamaihd.net
shohetrc.com,1.0,shohetrc.com
orz.hupu.com,0.0,hupu.com
dif-santiagoixc.gob.mx,1.0,gob.mx
examcenter.ng,1.0,examcenter.ng
bd7pa.blog.163.com,0.0,163.com
encyclopedia.thefreedictionary.com,0.0,thefreedictionary.com
w4dasvaxacrsqyu63yrq-f-587411da4-clientnsv4-s.akamaihd.net,0.0,akamaihd.net
belk.scene7.com,0.0,scene7.com
w3.pku.edu.cn,0.0,edu.cn
2870005e8e274de790ce1173093c0aed.fp.measure.office.com,0.0,office.com
adlr.mrbasic.com,1.0,mrbasic.com
147.167.160.108.sbl.spamhaus.org,0.0,spamhaus.org
1fbb263121394653895582933b77fb87.fp.measure.office.com,0.0,office.com
pmgroyaloak.com,1.0,pmgroyaloak.com
aiff.jo,1.0,aiff.jo
astat.bugly.qq.com,0.0,qq.com
metacdn.yangkeduo.com,0.0,yangkeduo.com
3xyu01.tdum.alibaba.com,0.0,alibaba.com
strublephotographic.files.wordpress.com,0.0,wordpress.com
adlsh.fartit.com,1.0,fartit.com
w4dasx3iksysoyu6viua-f-3a9c35d9e-clientnsv4-s.akamaihd.net,0.0,akamaihd.net
cloud.restoro.com,1.0,restoro.com
nadhariclinic.co.ke,1.0,co.ke
cdn1.17321.xyz,0.0,17321.xyz
r5---sn-i3belne6.gvt1.com,0.0,gvt1.com
fleexmobile.com,1.0,fleexmobile.com
flevo.ma,1.0,flevo.ma
kws1-1.web.telegram.org,0.0,telegram.org
lpggaztankeri.com.tr,1.0,com.tr
www.dropbox.com,1.0,dropbox.com
technopus.com,1.0,technopus.com
0c15371c1f7dce999941787341bffcfe.safeframe.googlesyndication.com,0.0,googlesyndication.com
topclassenglish.com,1.0,topclassenglish.com
haventowel.com,1.0,haventowel.com
wendysabina.sysu.edu.cn,0.0,edu.cn
1.5.79.133.sbl.spamhaus.org,0.0,spamhaus.org
pmiarmdu.page.link,1.0,page.link
content.rconfig.qq.com,0.0,qq.com
digitalgurug.com,1.0,digitalgurug.com
shenshikexuejia.lofter.com,0.0,lofter.com
radonccase.com,1.0,radonccase.com
334222438ee844828ef1220b5b40f3b6.fp.measure.office.com,0.0,office.com
p4-amxcx5il25mlw-zlbkd5efzdsh2dhl-if-v6exp3-v4.metric.gstatic.com,0.0,gstatic.com
buif.settings.oysterfloats.org,1.0,oysterfloats.org
moghullaw.com,1.0,moghullaw.com
feco.oiu.edu.sd,1.0,edu.sd
udvopssawbrehhf.sysu.edu.cn,0.0,edu.cn
omangraphicsco.com,1.0,omangraphicsco.com
weixin.aisoutu.com,0.0,aisoutu.com
cretabee.gr,1.0,cretabee.gr
vaqutauxfamily-fanclub.com,1.0,vaqutauxfamily-fanclub.com
thcsphuongmai.edu.vn,1.0,edu.vn
content.garretttrails.org,1.0,garretttrails.org
herebestpriceoftheday.com,1.0,herebestpriceoftheday.com
localssushi.com,1.0,localssushi.com
w4dasvc4po6vayu6g62q-f-9088e03ae-clientnsv4-s.akamaihd.net,0.0,akamaihd.net
cinema-ws.hicloud.com.www.tendawifi.com,0.0,tendawifi.com
makeupuccino.com,1.0,makeupuccino.com
974965377.docs.qq.com,0.0,qq.com
rossettinigroup.com,1.0,rossettinigroup.com
atoz-cs.com,1.0,atoz-cs.com
dl86-broomcleaner.icu,1.0,dl86-broomcleaner.icu
ecloset.pk,1.0,ecloset.pk
73555541363a51092228eb980264a99c.safeframe.googlesyndication.com,0.0,googlesyndication.com
48520a5d95cce4557b4b50720a020404.safeframe.googlesyndication.com,0.0,googlesyndication.com
static.makeamap.cn,0.0,makeamap.cn
shcm07.baidupcs.com,0.0,baidupcs.com
patisserie.co.ke,1.0,co.ke
zenodo.org,0.0,zenodo.org
faucetmeaning.com,1.0,faucetmeaning.com
limecom.pk,1.0,limecom.pk
people-service-prod.trafficmanager.net,0.0,trafficmanager.net
skylite.group,1.0,skylite.group
consignadoparatodos.com.br,1.0,com.br
livetectelecom.com.br,1.0,com.br
ezprocess.com.br,1.0,com.br
ttc.edu.sg,1.0,edu.sg
external-media55.public.wsydm-a-4.prod.infra.webex.com,0.0,webex.com
hiwmfdpj.sysu.edu.cn,0.0,edu.cn
travelimages.com.br,1.0,com.br
flaviopavim.com.br,1.0,com.br
nezuthmzukt.sysu.edu.cn,0.0,edu.cn
store5.gofile.io,1.0,gofile.io
cercmag.ro,1.0,cercmag.ro
kest.com.pe,1.0,com.pe
hmqcdmrhwmviwog.sysu.edu.cn,0.0,edu.cn
experience.ccb.com,0.0,ccb.com
83dc93fc9914685bab9ffd72c3bfe143.safeframe.googlesyndication.com,0.0,googlesyndication.com
upny.layout.oystergardens.us,1.0,oystergardens.us
thanhlapweb.com,1.0,thanhlapweb.com
cdn.barscreative1.com,0.0,barscreative1.com
gons2cl.top,1.0,gons2cl.top
dl54-broomcleaner.icu,1.0,dl54-broomcleaner.icu
cheapvtu.ng,1.0,cheapvtu.ng
uapk.lenovomm.com,0.0,lenovomm.com
103.10.26.104.sbl.spamhaus.org,0.0,spamhaus.org
pzbxkslc.sysu.edu.cn,0.0,edu.cn
owae4k.razercelullares.motorcycles,1.0,razercelullares.motorcycles
dzezpebm.page.link,1.0,page.link
rsvpthedate.com,1.0,rsvpthedate.com
www.physio-performance.at,1.0,physio-performance.at
518868183162e4870575d0c2771bcfef.safeframe.googlesyndication.com,0.0,googlesyndication.com
english.cnipa.gov.cn,0.0,gov.cn
tkjnetid.biz.id,1.0,biz.id
img4.sj.qq.com,0.0,qq.com
vockosip.com,1.0,vockosip.com
ventanillaunicapalermo.com.co,1.0,com.co
alalifperfume.com,1.0,alalifperfume.com
ncbcn.org,1.0,ncbcn.org
justplay.asia,1.0,justplay.asia
suppliededucation.co.uk,1.0,co.uk
bw5file1.oss-cn-hangzhou.aliyuncs.com,1.0,aliyuncs.com
ssc.net.pk,1.0,net.pk
static.machenike.com,0.0,machenike.com
adl-sahm.faqserv.com,1.0,faqserv.com
fjnmfaw.sysu.edu.cn,0.0,edu.cn
a08ec6a70f414f939d459c656d6aa932.fp.measure.office.com,0.0,office.com
gons27cl.top,1.0,gons27cl.top
offer.hr.mioffice.cn,0.0,mioffice.cn
recoveryoptions.com.au,1.0,com.au
i1-pinimg-com-edgesuite-net-ion.pinimg.com,0.0,pinimg.com
d0cda602c0175c22e7f99fd5ffcd8fde.safeframe.googlesyndication.com,0.0,googlesyndication.com
preconcert.pw,1.0,preconcert.pw
88.178.92.52.sbl.spamhaus.org,0.0,spamhaus.org
a88a975991189fb0c288a508462e35c6d.profile.mad50-c1.cloudfront.net,0.0,cloudfront.net
thispointer.com,0.0,thispointer.com
ilqgnpyd.page.link,1.0,page.link
v.qq.com.www.tendawifi.com,0.0,tendawifi.com
0f3f7bcfa0d741f48d5a155e29c6849e.fp.measure.office.com,0.0,office.com
nf27.sbc.rcs.chinamobile.com,0.0,chinamobile.com
zegaponsel.site,1.0,zegaponsel.site
descuido-famosas-2.sysu.edu.cn,0.0,edu.cn
aquafixpropertymaintenance.co.uk,1.0,co.uk
lehengascholi.in,1.0,lehengascholi.in
blizzardgames.cn,0.0,blizzardgames.cn
sds.faqserv.com,1.0,faqserv.com
ipc.com.pk,1.0,com.pk
transforwarding.com.mx,1.0,com.mx
219eb3dcf8ba92cadb6c7723a3c86a15.safeframe.googlesyndication.com,0.0,googlesyndication.com
enviro-boise.com,1.0,enviro-boise.com
gaa7r.lavacelullares.pro,1.0,lavacelullares.pro
www.vision.rwth-aachen.de,0.0,rwth-aachen.de
external-media12.public.wsjcm-a-7.prod.infra.webex.com,0.0,webex.com
w4daszixzndsqyu6vmxq-f-02803af9e-clientnsv4-s.akamaihd.net,0.0,akamaihd.net
threadsvideodownloaders.net,1.0,threadsvideodownloaders.net
cursoscesp.com.br,1.0,com.br
uvkmwzua.page.link,1.0,page.link
a78307843ba644b7ae8a107924d122d2.fp.measure.office.com,0.0,office.com
adl-v.mrbonus.com,1.0,mrbonus.com
dd1597b558d94f0082bfa30c584fc30d.fp.measure.office.com,0.0,office.com
ubplciod.sysu.edu.cn,0.0,edu.cn
avitechsolutionsltd.com,1.0,avitechsolutionsltd.com
arkansasvtconcord.branrozek.com,1.0,branrozek.com
orana.ca,1.0,orana.ca
nxtid.tv,1.0,nxtid.tv
attpk.com,1.0,attpk.com
watermark.com.pk,1.0,com.pk
professorxavier.agr.br,1.0,agr.br
gtms01.alicdn.com,0.0,alicdn.com
fileoperate.wps.cn,0.0,wps.cn
moeaca.nat.gov.tw,0.0,gov.tw
udiab1.jianshu.com,0.0,jianshu.com
d1mybsg2h91vjj.cloudfront.net,0.0,cloudfront.net
goglu.mx,1.0,goglu.mx
dc69def1d6f44ba4ae5e04a68e65a132.fp.measure.office.com,0.0,office.com
evolutiopilates.com.br,1.0,com.br
dogkvfuf.page.link,1.0,page.link
cra.layout.oystergardens.us,1.0,oystergardens.us
intelligentmap.baidu.com,0.0,baidu.com
sthjj.wenzhou.gov.cn,0.0,gov.cn
neo4j.com,0.0,neo4j.com
sphynxbeds.co.uk,1.0,co.uk
powertools.nz,1.0,powertools.nz
r13.sn-2x3eln7e.c.2mdn.net,0.0,2mdn.net
bxzybukxl.sysu.edu.cn,0.0,edu.cn
thedovepartnership.co.uk,1.0,co.uk
gtopakistan.org,1.0,gtopakistan.org
adl-hjh.faqserv.com,1.0,faqserv.com
stats.berkman.harvard.edu,0.0,harvard.edu
3fafb3aada8ddf5f312114fd19f3cfb9.rdt.tfogc.com,0.0,tfogc.com
tcaservices.net.au,1.0,net.au
c69efe7fe801c37bfd738f461177aaf6.safeframe.googlesyndication.com,0.0,googlesyndication.com
0cu2pw.bn.files.1drv.com,0.0,1drv.com
bqguzmuzqzu.sysu.edu.cn,0.0,edu.cn
shuncai.100xuexi.com,0.0,100xuexi.com
rlpesoks.page.link,1.0,page.link
aoieanz.sysu.edu.cn,0.0,edu.cn
funterdent.com,1.0,funterdent.com
nglhwyzr.page.link,1.0,page.link
fgwxveud.sysu.edu.cn,0.0,edu.cn
9502883dc730729c98a08e36bbbfdaee.safeframe.googlesyndication.com,0.0,googlesyndication.com
bwngtccx.page.link,1.0,page.link
30c7492207964fcb82139e8cdfd9e7e2.fp.measure.office.com,0.0,office.com
caqsvso.sysu.edu.cn,0.0,edu.cn
gons14fc.top,1.0,gons14fc.top
navarro.am,1.0,navarro.am
open.alipay.com,0.0,alipay.com
asu.com.vn,1.0,com.vn
api.net.bd,1.0,net.bd
18c0e913e9964aa7a006cced0adeeb6b.fp.measure.office.com,0.0,office.com
e0cac6c05b784441b06c07ba678c42ba.fp.measure.office.com,0.0,office.com
23116277.com,1.0,23116277.com
lollyjayconcepts.com,1.0,lollyjayconcepts.com
lsf.lenovomm.com,0.0,lenovomm.com
167.16.126.40.sbl.spamhaus.org,0.0,spamhaus.org
vehrixmf.page.link,1.0,page.link
widget.jp2.vip.prod.criteo.com,0.0,criteo.com
taojin-his.cdn.bcebos.com,0.0,bcebos.com
asiatriathloncup.com,1.0,asiatriathloncup.com
ssl.ptlogin2.mail.qq.com,0.0,qq.com
0694af2def8fec5c2bd33edd7e795abc.safeframe.googlesyndication.com,0.0,googlesyndication.com
afa8b6998f6ba9e9165f0282c35baeb3.safeframe.googlesyndication.com,0.0,googlesyndication.com
327e4e46397594221298cc3488f1e6ab.safeframe.googlesyndication.com,0.0,googlesyndication.com
progusto.ro,1.0,progusto.ro
ttdpixpq.page.link,1.0,page.link
ksup.univ-lyon1.fr,0.0,univ-lyon1.fr
cache.a.market.xiaomi.com,0.0,xiaomi.com
bigsurlibros.com.ar,1.0,com.ar
hong1kong.oss-cn-hongkong.aliyuncs.com,0.0,aliyuncs.com
hu4k2g.sn.files.1drv.com,0.0,1drv.com
ndwkiktn.page.link,1.0,page.link
roynnxawjyoop.sysu.edu.cn,0.0,edu.cn
conway.co.in,1.0,co.in
bontiakhotel.net,1.0,bontiakhotel.net
hondamardan.com.pk,1.0,com.pk
goldensports.tn,1.0,goldensports.tn
awmbvrvq.sysu.edu.cn,0.0,edu.cn
auth.emis.com,0.0,emis.com
infectedchink.cat,1.0,infectedchink.cat
floxen.xyz,1.0,floxen.xyz
plslijlmvzxptil.sysu.edu.cn,0.0,edu.cn
npay.vip.com,0.0,vip.com
directradio.ml,1.0,directradio.ml
85ce1ac252c64c0b97a1f06d6fbcaa18.fp.measure.office.com,0.0,office.com
alakheilizwe.org,1.0,alakheilizwe.org
ws22.hotjar.com,0.0,hotjar.com
czpougpa.sysu.edu.cn,0.0,edu.cn
udettc.com,1.0,udettc.com
radiotuoeste.com,1.0,radiotuoeste.com
7c84035ac8454ec7bef2efd371bede36.fp.measure.office.com,0.0,office.com
cjxy.gxu.edu.cn,0.0,edu.cn
qfmkkqau.page.link,1.0,page.link
b8190dc4104d6d83d571c8a96c134b25.safeframe.googlesyndication.com,0.0,googlesyndication.com
planetagea.sysu.edu.cn,0.0,edu.cn
qkatp.caching.oysterfloats.com,1.0,oysterfloats.com
techfrisky.com,1.0,techfrisky.com
zmygcfan.page.link,1.0,page.link
nggw.sync.oystergardens.club,1.0,oystergardens.club
eatzapizza.in,1.0,eatzapizza.in
ol.gamersky.com,0.0,gamersky.com
w4dasvax2cgiayu7fxyq-f-73a6d38be-clientnsv4-s.akamaihd.net,0.0,akamaihd.net
wyzxwk.com,0.0,wyzxwk.com
hvvkvddv.page.link,1.0,page.link
vipaco.vn,1.0,vipaco.vn
kayak.letsgojp.com,0.0,letsgojp.com
tidarayka.ir,1.0,tidarayka.ir
sd-1093121-h00002.ferozo.net,1.0,ferozo.net
zigkvexfqayt.sysu.edu.cn,0.0,edu.cn
rexlubs.com,1.0,rexlubs.com
bizhi.ludashi.com,0.0,ludashi.com
95dcd5c91f4b4ad89ac9872722eaaff8.fp.measure.office.com,0.0,office.com
arquitecons.com.br,1.0,com.br
only-721820-223-104-67-83.nstool.netease.com,0.0,netease.com
2007reklam.com,1.0,2007reklam.com
shop98803785.youzan.com,0.0,youzan.com
ce93646ba2f54593aa38310754eedd99.fp.measure.office.com,0.0,office.com
ej7ajw.bl.files.1drv.com,0.0,1drv.com
aryaninterior.co.in,1.0,co.in
oss.sfacg.com,0.0,sfacg.com
yskawouodgctt.sysu.edu.cn,0.0,edu.cn
nestegglabs.com,1.0,nestegglabs.com
wcqydasgqnblpfo.sysu.edu.cn,0.0,edu.cn
bsf.faqserv.com,1.0,faqserv.com
nguyendinhchieudng.edu.vn,1.0,edu.vn
eecl.africa,1.0,eecl.africa
cuhjcmfm.page.link,1.0,page.link
w4dasvax2ll5eyu6na4q-f-fd0c9972c-clientnsv4-s.akamaihd.net,0.0,akamaihd.net
vhylqvjknxzce.sysu.edu.cn,0.0,edu.cn
94191596f9624f53a2f7366b3296c144.fp.measure.office.com,0.0,office.com
compreakieali.com,1.0,compreakieali.com
productsinoffer.shop,1.0,productsinoffer.shop
1c62ba1d918c9ddb6c656cf78db764ec.safeframe.googlesyndication.com,0.0,googlesyndication.com
alhuda-uae.com,1.0,alhuda-uae.com
greenserenity.ca,1.0,greenserenity.ca
w4dastax2cgiayu6vjsa-f-8e081ae9b-clientnsv4-s.akamaihd.net,0.0,akamaihd.net
mastercleanlavaloucas.com.br,1.0,com.br
wmat.online,1.0,wmat.online
crg390.com,1.0,crg390.com
imap.mail.g.yahoo.co.jp,0.0,co.jp
rhtbc.2023.ebeenj.com,1.0,ebeenj.com
closebit.co.uk,1.0,co.uk
lindsays.net.au,1.0,net.au
xfqfkzzi.page.link,1.0,page.link
wi2.com.br,1.0,com.br
siharefile.blogspot.com,1.0,blogspot.com
proxyid.huawei.com,0.0,huawei.com
ipanels.com.au,1.0,com.au
moontraffics.online,1.0,moontraffics.online
zj2fdlixfqzxuyu6nmnq-f-293263c52-clientnsv4-s.akamaihd.net,0.0,akamaihd.net
casemobilejapeto.ro,1.0,casemobilejapeto.ro
bygftu.tdum.alibaba.com,0.0,alibaba.com
juanalbertoyaria.com.ar,1.0,com.ar
72k6ns9a4aw7sokvqvbp6i47c6a5y2g5io6uvj2f285321891ce3a456sac.d.aa.online-metrix.net,0.0,online-metrix.net
delhicrimepressnews.com,1.0,delhicrimepressnews.com
380824683f854b6dac42f757fc9c9fab.fp.measure.office.com,0.0,office.com
salihogullari.com.tr,1.0,com.tr
legacysurvival.fr,1.0,legacysurvival.fr
agritourismnetworkandtours.com,1.0,agritourismnetworkandtours.com
zj2fdlixfqzxuyu6n6ha-f-ae3d2be9a-clientnsv4-s.akamaihd.net,0.0,akamaihd.net
ucenter.zbj.com,0.0,zbj.com
ffoayywsy.sysu.edu.cn,0.0,edu.cn
zj2fdlixfqz3eyu6svwa-f-c6b861c28-clientnsv4-s.akamaihd.net,0.0,akamaihd.net
hackathons.uem.mz,1.0,uem.mz
empirewindowfurnishings.com.au,1.0,com.au
lb._dns-sd._udp.bytedance.net,0.0,bytedance.net
c389a5032878430ba9fb325c1e883736.fp.measure.office.com,0.0,office.com
a2043.casalemedia.com,0.0,casalemedia.com
cmna.na.qualcomm.com,0.0,qualcomm.com
www.emoneyspace.com,0.0,emoneyspace.com
dsg.images.harmony.epsilon.com,0.0,epsilon.com
my.wanfangdata.com.cn,0.0,com.cn
rifei.online,1.0,rifei.online
subject.wanfangdata.com.cn,0.0,com.cn
image-prd.celine.cn,0.0,celine.cn
brandandbusiness.com.co,1.0,com.co
rpcvocec.page.link,1.0,page.link
res-health-heytapmobi-com.oss-cn-beijing.aliyuncs.com,0.0,aliyuncs.com
mohasanteck.com,1.0,mohasanteck.com
unlp.unlp.edu.ar,0.0,edu.ar
nertaos.com,1.0,nertaos.com
medicalwellbeinggroup.com,1.0,medicalwellbeinggroup.com
yngmamr.sysu.edu.cn,0.0,edu.cn
colweb.publicvm.com,1.0,publicvm.com
67bf0b797ad286d9e7aaad184d846c54.safeframe.googlesyndication.com,0.0,googlesyndication.com
jixie.sjzu.edu.cn,0.0,edu.cn
clickfilmess.com.br,1.0,com.br
bokceehl.page.link,1.0,page.link
pdwk54yx2mhseyu64fbq-f-bf191ba1b-clientnsv4-s.akamaihd.net,0.0,akamaihd.net
tecno-mobile.co.ke,1.0,co.ke
a0fa1518bcc446ef928c728dd2830a66.fp.measure.office.com,0.0,office.com
vknyjyit.page.link,1.0,page.link
supremeelevator.com,1.0,supremeelevator.com
3900beb20d69465e829754c9b591db1f.fp.measure.office.com,0.0,office.com
lkfmdgyzyqff.sysu.edu.cn,0.0,edu.cn
taqwaprinters.com,1.0,taqwaprinters.com
theinternationalmls.cmail19.com,0.0,cmail19.com
cfc.2023.ebeenj.com,1.0,ebeenj.com
w4dasvfm5aieuyu6p7mq-f-f6bde6968-clientnsv4-s.akamaihd.net,0.0,akamaihd.net
cearabomconforto.com.br,1.0,com.br
login.wolterskluwer.com,0.0,wolterskluwer.com
zdcyadmin.quickconnect.cn,0.0,quickconnect.cn
misterbbqgalati.ro,1.0,misterbbqgalati.ro
walkingthecaminotogether.files.wordpress.com,0.0,wordpress.com
ttps,1.0,null
connkas.gj.qq.com,0.0,qq.com
dgfh.dns05.com,1.0,dns05.com
veqxevsw.page.link,1.0,page.link
zj2fdlixfqz3eyu6lfia-f-1fd06d540-clientnsv4-s.akamaihd.net,0.0,akamaihd.net
marnite.co,1.0,marnite.co
petkit.udesk.cn,0.0,udesk.cn
content.iospress.com.cdn.cloudflare.net,0.0,cloudflare.net
dwuaoosf.www.tendawifi.com,0.0,tendawifi.com
gqsassessoria.com.br,1.0,com.br
latest-519482.funuzai.ru,0.0,funuzai.ru
copacee-ges21.mx,1.0,copacee-ges21.mx
queens-hvac-service.com,1.0,queens-hvac-service.com
mjmafixwblqnvn.sysu.edu.cn,0.0,edu.cn
live2016hls-encrypt.jstv.com,0.0,jstv.com
mrshake.com.br,1.0,com.br
rachabusinessgroup.com,1.0,rachabusinessgroup.com
d1d3cf8871ca8df33c5782ffe71e3293.safeframe.googlesyndication.com,0.0,googlesyndication.com
m5mwfq.sn.files.1drv.com,0.0,1drv.com
swca.mx,1.0,swca.mx
cloud.chaoxing.com,0.0,chaoxing.com
ayoromre.sysu.edu.cn,0.0,edu.cn
siue.edu,0.0,siue.edu
120-236-174-229_s-23-32-236-105_ts-1654584325-clienttons-s.akamaihd.net,0.0,akamaihd.net
-JymB45h.dbl.spamhaus.org,0.0,spamhaus.org
www.mgmt.uestc.edu.cn,0.0,edu.cn
aavn-school.ac.th,1.0,ac.th
epubserver-1252317822.file.myqcloud.com,0.0,myqcloud.com
bologna.epu.edu.iq,1.0,edu.iq
konyatesisat.com.tr,1.0,com.tr
sagksa.com,1.0,sagksa.com
yosoyunalfa.com,1.0,yosoyunalfa.com
simrajfabricators.co.ke,1.0,co.ke
bhfcdcda.page.link,1.0,page.link
nahdahypermarket.com,1.0,nahdahypermarket.com
client-zxzy.oss-cn-shenzhen.aliyuncs.com,0.0,aliyuncs.com
130.119.101.3.sbl.spamhaus.org,0.0,spamhaus.org
pmi.flowplayer.com,0.0,flowplayer.com
24ee35edadc247d98228f949b1f1f9d3.fp.measure.office.com,0.0,office.com
ouiyocpfqlp.sysu.edu.cn,0.0,edu.cn
63741b26ccc2467783f417ff98b5d6b4.fp.measure.office.com,0.0,office.com
giyotinmakasi.com,1.0,giyotinmakasi.com
dentistalimeira.com.br,1.0,com.br
dentistaconchal.com.br,1.0,com.br
sonic309-14.consmr.mail.bf2.yahoo.com,0.0,yahoo.com
naogaonagro.com,1.0,naogaonagro.com
rxznzhfo.page.link,1.0,page.link
lrmoveis.ind.br,1.0,ind.br
www.55yy.tv.cdn.cloudflare.net,0.0,cloudflare.net
gm3385dq6j.execute-api.us-west-2.amazonaws.com,0.0,amazonaws.com
www.pwccw.gd.gov.cn,0.0,gov.cn
215.141.75.185.sbl.spamhaus.org,0.0,spamhaus.org
120.0.62.178.sbl.spamhaus.org,0.0,spamhaus.org
27c2e22e278e4862b0341318cf27b1fd.fp.measure.office.com,0.0,office.com
sh.58.com,0.0,58.com
gwkumosy.page.link,1.0,page.link
f74e3caba10b4fa89ec45474311017a8.fp.measure.office.com,0.0,office.com
philo.nju.edu.cn,0.0,edu.cn
mchuijiyun-my.sharepoint.com,0.0,sharepoint.com
qyovackzwvu.www.tendawifi.com,0.0,tendawifi.com
183-6-9-103_s-23-63-243-153_ts-1654564225-clienttons-s.akamaihd.net,0.0,akamaihd.net
jahf.com.ar,1.0,com.ar
m.yisell.com,0.0,yisell.com
dsa.itsaol.com,1.0,itsaol.com
msrewards.azureedge.net,0.0,azureedge.net
m.taobao.com,0.0,taobao.com
www.cngdwx.com,0.0,cngdwx.com
ameda-us.org,1.0,ameda-us.org
tgibrokers.com,1.0,tgibrokers.com
titre-de-sejour.info,1.0,titre-de-sejour.info
b0af92be76ed515bb3c1d327f8069413.safeframe.googlesyndication.com,0.0,googlesyndication.com
de0a52403125ff217c83c4bd4a06ca7d.safeframe.googlesyndication.com,0.0,googlesyndication.com
ucem.sf-express.com,0.0,sf-express.com
harvesttyres.com.au,1.0,com.au
console.developers.google.com,0.0,google.com
acrglobe.com,1.0,acrglobe.com
cid-7ca76fc840aecf9a.users.storage.live.com,0.0,live.com
w4dasvax373seyu6j3fa-f-cff6b39a2-clientnsv4-s.akamaihd.net,0.0,akamaihd.net
286043-android-ds.metric.gstatic.com,0.0,gstatic.com
clasitapua.com,1.0,clasitapua.com
winery39.wordpress.com,0.0,wordpress.com
gap.com,0.0,gap.com
14ba759c6d4487ea2415858e0bfb8809.safeframe.googlesyndication.com,0.0,googlesyndication.com
edge-269.hkhkg.icloud-content.com,0.0,icloud-content.com
vrdufxns.page.link,1.0,page.link
d32jf5gjc44l9b.cloudfront.net,0.0,cloudfront.net
87.206.27.104.sbl.spamhaus.org,0.0,spamhaus.org
documentacionrav003483980903884833.blogspot.com,1.0,blogspot.com
ouoou.com,0.0,ouoou.com
autodiscover.ust.edu.ph,0.0,edu.ph
223eb49233c5d3598467ed463ef24c49.safeframe.googlesyndication.com,0.0,googlesyndication.com
001eddcddddldk.jumpbc.chuairan.com,0.0,chuairan.com
feedar.net,1.0,feedar.net
ycdtppvl.www.tendawifi.com,0.0,tendawifi.com
demo.devswire.com,1.0,devswire.com
romalimited.co.ke,1.0,co.ke
bvkqqrak.page.link,1.0,page.link
dienmay01.maudemo.com,1.0,maudemo.com
cimlglobal.us,1.0,cimlglobal.us
viewcast.tv,1.0,viewcast.tv
shaffaf.pk,1.0,shaffaf.pk
rt-m.kugou.com,0.0,kugou.com
403309715e11435d98fb14e84b81ed43.fp.measure.office.com,0.0,office.com
switch1.pcfg.cache.wpscdn.com,0.0,wpscdn.com
asclave.com.br,1.0,com.br
pizza10delivery.com.br,1.0,com.br
095c480a0df349a1a31db8ce5a2fa20a.fp.measure.office.com,0.0,office.com
zoomsjcgp213zc.sjc.zoom.us,0.0,zoom.us
lifeinsurancecompanions.com,1.0,lifeinsurancecompanions.com
samehelsadat.com,1.0,samehelsadat.com
fabsxkox.page.link,1.0,page.link
g16.baidu.com,0.0,baidu.com
chorleyeyecare.co.uk,1.0,co.uk
yogrwkzq.page.link,1.0,page.link
rezetennisclub.fr,1.0,rezetennisclub.fr
AnJeqlkQsMVYHGWeeqp.dbl.spamhaus.org,0.0,spamhaus.org
drseddighi.ir,1.0,drseddighi.ir
hudaibiahcollege.com,1.0,hudaibiahcollege.com
hbnursery.com,1.0,hbnursery.com
w4dasvfyd2liuyu7io3a-f-6596475e6-clientnsv4-s.akamaihd.net,0.0,akamaihd.net
umnukuxd.page.link,1.0,page.link
ycabxkwl.page.link,1.0,page.link
www.caimogu.cc,0.0,caimogu.cc
alzorahvipmassagespa.com,1.0,alzorahvipmassagespa.com
reg.tool.hexun.com,0.0,hexun.com
vkm.co.za,1.0,co.za
spice.ehero.es,1.0,ehero.es
apiproxy-device-prod-nlb-3-d601e17f0cb54f72.elb.eu-west-1.amazonaws.com,0.0,amazonaws.com
silverzone.pk,1.0,silverzone.pk
htingenieria.com.mx,1.0,com.mx
7t931x.tdum.alibaba.com,0.0,alibaba.com
homesdecorations.us,1.0,homesdecorations.us
virallagency.com,1.0,virallagency.com
melbournerollershutters.net.au,1.0,net.au
mirazbakery.com,1.0,mirazbakery.com
zds.faqserv.com,1.0,faqserv.com
guxogco.domain.name,0.0,domain.name
sektorpolar.com,1.0,sektorpolar.com
dfelyito.page.link,1.0,page.link
habbotips.free.fr,1.0,free.fr
ns-931.amazon.com,0.0,amazon.com
azdkjp.tdum.alibaba.com,0.0,alibaba.com
164aa790255a407aff4dbdbd51d95940.safeframe.googlesyndication.com,0.0,googlesyndication.com
174ceb654cce501a7f9b65dcf69dfafe.safeframe.googlesyndication.com,0.0,googlesyndication.com
f442ec8547fabefd726c657f3623fb04.safeframe.googlesyndication.com,0.0,googlesyndication.com
jx3.178.com,0.0,178.com
projectboxmedia.com,1.0,projectboxmedia.com
finmen.in,1.0,finmen.in
rr5---sn-ntqe6n76.googlevideo.com,0.0,googlevideo.com
cawcndpwmfa.sysu.edu.cn,0.0,edu.cn
idjzidjsyjim.www.tendawifi.com,0.0,tendawifi.com
w4dasvcninkvqyu7dwqa-f-45edcf438-clientnsv4-s.akamaihd.net,0.0,akamaihd.net
rdc.dns05.com,1.0,dns05.com
kambohsoftec.com,1.0,kambohsoftec.com
rr1---sn-ogueln76.googlevideo.com,0.0,googlevideo.com
183-6-9-84_s-23-48-214-105_ts-1654599490-clienttons-s.akamaihd.net,0.0,akamaihd.net
hochiminh.mofcom.gov.cn,0.0,gov.cn
kalyan-city.sysu.edu.cn,0.0,edu.cn
tsm.faqserv.com,1.0,faqserv.com
hareerinitiative.com,1.0,hareerinitiative.com
w4dasvax2cgcgyu7fvhq-f-50d9d7696-clientnsv4-s.akamaihd.net,0.0,akamaihd.net
kemppinen.sysu.edu.cn,0.0,edu.cn
yasinayvaz.com,1.0,yasinayvaz.com
9f12ceaf0978df10f8cc3f5f2d9e6aad.safeframe.googlesyndication.com,0.0,googlesyndication.com
wsaws.okx.com,0.0,okx.com
izejgnvo.page.link,1.0,page.link
pakbanks.com.pk,1.0,com.pk
cc3001.r18.com,0.0,r18.com
galleries.cdn.homemoviestube.com,0.0,homemoviestube.com
acgsz.com,0.0,acgsz.com
549db26b21544eae93e3880a7ce36e86.fp.measure.office.com,0.0,office.com
test.steampowered.com,0.0,steampowered.com
asianet-tours.com,1.0,asianet-tours.com
zgnmqgmlx.sysu.edu.cn,0.0,edu.cn
roraimastudios.com,1.0,roraimastudios.com
wizzardz-solutions.com,1.0,wizzardz-solutions.com
ntc.net.np,0.0,net.np
sde.faqserv.com,1.0,faqserv.com
newlinetechnical.com,1.0,newlinetechnical.com
degarmen.com,1.0,degarmen.com
chrg4u.com,1.0,chrg4u.com
bridgingtherapists.com,1.0,bridgingtherapists.com
purevitamina.com,1.0,purevitamina.com
arkinfonet.com,1.0,arkinfonet.com
snopro.eu,1.0,snopro.eu
www.manualslib.de,0.0,manualslib.de
zamilcp.com,1.0,zamilcp.com
p48-keyvalueservice.icloud.com,0.0,icloud.com
31cd67c514b87b51d41c8c001595a482.safeframe.googlesyndication.com,0.0,googlesyndication.com
fd08f6fe5efe44b1347dc197debbb142.safeframe.googlesyndication.com,0.0,googlesyndication.com
2c935114befc4d0cb22bc9491220d6a7.fp.measure.office.com,0.0,office.com
xveqefylkipf.sysu.edu.cn,0.0,edu.cn
fundcomapi.eastmoney.com,0.0,eastmoney.com
yanisite.com,1.0,yanisite.com
priorityhomewarranty.com,1.0,priorityhomewarranty.com
freelancehomewriter.sysu.edu.cn,0.0,edu.cn
adimogi.com.br,1.0,com.br
pinklittlenotebook.com,1.0,pinklittlenotebook.com
comfort.mk,1.0,comfort.mk
dxbpaddc00001.china.huawei.com,0.0,huawei.com
adl-i-r.fartit.com,1.0,fartit.com
ssf.fartit.com,1.0,fartit.com
scv.fartit.com,1.0,fartit.com
adlh-sn.fartit.com,1.0,fartit.com
quind.de,1.0,quind.de
creativemetaloem.com,1.0,creativemetaloem.com
krmrfnrk.page.link,1.0,page.link
3f15f.diary.lojjh.com,1.0,lojjh.com
www.vw000287.ferozo.com,1.0,ferozo.com
bestmixsweets.com,1.0,bestmixsweets.com
magicmotors-egham.co.uk,1.0,co.uk
ljgzlxds.sysu.edu.cn,0.0,edu.cn
w4dasyoqxfzsgyu6565q-pql30r-a1c4cbc46-clientnsv4-s.akamaihd.net,0.0,akamaihd.net
e2d9a3b11ebe0140d976a0d78174b814.safeframe.googlesyndication.com,0.0,googlesyndication.com
essentialservicesnsw.com,1.0,essentialservicesnsw.com
72k6ns9aieznua3h7smsd7l3fekvisijwsgpy2d731de26350816b605sac.d.aa.online-metrix.net,0.0,online-metrix.net
teknokarsogutma.com,1.0,teknokarsogutma.com
trimonsa.mx,1.0,trimonsa.mx
jklkcg.db.files.1drv.com,1.0,1drv.com
reallifecomics.com,1.0,reallifecomics.com
www.teacherph.com,0.0,teacherph.com
petrotec-eng.com,1.0,petrotec-eng.com
ankitsavaliya.com,1.0,ankitsavaliya.com
ahencelik.com,1.0,ahencelik.com
www.www-springer-com-s.webvpn.sysu.edu.cn,0.0,edu.cn
zhaopin.cau.edu.cn,0.0,edu.cn
eca46f6a8b654488b4f08bd2b86a859a.fp.measure.office.com,0.0,office.com
72k6ns9ahaqwmbnitdwyk7xhrdrtjae5zhb4titj14bc35eba095bb87sac.d.aa.online-metrix.net,0.0,online-metrix.net
taxibonhommegstaad.com,1.0,taxibonhommegstaad.com
hbkworld-8359431.hs-sites.com,0.0,hs-sites.com
ac808bd3de8612559075ec60ddc10c18.safeframe.googlesyndication.com,0.0,googlesyndication.com
lashesbylittlesecret.com,1.0,lashesbylittlesecret.com
w4dasvaxeqhvqyu7gvja-f-06d8e00aa-clientnsv4-s.akamaihd.net,0.0,akamaihd.net
sisic.com.co,1.0,com.co
gerrikymtravels.files.wordpress.com,0.0,wordpress.com
appstore.corel.com,0.0,corel.com
2474.new.favo.fengmeng.net,0.0,fengmeng.net
woohofzyc.sysu.edu.cn,0.0,edu.cn
glasslineoriental.com,1.0,glasslineoriental.com
FxJmBeTv.dbl.spamhaus.org,0.0,spamhaus.org
img.jandan.net,0.0,jandan.net
wt1-cloud-login.lol.qq.com,0.0,qq.com
kashishguptafitness.com,1.0,kashishguptafitness.com
jzemfrltjxyxlnf.sysu.edu.cn,0.0,edu.cn
5c85ec565b21844a65fb8f0823156332.safeframe.googlesyndication.com,0.0,googlesyndication.com
213e377ec28af28166d761047f977400.safeframe.googlesyndication.com,0.0,googlesyndication.com
swbhvlkzlk.sysu.edu.cn,0.0,edu.cn
ohiohiharrisburg.branrozek.com,1.0,branrozek.com
softwareupdate.perkinelmer.com,0.0,perkinelmer.com
foodremit.com,1.0,foodremit.com
cid-e54efba7f69b4c16.users.storage.live.com,0.0,live.com
sikasonhiep.com,1.0,sikasonhiep.com
8sohkt.tdum.alibaba.com,0.0,alibaba.com
sahdm.fartit.com,1.0,fartit.com
bananidecorator.com,1.0,bananidecorator.com
789a1f0bbb6b499fa0a4f2cd49202d72.fp.measure.office.com,0.0,office.com
only-706531-183-9-227-250.nstool.netease.com,0.0,netease.com
enterr10tv.com,1.0,enterr10tv.com
jdgranite.us,1.0,jdgranite.us
sommexico.com.mx,1.0,com.mx
apweslk.com,1.0,apweslk.com
pay.cuhk.edu.cn,0.0,edu.cn
ec15315323245f361e8aaf59e21b2289.safeframe.googlesyndication.com,0.0,googlesyndication.com
stocksamachar.com,1.0,stocksamachar.com
zpguru.in,1.0,zpguru.in
softwaresbuilders.com,1.0,softwaresbuilders.com
jhgrqkok.page.link,1.0,page.link
yangpaling.com,1.0,yangpaling.com
eiednptg.page.link,1.0,page.link
brindiz.com,1.0,brindiz.com
life.ecnu.edu.cn,0.0,edu.cn
adl-ir.faqserv.com,1.0,faqserv.com
hl4xaltiksysoyu6vp7a-f-7a0b5d1d7-clientnsv4-s.akamaihd.net,0.0,akamaihd.net
adl-cc.vizvaz.com,1.0,vizvaz.com
vipysknik.by,1.0,vipysknik.by
6ecd737aadad4158952d8df933b787c2.fp.measure.office.com,0.0,office.com
liedlkcgeibrx.sysu.edu.cn,0.0,edu.cn
img.menww.com,0.0,menww.com
onlines.3utilities.com,1.0,3utilities.com
9d912935e72b4d40903e8201a99255d6.fp.measure.office.com,0.0,office.com
haskimlikmakina.com,1.0,haskimlikmakina.com
img.designswan.com,0.0,designswan.com
myhijrah.com.my,1.0,com.my
jubao.fjsen.com,0.0,fjsen.com
imruf.caching.oysterfloats.com,1.0,oysterfloats.com
saderasi.pics,1.0,saderasi.pics
imtt.dd.qq.com,0.0,qq.com
empreenda.vc,1.0,empreenda.vc
familyfontsview.mooo.com,1.0,mooo.com
beacon-eu.hosted.exlibrisgroup.com,0.0,exlibrisgroup.com
contentdocks.com,1.0,contentdocks.com
6537ecfb4c7b1c982c35d9b29ea389e6.safeframe.googlesyndication.com,0.0,googlesyndication.com
nrdzguh.sysu.edu.cn,0.0,edu.cn
manif-invitation.com,1.0,manif-invitation.com
itwcqfqu.page.link,1.0,page.link
m.hetubook.com,0.0,hetubook.com
vwizjjaroruvwsb.sysu.edu.cn,0.0,edu.cn
norwalkbaptist.com,1.0,norwalkbaptist.com
etqslpkocv.sysu.edu.cn,0.0,edu.cn
kontaskesicitakimlar.com.tr,1.0,com.tr
7vx2e8.tdum.alibaba.com,0.0,alibaba.com
task.youku.com,0.0,youku.com
square4dnb.com,1.0,square4dnb.com
cascade-wow.eu,1.0,cascade-wow.eu
oojfudecqxn.tendawifi.com,0.0,tendawifi.com
bm-preprod.sandbox.google.com,0.0,google.com
hunan.weather.com.cn,0.0,com.cn
toaevents.al,1.0,toaevents.al
smetrics.global.nba.com,0.0,nba.com
ed-fe.vizvaz.com,1.0,vizvaz.com
eetiongmotorsports.com,1.0,eetiongmotorsports.com
monop-template.sysu.edu.cn,0.0,edu.cn
poemwfku.page.link,1.0,page.link
katsuyugen.online,1.0,katsuyugen.online
w4dasvax2ll2syu6e3oq-f-ac318fa04-clientnsv4-s.akamaihd.net,0.0,akamaihd.net
121.56.80.114.sbl.spamhaus.org,0.0,spamhaus.org
adl-mm.fartit.com,1.0,fartit.com
irebofsfrvhm.sysu.edu.cn,0.0,edu.cn
2258198178.docs.qq.com,0.0,qq.com
reliablerapidresponse.co.za,1.0,co.za
tng24.com,1.0,tng24.com
udaanfound.com,1.0,udaanfound.com
h171764.srv22.test-hf.su,1.0,test-hf.su
cd4d3ceb0fe90027cfcc931c4fb87ad7.safeframe.googlesyndication.com,0.0,googlesyndication.com
holyrosaryinternational.com,1.0,holyrosaryinternational.com
query.1234567.com.cn,0.0,com.cn
invoice.starbucks.com.cn,0.0,com.cn
vipmail-my.sharepoint.cn,0.0,sharepoint.cn
kelidsazan.com,1.0,kelidsazan.com
geocentric.co.in,1.0,co.in
gxrsfjah.page.link,1.0,page.link
venturesnepal.com,1.0,venturesnepal.com
ilkyardimakademisi.net,1.0,ilkyardimakademisi.net
vsndeportes.com,1.0,vsndeportes.com
kuglvwky.sysu.edu.cn,0.0,edu.cn
seatao12465.lofter.com,0.0,lofter.com
zj2fdlixfqz3eyu6mxfq-f-49b96f83c-clientnsv4-s.akamaihd.net,0.0,akamaihd.net
music.pptv.com,0.0,pptv.com
shop1038615.m.youzan.com,0.0,youzan.com
saveyourcinema.ca,1.0,saveyourcinema.ca
w4dasvaxeqh4eyu7kpta-f-8a50a677c-clientnsv4-s.akamaihd.net,0.0,akamaihd.net
uk-ua.facebook.com,0.0,facebook.com
eqyrxqe.sysu.edu.cn,0.0,edu.cn
lacetsneon.com,1.0,lacetsneon.com
localhost.sangfor.com.cn,0.0,com.cn
tawba.store,1.0,tawba.store
ifa9b.sanyotelevisao.sa.com,1.0,sa.com
myfootball247.com,1.0,myfootball247.com
fltstore.pk,1.0,fltstore.pk
yshvneo.sysu.edu.cn,0.0,edu.cn
hfzeqfqv.page.link,1.0,page.link
advanceindia.in,1.0,advanceindia.in
p59-ckdatabase.icloud.com.cn,0.0,com.cn
prottasabd.com,1.0,prottasabd.com
a18bde5ee0910fe7ce1ab97ad768d49d.safeframe.googlesyndication.com,0.0,googlesyndication.com
file0.gofile.io,1.0,gofile.io
150.67.216.54.sbl.spamhaus.org,0.0,spamhaus.org
router11.teamviewer.com,0.0,teamviewer.com
wvartist.files.wordpress.com,0.0,wordpress.com
202-116-81-14_s-184-26-127-51_ts-1654587156-clienttons-s.akamaihd.net,0.0,akamaihd.net
duolighting.co,1.0,duolighting.co
e79763d19e3eb360dc68834144bf6b94.rdt.tfogc.com,0.0,tfogc.com
pedrogarcialloret.com,1.0,pedrogarcialloret.com
ddfpnzll.page.link,1.0,page.link
ghzs-ios-web.cn-shenzhen.log.aliyuncs.com,0.0,aliyuncs.com
bmfusinagem.com.br,1.0,com.br
atv.faqserv.com,1.0,faqserv.com
hlkcnnsg.page.link,1.0,page.link
zj2fdlixfqz3eyu6peda-f-0921564b8-clientnsv4-s.akamaihd.net,0.0,akamaihd.net
api.wiz.cn,0.0,wiz.cn
heal-thyself.sysu.edu.cn,0.0,edu.cn
3867f1334f76dc74ec76f4684ae1c789.safeframe.googlesyndication.com,0.0,googlesyndication.com
rpbqaaj.sysu.edu.cn,0.0,edu.cn
www.limetorrents.to,0.0,limetorrents.to
pgmf.hust.edu.cn,0.0,edu.cn
texasmtboston.kasinoraha.com,1.0,kasinoraha.com
d6e205a6e7824ec593fd563f4269925e.fp.measure.office.com,0.0,office.com
ods.lamp.cnrs.fr,0.0,cnrs.fr
mx3.sysu.edu.cn,0.0,edu.cn
tbxeqgrw.page.link,1.0,page.link
fixcellpc.com,1.0,fixcellpc.com
vui.360kan.com,0.0,360kan.com
kingstoreperu.com,1.0,kingstoreperu.com
hassanacademy.edu.pk,1.0,edu.pk
eterapist.com,1.0,eterapist.com
77286683664443e4cd6e8f280c83d187.safeframe.googlesyndication.com,0.0,googlesyndication.com
ardownload2.adobe.com,0.0,adobe.com
cmc-nanchang-117-167-109-6.gensee.com,0.0,gensee.com
botdnwnzpeu.jnu.edu.cn,0.0,edu.cn
upload.vina-host.com,1.0,vina-host.com
sukwismy.page.link,1.0,page.link
ns1.unibe.ch,0.0,unibe.ch
qpreelqx.page.link,1.0,page.link
sayaq.pk,1.0,sayaq.pk
powertexmw.com,1.0,powertexmw.com
909daa9e3c170f8d892eabbd204e8727.safeframe.googlesyndication.com,0.0,googlesyndication.com
hopelnew24.blogspot.com,1.0,blogspot.com
8nvxdo.tdum.alibaba.com,0.0,alibaba.com
monoblocked.com,1.0,monoblocked.com
zxubg.student.ust.hk,0.0,ust.hk
sta.faqserv.com,1.0,faqserv.com
zqhd.eastmoney.com,0.0,eastmoney.com
api.support.sw.siemens.com,0.0,siemens.com
dmuysomva.sysu.edu.cn,0.0,edu.cn
jhizzisrjrqzl.sysu.edu.cn,0.0,edu.cn
royalbetwinner.in,1.0,royalbetwinner.in
nineplanetsolar.shop,1.0,nineplanetsolar.shop
fixdax.co.in,1.0,co.in
ygj.yn.gov.cn,0.0,gov.cn
lds.sync.oystergardens.club,1.0,oystergardens.club
mewham.com,1.0,mewham.com
assets3.lottiefiles.com,0.0,lottiefiles.com
rodriyt.com,1.0,rodriyt.com
consulciap.com,1.0,consulciap.com
32.72.74.160.sbl.spamhaus.org,0.0,spamhaus.org
codemark.co,1.0,codemark.co
richardhoefer.com,1.0,richardhoefer.com
dfcitcou.page.link,1.0,page.link
images.canberratimes.com.au,0.0,com.au
8f20c2dc798f4d2e993cd5d57df61dd0.fp.measure.office.com,0.0,office.com
tj3rql9siwef.www.freecodecamp.org,0.0,freecodecamp.org
unrld.cloudid.coffeeonboard.com,1.0,coffeeonboard.com
digitalworld27d.com,1.0,digitalworld27d.com
4e0c47796c754fd0b7c2c40205454d7f.fp.measure.office.com,0.0,office.com
hpcc.siat.ac.cn,0.0,ac.cn
inmobiliariasolucionurbana.com,1.0,inmobiliariasolucionurbana.com
f567b631cefa7675cd7893b7b7bdc5b5.safeframe.googlesyndication.com,0.0,googlesyndication.com
aibk10.kuaishang.cn,0.0,kuaishang.cn
masterclutchac.co.uk,1.0,co.uk
dns.cic.tsinghua.edu.cn,0.0,edu.cn
5toft8or7on8tt.com,0.0,5toft8or7on8tt.com
montereyclub.org,1.0,montereyclub.org
vffjeikp.page.link,1.0,page.link
keodiengineeringltd.co.ke,1.0,co.ke
api-login.akspeedy.com,0.0,akspeedy.com
novostiua.io,1.0,novostiua.io
777637397fd54271a162ff581d19c19b.fp.measure.office.com,0.0,office.com
jbjw31d.baiducom.vqu4698.com,0.0,vqu4698.com
dqthuhbb.page.link,1.0,page.link
hotelspaexcelsior.ca,1.0,hotelspaexcelsior.ca
iran-as.fartit.com,1.0,fartit.com
oscar500.rtb.appier.net,0.0,appier.net
96ca4ff37b775742d976b041e22b11fa.safeframe.googlesyndication.com,0.0,googlesyndication.com
abundarma.com,1.0,abundarma.com
buscasa.com.mx,1.0,com.mx
DE-FRA-ANX-R030.teamviewer.com,0.0,teamviewer.com
novostiua.media,1.0,novostiua.media
9j1zpg.tdum.alibaba.com,0.0,alibaba.com
eb10ae1f14582dac96c496a91fde1019.safeframe.googlesyndication.com,0.0,googlesyndication.com
coupleofmisfits.com,1.0,coupleofmisfits.com
www.bta.bg,0.0,bta.bg
groupehms.td,1.0,groupehms.td
zh.pk1lib.org,0.0,pk1lib.org
fundaciongrillos.org,1.0,fundaciongrillos.org
saeedalkarmi.com,1.0,saeedalkarmi.com
winwinchapter.com,1.0,winwinchapter.com
cartesrl.it,1.0,cartesrl.it
blanki.sysu.edu.cn,0.0,edu.cn
heitu-1253120569.file.myqcloud.com,0.0,myqcloud.com
5d98a67161e04edca3539b00ba5ad54d.fp.measure.office.com,0.0,office.com
open.nlc.cn,0.0,nlc.cn
gnettecnologia.com.br,1.0,com.br
img2.sycdn.kuwo.cn,0.0,kuwo.cn
elevapark.com.mx,1.0,com.mx
travelstarama.com,1.0,travelstarama.com
mip.shoujixs.com,0.0,shoujixs.com
ed-dl.vizvaz.com,1.0,vizvaz.com
41.192.114.17.sbl.spamhaus.org,0.0,spamhaus.org
futotarsakse.hu,1.0,futotarsakse.hu
cz.tj.gov.cn,0.0,gov.cn
dollar2023.com,1.0,dollar2023.com
eaa35d2a616a973ebad7115f344ba934.safeframe.googlesyndication.com,0.0,googlesyndication.com
2657c0d5fb669da7cd3973b7a41dcc44.safeframe.googlesyndication.com,0.0,googlesyndication.com
dbd3fb17d6ab47d4a7b16764af244bb4.fp.measure.office.com,0.0,office.com
rittal.com,1.0,rittal.com
csil.edu.pe,1.0,edu.pe
ad77efb761b74328bedcbfec62da670c.fp.measure.office.com,0.0,office.com
gba-angola.com,1.0,gba-angola.com
maxixeatelier.com,1.0,maxixeatelier.com
katespadeny.sysu.edu.cn,0.0,edu.cn
adl-qew.itsaol.com,1.0,itsaol.com
beff960ec01f3540335196f1c5ae9222.safeframe.googlesyndication.com,0.0,googlesyndication.com
93.64.64.45.sbl.spamhaus.org,0.0,spamhaus.org
qsizzijesvmsvq.sysu.edu.cn,0.0,edu.cn
mx03.sjtu.edu.cn,0.0,edu.cn
oohcykyt.page.link,1.0,page.link
matsandmore.net,1.0,matsandmore.net
skyguidefiles.sfo2.cdn.digitaloceanspaces.com,0.0,digitaloceanspaces.com
do0d35d.baiducom.vqu4698.com,0.0,vqu4698.com
todayallmatchprediction.com,1.0,todayallmatchprediction.com
spider.ws.126.net,0.0,126.net
037b9026da07944e6ed23c95cb26e1ec.safeframe.googlesyndication.com,0.0,googlesyndication.com
gnreb.caching.oysterfloats.com,1.0,oysterfloats.com
www.udrop.com,1.0,udrop.com
static.fibre2fashion.com,0.0,fibre2fashion.com
474fa58b3d634ee7a9161be59ee87e4a.fp.measure.office.com,0.0,office.com
nonpqzqhbx.sysu.edu.cn,0.0,edu.cn
esecentro1.gov.co,1.0,gov.co
studentalpharotterdam.nl,1.0,studentalpharotterdam.nl
email.o365.philips.com,0.0,philips.com
crwhhhmw.page.link,1.0,page.link
sdt.fartit.com,1.0,fartit.com
msg.xcar.com.cn,0.0,com.cn
82e2a333714c481f81a760c55226ea54.fp.measure.office.com,0.0,office.com
cl.sina.com.cn,0.0,com.cn
nacolnist.edu.np,1.0,edu.np
stat.aastocks.com,0.0,aastocks.com
4965ae4a773e69da239801f733ae6743.safeframe.googlesyndication.com,0.0,googlesyndication.com
ivx6n7Mi.dbl.spamhaus.org,0.0,spamhaus.org
cjubyardb.sysu.edu.cn,0.0,edu.cn
www.fallcoweb.it,1.0,fallcoweb.it
cervecerosdecampeche.com,1.0,cervecerosdecampeche.com
aiqonsb.com,1.0,aiqonsb.com
nykterida.gr,1.0,nykterida.gr
apommel.gallerycdn.vsassets.io,0.0,vsassets.io
wisconsinmdharrisburg.tazwilliams.com,1.0,tazwilliams.com
sanctions-api.live.public.prod.orwell.fleet.ubi.com,0.0,ubi.com
cicol.pt,1.0,cicol.pt
iffyixobvnvlu.sysu.edu.cn,0.0,edu.cn
beseen-bla.com,1.0,beseen-bla.com
mediterraneanshippingllc.com,1.0,mediterraneanshippingllc.com
laststarblog.files.wordpress.com,0.0,wordpress.com
w4dasvaxfpylayu6e7ma-f-d288ffb8f-clientnsv4-s.akamaihd.net,0.0,akamaihd.net
ouqdymj.sysu.edu.cn,0.0,edu.cn
cubanatravel.com.mx,1.0,com.mx
adl-v.mrbasic.com,1.0,mrbasic.com
nwblockpavinglandscaping.co.uk,1.0,co.uk
t4.chsi.com.cn,0.0,com.cn
w4dasvcfydneuyu7mrhq-f-ffeceaecc-clientnsv4-s.akamaihd.net,0.0,akamaihd.net
audiroamaapp.com,1.0,audiroamaapp.com
sonic312-21.consmr.mail.sg3.yahoo.com,0.0,yahoo.com
texasnewusa.com,1.0,texasnewusa.com
183-6-9-84_s-23-63-243-177_ts-1654571560-clienttons-s.akamaihd.net,0.0,akamaihd.net
dentalartistry.co.nz,1.0,co.nz
only-472879-58-249-112-49.nstool.netease.com,0.0,netease.com
e690e745572e17ba4b86153b19fa4a8a.safeframe.googlesyndication.com,0.0,googlesyndication.com
ada2u.com,1.0,ada2u.com
kontarti.com.tr,1.0,com.tr
fhnfile.oss-cn-shenzhen.aliyuncs.com,0.0,aliyuncs.com
imglol.modskinpro.com,0.0,modskinpro.com
d7hftxdivxxvm.cloudfront.net,0.0,cloudfront.net
nmpsr.org.ng,1.0,org.ng
fate.windada.com,0.0,windada.com
dsf.faqserv.com,1.0,faqserv.com
wrikfrnz.page.link,1.0,page.link
dymqu.sync.oystergardens.club,1.0,oystergardens.club
image.lceda.cn,0.0,lceda.cn
report.upweb.qq.com,0.0,qq.com
3t5fmdir6davlmhhdxalo5ogxackzhdfga6z3g6fd53780cc5c23242esac.d.aa.online-metrix.net,0.0,online-metrix.net
yevsaldz.page.link,1.0,page.link
obrecht.agentenpreview.com,1.0,agentenpreview.com
edsd.my03.com,1.0,my03.com
swm-tls-relay-prod-fluent-fawn-1161881867.us-west-1.elb.amazonaws.com,0.0,amazonaws.com
agatsyaspermbank.in,1.0,agatsyaspermbank.in
lhkpymgi.page.link,1.0,page.link
aahypnosis.com.au,1.0,com.au
savedbyhisgraceinc.org,1.0,savedbyhisgraceinc.org
boostyourimmune.co.za,1.0,co.za
gslb-op-us-west-02.v.fwmrm.net,0.0,fwmrm.net
91cc91008ce449e78af69ccc2613bd87.fp.measure.office.com,0.0,office.com
posbook.top,1.0,posbook.top
adl-il.vizvaz.com,1.0,vizvaz.com
hxopevba.page.link,1.0,page.link
haoovumyg.ap.qualcomm.com,0.0,qualcomm.com
w4dasvfygoo5syu66anq-f-2d7ad3c4a-clientnsv4-s.akamaihd.net,0.0,akamaihd.net
72k6ns9axg25xe5zmkmsxu32sxtc6qtfv6iu63kc423545dbd2148b3bsac.d.aa.online-metrix.net,0.0,online-metrix.net
lrefjviufewmcd.org,1.0,lrefjviufewmcd.org
hs.cfed.cnki.net.yc.zslib.com.cn,0.0,com.cn
zuhe.zxxk.com,0.0,zxxk.com
pyrriycm.page.link,1.0,page.link
3t5fmdirg4cwexwk77f5v27xsapd476zj4ivuwzlb9e0a66925e60cb0sac.d.aa.online-metrix.net,0.0,online-metrix.net
windcomtechnologies.com,1.0,windcomtechnologies.com
only-873056-14-24-146-106.nstool.netease.com,0.0,netease.com
ide-parts.it,1.0,ide-parts.it
patos.mx,1.0,patos.mx
bitware.tec.br,1.0,tec.br
refalalmadinah.com,1.0,refalalmadinah.com
country.cnr.cn,0.0,cnr.cn
sell.foodmate.net,0.0,foodmate.net
fitwithvik.com,1.0,fitwithvik.com
piwik-sc.ccsd.cnrs.fr,0.0,cnrs.fr
partnerinfo.xunyou.com,0.0,xunyou.com
wdc.iucr.org,0.0,iucr.org
79f578ed5b92e9a2229ad586e979f644.safeframe.googlesyndication.com,0.0,googlesyndication.com
ffde2f5dcbfdda77b7dceb6bb082c918.safeframe.googlesyndication.com,0.0,googlesyndication.com
mehjabeenairintlltd.com,1.0,mehjabeenairintlltd.com
flyhigroup.com,1.0,flyhigroup.com
tkbfskdc.page.link,1.0,page.link
ukkfqoin.page.link,1.0,page.link
marylandscmontgomery.bonesdesigncompany.com,1.0,bonesdesigncompany.com
wakeup.baidu.com,0.0,baidu.com
ennystonschool.org.ng,1.0,org.ng
jlkewoux.page.link,1.0,page.link
fermrock.com,1.0,fermrock.com
instantdata.com.ng,1.0,com.ng
226.189.67.172.sbl.spamhaus.org,0.0,spamhaus.org
alluponyarecords.com,1.0,alluponyarecords.com
zonguldakkaradenizmedikal.com,1.0,zonguldakkaradenizmedikal.com
jaya-laser.com,1.0,jaya-laser.com
35.169.219.52.sbl.spamhaus.org,0.0,spamhaus.org
zoomsgp30zc.sg.zoom.us,0.0,zoom.us
cimagtel.cl,1.0,cimagtel.cl
hemgotfs.page.link,1.0,page.link
webapi.kuwo.cn,0.0,kuwo.cn
crz.de,1.0,crz.de
vtqhowyh.page.link,1.0,page.link
dfjczeyj.page.link,1.0,page.link
p1.qpic.cn,0.0,qpic.cn
sbc.gold-ichiba.com,1.0,gold-ichiba.com
omniblendaustralia.com.au,1.0,com.au
w4dasvaxfdy2syu67ioa-f-9d762f946-clientnsv4-s.akamaihd.net,0.0,akamaihd.net
aa86eb5ccdc9da40ce43422892278c12e.profile.sea-m.cloudfront.net,0.0,cloudfront.net
methodistchurchkenya.org,1.0,methodistchurchkenya.org
mlirlmps.page.link,1.0,page.link
3bec6e5ff5e7dd7df59ac8cbc79b0b30.safeframe.googlesyndication.com,0.0,googlesyndication.com
booksnanny.com,1.0,booksnanny.com
60922c0c39a9c62a274e93269f4f4ff9.safeframe.googlesyndication.com,0.0,googlesyndication.com
0428822d0f5e1887400089d5a867fe91.safeframe.googlesyndication.com,0.0,googlesyndication.com
damightdata.com.ng,1.0,com.ng
dgmobilewelding.co.uk,1.0,co.uk
moorebanktowingservices.com.au,1.0,com.au
thobilem.co.za,1.0,co.za
bktrtwqc.page.link,1.0,page.link
egeuhzf.sysu.edu.cn,0.0,edu.cn
powerdatasub.com.ng,1.0,com.ng
177.25.181.202.sbl.spamhaus.org,0.0,spamhaus.org
jhayesconsulting.com,1.0,jhayesconsulting.com
mkakewcx.page.link,1.0,page.link
littlestarcasting.com,1.0,littlestarcasting.com
owhealth.com,0.0,owhealth.com
5cac55afd9b2accab6265f234561bebd.safeframe.googlesyndication.com,0.0,googlesyndication.com
sololicores.cl,1.0,sololicores.cl
cdn-media.prettylittlething.com,0.0,prettylittlething.com
visionare.pk,1.0,visionare.pk
ikhllhgs.page.link,1.0,page.link
bacfl.com,1.0,bacfl.com
man2kotasmg.sch.id,1.0,sch.id
ns1.koleso.tc,1.0,koleso.tc
pwjspjqy.page.link,1.0,page.link
www.purevpn.com,0.0,purevpn.com
only-982692-223-104-63-198.nstool.netease.com,0.0,netease.com
gzny.cbpt.cnki.net,0.0,cnki.net
thenewthing.ro,1.0,thenewthing.ro
naessships.com,1.0,naessships.com
jesmomdcare.co.uk,1.0,co.uk
auth-unite-tts-audio.yuewen.com,0.0,yuewen.com
c2construct.co.uk,1.0,co.uk
pychrpui.page.link,1.0,page.link
projectdemo.xyz,1.0,projectdemo.xyz
bnnbee.com,1.0,bnnbee.com
books.google.com.py,0.0,com.py
infogrotech.com,1.0,infogrotech.com
putrarhodas.com,1.0,putrarhodas.com
t3490655401086804910.id.amgdgt.com,0.0,amgdgt.com
qiche.mipang.com,0.0,mipang.com
t2551891483800878312.id.amgdgt.com,0.0,amgdgt.com
theJKinz.com,1.0,theJKinz.com
xrwoubnfsam.sysu.edu.cn,0.0,edu.cn
kmhmnqeh.page.link,1.0,page.link
www.voliamo.eu,1.0,voliamo.eu
ortoneves.pt,1.0,ortoneves.pt
1.33.71.161.sbl.spamhaus.org,0.0,spamhaus.org
gorichemarketing.com,1.0,gorichemarketing.com
dsmedicalusa.com,1.0,dsmedicalusa.com
70ad9ac2866b4ab98d89d98d26719a61.fp.measure.office.com,0.0,office.com
cc5762ed315c416692771cadf7dd8014.fp.measure.office.com,0.0,office.com
iran-ha.isasecret.com,1.0,isasecret.com
cbcca.demdex.net,0.0,demdex.net
adli-ir.mrface.com,1.0,mrface.com
prnts.cc,1.0,prnts.cc
arkeyo.com,1.0,arkeyo.com
amcolabora.or.id,1.0,or.id
416687139eb542d4a3ba4b8f4e2a8d52.fp.measure.office.com,0.0,office.com
appx-ng.sysu.edu.cn,0.0,edu.cn
ip266711491.ahcdn.com,0.0,ahcdn.com
ed-de.vizvaz.com,1.0,vizvaz.com
dropbox.database-files.com,1.0,database-files.com
pdlizuif.sysu.edu.cn,0.0,edu.cn
d4eab931d12f3ea35f01c7a03c86aa07.safeframe.googlesyndication.com,0.0,googlesyndication.com
58ee701f324aa3c1f4230ce17c46437a.safeframe.googlesyndication.com,0.0,googlesyndication.com
arambook.ir,1.0,arambook.ir
160a395801d11d06160477bb0335af4e.dlied1.cdntips.net,0.0,cdntips.net
istaffrecruits.com,1.0,istaffrecruits.com
pack.ma,1.0,pack.ma
drgourley.com,1.0,drgourley.com
ff115f.oss-accelerate.aliyuncs.com,1.0,aliyuncs.com
p4-evv6jvuhjkjs6-diaexakx26ebdk6w-if-v6exp3-v4.metric.gstatic.com,0.0,gstatic.com
cqyacdcw.page.link,1.0,page.link
a4ae9b65eb9eb2d2bf4fc4a509ed875fb.profile.icn55-c1.cloudfront.net,0.0,cloudfront.net
99.89.237.183.sbl.spamhaus.org,0.0,spamhaus.org
hmymtvvcem.lenovo.com,0.0,lenovo.com
agree.jd.com,0.0,jd.com
cc.bjtu.edu.cn,0.0,edu.cn
palermoforever.eu,1.0,palermoforever.eu
6c89e87a3d3a60c77c9303cb5b51aed5.safeframe.googlesyndication.com,0.0,googlesyndication.com
jrlt.beacon.qq.com,0.0,qq.com
henan.sina.cn,0.0,sina.cn
ferdartob.com.ng,1.0,com.ng
vmmxztrm.page.link,1.0,page.link
sanmekglass.lk,1.0,sanmekglass.lk
rr4.sn-npoeened.googlevideo.com,0.0,googlevideo.com
flyawayaero.net,1.0,flyawayaero.net
regionsarchery.com,1.0,regionsarchery.com
cn-ucb-ali-r003.router.teamviewer.cn,0.0,teamviewer.cn
pubs.acs.org,0.0,acs.org
72k6ns9av4sqksx7kqwnk5jywuyg3nyshpr2kl6ya374d7af13a95128sac.d.aa.online-metrix.net,0.0,online-metrix.net
zj2fcdqx37b2gyu6yooa-pypbri-ef41293d5-clientnsv4-s.akamaihd.net,0.0,akamaihd.net
southdakotavtcolumbia.webarlington.com,1.0,webarlington.com
xcfuudp.sysu.edu.cn,0.0,edu.cn
58dukkan.com,1.0,58dukkan.com
6cfdfe258ccf4bfeba73f3ca54d88575.safeframe.googlesyndication.com,0.0,googlesyndication.com
9e365d6fbd1066a6eee81750bae6c274.safeframe.googlesyndication.com,0.0,googlesyndication.com
t71.pixhost.to,0.0,pixhost.to
alata.com.sa,1.0,com.sa
signin.techsmith.com,0.0,techsmith.com
pdwk5tyxiosmeyu7njxa-f-8a5992281-clientnsv4-s.akamaihd.net,0.0,akamaihd.net
saleorder-dish-pro.oss-cn-beijing.aliyuncs.com,0.0,aliyuncs.com
d14fm7q9i1ewz3.cloudfront.net,0.0,cloudfront.net
emek.net.tr,1.0,net.tr
radiola93.com,1.0,radiola93.com
aakpeawp.page.link,1.0,page.link
gtzenterprises.com.np,1.0,com.np
q4.pdfdo.com,0.0,pdfdo.com
hogarentainversiones.com,1.0,hogarentainversiones.com
mkbwindows.co.uk,1.0,co.uk
imlp.baidu.com,0.0,baidu.com
w4dasvaxfdy2syu67gxa-f-b7978824d-clientnsv4-s.akamaihd.net,0.0,akamaihd.net
mail.mail.hust.edu.cn,0.0,edu.cn
98505198e297e39b69a639a7eb6090a8.safeframe.googlesyndication.com,0.0,googlesyndication.com
uyjlldyjz.sysu.edu.cn,0.0,edu.cn
mail.qq.com,0.0,qq.com
scholar.cnki.net.https.gzlib.proxy.chaoxing.com,0.0,chaoxing.com
hl4xau3ilnccuyu67kwq-pfz99x-1da04a406-clientnsv4-s.akamaihd.net,0.0,akamaihd.net
fundacion1555.com,1.0,fundacion1555.com
clubul-tineretului.ro,1.0,clubul-tineretului.ro
roseleagarage.co.uk,1.0,co.uk
cleanstyling.com.br,1.0,com.br
269e4949faeec3074e250b0e61f8a7b2.safeframe.googlesyndication.com,0.0,googlesyndication.com
b79b21c638de792cb105814ae66efaab.safeframe.googlesyndication.com,0.0,googlesyndication.com
zaakversneller.nl,1.0,zaakversneller.nl
www.dyhbhn.com,0.0,dyhbhn.com
thewholenicole.files.wordpress.com,0.0,wordpress.com
vyfbpqwn.page.link,1.0,page.link
scontent-ort2-1.cdninstagram.com,0.0,cdninstagram.com
arigopay.com,1.0,arigopay.com
ndllplna.page.link,1.0,page.link
quxvpxeq.page.link,1.0,page.link
w4dasvax373ssyu6kbdq-f-6e5ff07f1-clientnsv4-s.akamaihd.net,0.0,akamaihd.net
delivery217.akamai-cdn-content.com,0.0,akamai-cdn-content.com
aerotecbi.com.ar,1.0,com.ar
duanshu-1253562005.picsh.myqcloud.com,0.0,myqcloud.com
alb-qfko4hso1rznintlbw.cn-shanghai.alb.aliyuncs.com,0.0,aliyuncs.com
ubgeneym.page.link,1.0,page.link
rhfkw.com,1.0,rhfkw.com
f2f.org,1.0,f2f.org
radhagobindrefrigeration.com,1.0,radhagobindrefrigeration.com
crowbar.com.sg,1.0,com.sg
175c6687446486f02f22072782328a1d.safeframe.googlesyndication.com,0.0,googlesyndication.com
www.mpacc.bus.sysu.edu.cn,0.0,edu.cn
rsbudikemuliaan.id,1.0,rsbudikemuliaan.id
ac4fa7708134a70c34d3-66da2307b23609a8f8a6d8a13d2f16e2.ssl.cf1.rackcdn.com,0.0,rackcdn.com
pharmacy.cvs.com,0.0,cvs.com
misfena.ro,1.0,misfena.ro
aaronkaleeba.com,1.0,aaronkaleeba.com
startrekconstrutora.com.br,1.0,com.br
orchidarchitect.com,1.0,orchidarchitect.com
m.kin.naver.com,0.0,naver.com
only-284657-112-96-195-16.nstool.netease.com,0.0,netease.com
xsj.699pic.com,0.0,699pic.com
limpromex.com,1.0,limpromex.com
cnbj1.fds.api.xiaomi.com,0.0,xiaomi.com
clotsblimp-documents--online-pw.translate.goog,1.0,translate.goog
0caa56fcda8648a7b50089f6d1e9ba17.fp.measure.office.com,0.0,office.com
r3---sn-j5o7dn76.googlevideo.com,0.0,googlevideo.com
cache.marriott.com,0.0,marriott.com
petrolabindo.co.id,1.0,co.id
policytv.com.ng,1.0,com.ng
kaplikayaadacafe.com,1.0,kaplikayaadacafe.com
22c6ac5772509bab03597a47226c8e18.safeframe.googlesyndication.com,0.0,googlesyndication.com
r3---sn-i3b7knzl.googlevideo.com,0.0,googlevideo.com
5908e47730ac4fc880433a782829149d.fp.measure.office.com,0.0,office.com
oidb.tim.qq.com,0.0,qq.com
evcol.co,1.0,evcol.co
letsmanage.online,1.0,letsmanage.online
qianxi.baidu.com,0.0,baidu.com
obstetric-ultrasound.com,1.0,obstetric-ultrasound.com
sm01.alicdn.com.danuoyi.alicdn.com,0.0,alicdn.com
intellij-support.jetbrains.com,0.0,jetbrains.com
motigroup.net,1.0,motigroup.net
doctordentistrebeca.ro,1.0,doctordentistrebeca.ro
corpatlamaya.com.mx,1.0,com.mx
xgufviiv.page.link,1.0,page.link
360a6c4f3cd4440596bdc70ea8728718.fp.measure.office.com,0.0,office.com
4bf20cdfaa274e298720315120e732a3.fp.measure.office.com,0.0,office.com
people.sina.com.cn,0.0,com.cn
ekovel.ro,1.0,ekovel.ro
d2f8ksp3eu73s9.cloudfront.net,0.0,cloudfront.net
lakesidegarden.net,1.0,lakesidegarden.net
nn4rvq.sn.files.1drv.com,0.0,1drv.com
software.download.prss.trafficmanager.net,0.0,trafficmanager.net
w4dasvfygntbgyu6ibiq-f-07ae11351-clientnsv4-s.akamaihd.net,0.0,akamaihd.net
swex.oss-cn-hangzhou.aliyuncs.com,0.0,aliyuncs.com
lssxxpmail.sysu.edu.cn,0.0,edu.cn
a5531dba5d28997b79f34930a5cb51dcc.profile.osl50-p1.cloudfront.net,0.0,cloudfront.net
w4dasvaxgyjlqyu6hz2q-f-768087753-clientnsv4-s.akamaihd.net,0.0,akamaihd.net
kundagal.af,1.0,kundagal.af
svgldnzn.page.link,1.0,page.link
ems.eastday.com,0.0,eastday.com
sevrage-tabagique-pratique.com,1.0,sevrage-tabagique-pratique.com
uxqlrccf.page.link,1.0,page.link
dkmtechsolution.com,1.0,dkmtechsolution.com
24dc7b42919ac0979c3ef863f76c7b8f.safeframe.googlesyndication.com,0.0,googlesyndication.com
sudmqtha.page.link,1.0,page.link
peoplebrand.co.ug,1.0,co.ug
asdf-api.com,1.0,asdf-api.com
rw.sustech.edu.cn,0.0,edu.cn
krimpex.us,1.0,krimpex.us
retghrtgwtrgtg.bounceme.net,1.0,bounceme.net
artinicrash.com.au,1.0,com.au
elegantstudio.com.ng,1.0,com.ng
marsansanayi.com,1.0,marsansanayi.com
fanyi-doc.baidu.com,0.0,baidu.com
chasvoice.sysu.edu.cn,0.0,edu.cn
icsd.nist.gov,0.0,nist.gov
eoilimited.com.ng,1.0,com.ng
lgame.tdm.qq.com,0.0,qq.com
www.citydy.com,0.0,citydy.com
jznjzbdcppgma.sysu.edu.cn,0.0,edu.cn
demo.tcc.sa,1.0,tcc.sa
zj2fcdvydozewyu65lrq-f-5d4672c8a-clientnsv4-s.akamaihd.net,0.0,akamaihd.net
creat-style.com,1.0,creat-style.com
drugaosnovna.com,1.0,drugaosnovna.com
sogesta.cl,1.0,sogesta.cl
d6a14e669d0e45f88e46b0587dbad745.fp.measure.office.com,0.0,office.com
701f93cbd6fb0d4869bfdd9879e84812.safeframe.googlesyndication.com,0.0,googlesyndication.com
tecnoconsulting.cl,1.0,tecnoconsulting.cl
social-garden.ro,1.0,social-garden.ro
bdimg.com,0.0,bdimg.com
elevon.co,1.0,elevon.co
xtractis.us,1.0,xtractis.us
m.youlai.cn,0.0,youlai.cn
topaffiliates.live,1.0,topaffiliates.live
only-976598-138-2-23-31.nstool.netease.com,0.0,netease.com
ozitrainings.com,1.0,ozitrainings.com
ppe-h5.ele.me,0.0,ele.me
nat-detection.gog.com,0.0,gog.com
gameon2.files.wordpress.com,0.0,wordpress.com
robipower.com,1.0,robipower.com
fiyrtwit.com,1.0,fiyrtwit.com
bfa7763b495e8d4652907f55d2f4f51e.safeframe.googlesyndication.com,0.0,googlesyndication.com
18f716773523b5efa521d5f5278a81cb.safeframe.googlesyndication.com,0.0,googlesyndication.com
sigmaproducts.co.in,1.0,co.in
fun.sohu.com,0.0,sohu.com
player.xinpianchang.com,0.0,xinpianchang.com
yandex.kz,0.0,yandex.kz
download.pdf00.cn,1.0,pdf00.cn
userinforetry.kugou.com,0.0,kugou.com
d-land.pk,1.0,d-land.pk
agukrfwv.page.link,1.0,page.link
search.fanruan.com,0.0,fanruan.com
brainly.com,0.0,brainly.com
afcsm.2023.ebeenj.com,1.0,ebeenj.com
api.qoo-app.com,0.0,qoo-app.com
hl4xaeqxzirjcyu6xs7a-pyoh0w-0534d2405-clientnsv4-s.akamaihd.net,0.0,akamaihd.net
dfgttfglioa.sysu.edu.cn,0.0,edu.cn
fedgovt.sbs,1.0,fedgovt.sbs
pdwk54yxzbfmuyu66s2a-f-859ae1e68-clientnsv4-s.akamaihd.net,0.0,akamaihd.net
58bb206093c04a4431d2bf6fe72dc5c3.dlied1.cdntips.net,0.0,cdntips.net
worldofwarcraft.com,0.0,worldofwarcraft.com
8259d648610a89ce8f70319285a23a2a.safeframe.googlesyndication.com,0.0,googlesyndication.com
7e885069b0f7823ffa4764affd6abc48.safeframe.googlesyndication.com,0.0,googlesyndication.com
burhanabaci.com,1.0,burhanabaci.com
wtplus.wetransfer.com,0.0,wetransfer.com
satnet.ma,1.0,satnet.ma
vigsecol.com,1.0,vigsecol.com
zennajayaabadi.com,1.0,zennajayaabadi.com
zachandmackenzie.files.wordpress.com,0.0,wordpress.com
ponnerhut.com,1.0,ponnerhut.com
baharat.ma,1.0,baharat.ma
en14.forgeofempires.com,0.0,forgeofempires.com
503604934-ad69sb17a1f76.rc03.oray.com,0.0,oray.com
sge-sarlu.com,1.0,sge-sarlu.com
p4ear7.macieirare.sa.com,1.0,sa.com
trimacinstallations.com.au,1.0,com.au
www.tjmu.edu.cn,0.0,edu.cn
baconredirects-elb-13l7gmlpd2vlb-517920148.eu-central-1.elb.amazonaws.com,0.0,amazonaws.com
you02446.lofter.com,0.0,lofter.com
120-236-174-234_s-23-48-201-33_ts-1654584963-clienttons-s.akamaihd.net,0.0,akamaihd.net
majunzhe.66law.cn,0.0,66law.cn
medadlawfirm.com,1.0,medadlawfirm.com
global-download.acer.com,0.0,acer.com
zcat-mobile.zto.com,0.0,zto.com
aa87cc4f0ba04d99993ef6d24c125638.fp.measure.office.com,0.0,office.com
yq.people.com.cn,0.0,com.cn
b2af1c824ee949e8b3ef9b623f8c20bd.fp.measure.office.com,0.0,office.com
growth.ai.srv.tendawifi.com,0.0,tendawifi.com
fidywuva.page.link,1.0,page.link
neyr9a.bl.files.1drv.com,0.0,1drv.com
guffgpt.com,1.0,guffgpt.com
c069477917fa8d95d7ae912e6927ae5f.safeframe.googlesyndication.com,0.0,googlesyndication.com
salem-gospel.org,1.0,salem-gospel.org
primetv.online,1.0,primetv.online
4907d93297d34dd5940b88f520c3af25.fp.measure.office.com,0.0,office.com
zwtguhncd.sysu.edu.cn,0.0,edu.cn
243.zssom.sysu.edu.cn,0.0,edu.cn
gxt.hebei.gov.cn,0.0,gov.cn
202-116-81-14_s-23-196-47-105_ts-1654581791-clienttons-s.akamaihd.net,0.0,akamaihd.net
hwid.platform.hicloud.com.domain.name,0.0,domain.name
yp.hnggzyjy.cn,1.0,hnggzyjy.cn
vivdista.com,1.0,vivdista.com
orianix.com,1.0,orianix.com
wfdlvwez.page.link,1.0,page.link
smf.dns05.com,1.0,dns05.com
dentalanalytics.co.uk,1.0,co.uk
vbvvbxpkranallr.domain.name,0.0,domain.name
api.codemao.cn,0.0,codemao.cn
b6096c323bbbc585ffc94e50d274724b.safeframe.googlesyndication.com,0.0,googlesyndication.com
www.xdgame.com,0.0,xdgame.com
wg.360.cn,0.0,360.cn
dlvuycvx.page.link,1.0,page.link
journals.asm.org,0.0,asm.org
adliir.vizvaz.com,1.0,vizvaz.com
strongsuper.xyz,1.0,strongsuper.xyz
yasinallc.com,1.0,yasinallc.com
speedonline2u.com,1.0,speedonline2u.com
admin.byte.in.ua,1.0,in.ua
images-vod.wixmp.com,0.0,wixmp.com
www.cn.yahoo.com,0.0,yahoo.com
smkn1-manggar.sch.id,1.0,sch.id
ns1-24-ap-northeast-1.ec2-rdns.amazonaws.com,0.0,amazonaws.com
yla.sync.oystergardens.club,1.0,oystergardens.club
ekswood.com,1.0,ekswood.com
gaming.amazon.com,0.0,amazon.com
3f8dce31ca0a48759d0a62d9bc9dea03.fp.measure.office.com,0.0,office.com
coeadmin.xmu.edu.cn,0.0,edu.cn
1a2bee81cb7840e5be70d536e8d0dff3.fp.measure.office.com,0.0,office.com
a03779eaa2de46f08e73406f0d3227d3.fp.measure.office.com,0.0,office.com
downloads.mycloud.com,0.0,mycloud.com
ssl-webplayer.unity3d.com,0.0,unity3d.com
hankook.tmall.com,0.0,tmall.com
bno.layout.oystergardens.us,1.0,oystergardens.us
998ab10b54ccc6b4f421b1c23bd34c29.safeframe.googlesyndication.com,0.0,googlesyndication.com
1c1fdb2624c0b5257fd03d5016ec75b3.safeframe.googlesyndication.com,0.0,googlesyndication.com
jpkc.nwpu.edu.cn,0.0,edu.cn
zhongtai.cn-hangzhou.log.aliyuncs.com,0.0,aliyuncs.com
kiezradler.de,1.0,kiezradler.de
w4dasvaxfdy4syu65e3q-f-66fd29040-clientnsv4-s.akamaihd.net,0.0,akamaihd.net
sunnyandscramble.com,1.0,sunnyandscramble.com
adone.in,1.0,adone.in
rr2---sn-j5o76n7d.gvt1.com,0.0,gvt1.com
www.ferrari.com,0.0,ferrari.com
emporchid.com,1.0,emporchid.com
nicholasoflondon.co.uk,1.0,co.uk
fdasfewmm26dsafdas.oss-ap-southeast-1.aliyuncs.com,1.0,aliyuncs.com
vip-video1120-thumbnail2.fc2.com,0.0,fc2.com
www.feitsui.com,0.0,feitsui.com
adl-aka.itsaol.com,1.0,itsaol.com
dbtowing.ca,1.0,dbtowing.ca
sstrade.mk,1.0,sstrade.mk
www.indycar.com,0.0,indycar.com
shramabhimani.org,1.0,shramabhimani.org
a5b77b97858235fec4d6fc46397ded50a.profile.ams1-p2.cloudfront.net,0.0,cloudfront.net
arvtejiq.page.link,1.0,page.link
7d3c6de2f103447f8cea71e037cd5477.fp.measure.office.com,0.0,office.com
rbs-ali-gateway-dmzgray.paas.cmbchina.com,0.0,cmbchina.com
m.musicheng.com,0.0,musicheng.com
cirtel.com.co,1.0,com.co
asipl.live,1.0,asipl.live
042106cecb07af2e669da9d1f9df2f74.safeframe.googlesyndication.com,0.0,googlesyndication.com
5e05f24fd98f9130fb8353e73415e9f0.safeframe.googlesyndication.com,0.0,googlesyndication.com
62bdff980bd42c5eb1f375553128d1e0.safeframe.googlesyndication.com,0.0,googlesyndication.com
926431b2349f44a2a20d72de9838ba06.fp.measure.office.com,0.0,office.com
c-0.19-a7000081.ca50081.16a8.b69.3ea5.210.0.hp82tb5ghe3b1i7h5pv2bru2jv.avts.mcafee.com,0.0,mcafee.com
fbc.dns05.com,1.0,dns05.com
qtvkifug.page.link,1.0,page.link
gons25cl.top,1.0,gons25cl.top
eivdnjmy.page.link,1.0,page.link
t2sevy5fw7lr.s4.adsco.re,0.0,adsco.re
apciwypb.page.link,1.0,page.link
864e66389a1a600bd8ec79ea294269d1.safeframe.googlesyndication.com,0.0,googlesyndication.com
sxyckjbj.page.link,1.0,page.link
home.xbiao.com,0.0,xbiao.com
jlookxwq.sysu.edu.cn,0.0,edu.cn
perfectplayer.online,1.0,perfectplayer.online
jxau.fanya.chaoxing.com,0.0,chaoxing.com
feratkayamakina.com,1.0,feratkayamakina.com
adlir.fartit.com,1.0,fartit.com
netpro.africa,1.0,netpro.africa
kurstjensballonvaarten.nl,1.0,kurstjensballonvaarten.nl
CSC-DS1520.sysu.edu.cn,0.0,edu.cn
gobo25cl.top,1.0,gobo25cl.top
qdpcarae.page.link,1.0,page.link
devbitssolutions.com,1.0,devbitssolutions.com
pydljhocix.sysu.edu.cn,0.0,edu.cn
padl-fms.oiu.edu.sd,1.0,edu.sd
xwbrqhap.page.link,1.0,page.link
pea227bf63-f44e-4a9d-a0fe-04b163161031-54-198-93-21.fastcast.semfs.engsvc.go.com,0.0,go.com
d82d99bc36ec42439d6bf8e14bf86e4c.fp.measure.office.com,0.0,office.com
onazkdmr.page.link,1.0,page.link
rvniyog.sysu.edu.cn,0.0,edu.cn
alwahacare.com,1.0,alwahacare.com
elvalledetarrazu.com,1.0,elvalledetarrazu.com
hotelava.ir,1.0,hotelava.ir
custom.gettyimages.com,0.0,gettyimages.com
bot-jo.fun,1.0,bot-jo.fun
ebf.faqserv.com,1.0,faqserv.com
ex.mail.10086.cn,0.0,10086.cn
gktzbfma.page.link,1.0,page.link
oneey.xyz,1.0,oneey.xyz
uczestnik3.devagroup.nq.pl,1.0,nq.pl
ufc.pptv.com,0.0,pptv.com
zoomff193-122-36-127zc.cloud.zoom.us,0.0,zoom.us
cwllqmwxr.sysu.edu.cn,0.0,edu.cn
matoshriiti.com,1.0,matoshriiti.com
9ed0fa969a864453aa9d1d3b465334e7.fp.measure.office.com,0.0,office.com
fddhlmjtpzcn.sysu.edu.cn,0.0,edu.cn
alpscoating.com,1.0,alpscoating.com
jiandikie.com,1.0,jiandikie.com
sivasotoklimaelektrik.com.tr,1.0,com.tr
losabuelos.com.mx,1.0,com.mx
ea-platform.bytedance.com,0.0,bytedance.com
camerazone.lk,1.0,camerazone.lk
sdhm.fartit.com,1.0,fartit.com
cyuovhhaiqyq.sysu.edu.cn,0.0,edu.cn
awjjlv.tdum.alibaba.com,0.0,alibaba.com
6fb594bbf282442b8330786120c68930.fp.measure.office.com,0.0,office.com
g11v.prd.ads.aws.fwmrm.net,0.0,fwmrm.net
visothgroup.com,1.0,visothgroup.com
zamned5342.xyz,1.0,zamned5342.xyz
inputsuggestions.msdxcdn.microsoft.com,0.0,microsoft.com
9llmds.tdum.alibaba.com,0.0,alibaba.com
34d61f11de6c4c45aeec9f446376cfc1.fp.measure.office.com,0.0,office.com
firstelite-sa.com,1.0,firstelite-sa.com
minnesotanecharleston.seymourbrody.com,1.0,seymourbrody.com
hjiaur.bluboldlikeuscelullares.motorcycles,1.0,bluboldlikeuscelullares.motorcycles
jayantha.info,1.0,jayantha.info
ywhzhmkl.page.link,1.0,page.link
gabioni.ge,1.0,gabioni.ge
4877becca7264a0cb96d7df0db9154a3.fp.measure.office.com,0.0,office.com
weyr.nogueirare.sa.com,1.0,sa.com
expressionsofwood.ca,1.0,expressionsofwood.ca
grapemundo.com,1.0,grapemundo.com
ywsbiouy.page.link,1.0,page.link
mygroman.com,1.0,mygroman.com
shop366866300.taobao.com,0.0,taobao.com
image93.360doc.com,0.0,360doc.com
nmtest.bdstatic.com,0.0,bdstatic.com
vetaidbd.net,1.0,vetaidbd.net
sitelco.net,1.0,sitelco.net
airbnb.com,0.0,airbnb.com
sofirefiesta.com,1.0,sofirefiesta.com
casavolt.com,1.0,casavolt.com
srsorvete.com.br,1.0,com.br
carreraworxgarage.com,1.0,carreraworxgarage.com
b55d07aedaa8005acb23c48104747571.safeframe.googlesyndication.com,0.0,googlesyndication.com
18dcb9933f2b64bcfad41729ec5dbe52.safeframe.googlesyndication.com,0.0,googlesyndication.com
innovaexpress.co,1.0,innovaexpress.co
archangelsacademy.com,1.0,archangelsacademy.com
ghnvlosd.page.link,1.0,page.link
metinalbum.com,1.0,metinalbum.com
tvmiwomvhglrcv.sysu.edu.cn,0.0,edu.cn
mqufqaoc.page.link,1.0,page.link
nutrinearbuy.com,1.0,nutrinearbuy.com
swwonolo.page.link,1.0,page.link
40.3.38.210.sbl.spamhaus.org,0.0,spamhaus.org
asmargroup.org,1.0,asmargroup.org
omertgroup.com,1.0,omertgroup.com
240eb4d172134c29b72f11ba8b7cb184.fp.measure.office.com,0.0,office.com
techniguitare.com,1.0,techniguitare.com
only-782295-117-136-12-206.nstool.netease.com,0.0,netease.com
pn-raha.go.id,1.0,go.id
adaeb4c407f8499582a382caf9dfc6ee.fp.measure.office.com,0.0,office.com
138.113.216.52.sbl.spamhaus.org,0.0,spamhaus.org
waterproofingexperts.pk,1.0,waterproofingexperts.pk
mostlynonsensical.com,1.0,mostlynonsensical.com
rbjolqsnr.sysu.edu.cn,0.0,edu.cn
730ced0560c84665932427f0c49c8bdd.fp.measure.office.com,0.0,office.com
wcplayer.tendawifi.com,0.0,tendawifi.com
rr4---sn-a5mlrn76.googlevideo.com,0.0,googlevideo.com
sjremetrics.java.com,0.0,java.com
rxiaaawvag.sysu.edu.cn,0.0,edu.cn
gcdnbabl3png.erikroff.fun,1.0,erikroff.fun
emilioramirez.net,1.0,emilioramirez.net
rpkfpvfm.sysu.edu.cn,0.0,edu.cn
131ea5e858354065afac2f7ec17682c3.fp.measure.office.com,0.0,office.com
hl4xatdilnccuyu6hseq-pxo7jb-316be2a45-clientnsv4-s.akamaihd.net,0.0,akamaihd.net
makemoney.bond,1.0,makemoney.bond
pickleballera.com,1.0,pickleballera.com
patch4.pathofexile.com,0.0,pathofexile.com
rxrr.duckdns.org,1.0,duckdns.org
netboxsolutions.com,1.0,netboxsolutions.com
8b4806d033ef4c9188ec35472a38c319.fp.measure.office.com,0.0,office.com
fhgrnurw.page.link,1.0,page.link
aosafrica.co.za,1.0,co.za
w4dasvaxacrtuyu63x2q-f-6090d3f3e-clientnsv4-s.akamaihd.net,0.0,akamaihd.net
2a07ef7b0af24292b7a9e885bddb9e5b.fp.measure.office.com,0.0,office.com
macrocalls.net,1.0,macrocalls.net
edsdyhdimhus.sysu.edu.cn,0.0,edu.cn
data.fotmob.com,0.0,fotmob.com
contliv.ro,1.0,contliv.ro
my2010289.c2.n0.bc9.wezhan.cn,0.0,wezhan.cn
umweltbundesamt.de,0.0,umweltbundesamt.de
yektik.com.mx,1.0,com.mx
smmp.sync.oystergardens.club,1.0,oystergardens.club
maxcounsellingservices.com,1.0,maxcounsellingservices.com
f982e3adef5a433ea226fdbe671c46b3.fp.measure.office.com,0.0,office.com
prestigehouse1.net,1.0,prestigehouse1.net
grupokidss.com,1.0,grupokidss.com
egyfarm-eg.com,1.0,egyfarm-eg.com
8cd208b355814d878fd1fea396ec0987.fp.measure.office.com,0.0,office.com
dymlxcxgfa.sysu.edu.cn,0.0,edu.cn
www.youth.sdu.edu.cn,0.0,edu.cn
rmbf.xin.cutestat.com,0.0,cutestat.com
ts.gdwsxf.gd.gov.cn,0.0,gov.cn
cnc.dm5.com,0.0,dm5.com
well-don.com,1.0,well-don.com
revangenclik.org.az,1.0,org.az
thcoschools.sharepoint.com,0.0,sharepoint.com
mistspring.com,1.0,mistspring.com
bszzpebm.page.link,1.0,page.link
www.wanuxi.com,0.0,wanuxi.com
zj2fcdqx2cgcgyu6ylzq-f-aaf37198c-clientnsv4-s.akamaihd.net,0.0,akamaihd.net
rr4.sn-j5o7dn7l.gvt1.com,0.0,gvt1.com
ug-itv-letv.yysh.mgtv.com,0.0,mgtv.com
rpfoasvr.page.link,1.0,page.link
playdamneds.com,1.0,playdamneds.com
e7d6134144467cc472eadb8a2309b2e6.safeframe.googlesyndication.com,0.0,googlesyndication.com
res.mobile.kugou.com,0.0,kugou.com
lcpjxkum.page.link,1.0,page.link
purepack-eg.com,1.0,purepack-eg.com
iosfxfjf.page.link,1.0,page.link
alerts.hindawi.com,0.0,hindawi.com
sahamiran.itsaol.com,1.0,itsaol.com
dsm.mrbasic.com,1.0,mrbasic.com
cbd74b07248c6a9ac4d3334160d105c3.safeframe.googlesyndication.com,0.0,googlesyndication.com
oilab.seas.wustl.edu,0.0,wustl.edu
h5.zhaoonline.com,0.0,zhaoonline.com
w4dasvgm5xt5iyu7b4ua-f-7df82319a-clientnsv4-s.akamaihd.net,0.0,akamaihd.net
gkqmkjyh.page.link,1.0,page.link
palakkadscb.org,1.0,palakkadscb.org
msfwifi.3g.qq.com,0.0,qq.com
nhzoniggpwsa.sysu.edu.cn,0.0,edu.cn
w4dasvaxfdy2syu65gcq-f-bb624c8d7-clientnsv4-s.akamaihd.net,0.0,akamaihd.net
dubaiblindscurtains.ae,1.0,dubaiblindscurtains.ae
zj2fdlixfqz3eyu6rcka-f-bb7ae62d7-clientnsv4-s.akamaihd.net,0.0,akamaihd.net
8155d4f8a55f4382362e65484030c193.safeframe.googlesyndication.com,0.0,googlesyndication.com
znfjpublmcqvael.sysu.edu.cn,0.0,edu.cn
54fcf18107bd4ada9c94686102360e1e.fp.measure.office.com,0.0,office.com
sifpos.com,1.0,sifpos.com
dpp.hn,1.0,dpp.hn
zqwlxfcj.page.link,1.0,page.link
gkrickshaw.in,1.0,gkrickshaw.in
gons22cl.top,1.0,gons22cl.top
account.apeaksoft.com,0.0,apeaksoft.com
votfitio.page.link,1.0,page.link
soho.qq.com,0.0,qq.com
tagsystems3.s3.eu-de.cloud-object-storage.appdomain.cloud,1.0,appdomain.cloud
afsharemlak.com,1.0,afsharemlak.com
tipsonbd.com,1.0,tipsonbd.com
previews.dropboxusercontent.com,0.0,dropboxusercontent.com
bahguri.rs,1.0,bahguri.rs
pro.aicoin.com,0.0,aicoin.com
assetstorage169.azureedge.net,0.0,azureedge.net
azyezpxa.page.link,1.0,page.link
phiplyafrqlmdi.sysu.edu.cn,0.0,edu.cn
drsmartpaint.com,1.0,drsmartpaint.com
news.uthsc.edu,0.0,uthsc.edu
request-global.czilladx.com,0.0,czilladx.com
nippe.fi,1.0,nippe.fi
jvpowertech.com,1.0,jvpowertech.com
vcdn1-kinhdoanh.vnecdn.net,0.0,vnecdn.net
zzoxbhve.page.link,1.0,page.link
fc2eb358e78c69836052b3a615da9d5d.safeframe.googlesyndication.com,0.0,googlesyndication.com
adz.biz.id,1.0,biz.id
xfs-004.batcg.com,0.0,batcg.com
57.6.45.185.sbl.spamhaus.org,0.0,spamhaus.org
medicalbrasil.com.br,1.0,com.br
zopte234.xyz,1.0,zopte234.xyz
lh3.google.com,0.0,google.com
c6ea6t.westinghousetelevisao.sa.com,1.0,sa.com
www.chinahighlights.com,0.0,chinahighlights.com
beauticiousbronze.com,1.0,beauticiousbronze.com
tpzcakkm.page.link,1.0,page.link
itv.hexun.com,0.0,hexun.com
6a0816ad1e0c49419329149cdad66ddd.fp.measure.office.com,0.0,office.com
dd29bf5fae5be713ecd0be5b6be034cd.safeframe.googlesyndication.com,0.0,googlesyndication.com
6a245df53937319f88495aed872cd076.safeframe.googlesyndication.com,0.0,googlesyndication.com
829af011b9b5f688ec647b3d7a6be4d4.safeframe.googlesyndication.com,0.0,googlesyndication.com
toplinks.cc,0.0,toplinks.cc
www.chem.gla.ac.uk,0.0,ac.uk
ed-rd.otzo.com,1.0,otzo.com
shokqnifumjyltd.sysu.edu.cn,0.0,edu.cn
844d08ff365f41c990ded5b8527ef75b.fp.measure.office.com,0.0,office.com
egii.ro,1.0,egii.ro
services.ticketmaster.com,0.0,ticketmaster.com
gfresh-hub.in,1.0,gfresh-hub.in
ebd.faqserv.com,1.0,faqserv.com
w4dasvfydj7tayu6z7kq-pofl03-c9a52eb8a-clientnsv4-s.akamaihd.net,0.0,akamaihd.net
gheddewa.online,1.0,gheddewa.online
airhobi.com,1.0,airhobi.com
69b21c41d2d2935ca4e3bd432dc32c26.safeframe.googlesyndication.com,0.0,googlesyndication.com
b5dbfbf659fa4c9c9cd6c0d850364dee.fp.measure.office.com,0.0,office.com
neochic-properties.com,1.0,neochic-properties.com
nam04.dataservice.protection.outlook.com,0.0,outlook.com
boats.dogmuncher.xyz,1.0,dogmuncher.xyz
www.androidcentral.com,0.0,androidcentral.com
nspiovpa.page.link,1.0,page.link
tv.uuu9.com,0.0,uuu9.com
zj2fdlixfqz3eyu6k7eq-f-df6565328-clientnsv4-s.akamaihd.net,0.0,akamaihd.net
go.case.edu,0.0,case.edu
jolr8a.by.files.1drv.com,0.0,1drv.com
haidertour.com,1.0,haidertour.com
saham-b.skcarriages.com,1.0,skcarriages.com
live.esea.net,0.0,esea.net
csxd.contentsquare.net,0.0,contentsquare.net
f090909901274b3a7f961146e10ba6c2.safeframe.googlesyndication.com,0.0,googlesyndication.com
landhuisbelnem.com,1.0,landhuisbelnem.com
parallel.com.gt,1.0,com.gt
cdn.shopify.com,0.0,shopify.com
ipblock.chacuo.net,0.0,chacuo.net
futurefoodfarms.com.ng,1.0,com.ng
soe.tencentcloudapi.com,0.0,tencentcloudapi.com
az861674.vo.msecnd.net,0.0,msecnd.net
oss.cnstock.com,0.0,cnstock.com
de.apple.com,0.0,apple.com
80cc55113e334c46950e6623bb210122.fp.measure.office.com,0.0,office.com
zj2fdbtikhr4syu7ba7q-f-4ded8123e-clientnsv4-s.akamaihd.net,0.0,akamaihd.net
texttospeechconverter.com,1.0,texttospeechconverter.com
helixminer-blog.oss-cn-beijing.aliyuncs.com,0.0,aliyuncs.com
renforcerusa.com,1.0,renforcerusa.com
5300566332154bbbae0338f8efc7630c.fp.measure.office.com,0.0,office.com
onedriveclucprodbn20019.blob.core.windows.net,0.0,windows.net
vpqwvpsaaudppva.sysu.edu.cn,0.0,edu.cn
78e6b6fa497a91d0c8ae84b499660c1e.safeframe.googlesyndication.com,0.0,googlesyndication.com
a191ca7fa5a191b50d793fee1ae8394d.safeframe.googlesyndication.com,0.0,googlesyndication.com
baovevieta.net,1.0,baovevieta.net
ttlltnhp.page.link,1.0,page.link
capesatdigitals.co.za,1.0,co.za
hcpss.instructure.com,0.0,instructure.com
consultasnfc.club,1.0,consultasnfc.club
topazlabs.s3.amazonaws.com,0.0,amazonaws.com
xgcnegqv.page.link,1.0,page.link
artemcraft.temp.swtest.ru,1.0,swtest.ru
konyacelikcati.com,1.0,konyacelikcati.com
mumh.result.garrettcountygranfondo.org,1.0,garrettcountygranfondo.org
vvohqncw.page.link,1.0,page.link
zkbhfqyx2oecwyu6267a-poo9i8-b1c1b39ab-clientnsv4-s.akamaihd.net,0.0,akamaihd.net
btwysbcv.page.link,1.0,page.link
w4dasvfydj7tayu6tocq-pe7b1x-79adc3b02-clientnsv4-s.akamaihd.net,0.0,akamaihd.net
ga.zhuhai.gov.cn,0.0,gov.cn
58-249-112-36_s-23-48-214-105_ts-1654580477-clienttons-s.akamaihd.net,0.0,akamaihd.net
kuaiyunqiu0915.lofter.com,0.0,lofter.com
weihoushidai.datasink.sensorsdata.cn,0.0,sensorsdata.cn
mthgps.com,1.0,mthgps.com
173.lingnan.sysu.edu.cn,0.0,edu.cn
506748738b556624c6b63e30fef7f721.safeframe.googlesyndication.com,0.0,googlesyndication.com
jlsangola.com,1.0,jlsangola.com
img1.iqilu.com,0.0,iqilu.com
htulyb.com,1.0,htulyb.com
193fb1b493b64e5fbc4656ef64df2f4e.fp.measure.office.com,0.0,office.com
intertradez.com,1.0,intertradez.com
cttpb.settings.oysterfloats.org,1.0,oysterfloats.org
maestheticsclinic.com,1.0,maestheticsclinic.com
jyyfdzav.sysu.edu.cn,0.0,edu.cn
anurajfragrances.com,1.0,anurajfragrances.com
f657d6be2ef2668c2e5f1f38c871cf23.safeframe.googlesyndication.com,0.0,googlesyndication.com
wxj.layout.oystergardens.us,1.0,oystergardens.us
9ce6ea248dac4363836b13c429f90773.fp.measure.office.com,0.0,office.com
34-213-95-22-pushcl.np.communication.playstation.net,0.0,playstation.net
77.96.205.132.sbl.spamhaus.org,0.0,spamhaus.org
jsyz.cbpt.cnki.net,0.0,cnki.net
icuatnxlrknn.sysu.edu.cn,0.0,edu.cn
666deb8d9e944f53acb3e933d8ee00a1.fp.measure.office.com,0.0,office.com
218.lac.sysu.edu.cn,0.0,edu.cn
worldimg.kbs.co.kr,0.0,co.kr
bt.byr.cn,0.0,byr.cn
rencontrenationaledanse.fr,1.0,rencontrenationaledanse.fr
asw.faqserv.com,1.0,faqserv.com
seguridaduls.cl,1.0,seguridaduls.cl
anywayit.com,1.0,anywayit.com
245.90.224.52.sbl.spamhaus.org,0.0,spamhaus.org
eu1rgn.file.samsungcloud.com,0.0,samsungcloud.com
207.graduate.sysu.edu.cn,0.0,edu.cn
jiqtdw.ch.files.1drv.com,0.0,1drv.com
aqua-life-systems.com,1.0,aqua-life-systems.com
ewr1.vultrobjects.com,1.0,vultrobjects.com
biitcomputersbhongir.com,1.0,biitcomputersbhongir.com
zafaraliphotography.com,1.0,zafaraliphotography.com
mip-jianke-com.sm-tc.cn,0.0,sm-tc.cn
p4-c6qyczlz42y3u-nnl2ajlyf7eyy5oz-if-v6exp3-v4.metric.gstatic.com,0.0,gstatic.com
774b2061c29844d6b7cf31ad738c2032.fp.measure.office.com,0.0,office.com
theagency786.com,1.0,theagency786.com
arachne.uni-koeln.de,0.0,uni-koeln.de
dc7a2dc79b53737b07c13821537aac58.safeframe.googlesyndication.com,0.0,googlesyndication.com
ir.mrface.com,1.0,mrface.com
znscmjbhhatqwoo.sysu.edu.cn,0.0,edu.cn
bjpzmdtn.page.link,1.0,page.link
ihwijcnh.page.link,1.0,page.link
ecox.pt,1.0,ecox.pt
wehmojds.page.link,1.0,page.link
7.58.178.18.sbl.spamhaus.org,0.0,spamhaus.org
threeheartswellness.com,1.0,threeheartswellness.com
www.flowcode.com,0.0,flowcode.com
xntfazf.sysu.edu.cn,0.0,edu.cn
nbpasqym.page.link,1.0,page.link
hl4xaslachnpcyu7fpfa-f-fd7b996dd-clientnsv4-s.akamaihd.net,0.0,akamaihd.net
api.misim.10046.mi.com,0.0,mi.com
xtqjipsqnqf.sysu.edu.cn,0.0,edu.cn
georgianaivan.ro,1.0,georgianaivan.ro
pdwk5yyxedwtwyu7al4a-ppld5y-fd1e779f3-clientnsv4-s.akamaihd.net,0.0,akamaihd.net
k3wisebi.kingdee.com,0.0,kingdee.com
gatesfencingyork.co.uk,1.0,co.uk
tkuyhbkt.page.link,1.0,page.link
aolbyewhgchqu.sysu.edu.cn,0.0,edu.cn
hmihnaio.page.link,1.0,page.link
1c4b1714d17493b6ebcc7d5520e8636f.safeframe.googlesyndication.com,0.0,googlesyndication.com
csdn-test-oss.oss-cn-beijing.aliyuncs.com,0.0,aliyuncs.com
bfesxkqi.page.link,1.0,page.link
bortechits.com,1.0,bortechits.com
b62672384768419eb93f8d7209f513c8.fp.measure.office.com,0.0,office.com
resource-1259244289.file.myqcloud.com,0.0,myqcloud.com
yjsy.scnu.edu.cn,0.0,edu.cn
dzlhxvmz.page.link,1.0,page.link
medibridge.ch,1.0,medibridge.ch
milanmatka.com,1.0,milanmatka.com
saleseconomic.online,1.0,saleseconomic.online
stronggila.xyz,1.0,stronggila.xyz
sahmnx.mynetav.org,1.0,mynetav.org
p07-fmip.icloud.com,0.0,icloud.com
www.thebay.com,0.0,thebay.com
w4dasvfyd4ameyu6vqmq-f-40747e888-clientnsv4-s.akamaihd.net,0.0,akamaihd.net
ylbx.shaanxi.gov.cn,0.0,gov.cn
dbest.ro,1.0,dbest.ro
elyonpro.com,1.0,elyonpro.com
servicecustomercare.com,1.0,servicecustomercare.com
s1.daumcdn.net,0.0,daumcdn.net
pxv.2023.ebeenj.com,1.0,ebeenj.com
bemanicn.com,0.0,bemanicn.com
group-digest-pi-1251316161.file.myqcloud.com,0.0,myqcloud.com
w4dasvax2cgiayu6uedq-f-988db65c8-clientnsv4-s.akamaihd.net,0.0,akamaihd.net
ytnnynusmyqbtqn.sysu.edu.cn,0.0,edu.cn
f027e297c15349a9a646ca1defc19dfe.fp.measure.office.com,0.0,office.com
visibleangle.com,1.0,visibleangle.com
bubbles.com.br,1.0,com.br
cgkeazaf.page.link,1.0,page.link
b5np6d.tdum.alibaba.com,0.0,alibaba.com
triphutt.com,1.0,triphutt.com
edge-345.hkhkg.icloud-content.com,0.0,icloud-content.com
sahmn.fartit.com,1.0,fartit.com
ad-ir.dns05.com,1.0,dns05.com
bkc.or.id,1.0,or.id
samadhan.biz,1.0,samadhan.biz
hifiseven.taobao.com,0.0,taobao.com
yhq.softhome.cc,0.0,softhome.cc
pdwk5vo7o4zlwyu6z23q-f-8716171e9-clientnsv4-s.akamaihd.net,0.0,akamaihd.net
_.mkszyxy.sysu.edu.cn,0.0,edu.cn
fcb.dns05.com,1.0,dns05.com
mamobiles.pk,1.0,mamobiles.pk
feedback-cdn.karousell.com,0.0,karousell.com
bafybeibybptkx5u3hsasptuvxub4hpwrau7mjtxtaw2olk3jrzfk2vntu4.ipfs.infura-ipfs.io,0.0,infura-ipfs.io
printingssolutions.com,1.0,printingssolutions.com
mysouqco.com,1.0,mysouqco.com
adl-aur.vizvaz.com,1.0,vizvaz.com
adonisaviation.in,1.0,adonisaviation.in
51trip.baidu.com,0.0,baidu.com
vtdigital.net,1.0,vtdigital.net
curtainsblindsdesign.com.au,1.0,com.au
ymbzmslwqgrkd.www.tendawifi.com,0.0,tendawifi.com
institutonuevapompeya.com,1.0,institutonuevapompeya.com
cz81263.tw1.ru,1.0,tw1.ru
uksqkzidtr.www.tendawifi.com,0.0,tendawifi.com
crudeoilinvestment.online,1.0,crudeoilinvestment.online
dotcombroadband.net,1.0,dotcombroadband.net
transfer.sh,1.0,transfer.sh
vkyrusch.page.link,1.0,page.link
imperialcnc-dz.com,1.0,imperialcnc-dz.com
northgatebakery.ca,1.0,northgatebakery.ca
api.easeus.com,0.0,easeus.com
yfy4aqbgixhdyel3sonhrmssaycrt27it27ecsmk36d34118e7e48426sac.d.aa.online-metrix.net,0.0,online-metrix.net
freshdew.org.ng,1.0,org.ng
qywuneng.oss-cn-hangzhou.aliyuncs.com,0.0,aliyuncs.com
allbvddnjsfjx.sysu.edu.cn,0.0,edu.cn
rr4---sn-a5meknzl.googlevideo.com,0.0,googlevideo.com
khuphomoidonghoa.com,1.0,khuphomoidonghoa.com
www.txtshu365.net,0.0,txtshu365.net
fe_perf_laggy.dreport.meituan.net,0.0,meituan.net
dnatango.com,1.0,dnatango.com
uscellularco.com,1.0,uscellularco.com
maiwuyouran.lofter.com,0.0,lofter.com
txevrwxm.page.link,1.0,page.link
0c0467349d446e552317c102539a3d45.safeframe.googlesyndication.com,0.0,googlesyndication.com
347c5bd8251a215c3b945eb4dcd97b05.safeframe.googlesyndication.com,0.0,googlesyndication.com
mss.sankuai.com,0.0,sankuai.com
a49edab1d27682fa0bb6fbd90deec7443.profile.cph50-c2.cloudfront.net,0.0,cloudfront.net
rtb.adpone.com,0.0,adpone.com
183-6-9-82_s-104-124-11-41_ts-1654565461-clienttons-s.akamaihd.net,0.0,akamaihd.net
rr1---sn-npoeened.googlevideo.com,0.0,googlevideo.com
api.evernote.com,0.0,evernote.com
www.fakku.net,0.0,fakku.net
cgjrfhmk.page.link,1.0,page.link
kvyfjsadi.sysu.edu.cn,0.0,edu.cn
smfzzydt.page.link,1.0,page.link
188.112.147.61.sbl.spamhaus.org,0.0,spamhaus.org
yyvnjpp.sysu.edu.cn,0.0,edu.cn
georgiaokdenver.rostalflowers.com,1.0,rostalflowers.com
shardaengineering.in,1.0,shardaengineering.in
annabellekalai.com,1.0,annabellekalai.com
mufigrwtitdiid.sysu.edu.cn,0.0,edu.cn
lameguard.ru,1.0,lameguard.ru
ifsgroup.co.zw,1.0,co.zw
nzuzvmutfphpuk.sysu.edu.cn,0.0,edu.cn
organicgrp.com,1.0,organicgrp.com
hoteljimmybd.com,1.0,hoteljimmybd.com
el-ahmaddeme.sn,1.0,el-ahmaddeme.sn
280d3052c082d8d254a13eea059bfa31.safeframe.googlesyndication.com,0.0,googlesyndication.com
ifiveapps.com,1.0,ifiveapps.com
yunaxtech.com,1.0,yunaxtech.com
aokmcrwgbmu.sysu.edu.cn,0.0,edu.cn
greenteech.com,1.0,greenteech.com
pyutjmeh.page.link,1.0,page.link
lqnekymqzhqu.sa.qualcomm.com,0.0,qualcomm.com
jgjw.mofcom.gov.cn,0.0,gov.cn
adfgs-l.mrface.com,1.0,mrface.com
comphealth.ucsf.edu,0.0,ucsf.edu
hvzkgrbf.page.link,1.0,page.link
963adcbb6c836ee30e6da2e144dc84e5.safeframe.googlesyndication.com,0.0,googlesyndication.com
src1.minibai.com,1.0,minibai.com
amenfamilia.com,1.0,amenfamilia.com
8daf451d959f4a64b6aed046491c1be0.fp.measure.office.com,0.0,office.com
wed.novelty.akibacreative.com,1.0,akibacreative.com
h2u.host,1.0,h2u.host
prestburycheshire.com,1.0,prestburycheshire.com
iwuumvcr.page.link,1.0,page.link
inspiringwomen.co.za,1.0,co.za
only-464749-58-249-112-92.nstool.netease.com,0.0,netease.com
kenal.link,1.0,kenal.link
mayri.in,1.0,mayri.in
drm.live.cntv.cn,0.0,cntv.cn
v27-dy.ixigua.com,0.0,ixigua.com
aepnoxvfzcxbmsc.sysu.edu.cn,0.0,edu.cn
www.idntimes.com,0.0,idntimes.com
zj2fdlixfqz3eyu6pgla-f-1756accdc-clientnsv4-s.akamaihd.net,0.0,akamaihd.net
moknex158.xyz,1.0,moknex158.xyz
gmdighwi.page.link,1.0,page.link
fatbird.edmodo.com,0.0,edmodo.com
osaka-u.ac.jp,0.0,ac.jp
adlio.vizvaz.com,1.0,vizvaz.com
doctor-upload.haodf.com,0.0,haodf.com
dt-external-521234871.us-west-2.elb.amazonaws.com,0.0,amazonaws.com
fcb2cd78c76b4a7a9d9a1cc67fe3653d.fp.measure.office.com,0.0,office.com
info.bilibili.co,0.0,bilibili.co
d1rkab7tlqy5f1.cloudfront.net,0.0,cloudfront.net
fpcy.ningxia.chinatax.gov.cn,0.0,gov.cn
amandasasso.com.br,1.0,com.br
venameb.webd.pl,1.0,webd.pl
861899567.docs.qq.com,0.0,qq.com
f3ba0394b5ecddee38e1cc061b177559.safeframe.googlesyndication.com,0.0,googlesyndication.com
p.baidu.com,0.0,baidu.com
gobo09fv.top,1.0,gobo09fv.top
ais.adobe.io,0.0,adobe.io
orsomedia.cosavostra.com,1.0,cosavostra.com
instagram-app.com,0.0,instagram-app.com
7ee3749c0782bae8e9f82b063b6911b4.safeframe.googlesyndication.com,0.0,googlesyndication.com
tinsignsnmore.com,1.0,tinsignsnmore.com
bthzhpyi.sysu.edu.cn,0.0,edu.cn
3cee1948ef494d6d8799dfa12185157c.fp.measure.office.com,0.0,office.com
xikpdfemvzjhafg.sysu.edu.cn,0.0,edu.cn
rr6---sn-ogueln7r.googlevideo.com,0.0,googlevideo.com
errors.wordtune.com,0.0,wordtune.com
ns1.myhostadmin.net,0.0,myhostadmin.net
rtp-kapuas88.com,1.0,rtp-kapuas88.com
qbnerfzd.page.link,1.0,page.link
tvmanager-scloud-letv.yysh.mgtv.com,0.0,mgtv.com
f9394e0344a240c19671cccb58778a0b.fp.measure.office.com,0.0,office.com
ryunmsef.page.link,1.0,page.link
szkolenie-gtm.devagroup.nq.pl,1.0,nq.pl
72k6ns9a7rgqocqzdcl54u45a2e2r4invowyycinc0b7de5abcb68268sac.d.aa.online-metrix.net,0.0,online-metrix.net
sh-htfs.ftn.qq.com,0.0,qq.com
bigexcomputers.com,1.0,bigexcomputers.com
dapoermbae.shop,1.0,dapoermbae.shop
digicry.com,1.0,digicry.com
api.telegram.org,1.0,telegram.org
radiovivajuarez.com,1.0,radiovivajuarez.com
4zpl30d.baiducom.vqu4698.com,0.0,vqu4698.com
ohioutmontpelier.ligamusim365.com,1.0,ligamusim365.com
ynhfdwgergs.sysu.edu.cn,0.0,edu.cn
580d948164df4939b83b4ccb3bae41f3.fp.measure.office.com,0.0,office.com
w4dasvax2cgcgyu7nz4q-f-d827bfde0-clientnsv4-s.akamaihd.net,0.0,akamaihd.net
eykwkegm.page.link,1.0,page.link
a82fdbe68b45c1eb785e2a802ebedb10f.profile.yvr50-c1.cloudfront.net,0.0,cloudfront.net
vc9-tx1-pl-agv.autohome.com.cn,0.0,com.cn
72k6ns9aj4zgpmxynbokjjbxezqq734cw6c7j3oud068608733c03431sac.d.aa.online-metrix.net,0.0,online-metrix.net
trial-eum-clienttons-s.akamaihd.net,0.0,akamaihd.net
ouwjvfng.page.link,1.0,page.link
only-225212-223-104-67-23.nstool.netease.com,0.0,netease.com
w4dasvfygjme6yu6y5ya-f-ae392dc0c-clientnsv4-s.akamaihd.net,0.0,akamaihd.net
frtitfaiye.com,1.0,frtitfaiye.com
youth.buaa.edu.cn,0.0,edu.cn
w4dasvaxeqbfcyu6xura-f-1927e4a72-clientnsv4-s.akamaihd.net,0.0,akamaihd.net
013eeceehddicf.jumpbc.chuairan.com,0.0,chuairan.com
tuji.39.net,0.0,39.net
radiancegroup.info,1.0,radiancegroup.info
caucasusluxury.travel,1.0,caucasusluxury.travel
w4dasvaxzciyuyu6iowa-f-8cbc016f2-clientnsv4-s.akamaihd.net,0.0,akamaihd.net
thedoctorsgym.net,1.0,thedoctorsgym.net
sevenhillscricketclub.com,1.0,sevenhillscricketclub.com
geohealth-submit.agu.org,0.0,agu.org
productoption.hulkapps.com,0.0,hulkapps.com
wtvwhrze.page.link,1.0,page.link
salemcorporation.gov.in,1.0,gov.in
gleaming.cfd,1.0,gleaming.cfd
6e450fd77730ea9a60a21a448ca260f6.safeframe.googlesyndication.com,0.0,googlesyndication.com
piwik.openstreetmap.org,0.0,openstreetmap.org
vsa18.tawk.to,0.0,tawk.to
marketingguruzz.com,1.0,marketingguruzz.com
hemseducation.com,1.0,hemseducation.com
www.benl.ebay.be,0.0,ebay.be
w4daswyx362hiyu7jm4q-f-f3a027aab-clientnsv4-s.akamaihd.net,0.0,akamaihd.net
BRW4CEBBD48E836.sysu.edu.cn,0.0,edu.cn
bzixlqfkuzmbjs.sysu.edu.cn,0.0,edu.cn
ezejiamatufoundation.com,1.0,ezejiamatufoundation.com
01a6d9dc24a543df8a2978ccfcd1d8e4.fp.measure.office.com,0.0,office.com
xgpcrhwmlvuozts.sysu.edu.cn,0.0,edu.cn
zsxvfs.medbooks.com.cn,0.0,com.cn
usa-biz-cpa.blogspot.com,1.0,blogspot.com
ba351511ca1d4b53bc09f11b35df31a8.fp.measure.office.com,0.0,office.com
fffe63588f9c84b23fa2b8f9cb828801.safeframe.googlesyndication.com,0.0,googlesyndication.com
98ceafb64b8d6d5883ae75c039c226e7.safeframe.googlesyndication.com,0.0,googlesyndication.com
3843d6ee044ed06de8448ab89d44f45c.safeframe.googlesyndication.com,0.0,googlesyndication.com
tucanosimports.com.br,1.0,com.br
backstagehair.ca,1.0,backstagehair.ca
chipnweb.com,1.0,chipnweb.com
sahmbe.fartit.com,1.0,fartit.com
w4dasvaxhp6icyu6hjaq-f-548bfc436-clientnsv4-s.akamaihd.net,0.0,akamaihd.net
rfvtgb.hightally.com,0.0,hightally.com
hblmbtbm.beget.tech,1.0,beget.tech
gloombotmedia.com,1.0,gloombotmedia.com
buildingblend.com,1.0,buildingblend.com
web.s1079.vhostgo.com,0.0,vhostgo.com
www.tobacoogd.zhaopin.com,0.0,zhaopin.com
gons12fc.top,1.0,gons12fc.top
amtri.ma,1.0,amtri.ma
hfghi7efcdaabba964545s0o6nonquobxu6ccw.fhcz.libproxy.ruc.edu.cn,0.0,edu.cn
sdl.faqserv.com,1.0,faqserv.com
archive.thinkprogress.org,0.0,thinkprogress.org
fivestareducationgroup.com,1.0,fivestareducationgroup.com
a1f4aa5f51648126285512d800c47a2a4.profile.bru50-c1.cloudfront.net,0.0,cloudfront.net
frienddy.pro,1.0,frienddy.pro
rzbqbejk.page.link,1.0,page.link
59ca02d5a90c4f17166b69ec7b8e3124.safeframe.googlesyndication.com,0.0,googlesyndication.com
ejsplasteringlimited.com,1.0,ejsplasteringlimited.com
adl-ff.fartit.com,1.0,fartit.com
w4das2liksysoyu6vuxa-f-f30b755ee-clientnsv4-s.akamaihd.net,0.0,akamaihd.net
trashboi.sysu.edu.cn,0.0,edu.cn
cat-cn.wargaming.net,0.0,wargaming.net
dubaishop.site,1.0,dubaishop.site
tzjcbfun.page.link,1.0,page.link
web.gamecenter.qq.com,0.0,qq.com
fum4uu.tdum.alibaba.com,0.0,alibaba.com
lepetithotel.cl,1.0,lepetithotel.cl
zabeeltower.com,1.0,zabeeltower.com
d24imatjnl1tgz.cloudfront.net,0.0,cloudfront.net
NO-OSL-ANX-R002.teamviewer.com,0.0,teamviewer.com
malaysia-study.com,1.0,malaysia-study.com
aef5039d821e6de485641824acdd082e3.profile.icn54-c3.cloudfront.net,0.0,cloudfront.net
zj2fdlixfqz3eyu6lawa-f-b368d327a-clientnsv4-s.akamaihd.net,0.0,akamaihd.net
sigetec.com.mx,1.0,com.mx
mpcelmobile.com,1.0,mpcelmobile.com
74a8d2704ee4d301169e3c596389424b.safeframe.googlesyndication.com,0.0,googlesyndication.com
bqqxogxurbqi.sysu.edu.cn,0.0,edu.cn
i-38.b-45395.ut.bench.utorrent.com,0.0,utorrent.com
adminradio.net,1.0,adminradio.net
dentistarioclaro.com.br,1.0,com.br
managerial.email,1.0,managerial.email
mooreinsure.net,1.0,mooreinsure.net
little-people.sysu.edu.cn,0.0,edu.cn
consulting-azimut.net,1.0,consulting-azimut.net
bhyyljep.page.link,1.0,page.link
alanayamassagespa.com,1.0,alanayamassagespa.com
local-www.chuangkit.com,0.0,chuangkit.com
actecksoft.com,1.0,actecksoft.com
vyauqkvrquahm.sysu.edu.cn,0.0,edu.cn
winekings.vn,1.0,winekings.vn
plant-street.com,1.0,plant-street.com
qhobqkdg.page.link,1.0,page.link
psiquevivir.com,1.0,psiquevivir.com
grempartners.com,1.0,grempartners.com
w4dasvfydozfeyu63dpq-f-e88549404-clientnsv4-s.akamaihd.net,0.0,akamaihd.net
ogduefhbiwx.sysu.edu.cn,0.0,edu.cn
my.freeintalk.com,1.0,freeintalk.com
konceptwings.com,1.0,konceptwings.com
cegclcbe.page.link,1.0,page.link
theconniewong.com,1.0,theconniewong.com
648124022.docs.qq.com,0.0,qq.com
zc.dapengjiaoyu.cn,0.0,dapengjiaoyu.cn
fabricadsonhos.tech,1.0,fabricadsonhos.tech
mcsistem.com.br,1.0,com.br
aanaphvi.page.link,1.0,page.link
hanxy.ujs.edu.cn,0.0,edu.cn
72k6ns9awyslpl7psdtlpml45kabfxtbneuvb4obb5a07fc4d5c34f3csac.d.aa.online-metrix.net,0.0,online-metrix.net
woybmzomvamr.domain.name,0.0,domain.name
72k6ns9axkxasl3zy6hye6vjddarth3nv7dyw2y2835a2ac96e013f38sac.d.aa.online-metrix.net,0.0,online-metrix.net
dfwpublicadjusters.co,1.0,dfwpublicadjusters.co
fsa.faqserv.com,1.0,faqserv.com
marlonvisual.com.br,1.0,com.br
binzayan.com,1.0,binzayan.com
hawiktechs.com,1.0,hawiktechs.com
foundation-test.youdao.com,0.0,youdao.com
test.calcanto.de,1.0,calcanto.de
sbfxrqxe.page.link,1.0,page.link
gptplan.ro,1.0,gptplan.ro
www--beian--gov--cn.proxy.huizhou.gov.cn,0.0,gov.cn
yxl.fp.ps.netease.com,0.0,netease.com
gbul5a.tdum.alibaba.com,0.0,alibaba.com
new.scratch-build.com,1.0,scratch-build.com
ed-cf.otzo.com,1.0,otzo.com
nbgpbzwz.page.link,1.0,page.link
rc09-g1.oray.com,0.0,oray.com
shrinkhal.com.np,1.0,com.np
a5126859ad964fd08db93b0d4a09aeb9.fp.measure.office.com,0.0,office.com
help.wallpaperengine.io,0.0,wallpaperengine.io
dd20e1b13982798ff1e904f3600c9218.safeframe.googlesyndication.com,0.0,googlesyndication.com
0be34830daa046bbbb23b35191189d35.fp.measure.office.com,0.0,office.com
cudlinrxtgmk.sysu.edu.cn,0.0,edu.cn
gons10fc.top,1.0,gons10fc.top
darktools.cx,1.0,darktools.cx
bigtopsolos.com,1.0,bigtopsolos.com
svhhealthcare.com,1.0,svhhealthcare.com
rjpgptak.sysu.edu.cn,0.0,edu.cn
tekqsijs.page.link,1.0,page.link
miliaonline.com,1.0,miliaonline.com
ecocarstraders.co.za,1.0,co.za
hiphotos.baidu.com,0.0,baidu.com
strbase.sysu.edu.cn,0.0,edu.cn
63cab33665664b4198cc5af815244d8f.fp.measure.office.com,0.0,office.com
alhijaztours.net,1.0,alhijaztours.net
elamat.co.zw,1.0,co.zw
72k6ns9an4cvkhhisnmhmtmfxr64xkuw6pzyuwr2b698b676b6b70887sac.d.aa.online-metrix.net,0.0,online-metrix.net
tarabuhagiar.com,1.0,tarabuhagiar.com
mp.huolala.cn,0.0,huolala.cn
nzk.settings.oysterfloats.org,1.0,oysterfloats.org
nia-plataforma.com,1.0,nia-plataforma.com
pinoybundles.com,1.0,pinoybundles.com
u667348.ct.sendgrid.net,0.0,sendgrid.net
only-274402-223-104-67-92.nstool.netease.com,0.0,netease.com
a7h571.tdum.alibaba.com,0.0,alibaba.com
bj.kaoyan365.cn,0.0,kaoyan365.cn
mhimedicalbilling.com,1.0,mhimedicalbilling.com
zameenistan.com,1.0,zameenistan.com
bvugcviw.page.link,1.0,page.link
65ebaec79ff94934a6f04e8319a40c1c.fp.measure.office.com,0.0,office.com
pktrakia.com,1.0,pktrakia.com
w4dasytilnccuyu7ayxa-pnovag-9df0520cc-clientnsv4-s.akamaihd.net,0.0,akamaihd.net
comercialwindsor.cl,1.0,comercialwindsor.cl
premierbuss.com,1.0,premierbuss.com
inoavjft.sysu.edu.cn,0.0,edu.cn
empercudiera.sa.com,1.0,sa.com
rpjlaskm.sysu.edu.cn,0.0,edu.cn
broadwayevents.co.za,1.0,co.za
p119-acsegateway.icloud.com.cn,0.0,com.cn
w4dasvcfvypiyyu7jv2a-f-ca4edd3d9-clientnsv4-s.akamaihd.net,0.0,akamaihd.net
vtmiema.sysu.edu.cn,0.0,edu.cn
ue.mbgstore.lenovo.com.cn,0.0,com.cn
roltfinl.page.link,1.0,page.link
sahamr.fartit.com,1.0,fartit.com
servisaludocupacional.pe,1.0,servisaludocupacional.pe
faper.ddns.net,1.0,ddns.net
xvku.sync.oystergardens.club,1.0,oystergardens.club
faif.in,1.0,faif.in
regalosconsentidos.cl,1.0,regalosconsentidos.cl
hd.kp.gov.pk,1.0,gov.pk
casadelteatro.org.co,1.0,org.co
strategyadvantedge.info,1.0,strategyadvantedge.info
unitycargocare.com,1.0,unitycargocare.com
smiletrip-oneworld.com,1.0,smiletrip-oneworld.com
cluematrix.in,1.0,cluematrix.in
sabiaempresaa.com.co,1.0,com.co
aussieshutters.com,1.0,aussieshutters.com
bec6a7f804d04191884dba4c39f847cf.fp.measure.office.com,0.0,office.com
3d.c5game.com,0.0,c5game.com
gamotforever.com,1.0,gamotforever.com
tecnocambioautomatico.com.br,1.0,com.br
img.nfa.qq.com.cloud.tc.qq.com,0.0,qq.com
014b73565eca42f192875268f871be28.fp.measure.office.com,0.0,office.com
862581387c6fef7667e33c1eb1a53a57.safeframe.googlesyndication.com,0.0,googlesyndication.com
eeipv.platanosa.sa.com,1.0,sa.com
memajduyz.sysu.edu.cn,0.0,edu.cn
zsocfhn.sysu.edu.cn,0.0,edu.cn
2630084472.docs.qq.com,0.0,qq.com
ygt.scheme.corycabana.net,1.0,corycabana.net
jilamigc.page.link,1.0,page.link
outdoorsolargrill.com,1.0,outdoorsolargrill.com
nandn.sysu.edu.cn,0.0,edu.cn
awxcs.smoba.qq.com,0.0,qq.com
southcarolinagaboise.efashionpark.com,1.0,efashionpark.com
mksw.caching.oysterfloats.com,1.0,oysterfloats.com
rehswvg.sysu.edu.cn,0.0,edu.cn
images.zsxq.com,0.0,zsxq.com
bb85f258d698920451e972713241c6dc.safeframe.googlesyndication.com,0.0,googlesyndication.com
w4dasvfyd4ameyu6vrpq-f-9d4a6461b-clientnsv4-s.akamaihd.net,0.0,akamaihd.net
audit.njc.gov.ng,1.0,gov.ng
bddb5953568845798fc9896f9be0a707.fp.measure.office.com,0.0,office.com
xnets.co.za,1.0,co.za
coachingfinancieroconfidencial.com,1.0,coachingfinancieroconfidencial.com
uxsingh.com,1.0,uxsingh.com
mkstat227.xyz,1.0,mkstat227.xyz
nueffectsolutions.com,1.0,nueffectsolutions.com
healthforyoualways.com,1.0,healthforyoualways.com
flynas-sudan.com,1.0,flynas-sudan.com
loanseed.co,1.0,loanseed.co
mynhetib.page.link,1.0,page.link
developer.nvidia.com,0.0,nvidia.com
teo4r.hisensetelevisao.sa.com,1.0,sa.com
ggcuoypg.page.link,1.0,page.link
81.20.35.198.sbl.spamhaus.org,0.0,spamhaus.org
398db17a6b2abe0186c014620c49ae30.safeframe.googlesyndication.com,0.0,googlesyndication.com
viaverde.com.ar,1.0,com.ar
dghspxuy.page.link,1.0,page.link
vgkuiico.page.link,1.0,page.link
nqqfbaeq.page.link,1.0,page.link
w4dasvfyd4ameyu6vtja-f-7220dabe2-clientnsv4-s.akamaihd.net,0.0,akamaihd.net
rydevs.com,1.0,rydevs.com
weblomag.com,1.0,weblomag.com
sahmn-b.vizvaz.com,1.0,vizvaz.com
kslego-vod.cache.qcloudcdn.qq.com,0.0,qq.com
mzxpznyuyg.sysu.edu.cn,0.0,edu.cn
hub5pnc.hz.sandai.net,0.0,sandai.net
7f6d39e1db7ed5ed79458b5bf581bbb7.safeframe.googlesyndication.com,0.0,googlesyndication.com
vafs.nus.edu.sg,0.0,edu.sg
229.29.6.175.sbl.spamhaus.org,0.0,spamhaus.org
drogueriagd.org,1.0,drogueriagd.org
www.baqishuwu.com,0.0,baqishuwu.com
72k6ns9auuze5utcvepl4sm4ph6qlrpiwbrp2rtd29ee9617f37b6766sac.d.aa.online-metrix.net,0.0,online-metrix.net
manzanillaygordaldesevilla.com,1.0,manzanillaygordaldesevilla.com
8c9e80cd99c64c57b2516f4973149846.fp.measure.office.com,0.0,office.com
zjj.jcgov.gov.cn,0.0,gov.cn
sattakingsss.in,1.0,sattakingsss.in
www.airbnb.pl,0.0,airbnb.pl
crectmortgage.com,1.0,crectmortgage.com
zj2fdlixfqz3eyu6tdbq-f-6c50014f0-clientnsv4-s.akamaihd.net,0.0,akamaihd.net
pluralsight.demdex.net,0.0,demdex.net
timewiseconsulting.co.uk,1.0,co.uk
wdwlvkbu.page.link,1.0,page.link
buvpgiii.page.link,1.0,page.link
asiabackroads.com,1.0,asiabackroads.com
xbbusjxv.page.link,1.0,page.link
msdx-cdn-y86ykn8r9v.afd.azureedge.net,0.0,azureedge.net
kriyatex.id,1.0,kriyatex.id
adl-flk.fartit.com,1.0,fartit.com
belafans.com.br,1.0,com.br
naturaltaste-eg.com,1.0,naturaltaste-eg.com
ihajdtxk.page.link,1.0,page.link
gxnb.cbpt.cnki.net,0.0,cnki.net
store2.gofile.io,1.0,gofile.io
planetary.s3.amazonaws.com,0.0,amazonaws.com
rsc.faqserv.com,1.0,faqserv.com
sapulidi.net.id,1.0,net.id
mrcrystal.tech,1.0,mrcrystal.tech
richmanrank.jxedt.com,0.0,jxedt.com
happybirthdaysmeme.com,1.0,happybirthdaysmeme.com
rr5---sn-gvnuxaxjvh-v8cs.googlevideo.com,0.0,googlevideo.com
w4dasvdijw3rwyu6goha-f-76977e0be-clientnsv4-s.akamaihd.net,0.0,akamaihd.net
bpcumuhcozbnh.hku.hk,0.0,hku.hk
micscapital-com.sysu.edu.cn,0.0,edu.cn
i6a8y.damasqueirore.sa.com,1.0,sa.com
abholidaylighting.com,1.0,abholidaylighting.com
cal-liberty.com,1.0,cal-liberty.com
report.imtt.qq.com,0.0,qq.com
amx435.xyz,1.0,amx435.xyz
pctechtherapy.com,1.0,pctechtherapy.com
bt.bendibao.com,0.0,bendibao.com
3d21d71656158234acef37c9fe5fe554.safeframe.googlesyndication.com,0.0,googlesyndication.com
545539a99b92e496c9bc85c164fb1300.safeframe.googlesyndication.com,0.0,googlesyndication.com
69f0d52dac4235225e9867e5eadc51a3.safeframe.googlesyndication.com,0.0,googlesyndication.com
e1fb994005a8f3e11ec92c6ab6f37d50.safeframe.googlesyndication.com,0.0,googlesyndication.com
liveupdate01.asus.com.cn,0.0,com.cn
www.alquds.co.uk,0.0,co.uk
content.money.com,0.0,money.com
e0780e12196f4b0a84da1be77a70def2.fp.measure.office.com,0.0,office.com
rr1---sn-o097znse.gvt1.com,0.0,gvt1.com
essex-communications.com,1.0,essex-communications.com
wxsnsad.tc.qq.com,0.0,qq.com
eaaqeubqaiscajqacqlxqaaaabrj5rjy-f-053223adb-clienttons-s.akamaihd.net,0.0,akamaihd.net
buildster.co.za,1.0,co.za
lazzaro.rs,1.0,lazzaro.rs
m.qqtouxiang.com,0.0,qqtouxiang.com
live-hz.gaodun.com,0.0,gaodun.com
rongda.datasink.sensorsdata.cn,0.0,sensorsdata.cn
zsb.njust.edu.cn,0.0,edu.cn
catbaloganwd.gov.ph,1.0,gov.ph
6708646c3310419cae4e249fc10656f9.fp.measure.office.com,0.0,office.com
b921be268b03d808b2b08b4f5a619652.safeframe.googlesyndication.com,0.0,googlesyndication.com
data.gosquared.com,0.0,gosquared.com
vertical-gardener.com,1.0,vertical-gardener.com
nobodylefts.com,1.0,nobodylefts.com
myip.com,0.0,myip.com
geo-info-apne.publishing.riotgames.com,0.0,riotgames.com
zj2fdlixfqz3eyu6quvq-f-ecb2b4265-clientnsv4-s.akamaihd.net,0.0,akamaihd.net
only-551624-120-236-174-203.nstool.netease.com,0.0,netease.com
grehlingerssealcoating.com,1.0,grehlingerssealcoating.com
t7z-cupid.iq.com,0.0,iq.com
zj2fdlixfqzxuyu6l7jq-f-73b8f2462-clientnsv4-s.akamaihd.net,0.0,akamaihd.net
shariquemanzer.com,1.0,shariquemanzer.com
anatex.md,1.0,anatex.md
mms.immomo.com,0.0,immomo.com
ngwcscyd.page.link,1.0,page.link
shell.websitebuilderaustralia.net.au,1.0,net.au
pointfs.vivo.com.cn,0.0,com.cn
file.joinquant.com,0.0,joinquant.com
aa.jaoaaoas11.com,1.0,jaoaaoas11.com
lzn93sport.taobao.com,0.0,taobao.com
www.ggbases.com,0.0,ggbases.com
adl.duia.ro,1.0,duia.ro
bankfeedalt.com,1.0,bankfeedalt.com
p4-bnm5gjb7ala3e-cqx5dtqtbzpswxfp-if-v6exp3-v4.metric.gstatic.com,0.0,gstatic.com
api.52kkg.com,1.0,52kkg.com
ocdxmazw.page.link,1.0,page.link
granjasantamarta.com.br,1.0,com.br
ed-fc.vizvaz.com,1.0,vizvaz.com
qrspnpll.page.link,1.0,page.link
189.176.126.34.sbl.spamhaus.org,0.0,spamhaus.org
nozul.app,1.0,nozul.app
www.griffith.edu.au,0.0,edu.au
sns.huangye88.com,0.0,huangye88.com
ringimgbssdl.ali.kugou.com,0.0,kugou.com
gw-pchbtjry-media06.cg.163.com,0.0,163.com
163de06b3e144642bf2347ebf70278f3.fp.measure.office.com,0.0,office.com
38649b7577415b5b6d5faa5593a46d82.safeframe.googlesyndication.com,0.0,googlesyndication.com
zcxtdpki.page.link,1.0,page.link
ewp-profileimages.services.bristol.ac.uk,0.0,ac.uk
kcloudtest.iflytek.com,0.0,iflytek.com
creditcams.hxb.com.cn,0.0,com.cn
p41-escrowproxy-china.icloud.com,0.0,icloud.com
tool.c7sky.com,0.0,c7sky.com
ds-supplies.com,1.0,ds-supplies.com
zjc.suda.edu.cn,0.0,edu.cn
awqzhtyx.page.link,1.0,page.link
exetercathay.com,1.0,exetercathay.com
vemas.mx,1.0,vemas.mx
superrrdental.com,1.0,superrrdental.com
itccnkblcmlfyoq.sysu.edu.cn,0.0,edu.cn
70958536b2d0a634d142507ee5fc0fa5.safeframe.googlesyndication.com,0.0,googlesyndication.com
adhubdigital.com,1.0,adhubdigital.com
ceaxhopx.page.link,1.0,page.link
getmola6.autodesk360.com,1.0,autodesk360.com
gvlldesn.page.link,1.0,page.link
dessertartbydeepali.com,1.0,dessertartbydeepali.com
r2games.aihelp.net,0.0,aihelp.net
pakistanhost.net,1.0,pakistanhost.net
adla.faqserv.com,1.0,faqserv.com
events.reddit.com,0.0,reddit.com
b2ofuq.tdum.alibaba.com,0.0,alibaba.com
initiative-td.org,1.0,initiative-td.org
l.rcd.iqiyi.com,0.0,iqiyi.com
dramitmaheshwari.com,1.0,dramitmaheshwari.com
iran-gz.vizvaz.com,1.0,vizvaz.com
ime2.qq.com,0.0,qq.com
tx-sh-live-comet-02.chat.bilibili.com,0.0,bilibili.com
primebuildcontractors.co.ke,1.0,co.ke
tercihvana.com,1.0,tercihvana.com
30206221.lofter.com,0.0,lofter.com
lendbright.com.au,1.0,com.au
mga.sysu.edu.cn,0.0,edu.cn
dairmex.com,1.0,dairmex.com
ibigerservices.com,1.0,ibigerservices.com
11010ee7dd90b8c70e3fb4964095bed1.rdt.tfogc.com,0.0,tfogc.com
cdatulua.com,1.0,cdatulua.com
phn.com.ng,1.0,com.ng
i9.cmail20.com,0.0,cmail20.com
2651645113.docs.qq.com,0.0,qq.com
motoclubefaro.com,1.0,motoclubefaro.com
sbn.novelty.akibacreative.com,1.0,akibacreative.com
generalserviceprovides.us,1.0,generalserviceprovides.us
astrologia.com.co,1.0,com.co
steininsurancegroup.com,1.0,steininsurancegroup.com
ruagourmetcafe.pt,1.0,ruagourmetcafe.pt
ejpdenwr.page.link,1.0,page.link
adzllp.com,1.0,adzllp.com
weather.pandora.xiaomi.com,0.0,xiaomi.com
r4---sn-2x3een7l.c.2mdn.net,0.0,2mdn.net
education.uw.edu,0.0,uw.edu
xpacrjzpiksu.sysu.edu.cn,0.0,edu.cn
ofcstwxe.page.link,1.0,page.link
mfysdpnu.page.link,1.0,page.link
club-static.sinosig.com,0.0,sinosig.com
coyn.app,1.0,coyn.app
zatel.com.br,1.0,com.br
www.darktools.cx,1.0,darktools.cx
vod135.t39.lixian.vip.xunlei.com,0.0,xunlei.com
w4dasvax2cgcgyu7fbrq-f-9e4594152-clientnsv4-s.akamaihd.net,0.0,akamaihd.net
mandarinur.com,1.0,mandarinur.com
asus-avis.com,1.0,asus-avis.com
60ab60f5ec2e9.site.ez2q5.cn,0.0,ez2q5.cn
kkdumboquolmxq.sysu.edu.cn,0.0,edu.cn
sempana.co.id,1.0,co.id
softsunny.com,1.0,softsunny.com
lzjvwmttaw.sysu.edu.cn,0.0,edu.cn
recomendado-oficial.com,1.0,recomendado-oficial.com
retosypromociones.com,1.0,retosypromociones.com
ehidebd.r.af.d.sendibt2.com,0.0,sendibt2.com
d76a41d9704f4b378b99a49c72871d01.fp.measure.office.com,0.0,office.com
weather-page.vivo.com.cn,0.0,com.cn
only-279979-223-104-66-65.nstool.netease.com,0.0,netease.com
ed-ra.vizvaz.com,1.0,vizvaz.com
mpeumo.cl,1.0,mpeumo.cl
gwsoluciones.com,1.0,gwsoluciones.com
eaaqeubqajbfejqacqhaabqaabquaqos-pah8yt-921565223-clienttons-s.akamaihd.net,0.0,akamaihd.net
cfemrbxuy.sysu.edu.cn,0.0,edu.cn
ir-az.fartit.com,1.0,fartit.com
ejlalacademy.com,1.0,ejlalacademy.com
sapphire.azurefd.net,0.0,azurefd.net
eforhalisaha.com,1.0,eforhalisaha.com
skeraapi.co.in,1.0,co.in
w4dasvaxfdy2syu6u5qa-f-a39b7ae31-clientnsv4-s.akamaihd.net,0.0,akamaihd.net
gamintcorporateltd.com,1.0,gamintcorporateltd.com
resqsscm.page.link,1.0,page.link
lesvoiles-arcachon.fr,1.0,lesvoiles-arcachon.fr
mitgliederbereich.frederik-malsy.com,1.0,frederik-malsy.com
bookkeeper.itunes.apple.com,0.0,apple.com
b1e4979d8d9d4b44b33ba9165323e8ed.fp.measure.office.com,0.0,office.com
5ymaj0.tdum.alibaba.com,0.0,alibaba.com
jclab.whu.edu.cn,0.0,edu.cn
kezdrljy.page.link,1.0,page.link
w4dasvfydh7hqyu63otq-f-b86f23966-clientnsv4-s.akamaihd.net,0.0,akamaihd.net
52811128e86035a05d2fffcd2493f1cd.safeframe.googlesyndication.com,0.0,googlesyndication.com
p1-179.pvvstream.pro,0.0,pvvstream.pro
redperifericaaqp.gob.pe,1.0,gob.pe
brandingbusinesssolutions.in,1.0,brandingbusinesssolutions.in
6oiue.oss-accelerate.aliyuncs.com,1.0,aliyuncs.com
bayyancharity.click2clock.com,1.0,click2clock.com
89e117d3e9204bfcb95ec58fe4f994b9.fp.measure.office.com,0.0,office.com
fastdam-statisticalsolutions.org,1.0,fastdam-statisticalsolutions.org
arishhomeschool.com.ng,1.0,com.ng
saibabacartransport.com,1.0,saibabacartransport.com
si-lju-anx-r003.router.teamviewer.com,0.0,teamviewer.com
ncl.com.bd,1.0,com.bd
09f830c1db05417ba6dfac1664c83e85.fp.measure.office.com,0.0,office.com
abec143104621a7a3675ed8b0995d97c4.profile.iad-m.cloudfront.net,0.0,cloudfront.net
mpvworld.com,1.0,mpvworld.com
qatarintheworld.com,1.0,qatarintheworld.com
3repakistan.net,1.0,3repakistan.net
curator.jsc.nasa.gov,0.0,nasa.gov
zzlq.heao.gov.cn,0.0,gov.cn
hukerpinta.com,1.0,hukerpinta.com
unanihealth.in,1.0,unanihealth.in
cloud-hngz-big-1256683041.cos.ap-guangzhou.myqcloud.com,0.0,myqcloud.com
126sand.oss-accelerate.aliyuncs.com,1.0,aliyuncs.com
ndqdtnwhjw.sysu.edu.cn,0.0,edu.cn
elansquare.co,1.0,elansquare.co
allengi.com.ng,1.0,com.ng
auto-smartassets.com,1.0,auto-smartassets.com
gcreation.co,1.0,gcreation.co
zj2fdlixfqzxuyu6o7wa-f-598e24228-clientnsv4-s.akamaihd.net,0.0,akamaihd.net
japanhub.net,0.0,japanhub.net
staging.ivet.edu.au,1.0,edu.au
w4dasvax2cgiayu7f3za-f-f2e9e4b81-clientnsv4-s.akamaihd.net,0.0,akamaihd.net
repromed-com-au.mail.eo.outlook.com,0.0,outlook.com
rajshahihabhit.edu.bd,1.0,edu.bd
anando.xyz,1.0,anando.xyz
w4dasvaxeqhvqyu7gw2a-f-9d2aad05c-clientnsv4-s.akamaihd.net,0.0,akamaihd.net
paneldigital.space,1.0,paneldigital.space
boula.pe,1.0,boula.pe
w4dasvfydh7hqyu63uoq-f-d38ebb36c-clientnsv4-s.akamaihd.net,0.0,akamaihd.net
06a5f2119d1246f99ecddb19b5b491dd.fp.measure.office.com,0.0,office.com
e56cbf26d41d7aa65d0e98035dc130ab.safeframe.googlesyndication.com,0.0,googlesyndication.com
zj2fdlixfqz3eyu6qyjq-f-a82420f62-clientnsv4-s.akamaihd.net,0.0,akamaihd.net
57.215.152.131.sbl.spamhaus.org,0.0,spamhaus.org
aft0kpif3j9s.s4.adsco.re,0.0,adsco.re
leaderfortrans.com,1.0,leaderfortrans.com
120-236-174-248_s-23-32-236-105_ts-1654570107-clienttons-s.akamaihd.net,0.0,akamaihd.net
static1.ssp.xunlei.com,0.0,xunlei.com
static.seesaawiki.jp,0.0,seesaawiki.jp
only-867151-183-40-224-110.nstool.netease.com,0.0,netease.com
sigma-performance-h55.proxima.nie.netease.com,0.0,netease.com
r8---sn-uxaxjvh5gbxoupo5-gvnl.gvt1.com,0.0,gvt1.com
iz0b3rgf0bqgjy3el50w7h3bdsfa91654563606.nuid.imrworldwide.com,0.0,imrworldwide.com
sandrogarcia.pt,1.0,sandrogarcia.pt
sstegman-2-md.sysu.edu.cn,0.0,edu.cn
hospedafortaleza.com.br,1.0,com.br
ixg.settings.oysterfloats.org,1.0,oysterfloats.org
sso.ceair.com,0.0,ceair.com
jeunes.sysu.edu.cn,0.0,edu.cn
jaire.ng,1.0,jaire.ng
dadpomsondaj.com,1.0,dadpomsondaj.com
shield.hao123.com,0.0,hao123.com
eec5d8f9081be22aa5b529af00d64296.safeframe.googlesyndication.com,0.0,googlesyndication.com
1ffa888a48e04a7782d152722dde9e74.fp.measure.office.com,0.0,office.com
bgchkuog.page.link,1.0,page.link
web1.cdn.ctfile.com,0.0,ctfile.com
ayifatvi.page.link,1.0,page.link
storage.googleapis.com,1.0,googleapis.com
inksul.com.br,1.0,com.br
w4dasvaxfdy2syu7hiqa-f-7802ea640-clientnsv4-s.akamaihd.net,0.0,akamaihd.net
komarna.biz,1.0,komarna.biz
90cef2f310374991b3081e090fa54448.fp.measure.office.com,0.0,office.com
opmeplcd.page.link,1.0,page.link
pdf9fULlJfoqf9i2gLXZHPVlTf5Vr4.dbl.spamhaus.org,0.0,spamhaus.org
miammiam.sg,1.0,miammiam.sg
frenosa.com.pe,1.0,com.pe
werush.shop,1.0,werush.shop
support.firesecurityproducts.com.au,1.0,com.au
eastbox.com.my,1.0,com.my
susandhakal.com.np,1.0,com.np
14bfdaf27fab6a8af05ab752439135b3.safeframe.googlesyndication.com,0.0,googlesyndication.com
64fe51c4f9d1928e573a5a6bd8be8183.safeframe.googlesyndication.com,0.0,googlesyndication.com
ctjdczsw.page.link,1.0,page.link
w4dasvaxhp6icyu6hjlq-f-2c02a8291-clientnsv4-s.akamaihd.net,0.0,akamaihd.net
xnnbqwyz.page.link,1.0,page.link
esshrfxw.page.link,1.0,page.link
citoz.sysu.edu.cn,0.0,edu.cn
soil-prod-assets.s3.amazonaws.com,0.0,amazonaws.com
9d263b0872bb4bf98874ac32efd5ea79.fp.measure.office.com,0.0,office.com
efuli.oss-cn-hangzhou.aliyuncs.com,0.0,aliyuncs.com
d20f4baac99faa37fc59133015eb719a.dlied1.cdntips.net,0.0,cdntips.net
daneenbukshfs.ae,1.0,daneenbukshfs.ae
agqovrrp.page.link,1.0,page.link
177cw.baiducom.randyandtheresa.com,0.0,randyandtheresa.com
dwaht.freixosa.sa.com,1.0,sa.com
b5447b0a15e366a80970b7760be492e4f.profile.blr50-c1.cloudfront.net,0.0,cloudfront.net
wlogin-v6.qq.com,0.0,qq.com
zzqzcdvs.page.link,1.0,page.link
a2c409be9f574d7c9bb4bd812a3889d6.fp.measure.office.com,0.0,office.com
gobo13fc.top,1.0,gobo13fc.top
kalpavirutchamfoundation.org,1.0,kalpavirutchamfoundation.org
xiaozhao.renren.com,0.0,renren.com
myfvheki.page.link,1.0,page.link
w4dasvaxfdy2syu6z2iq-f-9796b84f7-clientnsv4-s.akamaihd.net,0.0,akamaihd.net
sustc.alma.exlibrisgroup.com,0.0,exlibrisgroup.com
ch1.dnf.qq.com,0.0,qq.com
bmuhxrfg.page.link,1.0,page.link
events.op.hicloud.com.domain.name,0.0,domain.name
www.ecust.edu.cn,0.0,edu.cn
zj2fdlixfqz3eyu6lapq-f-9aceff9ab-clientnsv4-s.akamaihd.net,0.0,akamaihd.net
ysgc-1307309587.cos.ap-guangzhou.myqcloud.com,0.0,myqcloud.com
xvaoizmsizofnke.sysu.edu.cn,0.0,edu.cn
lwfyxehx.page.link,1.0,page.link
handygifts.in,1.0,handygifts.in
salaammaharashtra.in,1.0,salaammaharashtra.in
ceb0c0a9ea763b7f8cd17076bc293912.safeframe.googlesyndication.com,0.0,googlesyndication.com
brodoyouevenlift.co.za,1.0,co.za
2501.replace.favo.njb97.com,0.0,njb97.com
autovpn.cc,1.0,autovpn.cc
orjdtmth.page.link,1.0,page.link
3k31uj.tdum.alibaba.com,0.0,alibaba.com
jonanna.com,1.0,jonanna.com
1d5d74ff1d064a8a806b2a8bb380542a.fp.measure.office.com,0.0,office.com
hello.rcl.ke,1.0,rcl.ke
zj2fdlixfqzxuyu6kf5q-f-7c7725a9d-clientnsv4-s.akamaihd.net,0.0,akamaihd.net
onyebinimefoundation.com,1.0,onyebinimefoundation.com
konyapvckapipenceretamiri.com,1.0,konyapvckapipenceretamiri.com
2c05ecd15b25de8863ec39d8fddc0c30.safeframe.googlesyndication.com,0.0,googlesyndication.com
bprpekanbaru.co.id,1.0,co.id
universty.org,1.0,universty.org
ufvztoxl.page.link,1.0,page.link
7966557b6d0144d89f6b827123abf7f2.fp.measure.office.com,0.0,office.com
20220607173733-z003i.ldd.sohu.com,0.0,sohu.com
paratodohayfans.com,1.0,paratodohayfans.com
fredy.ee,1.0,fredy.ee
history.ifeng.com,0.0,ifeng.com
projectsfe.com,1.0,projectsfe.com
zebisalon.com,1.0,zebisalon.com
geek-fe.cn-beijing.log.aliyuncs.com,0.0,aliyuncs.com
mc9ybmbkfkmzlw0jr464r-fsfb7q.pub.sfmc-content.com,0.0,sfmc-content.com
logservice-dre.platform.hicloud.com,0.0,hicloud.com
aploza.com,1.0,aploza.com
download.doumaibiji.cn,1.0,doumaibiji.cn
fmrockzarate.com.ar,1.0,com.ar
neurodivergentna.com,1.0,neurodivergentna.com
alkawsar.org,1.0,alkawsar.org
adf-za.fartit.com,1.0,fartit.com
ourlunchclub.com,1.0,ourlunchclub.com
jsrlzyshbz.jiangsu.gov.cn,0.0,gov.cn
thehealthquest.co.in,1.0,co.in
salmon-guru.ae,1.0,salmon-guru.ae
czones.in,1.0,czones.in
ringco.ir,1.0,ringco.ir
lcjyxenu.page.link,1.0,page.link
blog.xuite.net,0.0,xuite.net
r1---sn-i3b7knsd.gvt1.com,0.0,gvt1.com
lakuiksong.known.co.ke,1.0,co.ke
i-techsolutions.co.ke,1.0,co.ke
notificationinbox.xboxlive.com,0.0,xboxlive.com
lynpktcx.page.link,1.0,page.link
vangosports.oss-cn-hangzhou.aliyuncs.com,0.0,aliyuncs.com
special-cache.oss-cn-shanghai.aliyuncs.com,0.0,aliyuncs.com
static-box5.xinli001.com,0.0,xinli001.com
rr1---sn-i3co-i3bed.googlevideo.com,0.0,googlevideo.com
htloctmain.blogspot.com,1.0,blogspot.com
schroederdennis.de,1.0,schroederdennis.de
the-other-milk.com,1.0,the-other-milk.com
sharmasdrivingschool.com.au,1.0,com.au
lascams.com,1.0,lascams.com
secretbeauty.ge,1.0,secretbeauty.ge
afc.faqserv.com,1.0,faqserv.com
drtemelkovski.mk,1.0,drtemelkovski.mk
2682840966.docs.qq.com,0.0,qq.com
yusollbo.page.link,1.0,page.link
glyz.cbpt.cnki.net,0.0,cnki.net
clicktechservices.com,1.0,clicktechservices.com
schoolreport.belperschool.co.uk,1.0,co.uk
think-tank.tk,1.0,think-tank.tk
thecatalyzersevents.ae,1.0,thecatalyzersevents.ae
jayametal.com,1.0,jayametal.com
ekopak.az,1.0,ekopak.az
disk.yandex.ru,1.0,yandex.ru
gpedu.yiigle.com,0.0,yiigle.com
lqhx.settings.oysterfloats.org,1.0,oysterfloats.org
d7ea0deede6440ecbb6c7b2195ec2363.fp.measure.office.com,0.0,office.com
aiutj.viziotelevisao.sa.com,1.0,sa.com
api.myapplications.microsoft.com,0.0,microsoft.com
djbaccess.co.uk,1.0,co.uk
findkaroo.com,1.0,findkaroo.com
eb48818bde0623386eba384785c6d94c.safeframe.googlesyndication.com,0.0,googlesyndication.com
cassi.cas.org,0.0,cas.org
sl.himanfast.com,1.0,himanfast.com
w4dasr5yde4ieyu7aggq-pmxuhz-7a631956b-clientnsv4-s.akamaihd.net,0.0,akamaihd.net
homeimprovementproject.us,1.0,homeimprovementproject.us
w4dasvaxeqh5qyu7l47a-f-e71d0a9e6-clientnsv4-s.akamaihd.net,0.0,akamaihd.net
ckpartners.co.ke,1.0,co.ke
bguest.net,1.0,bguest.net
tpjnl.2023.ebeenj.com,1.0,ebeenj.com
rbpeknfzof.tendawifi.com,0.0,tendawifi.com
www.am.undp.org,0.0,undp.org
eusyfner.page.link,1.0,page.link
i8tygrqpiqfxjwezhoqjkzegleqre1654599636.nuid.imrworldwide.com,0.0,imrworldwide.com
www.morin-fioul.com,1.0,morin-fioul.com
adlsjd.faqserv.com,1.0,faqserv.com
6shoequarterhorses.com,1.0,6shoequarterhorses.com
lexikon.store,1.0,lexikon.store
lobzmhufqcacd.sysu.edu.cn,0.0,edu.cn
tocograph.ir,1.0,tocograph.ir
kxlonmsv.page.link,1.0,page.link
gorgeouswithtrend.com,1.0,gorgeouswithtrend.com
vuskovic.cl,1.0,vuskovic.cl
s23.trafficdeposit.com,0.0,trafficdeposit.com
fibrxqdiksysoyu643iq-f-36ad03d7b-clientnsv4-s.akamaihd.net,0.0,akamaihd.net
interpol.ws,1.0,interpol.ws
hl4xalax2cgiayu6yika-f-eda47f041-clientnsv4-s.akamaihd.net,0.0,akamaihd.net
portalsouls.fun,1.0,portalsouls.fun
api-glb-tpe.smoot.apple.com,0.0,apple.com
skyscraper.autodesk.com,0.0,autodesk.com
www-gostats-org.webvpn.sysu.edu.cn,0.0,edu.cn
tempserver.space,1.0,tempserver.space
english.www.gov.cn,0.0,gov.cn
efitacademy.com.au,1.0,com.au
pqorjadl.page.link,1.0,page.link
netelvideo.com,1.0,netelvideo.com
537-ipv4e.clump.dprodmgd105.aa-rt.sharepoint.com,0.0,sharepoint.com
marksidfgs.ug,1.0,marksidfgs.ug
efhamcomputer.com,1.0,efhamcomputer.com
ascent.edu.my,1.0,edu.my
edge-017.sgsin8.icloud-content.com,0.0,icloud-content.com
pzbmqmelqffr.sysu.edu.cn,0.0,edu.cn
zfswyvnp.page.link,1.0,page.link
gfs206n107.userstorage.mega.co.nz,0.0,co.nz
factorychampionshiprings.com,1.0,factorychampionshiprings.com
eims-pdf.sf-express.com,0.0,sf-express.com
secured.dailymail.co.uk,0.0,co.uk
res.x5m.qq.com,0.0,qq.com
120-236-174-223_s-23-48-201-42_ts-1654591204-clienttons-s.akamaihd.net,0.0,akamaihd.net
www.mspoweruser.com,0.0,mspoweruser.com
50.121.233.62.sbl.spamhaus.org,0.0,spamhaus.org
vtbteckt.page.link,1.0,page.link
pengalih.com,1.0,pengalih.com
iwmbuzz.com,0.0,iwmbuzz.com
gradenet.ng,1.0,gradenet.ng
nnemvyqo.page.link,1.0,page.link
b6gfw1.tdum.alibaba.com,0.0,alibaba.com
ipop.sina.com.tw,0.0,com.tw
wqvcafwinyv.sysu.edu.cn,0.0,edu.cn
only-71821-117-136-12-114.nstool.netease.com,0.0,netease.com
sahlmnh.vizvaz.com,1.0,vizvaz.com
tanakakoichi.com,1.0,tanakakoichi.com
cn.piliapp.com,0.0,piliapp.com
93ae8050d6254dee975b9762b022388f.fp.measure.office.com,0.0,office.com
pcqhsubq.page.link,1.0,page.link
xcebkdmt.page.link,1.0,page.link
cfs10.blog.daum.net,1.0,daum.net
sdg-gss.zju.edu.cn,0.0,edu.cn
hbm.sync.oystergardens.club,1.0,oystergardens.club
teamdioxide.com,1.0,teamdioxide.com
m.cy.17house.com,0.0,17house.com
khushheart.com,1.0,khushheart.com
lijingzhidetaipingyang.lofter.com,0.0,lofter.com
ailtariel.gitee.io,0.0,gitee.io
grcom.huya.com,0.0,huya.com
allamehellischool.ir,1.0,allamehellischool.ir
iconpark.oceanengine.com,0.0,oceanengine.com
mobile.infobip.com,0.0,infobip.com
pipedrive-experts.ca,1.0,pipedrive-experts.ca
midlightsoft.com,1.0,midlightsoft.com
gg81fnew.oss-accelerate.aliyuncs.com,1.0,aliyuncs.com
6613a1e310284df4a2212d8113ccaee5.fp.measure.office.com,0.0,office.com
16-0.19-a7000071.30083.170c.c6b.3ea5.210.0.6fv5hsi93pstqi1ce7ae19gggt.avts.mcafee.com,0.0,mcafee.com
post-cn-09k1yvuiz18.mqtt.aliyuncs.com,0.0,aliyuncs.com
www.51hei.com,0.0,51hei.com
vvdhymrp.page.link,1.0,page.link
c6a2c3c9d9f365447073c1ed134e6552.safeframe.googlesyndication.com,0.0,googlesyndication.com
5b5bca92682052e520c4ca4a733516dd.safeframe.googlesyndication.com,0.0,googlesyndication.com
seatapps.ma,1.0,seatapps.ma
api.smartrip.comm.miui.com.www.tendawifi.com,0.0,tendawifi.com
kalaiyatv.com,1.0,kalaiyatv.com
img.redbull.com,0.0,redbull.com
english.tjmu.edu.cn,0.0,edu.cn
mobiletoilet.lk,1.0,mobiletoilet.lk
w4dasvax2nwjayu7eilq-f-367b20f0d-clientnsv4-s.akamaihd.net,0.0,akamaihd.net
u.ldmnq.com,0.0,ldmnq.com
villaartwork.com,1.0,villaartwork.com
9gowxc.tdum.alibaba.com,0.0,alibaba.com
geete-dz.com,1.0,geete-dz.com
ddd21e3bf9999274a2b46f6af89c5dd9.safeframe.googlesyndication.com,0.0,googlesyndication.com
quickchatroomx.com,1.0,quickchatroomx.com
53cd47971b354f09b6d4d083c5eb47fc.fp.measure.office.com,0.0,office.com
storeapi.kobo.com,0.0,kobo.com
w4dasvdimj2tayu7afkq-f-2bd181bd3-clientnsv4-s.akamaihd.net,0.0,akamaihd.net
only-908421-223-104-67-92.nstool.netease.com,0.0,netease.com
w4dasvfydj7usyu6sgvq-f-edcfa99ba-clientnsv4-s.akamaihd.net,0.0,akamaihd.net
zj2fdlixfqz3eyu6m2qa-f-9ace644ba-clientnsv4-s.akamaihd.net,0.0,akamaihd.net
only-870841-223-104-63-115.nstool.netease.com,0.0,netease.com
w4dasvaxfdy4syu7iyzq-f-943f31b38-clientnsv4-s.akamaihd.net,0.0,akamaihd.net
a4628.casalemedia.com,0.0,casalemedia.com
english.colostate.edu,0.0,colostate.edu
primehealthnews.net,1.0,primehealthnews.net
spinnerhigh.com,1.0,spinnerhigh.com
darhijamacademy.ma,1.0,darhijamacademy.ma
lastcastlemeuble.com,1.0,lastcastlemeuble.com
tellodesk.com,1.0,tellodesk.com
secgw-na61-na62.wagbridge.alibaba.taobao.com,0.0,taobao.com
meme2022.taobao.com,0.0,taobao.com
ratt.juno.ea.com,0.0,ea.com
9b9595b765ed09dc6c3bba44b73d753a.safeframe.googlesyndication.com,0.0,googlesyndication.com
hw-bj-live-comet-06.chat.bilibili.com,0.0,bilibili.com
silkylearning.com,1.0,silkylearning.com
zdqqb-my.sharepoint.com,0.0,sharepoint.com
api.wantwords.net,0.0,wantwords.net
prestigetyreandautosolutions.co.uk,1.0,co.uk
53a9d0bf089941cca93a547ec6347a25.fp.measure.office.com,0.0,office.com
seyma.co,1.0,seyma.co
jroconstrucciones.com.mx,1.0,com.mx
ir-an.faqserv.com,1.0,faqserv.com
eratek.co.id,1.0,co.id
a1sportings.com,1.0,a1sportings.com
infoq.com,0.0,infoq.com
obcxszed.page.link,1.0,page.link
www.dsb.cn,0.0,dsb.cn
gfs214n173.userstorage.mega.co.nz,0.0,co.nz
sonrisethefilm.com,1.0,sonrisethefilm.com
changes.en.softonic.com,0.0,softonic.com
srxccnpcqff.sysu.edu.cn,0.0,edu.cn
sentinelexplorer.xyz,1.0,sentinelexplorer.xyz
gdb.qq.com,0.0,qq.com
edi6jgnosf.execute-api.us-west-2.amazonaws.com,0.0,amazonaws.com
54.sysu.edu.cn,0.0,edu.cn
edge-056.hktko1.icloud-content.com,0.0,icloud-content.com
a688a2c6fb8f9828943f08da14218cde6.profile.fra60-p1.cloudfront.net,0.0,cloudfront.net
hnhcdsxpmuaecyp.sysu.edu.cn,0.0,edu.cn
usaproductsforsale.shop,1.0,usaproductsforsale.shop
www.mobile.de,0.0,mobile.de
esoevkhl.page.link,1.0,page.link
aagict.com,1.0,aagict.com
48.20.45.185.sbl.spamhaus.org,0.0,spamhaus.org
p27-fmf.icloud.com,0.0,icloud.com
beautyandcare.cl,1.0,beautyandcare.cl
www.itsk.com,0.0,itsk.com
yq.fjsen.com,0.0,fjsen.com
soporte-octopia.com.ar,1.0,com.ar
2d41dp.tdum.alibaba.com,0.0,alibaba.com
afmanagers.com.ng,1.0,com.ng
hmhreopd.page.link,1.0,page.link
2217919872.docs.qq.com,0.0,qq.com
glmazgom.page.link,1.0,page.link
shop106789982.m.youzan.com,0.0,youzan.com
w4dasvaxh5fdcyu6p6vq-px3s4s-578767007-clientnsv4-s.akamaihd.net,0.0,akamaihd.net
ip260027942.ahcdn.com,0.0,ahcdn.com
e20989c0832249a7bfe879f90309b6a5.fp.measure.office.com,0.0,office.com
adsfs.fartit.com,1.0,fartit.com
www.wonderplugin.com,0.0,wonderplugin.com
arnsms.ir,1.0,arnsms.ir
apis.live.net,0.0,live.net
zgumdshi.page.link,1.0,page.link
stay2book.com,1.0,stay2book.com
120-236-174-210_s-23-196-47-105_ts-1654617268-clienttons-s.akamaihd.net,0.0,akamaihd.net
engr-kelvin.com,1.0,engr-kelvin.com
ibsbmgvytusyg.sysu.edu.cn,0.0,edu.cn
licensing.enscape3d.com,0.0,enscape3d.com
d673a3b7b29edddef1f35b7609b21ef3.safeframe.googlesyndication.com,0.0,googlesyndication.com
af72be0e0a4e83813d41600d7821bfa8.safeframe.googlesyndication.com,0.0,googlesyndication.com
regaloscaos.es.ht,1.0,es.ht
deped-divisionofborongancity.com,1.0,deped-divisionofborongancity.com
eazywebsolution.com,1.0,eazywebsolution.com
dianzan.china.com,0.0,china.com
wh.sysu.edu.cn,0.0,edu.cn
uc2dde06dfda4495703517a59e75.dl.dropboxusercontent.com,1.0,dropboxusercontent.com
fximgbssdl.kugou.com,0.0,kugou.com
snaveenkumar.in,1.0,snaveenkumar.in
tulancingo.sysu.edu.cn,0.0,edu.cn
inspiroduo.hr,1.0,inspiroduo.hr
bc5727176e427b682258bf32982af2d3.safeframe.googlesyndication.com,0.0,googlesyndication.com
f356c848e68495736725eae7a55ed224.safeframe.googlesyndication.com,0.0,googlesyndication.com
us.louisvuitton.com,0.0,louisvuitton.com
jangidmotors.com,1.0,jangidmotors.com
fzzjuzuc.page.link,1.0,page.link
ad.dev.360.cn,0.0,360.cn
trimadeco.com,1.0,trimadeco.com
primasaga.co.id,1.0,co.id
instantviral.de,1.0,instantviral.de
yagneek.com,1.0,yagneek.com
img.res.meizu.com,0.0,meizu.com
zpqronsv.page.link,1.0,page.link
04065af3b4abb829bb3e75a7ec2a5dc6.safeframe.googlesyndication.com,0.0,googlesyndication.com
e69412372e8822bd87570ab2672badaf.safeframe.googlesyndication.com,0.0,googlesyndication.com
weddingbo-1256393015.cos.ap-chengdu.myqcloud.com,0.0,myqcloud.com
www.uwo.ca,0.0,uwo.ca
kaizen.pk,1.0,kaizen.pk
gyaqskkems.sysu.edu.cn,0.0,edu.cn
bbvjjkx.sysu.edu.cn,0.0,edu.cn
gxyen.lzu.edu.cn,0.0,edu.cn
sah.faqserv.com,1.0,faqserv.com
6065f7f28be475431b326b51f25acc39.safeframe.googlesyndication.com,0.0,googlesyndication.com
9319e5a5f75aa23217ee70c4f4f23694.safeframe.googlesyndication.com,0.0,googlesyndication.com
acfb62639fe710d3ade78df021c7bedb.safeframe.googlesyndication.com,0.0,googlesyndication.com
unasd.org,1.0,unasd.org
bn2jgu.tdum.alibaba.com,0.0,alibaba.com
smprintingca.com,1.0,smprintingca.com
fujifilm-x.com,0.0,fujifilm-x.com
mgbrojkd.page.link,1.0,page.link
wireless.egr.uh.edu,0.0,uh.edu
sthjt.sc.gov.cn,0.0,gov.cn
arxfwqmn.page.link,1.0,page.link
ruskompromat.com,1.0,ruskompromat.com
dinero.vedantu.com,0.0,vedantu.com
kavoshpos.com,1.0,kavoshpos.com
semarangit.com,1.0,semarangit.com
zixun.iciba.com,0.0,iciba.com
7886f83251240fa0392b5a37ccfc0c75.safeframe.googlesyndication.com,0.0,googlesyndication.com
p26-keyvalueservice.icloud.com.cn,0.0,com.cn
519ef1e9ecea49c4bb4e672c4ed86824.fp.measure.office.com,0.0,office.com
w4dasvaxhp6icyu6hkia-f-ec7361843-clientnsv4-s.akamaihd.net,0.0,akamaihd.net
unnatisansthan.org,1.0,unnatisansthan.org
zeytuni.net,1.0,zeytuni.net
livevod.jia.360.cn,0.0,360.cn
890621985-a868s0b831b78.rc03.oray.com,0.0,oray.com
hamzarentacarislamabad.com,1.0,hamzarentacarislamabad.com
sykmm.com,1.0,sykmm.com
ofiprintsas.com,1.0,ofiprintsas.com
survey.ykasandbox.com,1.0,ykasandbox.com
noahhausner.icu,1.0,noahhausner.icu
old.lib.swjtu.edu.cn,0.0,edu.cn
media.ebby.com,1.0,ebby.com
p105-fmipmobile.icloud.com,0.0,icloud.com
ezmqqcqj.sysu.edu.cn,0.0,edu.cn
1f349a8678c8a1a6918ea3860e795999.safeframe.googlesyndication.com,0.0,googlesyndication.com
2fde37d7dbd708d3f302c4fc31d2bde2.safeframe.googlesyndication.com,0.0,googlesyndication.com
kbdaoqbfj.sysu.edu.cn,0.0,edu.cn
ppski.or.id,1.0,or.id
bae136f6c2be45508b30d0808a48182d.fp.measure.office.com,0.0,office.com
newyorkncfrankfort.ligamusim365.com,1.0,ligamusim365.com
highskyshipping.com,1.0,highskyshipping.com
5493tblciov3mkngfximjpqaens3ygrjnv3kg27426b80531bc4ee5cfsac.d.aa.online-metrix.net,0.0,online-metrix.net
analy-engine.xgimi.com,0.0,xgimi.com
sen3tors.linkpc.net,1.0,linkpc.net
kobena.com.my,1.0,com.my
1rxgqu.tdum.alibaba.com,0.0,alibaba.com
7fpnjg.tdum.alibaba.com,0.0,alibaba.com
geopin.co.ke,1.0,co.ke
cname-ivideoonrt-stsdk.vivo.com.cn,0.0,com.cn
chandanbala.com,1.0,chandanbala.com
cdn.exp.xiaomi.com.www.tendawifi.com,0.0,tendawifi.com
fatihpres.com,1.0,fatihpres.com
231ed3a26b3377467bec7ed51f65f001.safeframe.googlesyndication.com,0.0,googlesyndication.com
ae9febda8d032410af60ec45ecff3b40.safeframe.googlesyndication.com,0.0,googlesyndication.com
zhaopin.esnai.com,0.0,esnai.com
rupbasanjayapura.com,1.0,rupbasanjayapura.com
fapeuzsj.sysu.edu.cn,0.0,edu.cn
c-0.19-a3000011.29400c3.16a8.b69.3ea5.210.0.hjzi6l6wew9km38canl284trjb.avts.mcafee.com,0.0,mcafee.com
autrequotidien.bj,1.0,autrequotidien.bj
owbznyhf.page.link,1.0,page.link
swgutoyszfj.jnu.edu.cn,0.0,edu.cn
quantum-computing.ibm.com,0.0,ibm.com
view.email.taylorandfrancis.com,0.0,taylorandfrancis.com
enegar.com,1.0,enegar.com
adl-bn.my03.com,1.0,my03.com
8genmadencilik.com.tr,1.0,com.tr
mneonsigns.com,1.0,mneonsigns.com
res.faqserv.com,1.0,faqserv.com
966888c3b6fdcb9e555e08979dd6e6da.safeframe.googlesyndication.com,0.0,googlesyndication.com
llvevqmn.page.link,1.0,page.link
ethar-relief.org,1.0,ethar-relief.org
nhjbcucy.page.link,1.0,page.link
salemgroups.com,1.0,salemgroups.com
koawere-my.sharepoint.com,0.0,sharepoint.com
1qubed.com,1.0,1qubed.com
3000000004194413.hybrid.miniapp.taobao.com,0.0,taobao.com
stage-vaujany.escrime-parmentier.fr,1.0,escrime-parmentier.fr
news.lcf.ccb.com,0.0,ccb.com
asinval.cl,1.0,asinval.cl
299fb9f7d0b64d40969a77e8d9d07997.fp.measure.office.com,0.0,office.com
cottoncrumbs.com,1.0,cottoncrumbs.com
nunotel.net,1.0,nunotel.net
518f625e22e34cd38f11cb7c672e3c3e.fp.measure.office.com,0.0,office.com
mail.services.live.com,0.0,live.com
qnet-report2.wetest.qq.com,0.0,qq.com
dcdown.pc6.com,0.0,pc6.com
selfservice-mng-cn.hihonor.com,0.0,hihonor.com
mohammadigroup.com,1.0,mohammadigroup.com
gpexpatservices.com,1.0,gpexpatservices.com
nobshomeinsurance.com,1.0,nobshomeinsurance.com
gudanidevelopment.ge,1.0,gudanidevelopment.ge
sastonru.page.link,1.0,page.link
rqmxmasomehj.sysu.edu.cn,0.0,edu.cn
zj2fdlixfqz3eyu6lipq-f-f66173bc9-clientnsv4-s.akamaihd.net,0.0,akamaihd.net
p110-drivews.icloud.com,0.0,icloud.com
d.spf.service-now.com,0.0,service-now.com
vipfgmhm.page.link,1.0,page.link
w4dasvaxhswuqyu7lsqq-f-16ae2f420-clientnsv4-s.akamaihd.net,0.0,akamaihd.net
cdn2-unrealengine-1251447533.file.myqcloud.com,0.0,myqcloud.com
93003094c72f4359afaee2cb82f8ddc0.fp.measure.office.com,0.0,office.com
orgoniteplus.net,1.0,orgoniteplus.net
fastdnkaaa.ffox.site,1.0,ffox.site
laptoprepairnearme.in,1.0,laptoprepairnearme.in
colegioignacioallende.edu.mx,1.0,edu.mx
uth.gr,0.0,uth.gr
huanggroup-ch.ucas.ac.cn,0.0,ac.cn
122.192.84.99.sbl.spamhaus.org,0.0,spamhaus.org
mymetaldekorasyon.com,1.0,mymetaldekorasyon.com
thiswayafrica.com,1.0,thiswayafrica.com
dr4ma8.tdum.alibaba.com,0.0,alibaba.com
zj2fdlixfqz3eyu6mypq-f-2f7000d65-clientnsv4-s.akamaihd.net,0.0,akamaihd.net
lebens-elemente.com,1.0,lebens-elemente.com
dswimyyqfnzpwp.sysu.edu.cn,0.0,edu.cn
cienporcientopurosurf.cl,1.0,cienporcientopurosurf.cl
f6b6a78a8f1a48f6a73f790a4017018f.fp.measure.office.com,0.0,office.com
ede72dda33261d6ea0f3c77ab5390632.safeframe.googlesyndication.com,0.0,googlesyndication.com
5dca103c9a47e3acc53c2707fde20c8d.safeframe.googlesyndication.com,0.0,googlesyndication.com
seed-swallow.siri.apple.com,0.0,apple.com
topfreelancingbd.com,1.0,topfreelancingbd.com
rbarcia.pt,1.0,rbarcia.pt
www.dpmms.cam.ac.uk,0.0,ac.uk
yx-voice.oss-cn-shanghai.aliyuncs.com,0.0,aliyuncs.com
dfsroofing.co.uk,1.0,co.uk
pic-comment-shoulei-ssl.xunlei.com,0.0,xunlei.com
damnedrpg.site,1.0,damnedrpg.site
hydra.com.my,1.0,com.my
spsvlwkbtylig.sysu.edu.cn,0.0,edu.cn
hranp10.gbbs8.cc,1.0,gbbs8.cc
1b4c8cc6620d9cc3dd30c762d2999374.safeframe.googlesyndication.com,0.0,googlesyndication.com
f2429dc807d848db8e53e5692c62c313.fp.measure.office.com,0.0,office.com
bose.vtuner.com,0.0,vtuner.com
stemmanuelhospital.com.ng,1.0,com.ng
sdfhusdf-1252681487.cos.ap-chengdu.myqcloud.com,1.0,myqcloud.com
my-best.tw,0.0,my-best.tw
yosivebn.www.tendawifi.com,0.0,tendawifi.com
p68-streams-china.icloud.com,0.0,icloud.com
p212-caldav.icloud.com.cn,0.0,com.cn
ecwty5.tdum.alibaba.com,0.0,alibaba.com
mail.srg.az,1.0,srg.az
e93802ab11c46206d138b0f87bd6d816.safeframe.googlesyndication.com,0.0,googlesyndication.com
5493tblc6bgkopvunc2kghhgh6pmbg4dannhgz3w060016ae631b1dbfsac.d.aa.online-metrix.net,0.0,online-metrix.net
agenciapublicidadesaopaulo.com.br,1.0,com.br
desentupidorabonner.com.br,1.0,com.br
dsp-test-x.jd.com,0.0,jd.com
ksstpwjwzttfv.sysu.edu.cn,0.0,edu.cn
confradpar.com.br,1.0,com.br
webstat.ws.126.net,0.0,126.net
hazelightl0011.ea.com,0.0,ea.com
freitasautocenter.com.br,1.0,com.br
olimartesser.com.br,1.0,com.br
mastepbookshop.com,1.0,mastepbookshop.com
mudardevidaja.com.br,1.0,com.br
kqlltsefqqr.sysu.edu.cn,0.0,edu.cn
www.roboticaeducativa.pe,1.0,roboticaeducativa.pe
uhkeoteexlseaxf.sysu.edu.cn,0.0,edu.cn
qwerty.liumingye.cn,0.0,liumingye.cn
alquranonlineschool.com,1.0,alquranonlineschool.com
dbd25138903f128a00492aa8eaa420a1.safeframe.googlesyndication.com,0.0,googlesyndication.com
vjuymxcq.page.link,1.0,page.link
taobao.fanli.com,0.0,fanli.com
lm-proxy-204-141-179-103.igg.com,0.0,igg.com
wwi.lanzoum.com,0.0,lanzoum.com
p54-sharedstreams.icloud.com,0.0,icloud.com
ext-ep4p.ws.netease.com,0.0,netease.com
lweoyx.haiertelevisao.sa.com,1.0,sa.com
72k6ns9atwxlu75ycki3xzg6dizwc47ga6ijd3hs819e7ebd0c71f9e4sac.d.aa.online-metrix.net,0.0,online-metrix.net
hermanaluzangelica.com,1.0,hermanaluzangelica.com
grfpn.cloudid.coffeeonboard.com,1.0,coffeeonboard.com
benchmarkcell.com,1.0,benchmarkcell.com
game.clashofclans.com,0.0,clashofclans.com
dlapqenx.page.link,1.0,page.link
tamxwuid.page.link,1.0,page.link
shop1335540589.v.weidian.com,0.0,weidian.com
tdata.lt,1.0,tdata.lt
gobelmarine.com,1.0,gobelmarine.com
careersreach.com,1.0,careersreach.com
dptkhclk.page.link,1.0,page.link
mitica.eu,1.0,mitica.eu
w4dasvaxfdy4syu7bxpa-f-330c2b41e-clientnsv4-s.akamaihd.net,0.0,akamaihd.net
ooznplvi.page.link,1.0,page.link
corsa.com.pe,1.0,com.pe
e-commerce.saleensuporte.com.br,1.0,com.br
meeting.tencent.com,0.0,tencent.com
o29.p38.mailjet.com,0.0,mailjet.com
kwepaddc00013.china.huawei.com,0.0,huawei.com
jakj.settings.oysterfloats.org,1.0,oysterfloats.org
jioexert.online,1.0,jioexert.online
a.c-0.19-240f5801.c070081.1838.1c44.410a.400.9d.6t7pd8s5j5a1c8afvzn2ancm4t.avqs.mcafee.com,0.0,mcafee.com
2c6cce9216cb4128a4854b41b1600bc0.fp.measure.office.com,0.0,office.com
e30eda6ca1b3c8353c6bac6ea1ac009e.safeframe.googlesyndication.com,0.0,googlesyndication.com
492af55cfbcc883762f2dfdb0637b6de.safeframe.googlesyndication.com,0.0,googlesyndication.com
b5f13b967cab7b15cbc569f31697abdb.safeframe.googlesyndication.com,0.0,googlesyndication.com
forgetfulbc.blogspot.com,0.0,blogspot.com
gonow.cl,1.0,gonow.cl
networthwhistler.com.ng,1.0,com.ng
adffs.faqserv.com,1.0,faqserv.com
jafm.com.mx,1.0,com.mx
9feebb9c6ed044ef859afc22fc461fb0.fp.measure.office.com,0.0,office.com
hyy.fadada.com,0.0,fadada.com
clubedetoxdaalma.com.br,1.0,com.br
fbhxtg.dm.files.1drv.com,0.0,1drv.com
ebank1.ccb.com,0.0,ccb.com
cabrinimed.com,1.0,cabrinimed.com
6.109.192.35.bc.googleusercontent.com,1.0,googleusercontent.com
gjekqhry.page.link,1.0,page.link
medcenter.app.br,1.0,app.br
simsekmetal.com,1.0,simsekmetal.com
84.134.87.52.sbl.spamhaus.org,0.0,spamhaus.org
sheffield.edu.np,1.0,edu.np
baklava.az,1.0,baklava.az
api-product.akspeedy.com,0.0,akspeedy.com
r5---sn-8xgp1vo-xfge.googlevideo.com,0.0,googlevideo.com
svr-cns-adc-01.mgc.mentorg.com,0.0,mentorg.com
s2.static.jjwxc.net,0.0,jjwxc.net
zbzx.webvpn.sysu.edu.cn,0.0,edu.cn
5290b41671a21c69097cef4ea6b4ac1a.safeframe.googlesyndication.com,0.0,googlesyndication.com
2899ed4563742b75f8eaa65e784cc6e2.safeframe.googlesyndication.com,0.0,googlesyndication.com
moazcyqm.page.link,1.0,page.link
brunaviolaoficial.com.br,1.0,com.br
helpdeskhosting.co.zw,1.0,co.zw
www.423down.com,0.0,423down.com
latienditaexpress.com,1.0,latienditaexpress.com
smpapi.abchina.com,0.0,abchina.com
aqwwmyeqo.www.tendawifi.com,0.0,tendawifi.com
lib4ever.xyz,1.0,lib4ever.xyz
afiyatok.com,1.0,afiyatok.com
fixist.de,1.0,fixist.de
tnkdeals.com,1.0,tnkdeals.com
e4476ec4e00173a571f61f8c0a196c50.safeframe.googlesyndication.com,0.0,googlesyndication.com
d1aadi0iayibtc.cloudfront.net,0.0,cloudfront.net
1528041e18f12a1ea95f7fda505bad1e.safeframe.googlesyndication.com,0.0,googlesyndication.com
gpcorporate.co.za,1.0,co.za
fundacionsantasofiadeasis.com,1.0,fundacionsantasofiadeasis.com
yogayoga.ie,1.0,yogayoga.ie
25a91b57f6d8e5b454c4e6f64798a30b.dlied1.cdntips.net,0.0,cdntips.net
waldorfenergy.com,1.0,waldorfenergy.com
api.vogue.com,0.0,vogue.com
estudioalmiron.com,1.0,estudioalmiron.com
www.mnhs.org,0.0,mnhs.org
c-0.19-a7000081.30081.170c.c6b.3ea5.200.0.wic9zmnqc9v2npnni7grbc6nkj.avts.mcafee.com,0.0,mcafee.com
zoomsjcan213zc.sjc.zoom.us,0.0,zoom.us
conoids.com,0.0,conoids.com
npgbxmjh.page.link,1.0,page.link
missionforex.com,1.0,missionforex.com
bqnkuoni.page.link,1.0,page.link
aaaffc24e325ebcb6b9364ba6394b1ca.safeframe.googlesyndication.com,0.0,googlesyndication.com
flowersaffairs.com,1.0,flowersaffairs.com
hihfpnda.page.link,1.0,page.link
obmcj.scheme.corycabana.net,1.0,corycabana.net
oohna.on.ca,1.0,on.ca
72k6ns9af5x4jfna3zz45rbdoulspb6vyleliv4i7f4f32ad514dea85sac.d.aa.online-metrix.net,0.0,online-metrix.net
19dm82.info,1.0,19dm82.info
614a94d1c6d87.site.ez2q5.cn,0.0,ez2q5.cn
guzpanel.quest,1.0,guzpanel.quest
zonakaptenjp.online,1.0,zonakaptenjp.online
3513xunyangjian.taobao.com,0.0,taobao.com
wpconversionking.com,1.0,wpconversionking.com
6h3jpu.tdum.alibaba.com,0.0,alibaba.com
vayzwrag.page.link,1.0,page.link
miraflores.com.br,1.0,com.br
uwzxsbgh.page.link,1.0,page.link
w4dasvdildgkayu7owaa-f-e12650fef-clientnsv4-s.akamaihd.net,0.0,akamaihd.net
yugenkatsu.online,1.0,yugenkatsu.online
designcollections.pe,1.0,designcollections.pe
kitesimmigration.com,1.0,kitesimmigration.com
rozgarmitra.site,1.0,rozgarmitra.site
ocedjuwn.page.link,1.0,page.link
connecticutmejuneau.applyforutr.com,1.0,applyforutr.com
bendaharasbs.my.id,1.0,my.id
hiro-af.org,1.0,hiro-af.org
44700f6174df45998de2a660c350641f.fp.measure.office.com,0.0,office.com
aee18e1c09ac1db9c909cc6c468b83a7.rdt.tfogc.com,0.0,tfogc.com
aparatefitness.info,1.0,aparatefitness.info
eromazofu.com,0.0,eromazofu.com
altenara.com,1.0,altenara.com
cl.7089x.xyz,0.0,7089x.xyz
flyingonajetplane.files.wordpress.com,0.0,wordpress.com
theprimacare.in,1.0,theprimacare.in
wbrpwrtdr.www.tendawifi.com,0.0,tendawifi.com
pintureriastokyo.com,1.0,pintureriastokyo.com
benitofoods.com,1.0,benitofoods.com
skaleup.co.uk,1.0,co.uk
dkrhxbqza.sysu.edu.cn,0.0,edu.cn
gnrbmyul.page.link,1.0,page.link
only-799949-223-104-67-99.nstool.netease.com,0.0,netease.com
ltcskbqj.page.link,1.0,page.link
fundcfhapi.1234567.com.cn,0.0,com.cn
9b9245870aa39257268222ed96a94d87.safeframe.googlesyndication.com,0.0,googlesyndication.com
8e3ae864ee82b3bee5717ab32c12c16f.safeframe.googlesyndication.com,0.0,googlesyndication.com
esteraviation.com,1.0,esteraviation.com
sultranenterprises.com,1.0,sultranenterprises.com
albertwashington.art,1.0,albertwashington.art
dingzhi.pchouse.com.cn,0.0,com.cn
centerdenti.com,1.0,centerdenti.com
cd84d3872b144ae1b60f8accd38c3150.fp.measure.office.com,0.0,office.com
jontbshhayjb.sysu.edu.cn,0.0,edu.cn
r5---sn-aigzrn7z.googlevideo.com,0.0,googlevideo.com
maxguenter.de,1.0,maxguenter.de
jackantonio.top,1.0,jackantonio.top
dilidili.io,0.0,dilidili.io
81.zssom.sysu.edu.cn,0.0,edu.cn
zlib.1kbtool.com,0.0,1kbtool.com
h4ac.com,1.0,h4ac.com
f5593c6db9c9438aa23a52c10ad7f8eb.fp.measure.office.com,0.0,office.com
ok.oclc.org,0.0,oclc.org
nkhddfrgjii.sysu.edu.cn,0.0,edu.cn
caf68a7bdd07c0f588fc7df0a4dc2c0d.safeframe.googlesyndication.com,0.0,googlesyndication.com
nawcgcgh.page.link,1.0,page.link
arihantinfrastructure.com,1.0,arihantinfrastructure.com
nasmis28.autodesk360.com,1.0,autodesk360.com
pollosantiago.com,1.0,pollosantiago.com
11735268.fls.doubleclick.net,0.0,doubleclick.net
fairwayslogistics.org,1.0,fairwayslogistics.org
d46cfe24d3368384c6735fa0fa6e3d3b.safeframe.googlesyndication.com,0.0,googlesyndication.com
www.bridge.t.u-tokyo.ac.jp,0.0,ac.jp
38.88.217.52.sbl.spamhaus.org,0.0,spamhaus.org
www.linguee.com,0.0,linguee.com
mxa-00581301.gslb.pphosted.com,0.0,pphosted.com
eboka.vip,1.0,eboka.vip
d3ffpvi6rqe6s4.cloudfront.net,0.0,cloudfront.net
3332223838cd4a05a7f1985a0181162a.fp.measure.office.com,0.0,office.com
www.hao12356e8.daohang.goododo.com,0.0,goododo.com
mainenhjackson.coinsilicon.com,1.0,coinsilicon.com
mina.chachaba.com,0.0,chachaba.com
nocknock.io,1.0,nocknock.io
kbyqycfi.page.link,1.0,page.link
borgomaira.it,1.0,borgomaira.it
acaexcek.sysu.edu.cn,0.0,edu.cn
irsarjhxzifnoy.sysu.edu.cn,0.0,edu.cn
21ada87c1ae7478b9d23a0664e3ed0fd.fp.measure.office.com,0.0,office.com
ranmabooks.com,1.0,ranmabooks.com
adl-jv.my03.com,1.0,my03.com
e54e60e691736fd57666004d08465484.safeframe.googlesyndication.com,0.0,googlesyndication.com
5gmcsip04.dbq.rcs.chinamobile.com,0.0,chinamobile.com
colegioparroquialaconsolata.edu.co,1.0,edu.co
i93.lanzoug.com,0.0,lanzoug.com
gaiapeyzaj.com.tr,1.0,com.tr
d1sqcuczy37e01.cloudfront.net,0.0,cloudfront.net
skillxglobal.com,1.0,skillxglobal.com
ong-rafaa.org,1.0,ong-rafaa.org
dinfo.chinatimes.com,0.0,chinatimes.com
360clients.in,1.0,360clients.in
gpdiregion1usa.com,1.0,gpdiregion1usa.com
accessflcb.com,1.0,accessflcb.com
empowermobility.com.au,1.0,com.au
36.243.32.212.sbl.spamhaus.org,0.0,spamhaus.org
stim.graspalace.com,1.0,graspalace.com
qziavoyo.page.link,1.0,page.link
skiwebz.com,1.0,skiwebz.com
help.hebnews.cn,0.0,hebnews.cn
server4.dosya.co,1.0,dosya.co
imperiocreativo.com.mx,1.0,com.mx
WEICHINGY-PC.sysu.edu.cn,0.0,edu.cn
vicsthemovingman.net,1.0,vicsthemovingman.net
dnyuciytpsv.sysu.edu.cn,0.0,edu.cn
session.shouji.360.cn,0.0,360.cn
www.update.microsoft.com,0.0,microsoft.com
infralog.cl,1.0,infralog.cl
lpba-ils.com,1.0,lpba-ils.com
e7f7ea78de015abd5944f880d3a05ea2.safeframe.googlesyndication.com,0.0,googlesyndication.com
himalayainternational.in,1.0,himalayainternational.in
d96e229b9d41219d2f4ced87ae1de940.safeframe.googlesyndication.com,0.0,googlesyndication.com
www.wh.sdu.edu.cn,0.0,edu.cn
gwo-training.vn,1.0,gwo-training.vn
t04.videosection.com,0.0,videosection.com
static.zjol.com.cn,0.0,com.cn
kartamus.org,1.0,kartamus.org
kknekepcdqim.sysu.edu.cn,0.0,edu.cn
isbi.aau.at,0.0,aau.at
eduook.com,1.0,eduook.com
mtnfs.com.pk,1.0,com.pk
ezkecwofapk.sysu.edu.cn,0.0,edu.cn
xiong535.blog.csdn.net,0.0,csdn.net
epsdconsulting.com,1.0,epsdconsulting.com
s1.yy.com,0.0,yy.com
carahue.cl,1.0,carahue.cl
successwithoutsacrifice.org,1.0,successwithoutsacrifice.org
d5n6li.tdum.alibaba.com,0.0,alibaba.com
critlcalriver.com,1.0,critlcalriver.com
etnebjihiqq.www.tendawifi.com,0.0,tendawifi.com
plusmag.ro,1.0,plusmag.ro
covers.elsevier.com,0.0,elsevier.com
jcpmuxguln.sysu.edu.cn,0.0,edu.cn
www.politifact.com,0.0,politifact.com
shop924932.m.youzan.com,0.0,youzan.com
zjczs.scu.edu.cn,0.0,edu.cn
ad427e30bd6ec432077eeb257e8b0057.safeframe.googlesyndication.com,0.0,googlesyndication.com
d2c23c70f455ea9db236e19f3f7fdc62.safeframe.googlesyndication.com,0.0,googlesyndication.com
5149e459adad2abe3ba0a5c7866a714d.safeframe.googlesyndication.com,0.0,googlesyndication.com
sou.xa.bendibao.com,0.0,bendibao.com
sdsdryliningandpaintingsolutions.com,1.0,sdsdryliningandpaintingsolutions.com
www.maxmoney.com,1.0,maxmoney.com
files-opensocial.googleusercontent.com,1.0,googleusercontent.com
ds.zhaopin.cn,0.0,zhaopin.cn
triathletellc.com,1.0,triathletellc.com
pi-pac.com,1.0,pi-pac.com
uaesportscarrental.com,1.0,uaesportscarrental.com
rr6---sn-un57sn7z.googlevideo.com,0.0,googlevideo.com
jumabar.co.uk,1.0,co.uk
numberozo.com,1.0,numberozo.com
anbklzxe.page.link,1.0,page.link
99362f483b19c59fdcb029d34b19a0ba.safeframe.googlesyndication.com,0.0,googlesyndication.com
fra.de.distfiles.macports.org,0.0,macports.org
7a98be360cca3c5883d768b5543a8a27.safeframe.googlesyndication.com,0.0,googlesyndication.com
insuranceado.com,1.0,insuranceado.com
h171008.srv22.test-hf.su,1.0,test-hf.su
iuftwplydn.sysu.edu.cn,0.0,edu.cn
jpjbizfk.page.link,1.0,page.link
rodrigofischer.com,1.0,rodrigofischer.com
splusassociates.com,1.0,splusassociates.com
iratijoyerias.com,1.0,iratijoyerias.com
ehknmwjl.page.link,1.0,page.link
ispguwzztvjbcua.jnu.edu.cn,0.0,edu.cn
eba146.tdum.alibaba.com,0.0,alibaba.com
desatempur.id,1.0,desatempur.id
chem-solutions.pe,1.0,chem-solutions.pe
temp.163.com,0.0,163.com
cnvpae.tdum.alibaba.com,0.0,alibaba.com
nwixgim.sysu.edu.cn,0.0,edu.cn
mktrex219.xyz,1.0,mktrex219.xyz
cvrrwahwslgle.sysu.edu.cn,0.0,edu.cn
app.analytics.prd.web1.wipo.int,0.0,wipo.int
saglikdokum.net,1.0,saglikdokum.net
geniuserc.com,1.0,geniuserc.com
geburtstagswunsche.co,1.0,geburtstagswunsche.co
shixin.tianyancha.com,0.0,tianyancha.com
agrifarmequip.com,1.0,agrifarmequip.com
agromusala.ba,1.0,agromusala.ba
www.csi.nus.edu.sg,0.0,edu.sg
ioyuui.xyz,1.0,ioyuui.xyz
0adf9ee701beead174e9a7cdb5da1b99.safeframe.googlesyndication.com,0.0,googlesyndication.com
982546a04c9b18982109ee9e8cbb3f21.safeframe.googlesyndication.com,0.0,googlesyndication.com
sahmn.duia.ro,1.0,duia.ro
a7b725fa31a052e3e6ddcc4e1ff6ce54f.profile.for50-p3.cloudfront.net,0.0,cloudfront.net
wangclmail.sysu.edu.cn,0.0,edu.cn
digvijaygroup.in,1.0,digvijaygroup.in
www.svm.tsinghua.edu.cn,0.0,edu.cn
itspak.com.pk,1.0,com.pk
025078f1b3164c6cbe952c19f100580c.fp.measure.office.com,0.0,office.com
5bchem.ae,1.0,5bchem.ae
jxkgirqe.page.link,1.0,page.link
shimcnfr.page.link,1.0,page.link
72k6ns9aef3qyk4pkpmelgjfc4oig5frliu5lexl3b4c4a9e4cadbc07sac.d.aa.online-metrix.net,0.0,online-metrix.net
swc.cdn.skype.com,0.0,skype.com
slottje.com,1.0,slottje.com
distribucionescastilla.com,1.0,distribucionescastilla.com
login.okta.com,0.0,okta.com
e280cbaeb1f8b89b79f5eefd318c64d8.safeframe.googlesyndication.com,0.0,googlesyndication.com
db97ca2b080e4367fb67ee38b0ecff30.safeframe.googlesyndication.com,0.0,googlesyndication.com
allazeez.in,1.0,allazeez.in
rrrffovk.page.link,1.0,page.link
mqfasysr.page.link,1.0,page.link
nmspapahanaumokuakea.blob.core.windows.net,0.0,windows.net
canvasfisd.info,1.0,canvasfisd.info
ghqpqcnf.sysu.edu.cn,0.0,edu.cn
picwap.soso.com,0.0,soso.com
workfromhomez.com,1.0,workfromhomez.com
1e859a79599545908cf3be2cb71befd8.fp.measure.office.com,0.0,office.com
177.67.208.144.sbl.spamhaus.org,0.0,spamhaus.org
itse.org.in,1.0,org.in
shuiqinling-server-list.oss-cn-beijing.aliyuncs.com,0.0,aliyuncs.com
doorstepcarmechanic.com,1.0,doorstepcarmechanic.com
momolive.work,1.0,momolive.work
howtomake.live,1.0,howtomake.live
tzjymbfdxgjxva.sysu.edu.cn,0.0,edu.cn
travelkoja.net,1.0,travelkoja.net
missendenrailwaymodellers.org.uk,1.0,org.uk
krrzyber.page.link,1.0,page.link
apple.tmall.com,0.0,tmall.com
download.windowsupdate.com,0.0,windowsupdate.com
zj2fdlixfqz3eyu6p52q-f-5a7228be5-clientnsv4-s.akamaihd.net,0.0,akamaihd.net
androidsoft4u.sysu.edu.cn,0.0,edu.cn
shc.fartit.com,1.0,fartit.com
ousdeyh.sysu.edu.cn,0.0,edu.cn
imageupload.io,1.0,imageupload.io
happymix-eg.com,1.0,happymix-eg.com
sfmvcemvyezlcjo.sysu.edu.cn,0.0,edu.cn
jucatyo6.autodesk360.com,1.0,autodesk360.com
adlsf.vizvaz.com,1.0,vizvaz.com
77a3f5480160681a33d27306b90e9cc7.safeframe.googlesyndication.com,0.0,googlesyndication.com
3e8ac9cc37e7f09ced5aeeb763d2225c.safeframe.googlesyndication.com,0.0,googlesyndication.com
depositomh.com,1.0,depositomh.com
72k6ns9anjfw2qdpcgj5l6hoiovsubvkpchrsdeu0e9be97f537f727dsac.d.aa.online-metrix.net,0.0,online-metrix.net
jual.kacangmete.com,1.0,kacangmete.com
nassifenterprise.com,1.0,nassifenterprise.com
406ca7ea13e9466991deb5dc62b23e4d.fp.measure.office.com,0.0,office.com
65c5244978414c85b253a6f15bd23be7.fp.measure.office.com,0.0,office.com
sdn005tanjungselor.sch.id,1.0,sch.id
kyanvmko.sysu.edu.cn,0.0,edu.cn
evesaed.site,1.0,evesaed.site
ishahcouture.com,1.0,ishahcouture.com
c-0.19-a7000081.250481.170c.d2e.3ea5.200.0.39alwwfqdrsspwma4pvl19d5k6.avts.mcafee.com,0.0,mcafee.com
myjuuleuqhgou.sysu.edu.cn,0.0,edu.cn
oiiiapcxogmtey.sysu.edu.cn,0.0,edu.cn
only-462928-120-236-174-231.nstool.netease.com,0.0,netease.com
hjipyrcd.page.link,1.0,page.link
apuntotelecom.com,1.0,apuntotelecom.com
road.issn.org,0.0,issn.org
educonix.com,1.0,educonix.com
ipv6-iaus.trendmicro.com,0.0,trendmicro.com
zzpft.result.garrettcountygranfondo.org,1.0,garrettcountygranfondo.org
syntexltd.com,1.0,syntexltd.com
pawgears.com,1.0,pawgears.com
czii61.tdum.alibaba.com,0.0,alibaba.com
fertelion.com,1.0,fertelion.com
hypotheques514.ca,1.0,hypotheques514.ca
hshx.dgut.edu.cn,0.0,edu.cn
sadrate.monster,1.0,sadrate.monster
khanmandi.com,1.0,khanmandi.com
khanlab.pk,1.0,khanlab.pk
1a6e3f1c2775aba33778bd2fa40862f1.safeframe.googlesyndication.com,0.0,googlesyndication.com
45635bd4ea6d7d054bfdf55bab6963a7.safeframe.googlesyndication.com,0.0,googlesyndication.com
racingclub-saintcernin.fr,1.0,racingclub-saintcernin.fr
only-973146-223-104-67-30.nstool.netease.com,0.0,netease.com
mipanel.me,1.0,mipanel.me
thdpdwbv.page.link,1.0,page.link
ispa-sa.com,1.0,ispa-sa.com
sonotec.cl,1.0,sonotec.cl
adl-qow.mrface.com,1.0,mrface.com
adl-hh.mrface.com,1.0,mrface.com
236.42.66.172.sbl.spamhaus.org,0.0,spamhaus.org
ofc.ai,1.0,ofc.ai
appnfwyaxdbz.sysu.edu.cn,0.0,edu.cn
zjrcjd-1306893675.file.myqcloud.com,0.0,myqcloud.com
6866b574a8290048c5b4919a7f972d56.safeframe.googlesyndication.com,0.0,googlesyndication.com
w4dasvfyd4ameyu6voea-f-9aa3756a0-clientnsv4-s.akamaihd.net,0.0,akamaihd.net
d10zdin3c2kqf3.cloudfront.net,0.0,cloudfront.net
sigmatoolings.com,1.0,sigmatoolings.com
wallysgarageandtowing.com,1.0,wallysgarageandtowing.com
awefulthoughts.com,1.0,awefulthoughts.com
fzzfyjy.cupl.edu.cn,0.0,edu.cn
knockknock.com.mt,1.0,com.mt
excelltronics.co.za,1.0,co.za
healosure.com,1.0,healosure.com
viveaskin.com,1.0,viveaskin.com
ob.ae,1.0,ob.ae
d7c1f264cfba418275e13b4928fd5903759d9da5c50ef47e.dlied1.cdntips.net,0.0,cdntips.net
sirius.supplies,1.0,sirius.supplies
ujcwdwyxrzv.sysu.edu.cn,0.0,edu.cn
bafybeidprhaaovtpr52fpgy22jd2sbvr2axzvoxqnjjadcpdpk4mrb6s6y.ipfs.infura-ipfs.io,0.0,infura-ipfs.io
zpbvl.settings.oysterfloats.org,1.0,oysterfloats.org
zcache.k.sohu.com,0.0,sohu.com
eighttimeseight.com,1.0,eighttimeseight.com
lnxbzkoc.page.link,1.0,page.link
xnypjizw.page.link,1.0,page.link
777341b2fd4d4ac3ae3db5d3e5bca9a0.fp.measure.office.com,0.0,office.com
web-cps.gamersky.com,0.0,gamersky.com
tx-free-imgs.acfun.cn,0.0,acfun.cn
picernicbasket.files.wordpress.com,0.0,wordpress.com
adast-alfn.com,1.0,adast-alfn.com
alumni.scut.edu.cn,0.0,edu.cn
baisakhihotels.com,1.0,baisakhihotels.com
280d7aa76997400490d901bdde9064aa.fp.measure.office.com,0.0,office.com
cargodominant.com.ph,1.0,com.ph
www.umich.edu,0.0,umich.edu
benke.chaoxing.com,0.0,chaoxing.com
zt.cctalk.com,0.0,cctalk.com
bertam.com.my,1.0,com.my
energiinfranusantara.com,1.0,energiinfranusantara.com
shorturl.at,1.0,shorturl.at
charge.tmga.qq.com,0.0,qq.com
d115bfd7c524b7afaa132c5212a31945.safeframe.googlesyndication.com,0.0,googlesyndication.com
a6e6d518e26fcf497d1d68486e6d84e2.safeframe.googlesyndication.com,0.0,googlesyndication.com
flexiblescovarrubias.cl,1.0,flexiblescovarrubias.cl
realsportscast24.co.uk,1.0,co.uk
img.anfuns.cn,0.0,anfuns.cn
187.79.217.52.sbl.spamhaus.org,0.0,spamhaus.org
rezam.pk,1.0,rezam.pk
landing.cgl.co.id,1.0,co.id
aopolo.vn,1.0,aopolo.vn
bdvvwgw.sysu.edu.cn,0.0,edu.cn
organicmaster.in,1.0,organicmaster.in
srv-fattureincloud.de,1.0,srv-fattureincloud.de
storage.xvideos-games.com,0.0,xvideos-games.com
huanjunjitsu.lofter.com,0.0,lofter.com
romvalstudios.com,1.0,romvalstudios.com
dpebrtzj.page.link,1.0,page.link
ee059ce374e6ace4ce1ae4be7674bb17.safeframe.googlesyndication.com,0.0,googlesyndication.com
v5-lite-gzcm06.douyinvod.com,0.0,douyinvod.com
gjeiradwev.sysu.edu.cn,0.0,edu.cn
enzotex.mx,1.0,enzotex.mx
colegiostellamaris.cl,1.0,colegiostellamaris.cl
data6.video.ptqy.gitv.tv.tendawifi.com,0.0,tendawifi.com
bluelemon.ao,1.0,bluelemon.ao
fpcpehnn.page.link,1.0,page.link
rafdavilas.com,1.0,rafdavilas.com
topteam.fr,1.0,topteam.fr
rr3---sn-oguelnle.googlevideo.com,0.0,googlevideo.com
profitlabforbeautybosses.com,1.0,profitlabforbeautybosses.com
journals.copmadrid.org,0.0,copmadrid.org
p34-content.icloud.com.cn,0.0,com.cn
cswr.com.au,1.0,com.au
aviorify.com,1.0,aviorify.com
adf.faqserv.com,1.0,faqserv.com
cdf2db66077c4c65bd627d616b7dcdc5.fp.measure.office.com,0.0,office.com
www.scse.shisu.edu.cn,0.0,edu.cn
ncov.dxy.cn,0.0,dxy.cn
w4dasvaxfdy2syu6yhaq-f-c823b9fae-clientnsv4-s.akamaihd.net,0.0,akamaihd.net
communicalink.com,1.0,communicalink.com
adl-qda.fartit.com,1.0,fartit.com
en-coller.tau.ac.il,0.0,ac.il
201c947276cf4176a6865041d22106d8.fp.measure.office.com,0.0,office.com
www.freshman-443.webvpn.sysu.edu.cn,0.0,edu.cn
ddtecdedetizacao.com.br,1.0,com.br
digisat.tn,1.0,digisat.tn
monitor.gongyi.qq.com,0.0,qq.com
lineit.line.me,0.0,line.me
_.ctc.sysu.edu.cn,0.0,edu.cn
sync-v2.brave.com,0.0,brave.com
dl14.yunpan.360.cn,0.0,360.cn
a-0.19-a7000801.c890081.170c.d0f.3ea5.210.0.w5khzg9vltp9puzic2cmnqwqrt.avts.mcafee.com,0.0,mcafee.com
opanalytics.piwik.pro,0.0,piwik.pro
pastelerosentrerios.com.ar,1.0,com.ar
www.11467.com,0.0,11467.com
hfc17-s3store-bucket-238.s3.nie.netease.com,0.0,netease.com
kriqojup.page.link,1.0,page.link
3d23b7cb310d80b0e3997c8e9b6a5b4b.safeframe.googlesyndication.com,0.0,googlesyndication.com
1468gy.tdum.alibaba.com,0.0,alibaba.com
blog.openai.com,0.0,openai.com
ldt.bn-ent.net,0.0,bn-ent.net
myprojects.sydney,1.0,myprojects.sydney
my-xppen.com,1.0,my-xppen.com
ggu.result.garrettcountygranfondo.org,1.0,garrettcountygranfondo.org
lfr.settings.oysterfloats.org,1.0,oysterfloats.org
bbs.nau.edu.cn,0.0,edu.cn
w4dasvax373seyu6jsfa-f-970db0766-clientnsv4-s.akamaihd.net,0.0,akamaihd.net
cipro.mx,1.0,cipro.mx
p57-contacts.icloud.com.cn,0.0,com.cn
6a1cee2974d9a3418d362b22d87b8ab3.safeframe.googlesyndication.com,0.0,googlesyndication.com
centraldistrict.ro,1.0,centraldistrict.ro
elfinland-school.oss-cn-beijing.aliyuncs.com,0.0,aliyuncs.com
hits.informer.com,0.0,informer.com
phonefixers.com.au,1.0,com.au
thtrsoot.page.link,1.0,page.link
151.144.102.149.sbl.spamhaus.org,0.0,spamhaus.org
92df98bb984842b180d4b7562cedc38c.fp.measure.office.com,0.0,office.com
b4c0e3.tdum.alibaba.com,0.0,alibaba.com
smroller.com,1.0,smroller.com
ojibeqbqx.sysu.edu.cn,0.0,edu.cn
only-921487-112-97-52-1.nstool.netease.com,0.0,netease.com
60490ed4c8a0458b938edd641136df9b.fp.measure.office.com,0.0,office.com
305ad0ff29674c2dbbbcf299e8fef627.fp.measure.office.com,0.0,office.com
476dc4b735f0b40b65cdfb2efaf0f44e.safeframe.googlesyndication.com,0.0,googlesyndication.com
sahama.faqserv.com,1.0,faqserv.com
central-ai.org,1.0,central-ai.org
hycqggfcevxh.sysu.edu.cn,0.0,edu.cn
IN-MUM-ANX-R010.teamviewer.com,0.0,teamviewer.com
bbcf6bdc43c0084b65d5c122a24b672a7.profile.blr50-c2.cloudfront.net,0.0,cloudfront.net
kentuckycaharrisburg.dannykollar.sk,1.0,dannykollar.sk
firststepmail.com,1.0,firststepmail.com
schematize.pw,1.0,schematize.pw
um21.eset.com,0.0,eset.com
DRSTEPHEN.direct.quickconnect.to,0.0,quickconnect.to
greenfieldschool.edu.pk,1.0,edu.pk
hightronix.net,1.0,hightronix.net
gestionfuturaauditores.com,1.0,gestionfuturaauditores.com
10ec527fbb60ee4781f208416b1affd5.safeframe.googlesyndication.com,0.0,googlesyndication.com
sjws-rc.baidu.com,0.0,baidu.com
ma36twegt.oss-accelerate.aliyuncs.com,1.0,aliyuncs.com
4sb7mp.tdum.alibaba.com,0.0,alibaba.com
dev-aeaaybagbeaaybagceaaybagdeaaybageeaaybagfeaaybaggew.pantheonsite.io,1.0,pantheonsite.io
iesanisidrodechocho.edu.co,1.0,edu.co
subdomain.btn.com.pk,1.0,com.pk
11601058.fls.doubleclick.net,0.0,doubleclick.net
sambuilder.com.pk,1.0,com.pk
exipedia.blogspot.com,1.0,blogspot.com
www.3dmgame.com,0.0,3dmgame.com
only-794387-202-75-251-161.nstool.netease.com,0.0,netease.com
motociclistagiapponese.com,1.0,motociclistagiapponese.com
814013109.docs.qq.com,0.0,qq.com
singerlocate.kugou.com,0.0,kugou.com
hl4xaltimsudcyu7gc2a-pflmyc-b15851468-clientnsv4-s.akamaihd.net,0.0,akamaihd.net
taurusprotection.co.za,1.0,co.za
ucd1.oss-cn-shanghai.aliyuncs.com,0.0,aliyuncs.com
rwycclgdsz.sysu.edu.cn,0.0,edu.cn
msg.township-ios.playrix.com,0.0,playrix.com
macrotur.com,1.0,macrotur.com
oeggmvqj.page.link,1.0,page.link
twizt.net,1.0,twizt.net
fdd4c9148eb54f7d87a03306804c6004.fp.measure.office.com,0.0,office.com
kcrgeslo.page.link,1.0,page.link
mini-update.xf.qq.com,0.0,qq.com
metux.com.br,1.0,com.br
asoreambiental.com,1.0,asoreambiental.com
record-manual-hls.cctalk.com,0.0,cctalk.com
e857d292ad125b57caffde43f9b7338f.safeframe.googlesyndication.com,0.0,googlesyndication.com
48fad0f01530a17e77b53c23d3196262.safeframe.googlesyndication.com,0.0,googlesyndication.com
adl-fa.fartit.com,1.0,fartit.com
partner.canva.com,0.0,canva.com
needs.hitsturbo.com,1.0,hitsturbo.com
sev1-thaihometown.com,1.0,sev1-thaihometown.com
dl.dropbox.com,1.0,dropbox.com
calenaglobaltrade.com,1.0,calenaglobaltrade.com
novpara.capital,1.0,novpara.capital
digitalcommons.hope.edu,0.0,hope.edu
AU-SYD-IBM-R010.teamviewer.com,0.0,teamviewer.com
nxeczhwqyvnf.sysu.edu.cn,0.0,edu.cn
publivolumetricos.com,1.0,publivolumetricos.com
admin.scirp.org,0.0,scirp.org
tippingpointsblog.files.wordpress.com,0.0,wordpress.com
hr2019.vrcom7.com,1.0,vrcom7.com
jonathan1900.cn2.quickconnect.cn,0.0,quickconnect.cn
creapb.org.br,1.0,org.br
shop40934594.m.youzan.com,0.0,youzan.com
62ef763468204b50abf964276fc3004e.fp.measure.office.com,0.0,office.com
sfamjournals.onlinelibrary.wiley.com,0.0,wiley.com
wfpacwur.sysu.edu.cn,0.0,edu.cn
abc.jia.com,0.0,jia.com
deesudcoolingtower.com,1.0,deesudcoolingtower.com
cn-smp-paymentservices.apple.com,0.0,apple.com
kmunakata.sakura.ne.jp,0.0,ne.jp
ifaaf.ciprestre.sa.com,1.0,sa.com
w4dasvaxemnjmyu6ftlq-f-fbcd2019c-clientnsv4-s.akamaihd.net,0.0,akamaihd.net
pull-rtmp-l6-xg.ixigua.com,0.0,ixigua.com
iav.cls.cn,0.0,cls.cn
underlogo.com,1.0,underlogo.com
b6c4b8f9ab11c686521ee504c975b9cf.safeframe.googlesyndication.com,0.0,googlesyndication.com
www.nubia.com,0.0,nubia.com
weissabr.com,1.0,weissabr.com
wqxntqcfuq.sysu.edu.cn,0.0,edu.cn
wagonsskillfoundation.com,1.0,wagonsskillfoundation.com
azmeasurement.com,1.0,azmeasurement.com
rtplive-raya108.xyz,1.0,rtplive-raya108.xyz
siims.siam.org,0.0,siam.org
powvj.sync.oystergardens.club,1.0,oystergardens.club
kiswepatil.in,1.0,kiswepatil.in
196.61.205.52.sbl.spamhaus.org,0.0,spamhaus.org
img8-pim.duoyi.com,0.0,duoyi.com
soccerlite.co.uk,1.0,co.uk
det-ta-g7g.amazon.com,0.0,amazon.com
stromduellen.no,1.0,stromduellen.no
wteos3.cerejeirare.sa.com,1.0,sa.com
mails.tsinghua.edu.cn,0.0,edu.cn
flgootrwwqvpu.sysu.edu.cn,0.0,edu.cn
ncjlbiom.page.link,1.0,page.link
p20-streams.icloud.com,0.0,icloud.com
ocbnx.sync.oystergardens.club,1.0,oystergardens.club
dxb.ecnu.edu.cn,0.0,edu.cn
d16c646756111a7aaf9e9ad88a941a05.safeframe.googlesyndication.com,0.0,googlesyndication.com
aruamsriu.org,1.0,aruamsriu.org
expressslichidator.ro,1.0,expressslichidator.ro
assets.hyatt.com,0.0,hyatt.com
3000000004627902.hybrid.miniapp.taobao.com,0.0,taobao.com
mrzh-oppo.cbg.163.com,0.0,163.com
rpotwrdp.page.link,1.0,page.link
shop95501475.youzan.com,0.0,youzan.com
marvelworks.ltd,1.0,marvelworks.ltd
hostingholics.com,1.0,hostingholics.com
humvatan.in,1.0,humvatan.in
6a1ecb03c440a56f01d286fae16a48b0.safeframe.googlesyndication.com,0.0,googlesyndication.com
edm.mrbasic.com,1.0,mrbasic.com
nixibuvrfs.sysu.edu.cn,0.0,edu.cn
iran-hk.mrface.com,1.0,mrface.com
f-dfed.com,1.0,f-dfed.com
w4dasvaxeqh5qyu7idaa-f-babcf6d76-clientnsv4-s.akamaihd.net,0.0,akamaihd.net
papco-uae.com,1.0,papco-uae.com
site.zjol.com.cn,0.0,com.cn
tes.mrbasic.com,1.0,mrbasic.com
33376ca4366242a1756091fa650631de.safeframe.googlesyndication.com,0.0,googlesyndication.com
railroaddb.info,1.0,railroaddb.info
s3t3d2y8.ackcdn.net,0.0,ackcdn.net
apstaffing.us,1.0,apstaffing.us
vdafinance.com.au,1.0,com.au
wrlknvj.sysu.edu.cn,0.0,edu.cn
szsiylpj.sysu.edu.cn,0.0,edu.cn
royaledgetours.com,1.0,royaledgetours.com
hhogcsqn.page.link,1.0,page.link
moraya.id,1.0,moraya.id
w4dasu5yde4sqyu62p5a-f-2f2bc6649-clientnsv4-s.akamaihd.net,0.0,akamaihd.net
9ozphlqx2innrrrpedo2gnfmgvgstfyjbt5blu7tbe4f085431b7d477sac.d.aa.online-metrix.net,0.0,online-metrix.net
gewji.sync.oystergardens.club,1.0,oystergardens.club
easyfitautoglass.co.za,1.0,co.za
dz.news.cn,0.0,news.cn
w-t2423571076078551014.id.amgdgt.com,0.0,amgdgt.com
smp.xuexi.cn,0.0,xuexi.cn
183-6-9-84_s-23-48-214-147_ts-1654584583-clienttons-s.akamaihd.net,0.0,akamaihd.net
downlogo.yy.com,0.0,yy.com
hfc9-mcl-data0042.s3.nie.netease.com,0.0,netease.com
y6jn8c313mfab5ktelrqirj4cecyqjqecojhdxpg5de51658a3e9086esac.d.aa.online-metrix.net,0.0,online-metrix.net
jacksons.ie,1.0,jacksons.ie
wpowmvpw.page.link,1.0,page.link
eea6ec789b7d08e1c4ce0a4d3fce2e8d2dc89167.ime.galileo.baidu.com,0.0,baidu.com
ittehadchemicals.com,1.0,ittehadchemicals.com
communekram.tn,1.0,communekram.tn
aausmesd.page.link,1.0,page.link
mulizca.com,1.0,mulizca.com
sticker.weixin.qq.com,0.0,qq.com
cairo-pro.sysu.edu.cn,0.0,edu.cn
happyhookercrocheter.com,1.0,happyhookercrocheter.com
pbs-o.twimg.com,0.0,twimg.com
medicart.ae,1.0,medicart.ae
preciousconsultants.com,1.0,preciousconsultants.com
72k6ns9afmgok4zdbsvghu7z2tcoabvgqhj73w37544da6a2a4d6a49bsac.d.aa.online-metrix.net,0.0,online-metrix.net
tangqianyan2019.lofter.com,0.0,lofter.com
cctxfvql.page.link,1.0,page.link
iran-vz.dns05.com,1.0,dns05.com
only-249156-112-96-115-9.nstool.netease.com,0.0,netease.com
www.ing.com,0.0,ing.com
lackeys.in,1.0,lackeys.in
3501ec245b704cb7965ffa18fc3d720f.fp.measure.office.com,0.0,office.com
cdn77.scoreuniverse.com,0.0,scoreuniverse.com
cechicc.com,0.0,cechicc.com
primusth.com,1.0,primusth.com
0347e29729fc46f9898923b8e852b2d9.fp.measure.office.com,0.0,office.com
6na6b.castanheirosa.sa.com,1.0,sa.com
click.mg.dlsite.com,0.0,dlsite.com
oftalmologia2020.com,1.0,oftalmologia2020.com
chriks.c.h.pic.centerblog.net,0.0,centerblog.net
gd3.alicdn.com.danuoyi.alicdn.com,0.0,alicdn.com
jov.arvojournals.org,0.0,arvojournals.org
w4dasvaxhxbggyu6utra-f-5ecb625da-clientnsv4-s.akamaihd.net,0.0,akamaihd.net
d3htn85c6cao65.cloudfront.net,0.0,cloudfront.net
kosamcindustrieslimited.com.ng,1.0,com.ng
p.s.360.cn,0.0,360.cn
www.chemistwarehouse.com.au,0.0,com.au
hlcombustibles.com,1.0,hlcombustibles.com
pascasarjana.iainfmpapua.ac.id,1.0,ac.id
www.element14.com,0.0,element14.com
mainichinewspapers-d.openx.net,0.0,openx.net
jubao.chinaso.com,0.0,chinaso.com
www.rcast.u-tokyo.ac.jp,0.0,ac.jp
www.sdzk.cn,0.0,sdzk.cn
jetpackdelivery.net,1.0,jetpackdelivery.net
a-0.19-a7000081.0.170c.c6b.3ea5.210.0.fszsknf5874gm7pvgzhcgzcksj.avts.mcafee.com,0.0,mcafee.com
rnmhkgpg.page.link,1.0,page.link
8f236aa0df5040eabee8f32e3953e601.fp.measure.office.com,0.0,office.com
jujsxwplqwcq.www.tendawifi.com,0.0,tendawifi.com
c57946ac105f431ebe45586cf5a6924b.fp.measure.office.com,0.0,office.com
pdwk5pqxiosmeyu6xv2a-f-0a8de3f2c-clientnsv4-s.akamaihd.net,0.0,akamaihd.net
blog-embed.ameba.jp,0.0,ameba.jp
srxdnyj.tmall.com,0.0,tmall.com
starsholidays.com,1.0,starsholidays.com
d5sat5.sysu.edu.cn,0.0,edu.cn
w4dasvfygoo5iyu66hzq-f-a3c42d3e9-clientnsv4-s.akamaihd.net,0.0,akamaihd.net
coher.com.mx,1.0,com.mx
mdttasarim.com.tr,1.0,com.tr
couvert.com.br,1.0,com.br
naun.com.br,1.0,com.br
tjasp.com.br,1.0,com.br
72k6ns9axyu4ieuojgr5vp6ng7tp7stawv7kj47m84649a2be758dbc4sac.d.aa.online-metrix.net,0.0,online-metrix.net
thehawksden.ca,1.0,thehawksden.ca
artstardesign.com.my,1.0,com.my
lib.news2.sysu.edu.cn,0.0,edu.cn
jy.qingdao.gov.cn,0.0,gov.cn
www.shinewing.com,0.0,shinewing.com
be06f59d058cd408300b2d36829e45de.dlied1.cdntips.net,0.0,cdntips.net
sa-cs.vizvaz.com,1.0,vizvaz.com
232.0.22.104.sbl.spamhaus.org,0.0,spamhaus.org
excelabridge.com,1.0,excelabridge.com
bgcnpcutpwwg.sysu.edu.cn,0.0,edu.cn
zxvad95.xyz,1.0,zxvad95.xyz
cloudesign.in,1.0,cloudesign.in
1b539c99864144f494f7f2b4b9b8f654.fp.measure.office.com,0.0,office.com
nupectogo.com,1.0,nupectogo.com
saukpgp.ru,1.0,saukpgp.ru
emxitkqylvyvi.sysu.edu.cn,0.0,edu.cn
br.mofcom.gov.cn,0.0,gov.cn
safawear.com,1.0,safawear.com
uomzeknm.page.link,1.0,page.link
fusaopre.com.br,1.0,com.br
k4eaa1.freixosa.sa.com,1.0,sa.com
adconfig-1305586391.cos.ap-guangzhou.myqcloud.com,0.0,myqcloud.com
btf-analytics.s3.dualstack.us-east-1.amazonaws.com,0.0,amazonaws.com
957875f2c87331fa0a4364e9eff83048.safeframe.googlesyndication.com,0.0,googlesyndication.com
mdlbuecgyp.tendawifi.com,0.0,tendawifi.com
tepee.com.tr,1.0,com.tr
arquivaae.com.br,1.0,com.br
tch966700.tch.quora.com,0.0,quora.com
www.englisch-hilfen.de,0.0,englisch-hilfen.de
blogwatchweb.com,1.0,blogwatchweb.com
sff.woa.com,0.0,woa.com
1da5m.sharptelevisao.sa.com,1.0,sa.com
netherlands.qolsys.com,1.0,qolsys.com
0410637abffd702c3104f9dd466b9997.safeframe.googlesyndication.com,0.0,googlesyndication.com
globalseorim.co.in,1.0,co.in
360design.in,1.0,360design.in
seahorseinfo.agilent.com,0.0,agilent.com
tropicanarestaurants.com,1.0,tropicanarestaurants.com
omega-sd.ro,1.0,omega-sd.ro
sunnhordlandantirust.no,1.0,sunnhordlandantirust.no
ligavalinhensefutsal.com.br,1.0,com.br
abouthealthupdates.us,1.0,abouthealthupdates.us
biazrv.tdum.alibaba.com,0.0,alibaba.com
34-214-171-221-pushcl.np.communication.playstation.net,0.0,playstation.net
shop42406197.m.youzan.com,0.0,youzan.com
previews.dropbox.com,0.0,dropbox.com
sju.cnki.net,0.0,cnki.net
a-0.19-a7000471.0.16a8.b69.3ea5.200.0.zkcvftmln61155mzmasz9frmfi.avts.mcafee.com,0.0,mcafee.com
woasbwmekfxkgeb.tendawifi.com,0.0,tendawifi.com
jlu.ctld.chaoxing.com,0.0,chaoxing.com
cavaempaque.com,1.0,cavaempaque.com
datamore-tgametasks.native.qq.com,0.0,qq.com
uslawyersdb.com,1.0,uslawyersdb.com
adl-ghs.faqserv.com,1.0,faqserv.com
mysupreme.com.my,1.0,com.my
www.gamedev.net,0.0,gamedev.net
asotic.org,1.0,asotic.org
cqrnyoyr.page.link,1.0,page.link
nonabalirestaurant.com,1.0,nonabalirestaurant.com
joyuksel.com,1.0,joyuksel.com
c2a6dd3425904de0a849810ce9fbaa17.fp.measure.office.com,0.0,office.com
ikzrhqil.page.link,1.0,page.link
vwduicvabzc.sysu.edu.cn,0.0,edu.cn
2r24l4.tdum.alibaba.com,0.0,alibaba.com
folvajdh.page.link,1.0,page.link
msyhhogyopkqml.sysu.edu.cn,0.0,edu.cn
leaderinevents.com,1.0,leaderinevents.com
arenaone.co.ke,1.0,co.ke
R5-pc.s3.amazonaws.com,0.0,amazonaws.com
fdygtshvp.sysu.edu.cn,0.0,edu.cn
uhfbtrmo.page.link,1.0,page.link
eblag.faqserv.com,1.0,faqserv.com
convertlive.com,0.0,convertlive.com
predubai.com,1.0,predubai.com
diyhomemadebeauty.com,1.0,diyhomemadebeauty.com
lauramckillipwood.files.wordpress.com,0.0,wordpress.com
64.116.243.162.sbl.spamhaus.org,0.0,spamhaus.org
dggpaddc00070.china.huawei.com,0.0,huawei.com
extractfig.com,1.0,extractfig.com
asxqjkgt.page.link,1.0,page.link
zj2fdlixfqzxuyu6orma-f-d302a334c-clientnsv4-s.akamaihd.net,0.0,akamaihd.net
dgxxoygx.page.link,1.0,page.link
weiweisp.m.tmall.com,0.0,tmall.com
bringlst.com,1.0,bringlst.com
blog.wenxuecity.com,0.0,wenxuecity.com
a8ab0466c031ec15809bd30b201d65b6.safeframe.googlesyndication.com,0.0,googlesyndication.com
2773dd1668ddb506a1cc3bb2bddaef44.safeframe.googlesyndication.com,0.0,googlesyndication.com
surabaya.mofcom.gov.cn,0.0,gov.cn
img05.zhaopin.cn,0.0,zhaopin.cn
oilmex.mx,1.0,oilmex.mx
lpcjmepj.page.link,1.0,page.link
img.email1.sketchfab.com,0.0,sketchfab.com
tqpfmuwh.page.link,1.0,page.link
3plecom.com,1.0,3plecom.com
ndbl.com.bd,1.0,com.bd
quantapi.10jqka.com.cn,0.0,com.cn
myown.ng,1.0,myown.ng
mukundmotors.com,1.0,mukundmotors.com
0cf084f15fb64aca9094cc336dc969be.fp.measure.office.com,0.0,office.com
alinac.ca,1.0,alinac.ca
japaneseclass.jp,0.0,japaneseclass.jp
americansweepstakes.net,1.0,americansweepstakes.net
hcmcsnfdtdihlbp.sysu.edu.cn,0.0,edu.cn
b9e484c0643a4b2e8733339f055f5dcc.fp.measure.office.com,0.0,office.com
timelesseleganttours.com,1.0,timelesseleganttours.com
edenstarsaigonhotel.com,1.0,edenstarsaigonhotel.com
w4dasvaxhp6icyu6hpiq-f-ae9416161-clientnsv4-s.akamaihd.net,0.0,akamaihd.net
qqiamwhp.page.link,1.0,page.link
d7f6bfe3a7f249e69924a789b5ff118f.fp.measure.office.com,0.0,office.com
a-0.19-a7000009.d0a0082.16a8.b7f.3ea5.210.0.gv3f65if33entnu3grnpqbcmp6.avts.mcafee.com,0.0,mcafee.com
panel.ceo-reputation.ru,1.0,ceo-reputation.ru
ajmanmall.com,1.0,ajmanmall.com
kcet-brightspot.s3.amazonaws.com,0.0,amazonaws.com
growrock.co.za,1.0,co.za
nrvieilzumzkng.sysu.edu.cn,0.0,edu.cn
921zxr.tdum.alibaba.com,0.0,alibaba.com
336c82da8a227271f43786cad06f8443.safeframe.googlesyndication.com,0.0,googlesyndication.com
7624dab2f7a1a6c36c76a0145ac2da54.safeframe.googlesyndication.com,0.0,googlesyndication.com
7934dc7521221a9027945ecc65b523b1.safeframe.googlesyndication.com,0.0,googlesyndication.com
cctvsecuritycamerapros.com,1.0,cctvsecuritycamerapros.com
himalayanoak.in,1.0,himalayanoak.in
hls.syrme.top,0.0,syrme.top
appl5yxffze7905.h5.xiaoeknow.com,0.0,xiaoeknow.com
www.lesswrong.com,0.0,lesswrong.com
waresagroup.com.pk,1.0,com.pk
120-236-174-191_s-23-32-236-243_ts-1654560442-clienttons-s.akamaihd.net,0.0,akamaihd.net
forexareba.com,1.0,forexareba.com
rkeevpv.sysu.edu.cn,0.0,edu.cn
wxbhdksq.page.link,1.0,page.link
janicegodwins.com,1.0,janicegodwins.com
35d3589403184f9fbe1e54d31022973c.fp.measure.office.com,0.0,office.com
zj2fdlixfqzxuyu6ntha-f-aecd45894-clientnsv4-s.akamaihd.net,0.0,akamaihd.net
i-2.tts8.com,0.0,tts8.com
4600a4e03603fd6ad35241882b342bd6.safeframe.googlesyndication.com,0.0,googlesyndication.com
gruposeteca.com,1.0,gruposeteca.com
api.twicomi.com,0.0,twicomi.com
pyiuaynx.page.link,1.0,page.link
rat.rakuten.co.jp,0.0,co.jp
zhen.qq.com,0.0,qq.com
edutodlr.com,1.0,edutodlr.com
comm.dangdang.com,0.0,dangdang.com
egdcreation.com,1.0,egdcreation.com
lakh.es,1.0,lakh.es
e8ebafb2b1cbbacdac793a080dd4c508.safeframe.googlesyndication.com,0.0,googlesyndication.com
bry-oss-store.oss-cn-shanghai.aliyuncs.com,0.0,aliyuncs.com
zedok.org,1.0,zedok.org
tdstjvmn.page.link,1.0,page.link
cvpr.in.tum.de,0.0,tum.de
somoyerkagoj.com,1.0,somoyerkagoj.com
enorossowine.com,1.0,enorossowine.com
daumay.org.vn,1.0,org.vn
only-97086-183-6-9-105.nstool.netease.com,0.0,netease.com
alhoja.info,1.0,alhoja.info
amittour.com,1.0,amittour.com
server.jasmr.net,0.0,jasmr.net
khaithaclothien.edu.vn,1.0,edu.vn
hed.gkp.pk,1.0,gkp.pk
rrmyrotw.page.link,1.0,page.link
lomefashion.com.ng,1.0,com.ng
ebook.hyread.com.tw,0.0,com.tw
wdlomnzv.page.link,1.0,page.link
rj.bangongtuku.com,0.0,bangongtuku.com
adl-irib.itsaol.com,1.0,itsaol.com
motherteresacharitablesociety.com,1.0,motherteresacharitablesociety.com
dj.changyou.com,0.0,changyou.com
relogios-para-sites-e-blogs.sysu.edu.cn,0.0,edu.cn
kahiv.com,1.0,kahiv.com
boydxbqa.www.tendawifi.com,0.0,tendawifi.com
72k6ns9aiaahkzejupusrc2vmbweyimsir42cv7za49ca0b0acdbc924sac.d.aa.online-metrix.net,0.0,online-metrix.net
josim-uddin.com,1.0,josim-uddin.com
154.180.242.34.sbl.spamhaus.org,0.0,spamhaus.org
www.web.shanbay.com,0.0,shanbay.com
mukaspace.org.my,1.0,org.my
hvwohlso.page.link,1.0,page.link
ceb.faqserv.com,1.0,faqserv.com
qujmfwqxgdkrgyu64jjq-pqjshy-98c14f52f-clientnsv4-s.akamaihd.net,0.0,akamaihd.net
DE-FRA-IBM-R015.teamviewer.com,0.0,teamviewer.com
spertual.site,1.0,spertual.site
dc3e454fcdc6f37bd4236c10ffaabeab.safeframe.googlesyndication.com,0.0,googlesyndication.com
aaradhyamedspa.com,1.0,aaradhyamedspa.com
fvuiea.ameixeirare.sa.com,1.0,sa.com
adl-zw.mrface.com,1.0,mrface.com
galandskiyher5.com,1.0,galandskiyher5.com
uxbolivia.com,1.0,uxbolivia.com
sensorsdata.vcg.com,0.0,vcg.com
boggswebworks.com,1.0,boggswebworks.com
9d9d5362b76dc6a01746bd392316c114.safeframe.googlesyndication.com,0.0,googlesyndication.com
e30fe99074abc3647e5a1d8ae997593a.safeframe.googlesyndication.com,0.0,googlesyndication.com
wlcbywqf.page.link,1.0,page.link
lifeacademymnorg-my.sharepoint.com,0.0,sharepoint.com
jzxzoldz.page.link,1.0,page.link
clasificadosdeoriente.com,1.0,clasificadosdeoriente.com
occhio.com.au,1.0,com.au
www.adevosc.org.br,1.0,org.br
tbox-project.com,1.0,tbox-project.com
sync.graph.fake.bluecava.com,0.0,bluecava.com
octopus-events.playtika.com,0.0,playtika.com
p67-caldav.icloud.com,0.0,icloud.com
w4dasvdimj2seyu7miiq-f-25ddd062f-clientnsv4-s.akamaihd.net,0.0,akamaihd.net
eayzfzht.page.link,1.0,page.link
ndr931d.baiducom.vqu4698.com,0.0,vqu4698.com
m5lj15mq.r.us-west-1.awstrack.me,0.0,awstrack.me
yoeizfxcxidgzpv.polyu.edu.hk,0.0,edu.hk
media.app.cctv.com,0.0,cctv.com
sdc.fartit.com,1.0,fartit.com
xv-fiesta.com,1.0,xv-fiesta.com
jobhunt88.com,1.0,jobhunt88.com
wispafoods.com,1.0,wispafoods.com
rehmkar.com,1.0,rehmkar.com
42fa302dad4ac2b2cbfe7d6cf7e7a773.safeframe.googlesyndication.com,0.0,googlesyndication.com
aa51109dde639791e30f7b7bb9448575.safeframe.googlesyndication.com,0.0,googlesyndication.com
a75bff5ffc52144dc66872161c784314.safeframe.googlesyndication.com,0.0,googlesyndication.com
edl.vizvaz.com,1.0,vizvaz.com
diaryofadomesticgoddess.sysu.edu.cn,0.0,edu.cn
ysmdorer.page.link,1.0,page.link
img119.picturelol.com,0.0,picturelol.com
gwmkobirnpk.sysu.edu.cn,0.0,edu.cn
cboxxviw.page.link,1.0,page.link
brand20creatives.com,1.0,brand20creatives.com
hr.njtech.edu.cn,0.0,edu.cn
ad32a20ac1fa4b0ea9cd331640dda2b2.fp.measure.office.com,0.0,office.com
learnstuffs.com,1.0,learnstuffs.com
bajarangabali.com.np,1.0,com.np
justgoodtech.com,1.0,justgoodtech.com
1763563d56dc467aaebb443ff383bfa1.fp.measure.office.com,0.0,office.com
p4-aulb2fwji4zn4-fkrdlimphwxvbem5-if-v6exp3-v4.metric.gstatic.com,0.0,gstatic.com
192.144.136.200.eeo.cn,0.0,eeo.cn
2d9aa72d6b12f16ec2e0277a26faa137.safeframe.googlesyndication.com,0.0,googlesyndication.com
97aeeba7cd50cfdce7994c83396d409a.safeframe.googlesyndication.com,0.0,googlesyndication.com
01f8e4e2bda5fdc8b4178ce60645ac15.safeframe.googlesyndication.com,0.0,googlesyndication.com
nightsclub.com,1.0,nightsclub.com
340construction.co.th,1.0,co.th
m7cun4yxedwneyu7abma-pj1ge8-0ab67fce6-clientnsv4-s.akamaihd.net,0.0,akamaihd.net
cfs9.blog.daum.net,1.0,daum.net
promxytelecom.com.ng,1.0,com.ng
akhbara24.news,0.0,akhbara24.news
adl-ljh.faqserv.com,1.0,faqserv.com
b5702098600f41f2b5b987925e888798.fp.measure.office.com,0.0,office.com
alriyada.edu.sa,1.0,edu.sa
jomarine-services.com,1.0,jomarine-services.com
cid-82019c67c9b49b47.users.storage.live.com,0.0,live.com
wizzlimited.co.uk,1.0,co.uk
pardeshparcelseva.com,1.0,pardeshparcelseva.com
furesoft.gallerycdn.azure.cn,0.0,azure.cn
kmes.com.pk,1.0,com.pk
api34.ilovepdf.com,0.0,ilovepdf.com
d9c13fa037c175f7c54ab92ea8abfed2.safeframe.googlesyndication.com,0.0,googlesyndication.com
ofini.com.br,1.0,com.br
cluqkprv.page.link,1.0,page.link
fglutam.sysu.edu.cn,0.0,edu.cn
happybiz.id,1.0,happybiz.id
gcrih.oiu.edu.sd,1.0,edu.sd
swcsffardli.sysu.edu.cn,0.0,edu.cn
rootsivyintschools.edu.pk,1.0,edu.pk
a-0.19-a3000011.0.170c.d2e.3ea5.210.0.k7r5tjpm84m9bfauci6wui13bi.avts.mcafee.com,0.0,mcafee.com
48f996bdbf0a464c8e664d2058daff0f.fp.measure.office.com,0.0,office.com
qnnafgua.page.link,1.0,page.link
www.hey-randomgirl.com.br,1.0,com.br
vender.amazon.com.mx,0.0,com.mx
kernel-ec.com,1.0,kernel-ec.com
odal.codeium.dev,1.0,codeium.dev
mumayizat.com,1.0,mumayizat.com
chromiumengine.space,1.0,chromiumengine.space
pangbxmail2.sysu.edu.cn,0.0,edu.cn
stjosephacademysociety.org,1.0,stjosephacademysociety.org
72k6ns9abglj2uzw5tmsvre5lmuwr3rh2ot5gjey203a640711150a44sac.d.aa.online-metrix.net,0.0,online-metrix.net
3956943cba78c86c5eed8f85a4bc89e1.safeframe.googlesyndication.com,0.0,googlesyndication.com
4ce0e2190bc27fd175cb3bf7291eae15.safeframe.googlesyndication.com,0.0,googlesyndication.com
kjt.fujian.gov.cn,0.0,gov.cn
cmmsec.co.uk,1.0,co.uk
a-0.19-a7000081.c8b0082.16a8.b69.3ea5.210.0.v2qk5kus23azvkd5rit9a1tamv.avts.mcafee.com,0.0,mcafee.com
72k6ns9awr5jd7w2knhxh66xpjtkkvqshrqddyrq728bbcc46971b06fsac.d.aa.online-metrix.net,0.0,online-metrix.net
935174ca822e3369593d88f0709c9c36c0b3efff.ime.galileo.baidu.com,0.0,baidu.com
ethiotechaddis.com,1.0,ethiotechaddis.com
newyorker-alternate.app.link,0.0,app.link
mbtcpqgb.page.link,1.0,page.link
ec3spe.tdum.alibaba.com,0.0,alibaba.com
liveactivity.jd.com,0.0,jd.com
thequeue.info,1.0,thequeue.info
almarsam.sa,1.0,almarsam.sa
dofza.layout.oystergardens.us,1.0,oystergardens.us
bandcresort.com,1.0,bandcresort.com
myinternetchapel.org,1.0,myinternetchapel.org
5d9338bf16874b0a935aed50c660bbc2.fp.measure.office.com,0.0,office.com
sahmnwq.fartit.com,1.0,fartit.com
cms-mercedes.site,1.0,cms-mercedes.site
oliga.canadacentral.cloudapp.azure.com,1.0,azure.com
a6413fc101bc4b38a8f4658ec3414b31.fp.measure.office.com,0.0,office.com
fxtransportation.com,1.0,fxtransportation.com
timberlineacehardware.com,1.0,timberlineacehardware.com
ec02134e8c3a4cfdb98c5a28a6e2fab1.fp.measure.office.com,0.0,office.com
garavellofigli.com,1.0,garavellofigli.com
guides.library.cmu.edu,0.0,cmu.edu
seer.61.com,0.0,61.com
sattakinganesh.in,1.0,sattakinganesh.in
w4dasvfygntbgyu6ibzq-f-f16a23cc2-clientnsv4-s.akamaihd.net,0.0,akamaihd.net
running.hkcosmo.com,1.0,hkcosmo.com
b.clu-e.eu,1.0,clu-e.eu
safaservices.com.sa,1.0,com.sa
brc.hellotalk.com,0.0,hellotalk.com
acbb384490145458f258490adb35911a.safeframe.googlesyndication.com,0.0,googlesyndication.com
ba7f9ee7034ce4ee46b0198fef70fc58.safeframe.googlesyndication.com,0.0,googlesyndication.com
drpf-mnh1.proxima.nie.netease.com,0.0,netease.com
schools.njnu.edu.cn,0.0,edu.cn
hal-univ-bourgogne.archives-ouvertes.fr,0.0,archives-ouvertes.fr
dysj.youth.cn,0.0,youth.cn
alldayallinone.com,1.0,alldayallinone.com
panindiab2bdatabase.in,1.0,panindiab2bdatabase.in
8a6fefa398f647668dde9027ee31462e.fp.measure.office.com,0.0,office.com
porwal.in,1.0,porwal.in
0207a4ba48ee4374b600519ef89413c5.fp.measure.office.com,0.0,office.com
zeuhlltc.page.link,1.0,page.link
eea37ffb09734887f58be6a7e7aff9f8.safeframe.googlesyndication.com,0.0,googlesyndication.com
conadeh.hn,1.0,conadeh.hn
stjohnacroc.org,1.0,stjohnacroc.org
hfghi4541c453228f4d9es6k6qocf5fokp60bx.fhcz.libproxy.ruc.edu.cn,0.0,edu.cn
223.126.225.64.sbl.spamhaus.org,0.0,spamhaus.org
airtimes.my,1.0,airtimes.my
2afc74e296dbc89c58f10cbe86141fba.safeframe.googlesyndication.com,0.0,googlesyndication.com
revealmultimediagh.com,1.0,revealmultimediagh.com
filetransfer.io,1.0,filetransfer.io
mkloubert.gallerycdn.azure.cn,0.0,azure.cn
lavacolla.com,1.0,lavacolla.com
conn-43.finkapp.cn,0.0,finkapp.cn
roldhdegt.sysu.edu.cn,0.0,edu.cn
fronus.com.pk,1.0,com.pk
voyihvqv.page.link,1.0,page.link
welcomebabycare.com,1.0,welcomebabycare.com
zj2fdlixfqzxuyu6l67a-f-4674d7294-clientnsv4-s.akamaihd.net,0.0,akamaihd.net
i.ibb.co,1.0,ibb.co
psicologa-mindfulness.it,1.0,psicologa-mindfulness.it
sitcomunicaciones.co,1.0,sitcomunicaciones.co
jestusweldingschool.com,1.0,jestusweldingschool.com
monsteriptv.se,1.0,monsteriptv.se
palmareal.com.mx,1.0,com.mx
yetfgcvu.page.link,1.0,page.link
www.media.mit.edu,0.0,mit.edu
w4dasvaxeqhvqyu7gxoq-f-1996bafad-clientnsv4-s.akamaihd.net,0.0,akamaihd.net
kbpiijateng.org,1.0,kbpiijateng.org
w4dasvax2cgiayu6umeq-f-3d9653ed6-clientnsv4-s.akamaihd.net,0.0,akamaihd.net
rcihandicrafts.com,1.0,rcihandicrafts.com
894212a0966d42739870156723996662.fp.measure.office.com,0.0,office.com
timmuehitus.com,1.0,timmuehitus.com
ymizyoto.page.link,1.0,page.link
bhummqs.sysu.edu.cn,0.0,edu.cn
skwal.gallerycdn.azure.cn,0.0,azure.cn
esi-engineeringcompany.com,1.0,esi-engineeringcompany.com
sdisriati2.sch.id,1.0,sch.id
vcigsmra.page.link,1.0,page.link
comtdi.tdum.alibaba.com,0.0,alibaba.com
balance.fcz.ma,1.0,fcz.ma
lndczmx.sysu.edu.cn,0.0,edu.cn
tubaobao.tmall.com,0.0,tmall.com
w4dasvax2cgcgyu7fevq-f-fea586825-clientnsv4-s.akamaihd.net,0.0,akamaihd.net
innovapakistan.com,1.0,innovapakistan.com
bicwnqms.page.link,1.0,page.link
ctrloans.com,1.0,ctrloans.com
a.c-0.19-a3000081.c9d0083.170c.d79.3ea5.210.0.jul5h9jjbrw3q1ctvbevwa8r7v.avts.mcafee.com,0.0,mcafee.com
webtestdemo.org,1.0,webtestdemo.org
hypothequeswestisland.ca,1.0,hypothequeswestisland.ca
357e08270990070bcb2f390d4a14225a.safeframe.googlesyndication.com,0.0,googlesyndication.com
7c817c5929e625bda741584b03e31e04.safeframe.googlesyndication.com,0.0,googlesyndication.com
6512c1a0721a531b3f587eea08cd7a7f.safeframe.googlesyndication.com,0.0,googlesyndication.com
burgerbuddy.in,1.0,burgerbuddy.in
shop162454519.taobao.com,0.0,taobao.com
a5befbd8ea4d4e399aa6ad9f975cda4f.fp.measure.office.com,0.0,office.com
easycartbd.com,1.0,easycartbd.com
ed-ce.vizvaz.com,1.0,vizvaz.com
techandtrendy.edu.np,1.0,edu.np
qr.wjx.cn,0.0,wjx.cn
cserver.iqiyi.com,0.0,iqiyi.com
72k6ns9atcsujr3bnfocgddfexf42pjtt2sj4mld8005cf199c1b43a0sac.d.aa.online-metrix.net,0.0,online-metrix.net
lysn-message-api-web-alb-1708999556.ap-northeast-1.elb.amazonaws.com,0.0,amazonaws.com
5eecc6c3ade9aeb36ee791b2eabddeff.safeframe.googlesyndication.com,0.0,googlesyndication.com
jpmusiccompany.com,1.0,jpmusiccompany.com
card.weibo.com,0.0,weibo.com
ojaxtravel.com.ng,1.0,com.ng
bornchef.co.id,1.0,co.id
adli-q.fartit.com,1.0,fartit.com
pauziitechi.com,1.0,pauziitechi.com
wap.bankofchina.com,0.0,bankofchina.com
ziaintegracion.com,1.0,ziaintegracion.com
vtemrtfq.page.link,1.0,page.link
e7bcfb2172ff455fa7b77697674ed5cc.fp.measure.office.com,0.0,office.com
a1a0659da64d496b94670be133963ee6.fp.measure.office.com,0.0,office.com
carolinafm.pe,1.0,carolinafm.pe
auth-rdr2-prod.ros.rockstargames.com,0.0,rockstargames.com
f7df11370d724494bee8b2215932f958.fp.measure.office.com,0.0,office.com
aunpfwfi.page.link,1.0,page.link
erc.dns05.com,1.0,dns05.com
ssl.app.acfun.cn,0.0,acfun.cn
uniformescorporativos.com,1.0,uniformescorporativos.com
elliert.github.io,1.0,github.io
imgf5.pop-fashion.com,0.0,pop-fashion.com
gradu-ate.sysu.edu.cn,0.0,edu.cn
cdpplytw.page.link,1.0,page.link
r6---sn-2x3eln76.c.2mdn.net,0.0,2mdn.net
adl--ir.fartit.com,1.0,fartit.com
bximfrmy.page.link,1.0,page.link
flash2-http.qq.com,0.0,qq.com
metering.autodesk.com,0.0,autodesk.com
guptahandloom.com,1.0,guptahandloom.com
sg.deviantart.com,0.0,deviantart.com
letsmanage.in,1.0,letsmanage.in
mrdigito.org,1.0,mrdigito.org
mcbsistemas.com.br,1.0,com.br
jzus.zju.edu.cn,0.0,edu.cn
wbsqccnh.page.link,1.0,page.link
fruitsexport.co,1.0,fruitsexport.co
arenterprese2023.is-a-caterer.com,1.0,is-a-caterer.com
shohada-sane.ir,1.0,shohada-sane.ir
dj.zn.co.nz,1.0,co.nz
spero-vision-app.cn-shanghai.log.aliyuncs.com,0.0,aliyuncs.com
mindhacks.cn,0.0,mindhacks.cn
ucd51a347b16817cd00ca4f3afb0.dl.dropboxusercontent.com,1.0,dropboxusercontent.com
DCFSDFDS2FDHFGJ.SBS,1.0,DCFSDFDS2FDHFGJ.SBS
rtdvabus.page.link,1.0,page.link
esf.dg.fang.com,0.0,fang.com
jemaserviciosgenerales.com,1.0,jemaserviciosgenerales.com
carpetfurniturehub.co.uk,1.0,co.uk
hyupkgkq.page.link,1.0,page.link
vitapropertysolutions.com,1.0,vitapropertysolutions.com
wi8t.castanheirosa.sa.com,1.0,sa.com
cd.58.com,0.0,58.com
hotelbluebirdbd.com,1.0,hotelbluebirdbd.com
edalat.faqserv.com,1.0,faqserv.com
sat.faqserv.com,1.0,faqserv.com
1035545390.docs.qq.com,0.0,qq.com
nbuwnzig.page.link,1.0,page.link
regulatoryguide.ca,1.0,regulatoryguide.ca
shriganapathisourses.com,1.0,shriganapathisourses.com
kompromat1.pro,1.0,kompromat1.pro
c31792c609294bef9fca64a35ecd9d66.fp.measure.office.com,0.0,office.com
78c4f043336ea29e84b8b96dcc62dcb885c2aea4ef5e02e3.dlied1.cdntips.net,0.0,cdntips.net
portalbola168.com,1.0,portalbola168.com
logx.mtime.com,0.0,mtime.com
autov6.pconline.com.cn,0.0,com.cn
inarqperu.com,1.0,inarqperu.com
californiariaustin.lilysanzphotography.com,1.0,lilysanzphotography.com
www.phy.cuhk.edu.hk,0.0,edu.hk
brilliantshipping.com,1.0,brilliantshipping.com
adlio.faqserv.com,1.0,faqserv.com
23df7f86b24c9ee98da31e12ab1293d4.safeframe.googlesyndication.com,0.0,googlesyndication.com
ff0f29648c48ceb5bc2c03d2ac4b3a3f.safeframe.googlesyndication.com,0.0,googlesyndication.com
abe3c5c9f5fe3e1673d9187956ec1e06.safeframe.googlesyndication.com,0.0,googlesyndication.com
newjerseyohpierre.hieuszphotography.com,1.0,hieuszphotography.com
smarttours.ro,1.0,smarttours.ro
docgalaxy.in,1.0,docgalaxy.in
apartment-jakarta.com,1.0,apartment-jakarta.com
ctdc4s.tdum.alibaba.com,0.0,alibaba.com
3e64835a41c14e008f92d9fa954d7ab7.fp.measure.office.com,0.0,office.com
faviskincare.com,1.0,faviskincare.com
briopharmatech.com,1.0,briopharmatech.com
api-events-production-1831176415.cn-north-1.elb.amazonaws.com.cn,0.0,com.cn
oauth-login-drcn.platform.dbankcloud.com.sysu.edu.cn,0.0,edu.cn
o265433.ingest.sentry.io,0.0,sentry.io
f51.workupload.com,1.0,workupload.com
intramine.info,1.0,intramine.info
72b91bbdb9d44dc9b4440f7c14adae15.fp.measure.office.com,0.0,office.com
58icnh.tdum.alibaba.com,0.0,alibaba.com
culinaria-passoapasso.artesanatodosucesso.com,1.0,artesanatodosucesso.com
metc.gou.sogou.com,0.0,sogou.com
beijing.b2b168.com,0.0,b2b168.com
media-business-phone.com,1.0,media-business-phone.com
waterproofingservices.pk,1.0,waterproofingservices.pk
acapn.us,1.0,acapn.us
8deobr.pessegore.sa.com,1.0,sa.com
de-smtp-inbound-2.mimecast.com,0.0,mimecast.com
infolivescore.net,1.0,infolivescore.net
m.chinakaoyan.com,0.0,chinakaoyan.com
api-glb-euc1a.smoot.apple.com,0.0,apple.com
trenirajsanama.rs,1.0,trenirajsanama.rs
swipeverse.in,1.0,swipeverse.in
40cef125d9fa46d9bce8481fa5e8a001.fp.measure.office.com,0.0,office.com
pugmaster-sg4c.pubmatic.com,0.0,pubmatic.com
guanli.kaoyan365.cn,0.0,kaoyan365.cn
fefd9fc16872d90007ae61acb3690db8.safeframe.googlesyndication.com,0.0,googlesyndication.com
dsm.itsaol.com,1.0,itsaol.com
3fa9r.platanosa.sa.com,1.0,sa.com
eulnpvibblkw.sysu.edu.cn,0.0,edu.cn
seeker.zhaopin.com,0.0,zhaopin.com
tuyoniqa.page.link,1.0,page.link
w4dasvax373ssyu6j4fq-f-a7eee26db-clientnsv4-s.akamaihd.net,0.0,akamaihd.net
tinhoccondao.com,1.0,tinhoccondao.com
adl-io.vizvaz.com,1.0,vizvaz.com
wendao.blog.csdn.net,0.0,csdn.net
arrahmanschool.sch.id,1.0,sch.id
mpvip.com.br,1.0,com.br
ecotouchperu.com,1.0,ecotouchperu.com
sh.connipv6.qq.com,0.0,qq.com
adlisgwg.itsaol.com,1.0,itsaol.com
www.ldplayer.net,0.0,ldplayer.net
fff3239f4cfe66fc68d106f09c4b6bb4.dlied1.cdntips.net,0.0,cdntips.net
xrvclkxs.page.link,1.0,page.link
lsfairland.co.za,1.0,co.za
mail2.wanfangdata.com.cn,0.0,com.cn
yz.lzu.edu.cn,0.0,edu.cn
edesireshop.com,1.0,edesireshop.com
minip-1302397712.cos.ap-shanghai.myqcloud.com,0.0,myqcloud.com
solarplan.com.au,1.0,com.au
a2497.casalemedia.com,0.0,casalemedia.com
remisat.com.uy,1.0,com.uy
dxgfhzyl.page.link,1.0,page.link
hmhconnect.ng,1.0,hmhconnect.ng
www.luxurypropertiesfl.com,1.0,luxurypropertiesfl.com
xyh.jxutcm.edu.cn,0.0,edu.cn
igcfaltqvqgrs.sysu.edu.cn,0.0,edu.cn
trimedianet.com,1.0,trimedianet.com
pythoncodesnippets.com,1.0,pythoncodesnippets.com
uhznibgq.page.link,1.0,page.link
rr5---sn-oguelnze.googlevideo.com,0.0,googlevideo.com
only-410004-223-104-64-230.nstool.netease.com,0.0,netease.com
v.douyin.com.sysu.edu.cn,0.0,edu.cn
bafybeiconps5ywlmrvmn3pog35yliurr7h2iq7kbls2666xhhreojy3kmy.ipfs.infura-ipfs.io,0.0,infura-ipfs.io
e7fc69401a1752de199a0e2615111866.safeframe.googlesyndication.com,0.0,googlesyndication.com
if90f.oss-accelerate.aliyuncs.com,1.0,aliyuncs.com
jobmandate.com,1.0,jobmandate.com
16-0.19-a7000008.20082.16a8.c13.3ea5.210.0.97j1p56j4iz8mje71uswl4n6at.avts.mcafee.com,0.0,mcafee.com
f8cf23028afa4c42806eacd12c4f660f.fp.measure.office.com,0.0,office.com
148.166.160.108.sbl.spamhaus.org,0.0,spamhaus.org
departamentosamuebladosmonterrey.mx,1.0,departamentosamuebladosmonterrey.mx
itsi.cl,1.0,itsi.cl
czlfrdpw.page.link,1.0,page.link
update.yinxiang.com,0.0,yinxiang.com
addtactical.com,1.0,addtactical.com
hkzs.oss-cn-beijing.aliyuncs.com,0.0,aliyuncs.com
given-itm.com,1.0,given-itm.com
dionesh.com,1.0,dionesh.com
57.221.227.13.sbl.spamhaus.org,0.0,spamhaus.org
enpozos.com,1.0,enpozos.com
external-media38.public.wamsm-a-1.prod.infra.webex.com,0.0,webex.com
www.lettsplay.org.es,1.0,org.es
lqlop.com,1.0,lqlop.com
zj2fdlixfqz3eyu6ms3a-f-e608bdcb6-clientnsv4-s.akamaihd.net,0.0,akamaihd.net
6b0ef5e14bb3a90a0ab9af1429800607.safeframe.googlesyndication.com,0.0,googlesyndication.com
20d7c8a9d4284eebcbffa9338ae30baf.safeframe.googlesyndication.com,0.0,googlesyndication.com
yjhfexya.page.link,1.0,page.link
icon.ssl.berkeley.edu,0.0,berkeley.edu
qrgkcjsv.page.link,1.0,page.link
benaamedia.com,1.0,benaamedia.com
help.sketchfab.com,0.0,sketchfab.com
hkbpxhhoavdic.sysu.edu.cn,0.0,edu.cn
gat.1pondo.tv,0.0,1pondo.tv
beijing.liebiao.com,0.0,liebiao.com
lamurudu.com,1.0,lamurudu.com
uptest.qqlive.qq.com,0.0,qq.com
zisafsolutions.com,1.0,zisafsolutions.com
cent.b2b168.com,0.0,b2b168.com
adl-nw.itsaol.com,1.0,itsaol.com
c30b5c894b1b4e11b4daa613f345b3e3.fp.measure.office.com,0.0,office.com
o587915.ingest.sentry.io,0.0,sentry.io
luixsantos.com,1.0,luixsantos.com
0c01301f72f0426f761f077088851693.safeframe.googlesyndication.com,0.0,googlesyndication.com
65a21d78749a91bc9f75ad8d70cecc40.safeframe.googlesyndication.com,0.0,googlesyndication.com
0cc6f9722a5a8f69119453afb88e1299.safeframe.googlesyndication.com,0.0,googlesyndication.com
bccnctfdhbr.sysu.edu.cn,0.0,edu.cn
myguitarcenter.ir,1.0,myguitarcenter.ir
wenxy.hbu.cn,0.0,hbu.cn
t-tgv.orangevip.com,0.0,orangevip.com
bluedotbd.online,1.0,bluedotbd.online
vrgavaras.com,1.0,vrgavaras.com
72k6ns9aaxk33dflocpk5wdrkzt6cct4tf2oucms3b0aeda323607a87sac.d.aa.online-metrix.net,0.0,online-metrix.net
rmhyneoq.page.link,1.0,page.link
wabusinesssender.com,1.0,wabusinesssender.com
gamemod1.xyz,0.0,gamemod1.xyz
p3.tgpro.top,0.0,tgpro.top
freightzone.co.zw,1.0,co.zw
921943c9d0744a37800f601c9e187638.fp.measure.office.com,0.0,office.com
www.feinberg.northwestern.edu,0.0,northwestern.edu
cangshu64.lanzouw.com,0.0,lanzouw.com
219.34.202.23.sbl.spamhaus.org,0.0,spamhaus.org
adl-bn.fartit.com,1.0,fartit.com
web.stat.ws.126.net,0.0,126.net
assignmentsdaddy.com,1.0,assignmentsdaddy.com
cfrdyxlgbqteiq.sysu.edu.cn,0.0,edu.cn
5f80de93ede94d49bdc4f33d969f2b98.fp.measure.office.com,0.0,office.com
ghaly-group.com,1.0,ghaly-group.com
w4dasvdimj2seyu7mhea-f-af9dff0b5-clientnsv4-s.akamaihd.net,0.0,akamaihd.net
cmdhvpna.page.link,1.0,page.link
cityjunkremovallogistics.com,1.0,cityjunkremovallogistics.com
alfantgdhpbtsx.sysu.edu.cn,0.0,edu.cn
xdlrxwyy.page.link,1.0,page.link
1.oooksu.z8.ru,1.0,z8.ru
guizhou.chinatax.gov.cn,0.0,gov.cn
alb-prod-invenio-1916515004.us-west-2.elb.amazonaws.com,0.0,amazonaws.com
1rooe9.damasqueirore.sa.com,1.0,sa.com
qgjsb.mwr.gov.cn,0.0,gov.cn
w4dasvfydh7hqyu63slq-f-29d88cec2-clientnsv4-s.akamaihd.net,0.0,akamaihd.net
eventivo.pk,1.0,eventivo.pk
hambudata.com.ng,1.0,com.ng
technologiczni24.pl,1.0,technologiczni24.pl
rtbypgybzry.sysu.edu.cn,0.0,edu.cn
noytral24.no,1.0,noytral24.no
adl-gsq.faqserv.com,1.0,faqserv.com
6799b18604d1e522433ab3a10664d96a.safeframe.googlesyndication.com,0.0,googlesyndication.com
38b060ce2009eac052335a16b1319a2b.safeframe.googlesyndication.com,0.0,googlesyndication.com
imgs.gimoo.net,0.0,gimoo.net
hlxy.hbmu.edu.cn,0.0,edu.cn
midrcjzh.page.link,1.0,page.link
231.10.114.170.sbl.spamhaus.org,0.0,spamhaus.org
aldynetworks.com,1.0,aldynetworks.com
masmijfq.page.link,1.0,page.link
24lottospromo.com,1.0,24lottospromo.com
www.wx.qq.com,0.0,qq.com
casitadelarte.com,1.0,casitadelarte.com
dl-bgp.tgpro.top,0.0,tgpro.top
wwu.lanzoul.com,0.0,lanzoul.com
dl.198424.com,1.0,198424.com
rodeate.com,1.0,rodeate.com
vhlxxlp.sysu.edu.cn,0.0,edu.cn
mxhjgmmf.sysu.edu.cn,0.0,edu.cn
cwhawkins.org,1.0,cwhawkins.org
venticas.net,1.0,venticas.net
0ee74d55c28e818aa8b233794a0e9763.rdt.tfogc.com,0.0,tfogc.com
dbs.result.garrettcountygranfondo.org,1.0,garrettcountygranfondo.org
3inkadvertising.com,1.0,3inkadvertising.com
hk20-ca-alb-vp4pghaqwy6h-408695043.us-east-1.elb.amazonaws.com,0.0,amazonaws.com
yrspc-app.net,1.0,yrspc-app.net
adliris.faqserv.com,1.0,faqserv.com
jinbiaochiweb-1257991880.cos.ap-chengdu.myqcloud.com,0.0,myqcloud.com
kcyopwpc.page.link,1.0,page.link
autoconfig.lingnan.sysu.edu.cn,0.0,edu.cn
b433d47c88a61f6d365625c17b3682ae.safeframe.googlesyndication.com,0.0,googlesyndication.com
1377187e62c80b2f7d4f7ee09b88ae20.safeframe.googlesyndication.com,0.0,googlesyndication.com
cbi.layout.oystergardens.us,1.0,oystergardens.us
as.61.com,0.0,61.com
uxgrvsid.page.link,1.0,page.link
muoscvdq.page.link,1.0,page.link
ambitiousapeperfume.com,1.0,ambitiousapeperfume.com
zeplantlocal.com,1.0,zeplantlocal.com
outer-dp-pc01.bh3.com,0.0,bh3.com
compunetplc.com,1.0,compunetplc.com
resume.shixiseng.com,0.0,shixiseng.com
mod-bussines.ru,1.0,mod-bussines.ru
compunetlimited.com,1.0,compunetlimited.com
secure-web.cisco.com,1.0,cisco.com
b927a53d587c4b65aa8c06e654a82dd4.fp.measure.office.com,0.0,office.com
babooblack.com,1.0,babooblack.com
shop37103995.taobao.com,0.0,taobao.com
rubbleremovalpretoria.com,1.0,rubbleremovalpretoria.com
stoon.hitsturbo.com,1.0,hitsturbo.com
never.hitsturbo.com,1.0,hitsturbo.com
ns3-l5.nic.ru,0.0,nic.ru
ea07578371bc1f9dfa28d1013fcefe96.safeframe.googlesyndication.com,0.0,googlesyndication.com
c458e83d3b8f33f472a2d157593bd4cb.safeframe.googlesyndication.com,0.0,googlesyndication.com
papagayoadventures.com,1.0,papagayoadventures.com
1ecosolution.it,1.0,1ecosolution.it
af2f557da90e4846a7493406e8cf1477.fp.measure.office.com,0.0,office.com
cmcos.albatross.10086.cn,0.0,10086.cn
angeljuicer.co.nz,1.0,co.nz
philosophy.unc.edu,0.0,unc.edu
realitycapture.co.ke,1.0,co.ke
oezczaeeyjvgqa.sysu.edu.cn,0.0,edu.cn
berynamalaysia.com,1.0,berynamalaysia.com
ravenousroyalty.files.wordpress.com,0.0,wordpress.com
new.clovercars.net,1.0,clovercars.net
pykisku.com,1.0,pykisku.com
shop35203329.taobao.com,0.0,taobao.com
spsync.i-mobile.co.jp,0.0,co.jp
Anaconda3.sysu.edu.cn,0.0,edu.cn
urmiadesign.ir,1.0,urmiadesign.ir
the-platformlab.com,1.0,the-platformlab.com
iuzweymq.page.link,1.0,page.link
instagrammen.com,0.0,instagrammen.com
oklahomavtraleigh.treatstory.com,1.0,treatstory.com
f8ae918033a953f55f672fb5b25a32fb.safeframe.googlesyndication.com,0.0,googlesyndication.com
qdl-inm.faqserv.com,1.0,faqserv.com
asv.faqserv.com,1.0,faqserv.com
kilicogludovme.com,1.0,kilicogludovme.com
trunghocthuduc.com,1.0,trunghocthuduc.com
auiitecu.page.link,1.0,page.link
johnbowtoursandtravel.com,1.0,johnbowtoursandtravel.com
chejiahao.m.autohome.com.cn,0.0,com.cn
fast.qiyou.cn,0.0,qiyou.cn
api.im.qcloud.com,0.0,qcloud.com
www.transportesevaristomadero.com,1.0,transportesevaristomadero.com
noithatbod24h.com,1.0,noithatbod24h.com
jwrcuilacnwxi.sysu.edu.cn,0.0,edu.cn
solattoy.com,1.0,solattoy.com
www.ibilibili.com,0.0,ibilibili.com
c105d022755a90ee6570024b186129f5.safeframe.googlesyndication.com,0.0,googlesyndication.com
soft.110route.com,1.0,110route.com
only-759409-202-116-81-180.nstool.netease.com,0.0,netease.com
moshito-marketing.com,1.0,moshito-marketing.com
manishved.in,1.0,manishved.in
search.medsci.cn,0.0,medsci.cn
rackoon.net,1.0,rackoon.net
jfyme.result.garrettcountygranfondo.org,1.0,garrettcountygranfondo.org
w4dasvaxeqh4eyu7kvoa-f-371bb26e0-clientnsv4-s.akamaihd.net,0.0,akamaihd.net
ut.hujiang.com,0.0,hujiang.com
search.btfox.pw,0.0,btfox.pw
alliedproperties.com.pk,1.0,com.pk
xbqxmzhc.page.link,1.0,page.link
mediaberitaindonesia.sysu.edu.cn,0.0,edu.cn
swiftype-ss.imgix.net,0.0,imgix.net
institutodeljuego.net,1.0,institutodeljuego.net
koalatea.io,0.0,koalatea.io
minnesotamapierre.n360.us,1.0,n360.us
laubenstein.space,1.0,laubenstein.space
athejazi.page.link,1.0,page.link
a-0.19-a40fb081.c800081.1838.1c44.410a.400.9d.dfvnbtjhhh2knt6n166lmmi5z6.avqs.mcafee.com,0.0,mcafee.com
pico.eset.com,0.0,eset.com
ohh.sisurl.com,0.0,sisurl.com
www.dayi100.com,0.0,dayi100.com
punchcard-pro-image.xiaoheiban.cn,0.0,xiaoheiban.cn
rz-menden.de,1.0,rz-menden.de
www.itl.nist.gov,0.0,nist.gov
apim.expedia.com,0.0,expedia.com
dprima.in,1.0,dprima.in
palasan.ro,1.0,palasan.ro
policy.video.iq.com,0.0,iq.com
526ce41b5c5041fa9a752223171bb8b4.fp.measure.office.com,0.0,office.com
emergencyplumberscroydon.co.uk,1.0,co.uk
vip-eu86.qqupload.com,0.0,qqupload.com
ethaket.info,1.0,ethaket.info
qfokdmel.page.link,1.0,page.link
0703c1233885471487a24aa3a27d021e.fp.measure.office.com,0.0,office.com
b325.photo.store.qq.com,0.0,qq.com
gd.huatu.com,0.0,huatu.com
computershop.cl,1.0,computershop.cl
72k6ns9aisk4p3bxp46j2hshmn7a6rah54qmqgls86e5b259e7916998sac.d.aa.online-metrix.net,0.0,online-metrix.net
a-0.19-24092081.c8e0082.1838.1c44.410a.400.9d.eaclitne8kl7nmjbclni8641z5.avqs.mcafee.com,0.0,mcafee.com
mnkg.sync.oystergardens.club,1.0,oystergardens.club
netc.jnu.edu.cn,0.0,edu.cn
news.youth.cn,0.0,youth.cn
images.fr.shopping.rakuten.com,0.0,rakuten.com
pc.us.sinaimg.cn,0.0,sinaimg.cn
erabits-indonesia.com,1.0,erabits-indonesia.com
ac8fc0c76a953722740b7ff029f7f5cd8.profile.fco50-c1.cloudfront.net,0.0,cloudfront.net
taohuay.top,0.0,taohuay.top
edalat-shan.com,1.0,edalat-shan.com
mpacc.uibe.edu.cn,0.0,edu.cn
opejlwmy.page.link,1.0,page.link
shasta-mrs.norton.com,0.0,norton.com
rainbowconfort.com,1.0,rainbowconfort.com
matoshribed.co.in,1.0,co.in
zevents.sa,1.0,zevents.sa
6d52ec7b8a245d02808f15da8cd0f051.safeframe.googlesyndication.com,0.0,googlesyndication.com
6ef66fb01015ff3e1e0246762f18eeeb.safeframe.googlesyndication.com,0.0,googlesyndication.com
childrenshealthintl.org,1.0,childrenshealthintl.org
samittechnorubber.in,1.0,samittechnorubber.in
emimpcpf2.eastmoney.com,0.0,eastmoney.com
cots.vn,1.0,cots.vn
localhost.wwbizsrv.alibaba.com,0.0,alibaba.com
a-ir.vizvaz.com,1.0,vizvaz.com
imap.outlook.com,0.0,outlook.com
www.honeywell.com,0.0,honeywell.com
ns11.hsbc.com.hk,0.0,com.hk
b0dg6o.tdum.alibaba.com,0.0,alibaba.com
www.ge.com,0.0,ge.com
gardencityraiders.com,1.0,gardencityraiders.com
mbcci.com.pk,1.0,com.pk
m.sc-rh.com,0.0,sc-rh.com
azzqckle.sysu.edu.cn,0.0,edu.cn
mukao88054.lofter.com,0.0,lofter.com
0fd4ba02bd364a959c0ab2d6aafe9962.fp.measure.office.com,0.0,office.com
gvbujwxdzjppqis.sysu.edu.cn,0.0,edu.cn
57.101.88.130.sbl.spamhaus.org,0.0,spamhaus.org
9791593.fls.doubleclick.net,0.0,doubleclick.net
2f03f9595220684fe9dc757d57658277.safeframe.googlesyndication.com,0.0,googlesyndication.com
roseserver.ir,1.0,roseserver.ir
4a4b0355653a34f9ac77f739cdcb7b9f.safeframe.googlesyndication.com,0.0,googlesyndication.com
001edddegdfdg.jumpbc.chuairan.com,0.0,chuairan.com
heeaxnyevpzn.sysu.edu.cn,0.0,edu.cn
serverless.parastorage.com,0.0,parastorage.com
news.iu.edu,0.0,iu.edu
sbzcxlyq.page.link,1.0,page.link
esuqwucx.page.link,1.0,page.link
riser360.com.mx,1.0,com.mx
adl-cl.fartit.com,1.0,fartit.com
medicaltoolsbd.com,1.0,medicaltoolsbd.com
mntrusted.com,1.0,mntrusted.com
public-ws-ubiservices.ubi.com,0.0,ubi.com
theaviaryhotel.com,1.0,theaviaryhotel.com
4136f52b3d144ecf9119368bba96cc28.fp.measure.office.com,0.0,office.com
fl3kab.tdum.alibaba.com,0.0,alibaba.com
1da9776765e440bbac5eb68dde022359.fp.measure.office.com,0.0,office.com
hgy2n0ksovrocmikbymwea4uxzhxcuy3qtbliir25a8262467202c0c2sac.d.aa.online-metrix.net,0.0,online-metrix.net
fish-tesla.oss-cn-hangzhou.aliyuncs.com,0.0,aliyuncs.com
166f179f5f414af8be89e087e23768fd.fp.measure.office.com,0.0,office.com
boolimagens.com.br,1.0,com.br
homeimprovementadvices.us,1.0,homeimprovementadvices.us
feynuus.org,1.0,feynuus.org
1251117883.vod2.myqcloud.com,0.0,myqcloud.com
kynwzpi.sysu.edu.cn,0.0,edu.cn
403695c4de6e47b1bc6d7b9614374d33.fp.measure.office.com,0.0,office.com
creamandfudge.in,1.0,creamandfudge.in
innomecanica.cl,1.0,innomecanica.cl
4dc940b547c7ed0834118612d322164a.safeframe.googlesyndication.com,0.0,googlesyndication.com
c51167660027dfc6c5e60aaeca3d3044.safeframe.googlesyndication.com,0.0,googlesyndication.com
djj.gd.gov.cn,0.0,gov.cn
edtrjbnx.page.link,1.0,page.link
NPI619BED.sysu.edu.cn,0.0,edu.cn
astroraah.com,1.0,astroraah.com
alto.com.mx,1.0,com.mx
958973332.docs.qq.com,0.0,qq.com
securityheadline.m.qq.com,0.0,qq.com
neednoneedles.com,1.0,neednoneedles.com
iomarixjd.sysu.edu.cn,0.0,edu.cn
sromszhj.page.link,1.0,page.link
renga.co.za,1.0,co.za
itfixbit.com,1.0,itfixbit.com
thechip.shop,1.0,thechip.shop
4ofumpkjgllu.n4.adsco.re,0.0,adsco.re
huaqing2020.oss-cn-beijing.aliyuncs.com,0.0,aliyuncs.com
calgaryguide.ucalgary.ca,0.0,ucalgary.ca
academiadepsihosomatica.md,1.0,academiadepsihosomatica.md
vbrrjdwb.page.link,1.0,page.link
homeimprovementskills.us,1.0,homeimprovementskills.us
fr.wikivoyage.org,0.0,wikivoyage.org
tustarjetas.store,1.0,tustarjetas.store
businessmarkets.us,1.0,businessmarkets.us
mallasprogalv.com,1.0,mallasprogalv.com
cws-site-1191008954.us-east-1.elb.amazonaws.com,0.0,amazonaws.com
yesslabels.ae,1.0,yesslabels.ae
cruxmwbr.www.tendawifi.com,0.0,tendawifi.com
ort-stsdk.vivo.com.cn,0.0,com.cn
979f1aebcc8931256bcde3f09d3e6869.safeframe.googlesyndication.com,0.0,googlesyndication.com
zh.cam4.com,0.0,cam4.com
patricksaccounting.com,1.0,patricksaccounting.com
p214-fmf.icloud.com.cn,0.0,com.cn
wemod.com,0.0,wemod.com
utoqhkym.sysu.edu.cn,0.0,edu.cn
supplyhook.net,1.0,supplyhook.net
support.lenovo.com,0.0,lenovo.com
ayrgestion.com,1.0,ayrgestion.com
5a5b1a559f5348948c7b05c2041a1ce2.fp.measure.office.com,0.0,office.com
iplayer-mobile-appconfig.files.bbci.co.uk,0.0,co.uk
robertcook.top,1.0,robertcook.top
twmhvhoa.page.link,1.0,page.link
axvasdex.page.link,1.0,page.link
scholarpublishing.us6.list-manage.com,0.0,list-manage.com
italianplanters.com,1.0,italianplanters.com
ueymoexm.page.link,1.0,page.link
worldwidecollection.net,1.0,worldwidecollection.net
www.coopsantodomingo.com,1.0,coopsantodomingo.com
share.iclient.ifeng.com,0.0,ifeng.com
lbebyjtz.page.link,1.0,page.link
kxojhvho.page.link,1.0,page.link
certucheabogados.com,1.0,certucheabogados.com
w4dasvaxfdy2syu65eqq-f-ac228ee54-clientnsv4-s.akamaihd.net,0.0,akamaihd.net
runnerspacegifts.com,1.0,runnerspacegifts.com
c788459a7938f3e9f35b1a4f17816555.safeframe.googlesyndication.com,0.0,googlesyndication.com
adanacamasiryikama.com,1.0,adanacamasiryikama.com
wkxb.sicnu.edu.cn,0.0,edu.cn
djgdistribuciones.com,1.0,djgdistribuciones.com
zj2fdndiksysoyu7jnsa-f-4092beec5-clientnsv4-s.akamaihd.net,0.0,akamaihd.net
pic6.iqiyipic.com.www.tendawifi.com,0.0,tendawifi.com
www.52scjs.com,0.0,52scjs.com
e2aeb62a49764885ae0a5df74c4be340.fp.measure.office.com,0.0,office.com
arsalanfilms.com,1.0,arsalanfilms.com
docserver.cadence.com,0.0,cadence.com
pwnkkyfhq.www.tendawifi.com,0.0,tendawifi.com
pzptzdoybw.feishu.cn,0.0,feishu.cn
114.99.131.21._spf.mta.salesforce.com,0.0,salesforce.com
ciurspti.page.link,1.0,page.link
nextinuous.com,1.0,nextinuous.com
avd.asia,1.0,avd.asia
zhongyindi.datasink.sensorsdata.cn,0.0,sensorsdata.cn
usdo.in,1.0,usdo.in
bookstore.ssp.qq.com,0.0,qq.com
2ac49c9fd62149fd9e01ae2c60569c58.fp.measure.office.com,0.0,office.com
client.sina.cn,0.0,sina.cn
shadowmaskbungalow.com,1.0,shadowmaskbungalow.com
geetabeautyhub.in,1.0,geetabeautyhub.in
showme.co.za,0.0,co.za
wlj.wuhan.gov.cn,0.0,gov.cn
4555bb94dca345d7baa625636f8f9087.fp.measure.office.com,0.0,office.com
skdev.in,1.0,skdev.in
hfrtyisq.page.link,1.0,page.link
xn--playstor-ueb.com,1.0,xn--playstor-ueb.com
config.resilio.com,0.0,resilio.com
inmano.com.br,1.0,com.br
konyayasarvinc.com,1.0,konyayasarvinc.com
gileadcross.com,1.0,gileadcross.com
72k6ns9amnieyjoiy6x7fszj624lkrnvwwco6iyy36ec691bf6215659sac.d.aa.online-metrix.net,0.0,online-metrix.net
w4dasvaxfdy2syu6twma-f-8c784a3ff-clientnsv4-s.akamaihd.net,0.0,akamaihd.net
ciptransfer.com,1.0,ciptransfer.com
africatechs.com,1.0,africatechs.com
zwagu.toshibatelevisao.sa.com,1.0,sa.com
ondemandservice.shop,1.0,ondemandservice.shop
latierraprometida.co,1.0,latierraprometida.co
1048ca3283d14c1998f507b84eb6cc24.fp.measure.office.com,0.0,office.com
kriasoftux.com,1.0,kriasoftux.com
hamrahansystem.com,1.0,hamrahansystem.com
3.80.125.162.sbl.spamhaus.org,0.0,spamhaus.org
584274907.docs.qq.com,0.0,qq.com
st.bendibao.com,0.0,bendibao.com
lybqyplu.page.link,1.0,page.link
nargana.co,1.0,nargana.co
vbvhixvg.page.link,1.0,page.link
erudicaoinvestimentos.com.br,1.0,com.br
ehsoqsok.page.link,1.0,page.link
adllsg.mrface.com,1.0,mrface.com
a85056cbab09fcc274bf16edfff9a10ab.profile.sea73-p2.cloudfront.net,0.0,cloudfront.net
alltuning.com.br,1.0,com.br
drmarcostavaresdeoliveira.com.br,1.0,com.br
zj2fdlixfqz3eyu6k55a-f-ca66120e8-clientnsv4-s.akamaihd.net,0.0,akamaihd.net
news.voc.com.cn,0.0,com.cn
a913b7fc73b44b5280ab88172b96af84.fp.measure.office.com,0.0,office.com
8bd970b059f14400a7d062c1f51ae88e.fp.measure.office.com,0.0,office.com
ykgunszm.page.link,1.0,page.link
transglobaladjusters.co.ke,1.0,co.ke
cpcalendars.rakishevkenes.com,1.0,rakishevkenes.com
mobilidadeurbanaassessoria.com.br,1.0,com.br
sos.vivi.sg,1.0,vivi.sg
ejlhgsyk.page.link,1.0,page.link
tvgoo.sysu.edu.cn,0.0,edu.cn
7j2jn7.tdum.alibaba.com,0.0,alibaba.com
sgpolyerp.in,1.0,sgpolyerp.in
qasisqrdjx.sysu.edu.cn,0.0,edu.cn
03b6ff6f91b2e3f391d09b5733159050.safeframe.googlesyndication.com,0.0,googlesyndication.com
ugelconcepcion.gob.pe,1.0,gob.pe
onesignal.com,0.0,onesignal.com
3437b9aab7554514a1cf78ae58c15982.fp.measure.office.com,0.0,office.com
wajihaattique.com,1.0,wajihaattique.com
wdibkksayozexu.sysu.edu.cn,0.0,edu.cn
161.238.15.12.sbl.spamhaus.org,0.0,spamhaus.org
stairrunners.ca,1.0,stairrunners.ca
content-system.gog.com,0.0,gog.com
vulturetv.com,1.0,vulturetv.com
d92db75c414048ff8311cf008e8958ac.fp.measure.office.com,0.0,office.com
only-728335-117-136-32-86.nstool.netease.com,0.0,netease.com
cdbmeb.tdum.alibaba.com,0.0,alibaba.com
9c9bed2bbb4f45b78d7f2e73ab6d0aad.fp.measure.office.com,0.0,office.com
files2.dp.ua,1.0,dp.ua
admaxds.in,1.0,admaxds.in
gfoodpackaging.com.my,1.0,com.my
ydpkeewxqqmfo.sysu.edu.cn,0.0,edu.cn
chipshoes.sysu.edu.cn,0.0,edu.cn
72k6ns9a4nxg2x45jhta3iz6z5wdcdarjxvf3qdl2bbcab9d28e9e641sac.d.aa.online-metrix.net,0.0,online-metrix.net
mbhslagosoba.com,1.0,mbhslagosoba.com
caumbwo.sysu.edu.cn,0.0,edu.cn
wedoit.global,1.0,wedoit.global
78aec8ce569e6392101c1879c68b7df9.safeframe.googlesyndication.com,0.0,googlesyndication.com
eacc67c79700ba8942f34b082aae29e3.safeframe.googlesyndication.com,0.0,googlesyndication.com
elite-sd.com,1.0,elite-sd.com
lwwbknqh.page.link,1.0,page.link
adl-jh.my03.com,1.0,my03.com
china.dhabigroup.top,1.0,dhabigroup.top
nvqxaijhlul.sysu.edu.cn,0.0,edu.cn
caroihrv.page.link,1.0,page.link
saham.duia.us,1.0,duia.us
dl2-broomcleaner.online,1.0,dl2-broomcleaner.online
rkimuodw.page.link,1.0,page.link
620eda53e59cd9e6baa7f138bc853a69.safeframe.googlesyndication.com,0.0,googlesyndication.com
travelspacesafaris.com,1.0,travelspacesafaris.com
092093c25d0d66f4a8a5a22d449336a3.safeframe.googlesyndication.com,0.0,googlesyndication.com
care4sneaker.com,1.0,care4sneaker.com
ringadoctor.com,1.0,ringadoctor.com
tabishaftab.com,1.0,tabishaftab.com
umwledzqtscw.sysu.edu.cn,0.0,edu.cn
adl-irn.fartit.com,1.0,fartit.com
imgf1.pop-fashion.com,0.0,pop-fashion.com
1koijw.sonytelevisao.sa.com,1.0,sa.com
juvb.sync.oystergardens.club,1.0,oystergardens.club
ksocrrjwhglxa.sysu.edu.cn,0.0,edu.cn
p4-ck6gy7cv7ntfw-22uslfiwb3xdb7ju-if-v6exp3-v4.metric.gstatic.com,0.0,gstatic.com
hoebysoqaqwamcl.sysu.edu.cn,0.0,edu.cn
mzlctfymgj.corp.qualcomm.com,0.0,qualcomm.com
wjbmxkxa.page.link,1.0,page.link
p44.p3.n0.cdn.getcloudapp.com,1.0,getcloudapp.com
1QWQEWREWQWEQWRQE.SBS,1.0,1QWQEWREWQWEQWRQE.SBS
juliusramos.com,1.0,juliusramos.com
p35-acsegateway.icloud.com.cn,0.0,com.cn
hb595743.fx.sj.360.cn,0.0,360.cn
4.3.18.104.sbl.spamhaus.org,0.0,spamhaus.org
wwqbgzje.sysu.edu.cn,0.0,edu.cn
12.cetc.com.cn,0.0,com.cn
nmtu.settings.oysterfloats.org,1.0,oysterfloats.org
sahmadl.faqserv.com,1.0,faqserv.com
woodtrax.fr,1.0,woodtrax.fr
photomart.tn,1.0,photomart.tn
w4dasvaxhswuqyu7lrpq-f-cc6a444f7-clientnsv4-s.akamaihd.net,0.0,akamaihd.net
r1---sn-i3belnl7.googlevideo.com,0.0,googlevideo.com
np-listapi.eastmoney.com,0.0,eastmoney.com
lummaaass.site,1.0,lummaaass.site
mxzlmmoh.page.link,1.0,page.link
iowacoatlanta.phoenixcareintl.com,1.0,phoenixcareintl.com
motexpert.org,1.0,motexpert.org
jwthourk.page.link,1.0,page.link
thecrazymonkey.org,1.0,thecrazymonkey.org
akctdcbixuwo.sysu.edu.cn,0.0,edu.cn
count.pcauto.com.cn,0.0,com.cn
xbf.lanzoul.com,0.0,lanzoul.com
ljbtrainingsolutions.com,1.0,ljbtrainingsolutions.com
ir-sn.my03.com,1.0,my03.com
aytjkzqe.page.link,1.0,page.link
imforx.com,1.0,imforx.com
amtc-dz.com,1.0,amtc-dz.com
kkdghssalumni.com,1.0,kkdghssalumni.com
111.65.223.76.sbl.spamhaus.org,0.0,spamhaus.org
6f1a1ec7196ab200ce780f55f627e8d7.safeframe.googlesyndication.com,0.0,googlesyndication.com
smioaeyu.page.link,1.0,page.link
levantateelshow.com,1.0,levantateelshow.com
0b3fa689e00747ed9247a1ebfd82e65b.fp.measure.office.com,0.0,office.com
wrdproxy.hainanu.edu.cn,0.0,edu.cn
img5.yna.co.kr,0.0,co.kr
sef.faqserv.com,1.0,faqserv.com
c4efc3e2ec9f40168a7c86cbbdce4549.fp.measure.office.com,0.0,office.com
plastiboxgm.com,1.0,plastiboxgm.com
r4---sn-oguelnzy.googlevideo.com,0.0,googlevideo.com
taxicentral.ir,1.0,taxicentral.ir
julimerventures.co.ke,1.0,co.ke
lxzrmcirmvu.sysu.edu.cn,0.0,edu.cn
coin.meituan.com,0.0,meituan.com
equity.haus,1.0,equity.haus
af0f407c7010207bda97bc996f907034.safeframe.googlesyndication.com,0.0,googlesyndication.com
objyapvj.page.link,1.0,page.link
j108srijan.com,1.0,j108srijan.com
72k6ns9a7pdqsktdxh4ui3pwvdolagw2br5sk7i4c638b1f0a3f91d82sac.d.aa.online-metrix.net,0.0,online-metrix.net
hits-i.iubenda.com,0.0,iubenda.com
wkjsc.swjtu.edu.cn,0.0,edu.cn
oobben.store,1.0,oobben.store
jaffnaheritage.lk,1.0,jaffnaheritage.lk
npgpybmm.page.link,1.0,page.link
api.sec.intl.miui.com,0.0,miui.com
nejtague.page.link,1.0,page.link
vms-sc.miguvideo.com,0.0,miguvideo.com
76a0f194a4cb4b13b5370a29918ee7ea.fp.measure.office.com,0.0,office.com
hiwwndct.page.link,1.0,page.link
cowlevel.net,0.0,cowlevel.net
erxjbkrxwv.sysu.edu.cn,0.0,edu.cn
evixfifh.page.link,1.0,page.link
pbjizlerkoqajf.sysu.edu.cn,0.0,edu.cn
rontymobile.in,1.0,rontymobile.in
alyzsports.com,1.0,alyzsports.com
uemm-dynatrace.app.ford.com,0.0,ford.com
stream.vidazoo.com,0.0,vidazoo.com
apkikoishow.com,1.0,apkikoishow.com
db._dns-sd._udp.wlan.huawei.com,0.0,huawei.com
sgsfvoax.page.link,1.0,page.link
lawguie.com,1.0,lawguie.com
usasupplements.online,1.0,usasupplements.online
northcarolinawiboston.bonesdesigncompany.com,1.0,bonesdesigncompany.com
ir-bn.mynetav.org,1.0,mynetav.org
store1.gofile.io,1.0,gofile.io
m.dianping.mama.cn,0.0,mama.cn
d51d6233219d4f31b27749af933807e6.fp.measure.office.com,0.0,office.com
93a743ef445afb85fe810b0712138993.safeframe.googlesyndication.com,0.0,googlesyndication.com
hosps.co.za,1.0,co.za
915839726.docs.qq.com,0.0,qq.com
djaffodq.page.link,1.0,page.link
hlddz.broker.tplay.qq.com,0.0,qq.com
35-155-152-211-pushcl.np.communication.playstation.net,0.0,playstation.net
h55na.update.easebar.com,0.0,easebar.com
lmyizoqf.page.link,1.0,page.link
ed-sb.vizvaz.com,1.0,vizvaz.com
gcfyfriu.page.link,1.0,page.link
w4dasxixilaz4yu7haya-f-a782b4639-clientnsv4-s.akamaihd.net,0.0,akamaihd.net
jstp-mpc.m.jd.com,0.0,jd.com
ck3.paradoxwikis.com,0.0,paradoxwikis.com
shringarseva.in,1.0,shringarseva.in
a-0.19-a7000201.0.170c.cf6.3ea5.210.0.p16gjzk7nqt8wqgufitb27z7r6.avts.mcafee.com,0.0,mcafee.com
670e5288bd224a069f5745ac31cfd502.fp.measure.office.com,0.0,office.com
mnfservice.com.my,1.0,com.my
sunbabsco.com,1.0,sunbabsco.com
r.photo.store.qq.com,0.0,qq.com
quolocations.com,1.0,quolocations.com
w4dasvax373seyu6jyyq-f-4f7933e68-clientnsv4-s.akamaihd.net,0.0,akamaihd.net
iran-hhs.fartit.com,1.0,fartit.com
nkwcnlxh.page.link,1.0,page.link
objetivosexy.com,1.0,objetivosexy.com
psg4-excel.officeapps.live.com,0.0,live.com
a40a2b163a7a48c69c323270bb54cbfe.fp.measure.office.com,0.0,office.com
vpner.cc,1.0,vpner.cc
crm.newbalance.com.cn,0.0,com.cn
k734616852-a707sde7a7401.rc03.oray.com,0.0,oray.com
a33131d5c4a0c1798039af96181d08817.profile.mxp63-p3.cloudfront.net,0.0,cloudfront.net
56a558db22014cabafcfa0a3f3002f94.fp.measure.office.com,0.0,office.com
aimfireandsecurity.com,1.0,aimfireandsecurity.com
videfi.org,1.0,videfi.org
sporteriaind.com,1.0,sporteriaind.com
riage.fr,1.0,riage.fr
surat.bkc.or.id,1.0,or.id
frtkdn.tdum.alibaba.com,0.0,alibaba.com
chitrasansar.com,1.0,chitrasansar.com
bbs.ludashi.com,0.0,ludashi.com
europe-post.eu,1.0,europe-post.eu
fnpkzbzg.page.link,1.0,page.link
u-security.mx,1.0,u-security.mx
8c0f45184cd4c46d3d4d8f4b159bb642.safeframe.googlesyndication.com,0.0,googlesyndication.com
valerkfs.beget.tech,1.0,beget.tech
70lsqw.sn.files.1drv.com,0.0,1drv.com
infomastar.com,1.0,infomastar.com
ccdn.brightedge.com,0.0,brightedge.com
topics-cdn.nintendo.co.jp,0.0,co.jp
xwobsokr.page.link,1.0,page.link
vkvd257.mycdn.me,0.0,mycdn.me
download-lb.utorrent.com,0.0,utorrent.com
toshiaki1.com,1.0,toshiaki1.com
dgcdlzrondztnho.polyu.edu.hk,0.0,edu.hk
kenesrakishev.net,1.0,kenesrakishev.net
kuhubbup.page.link,1.0,page.link
w4dasvax2cgiayu6uixa-f-9a8c0df75-clientnsv4-s.akamaihd.net,0.0,akamaihd.net
66073eeed76e5cca9f6aa1f131c3c60c.safeframe.googlesyndication.com,0.0,googlesyndication.com
67.47.190.192.sbl.spamhaus.org,0.0,spamhaus.org
40c1ff0c8c0d44dba2ed07c78a775cba.fp.measure.office.com,0.0,office.com
thepoemforyou.oss-cn-beijing.aliyuncs.com,0.0,aliyuncs.com
a-0.19-a7000801.c0e0081.170c.d79.3ea5.210.0.wkkz4jc8zq7p9jg262j9gt4lrq.avts.mcafee.com,0.0,mcafee.com
metagaming.tv,1.0,metagaming.tv
zj2fdlixfqzxuyu6pala-f-9fd790171-clientnsv4-s.akamaihd.net,0.0,akamaihd.net
www.romulation.org,0.0,romulation.org
72k6ns9amjsjgzmcosgrxyba6um2nu5btvnummiked7bda1907e00b07sac.d.aa.online-metrix.net,0.0,online-metrix.net
www.abac.au.edu,0.0,au.edu
iqjtljxbnvj.sysu.edu.cn,0.0,edu.cn
uzfix.com,1.0,uzfix.com
shinyapps-upload.s3.amazonaws.com,0.0,amazonaws.com
cqpofqlz.page.link,1.0,page.link
4wdo88.tdum.alibaba.com,0.0,alibaba.com
sign.huolala.cn,0.0,huolala.cn
plantscares.in,1.0,plantscares.in
dpytlaqbxrwd.www.tendawifi.com,0.0,tendawifi.com
worldmother.in,1.0,worldmother.in
a3faa7efd0f5c59330ea989801494de30.profile.sin52-c3.cloudfront.net,0.0,cloudfront.net
kpfxqgboexyiuj.www.tendawifi.com,0.0,tendawifi.com
puffarena.co.uk,1.0,co.uk
tecx.co.za,1.0,co.za
downloadfilmgratis-filmterbaru.sysu.edu.cn,0.0,edu.cn
mindit.in,1.0,mindit.in
tulpfwbw.page.link,1.0,page.link
nhltruet.page.link,1.0,page.link
newcastle.ae,1.0,newcastle.ae
xemtex534.xyz,1.0,xemtex534.xyz
download0.vivo.com.cn,0.0,com.cn
86.58.240.183.sbl.spamhaus.org,0.0,spamhaus.org
xining.tianqi.com,0.0,tianqi.com
aff6f9eb09fe371c40dd8857463075d5e.profile.yto50-p1.cloudfront.net,0.0,cloudfront.net
9thp6m.tdum.alibaba.com,0.0,alibaba.com
api.discourse.org,0.0,discourse.org
bb.img.qq.com.cloud.tc.qq.com,0.0,qq.com
unapromo.com,1.0,unapromo.com
lobclwqblbucj.sysu.edu.cn,0.0,edu.cn
zxwnpckp.page.link,1.0,page.link
jamaicaplumbingsupplies.com,1.0,jamaicaplumbingsupplies.com
uxkxkalx.page.link,1.0,page.link
dxbpadrodc00004.china.huawei.com,0.0,huawei.com
only-382559-14-150-104-98.nstool.netease.com,0.0,netease.com
74.160.217.172.sbl.spamhaus.org,0.0,spamhaus.org
r1---sn-oguesn6d.gvt1.com,0.0,gvt1.com
ew.phncdn.com,0.0,phncdn.com
ihsesesgppg.sysu.edu.cn,0.0,edu.cn
indiajuris.com,1.0,indiajuris.com
allon4mexico.com,1.0,allon4mexico.com
activity.zlongame.com,0.0,zlongame.com
h171736.srv22.test-hf.su,1.0,test-hf.su
sioc.cas.cn,0.0,cas.cn
jrsx.gduf.edu.cn,0.0,edu.cn
adx.dlads.cn,0.0,dlads.cn
6457a4db7d7830fbe7c08d36a041eda5.safeframe.googlesyndication.com,0.0,googlesyndication.com
cdn.javvin.me,0.0,javvin.me
xxgk.qdu.edu.cn,0.0,edu.cn
smart-artisans.bj,1.0,smart-artisans.bj
hl4xavtilnccuyu7j42q-pi2poj-57d3b1a26-clientnsv4-s.akamaihd.net,0.0,akamaihd.net
ucb6e27bc114195553e699b92c53.dl.dropboxusercontent.com,1.0,dropboxusercontent.com
www2272.ff-05.com,0.0,ff-05.com
dti.lk,1.0,dti.lk
shades-of-blue.gallerycdn.azure.cn,0.0,azure.cn
depositphotos.com,0.0,depositphotos.com
sgcvyshfrmbl.sysu.edu.cn,0.0,edu.cn
info.scopus.com,0.0,scopus.com
edukarya.net,1.0,edukarya.net
ligacdz.sysu.edu.cn,0.0,edu.cn
w4dasvaxfdy2syu6tyhq-f-8827e1810-clientnsv4-s.akamaihd.net,0.0,akamaihd.net
rener.com.uy,1.0,com.uy
5493tblc2y7322bkzmhudk2v3kvi5vp2hjbifjrq197ceb380502d420sac.d.aa.online-metrix.net,0.0,online-metrix.net
120-236-174-249_s-23-2-16-25_ts-1654590977-clienttons-s.akamaihd.net,0.0,akamaihd.net
enuph.layout.oystergardens.us,1.0,oystergardens.us
w4dasxqxh5fkcyu63caq-pb8kt7-8ac3cd48c-clientnsv4-s.akamaihd.net,0.0,akamaihd.net
foa.oiu.edu.sd,1.0,edu.sd
mysura.it,1.0,mysura.it
www.canr.msu.edu,0.0,msu.edu
tgagua.mx,1.0,tgagua.mx
localforvocal.co.in,1.0,co.in
shoppingleeds.us,1.0,shoppingleeds.us
lindenprofessionalservices.com,1.0,lindenprofessionalservices.com
saham-pa.skcarriages.com,1.0,skcarriages.com
wyy.voc.com.cn,0.0,com.cn
w4dasvfygoo5iyu654qa-f-fdc554eec-clientnsv4-s.akamaihd.net,0.0,akamaihd.net
cdn1.xxxvideor.com,0.0,xxxvideor.com
sportsgallery.in,1.0,sportsgallery.in
mein.miteinander.reisen,1.0,miteinander.reisen
searchlauncher.bcm.tmc.edu,0.0,tmc.edu
nhakhoablossom.vn,1.0,nhakhoablossom.vn
avirep.co,1.0,avirep.co
yqgx.whut.edu.cn,0.0,edu.cn
ubkwxhbl.page.link,1.0,page.link
rdddpvit.page.link,1.0,page.link
claudiosanchez.cl,1.0,claudiosanchez.cl
augmo.in,1.0,augmo.in
celema.co,1.0,celema.co
o278969.ingest.sentry.io,0.0,sentry.io
jayxwwqurukdcje.sysu.edu.cn,0.0,edu.cn
hub5p.sandai.net,0.0,sandai.net
virginiamnprovidence.competey.com,1.0,competey.com
galiniseaview.gr,1.0,galiniseaview.gr
72k6ns9ayh3brntfgu5xq6iagwmklmu5eyemaf6oef0b2da2d7748c3bsac.d.aa.online-metrix.net,0.0,online-metrix.net
beaccameroun.org,1.0,beaccameroun.org
wuhtzeav45dx.l4.adsco.re,0.0,adsco.re
kleaclrd.page.link,1.0,page.link
8ccda04147cdf92994ead6a469963187.safeframe.googlesyndication.com,0.0,googlesyndication.com
csdmtrading.co.za,1.0,co.za
aktifyapikimya.com.tr,1.0,com.tr
institutoecologiabolivia.com,1.0,institutoecologiabolivia.com
static7.lottiefiles.com,0.0,lottiefiles.com
pcms.icpsr.umich.edu,0.0,umich.edu
hcpadvfpbnlfz.www.tendawifi.com,0.0,tendawifi.com
72k6ns9a62zsuatkj2ygicjxnli3tt3ixeamjsco356f3926b17eb8a3sac.d.aa.online-metrix.net,0.0,online-metrix.net
38048ad156f0666a66a41f9bc5f68122.dlied1.cdntips.net,0.0,cdntips.net
4013.browurl.com,0.0,browurl.com
xn--qkr7qj7ec1l5tf0qa74g03g80fsqlusuuxdus9a354bxudsyntqinuvqss.sysu.edu.cn,0.0,edu.cn
dreamkarts.com,1.0,dreamkarts.com
ad64d30dbaa44bbfaf9c0128dcb1e3b2.fp.measure.office.com,0.0,office.com
b546fc4702bfb95ea7f9ecfc0f0c5d3d.safeframe.googlesyndication.com,0.0,googlesyndication.com
houssagynecologue.com,1.0,houssagynecologue.com
ratteb.com,1.0,ratteb.com
bookmytravelz.com,1.0,bookmytravelz.com
smartstay.co.ke,1.0,co.ke
lancome.m.tmall.com,0.0,tmall.com
6fecdad2e3f0428884914bff5c2f536d.fp.measure.office.com,0.0,office.com
bulliongold.net,1.0,bulliongold.net
cosmiccat-my.sharepoint.com,0.0,sharepoint.com
srikrishnaretailfixtures.com,1.0,srikrishnaretailfixtures.com
4c829df9-d432-4ae3-bf08-363f82e8793c.assignments.api.brightspace.com,0.0,brightspace.com
manicillustrations.files.wordpress.com,0.0,wordpress.com
r15---sn-ni57rn7e.c.2mdn.net,0.0,2mdn.net
kingprovpn.com,1.0,kingprovpn.com
hk-zb-zfile.oss-cn-hongkong.aliyuncs.com,0.0,aliyuncs.com
apnibazar.com,1.0,apnibazar.com
b9830f9326fe54a4b79e93eba6593f88.safeframe.googlesyndication.com,0.0,googlesyndication.com
88a68943c8d6a006069485dfd7e4b0b3.safeframe.googlesyndication.com,0.0,googlesyndication.com
d1bf02098bdbbd6401bd0f157f8d877a.safeframe.googlesyndication.com,0.0,googlesyndication.com
010fdf898376b65e7fd6b5bd3c5d331f.safeframe.googlesyndication.com,0.0,googlesyndication.com
raeecolombianet.com.co,1.0,com.co
filespreview.spline.design,0.0,spline.design
controletempo.com,1.0,controletempo.com
a7u1or.tdum.alibaba.com,0.0,alibaba.com
monitoring-platform.gitee.io,0.0,gitee.io
switzerlland.com,1.0,switzerlland.com
pg-bootstrap.itunes.apple.com,0.0,apple.com
hl4xahqxjnkk4yu6wowq-f-23b9f1ff4-clientnsv4-s.akamaihd.net,0.0,akamaihd.net
molinoloizzoaltamura.it,1.0,molinoloizzoaltamura.it
www.saf-oil.ru,1.0,saf-oil.ru
viramar.com.br,1.0,com.br
05aa496ca0b1ff14b9edd9081f65496e.safeframe.googlesyndication.com,0.0,googlesyndication.com
baraemaljinan.com,1.0,baraemaljinan.com
ncdc.noaa.gov,0.0,noaa.gov
cmulpxsk.page.link,1.0,page.link
mpagebff.paas.cmbchina.com,0.0,cmbchina.com
d1a3634a16eb4c26a72f9b1f9a1bd1b8.fp.measure.office.com,0.0,office.com
wccchealthfacilitieswholesalers.co.za,1.0,co.za
www1.gdtv.cn,0.0,gdtv.cn
mccmanagement-mid-prod1-all-t.adobe-campaign.com,0.0,adobe-campaign.com
23c86426c653f6d14a17a33c3d7c5c0c.safeframe.googlesyndication.com,0.0,googlesyndication.com
d8934b1045dcd2544a992862c4c7b9e3.safeframe.googlesyndication.com,0.0,googlesyndication.com
e5829734a84abaffcb0568e2de2d8a29.safeframe.googlesyndication.com,0.0,googlesyndication.com
519164b993e729962911154d6a216941.safeframe.googlesyndication.com,0.0,googlesyndication.com
hudong.moe.gov.cn,0.0,gov.cn
uplines.co,1.0,uplines.co
www4.bing.com,0.0,bing.com
affordablesinginglessons.com,1.0,affordablesinginglessons.com
dev.oni.gov.ge,1.0,gov.ge
washingtontxtopeka.learnmoneymakingskills.com,1.0,learnmoneymakingskills.com
whoareyoukidshoes.com,1.0,whoareyoukidshoes.com
navai.sync.oystergardens.club,1.0,oystergardens.club
healthpot.co,1.0,healthpot.co
ds-2055.oss-acc-allline.aliyuncs.com,0.0,aliyuncs.com
1bc668878589cbcb16db76b5203633e3b5c203d7cf6a9c23.dlied1.cdntips.net,0.0,cdntips.net
dyxt.jw.scut.edu.cn,0.0,edu.cn
w4dasvaxhp6icyu6hmeq-f-41b67e216-clientnsv4-s.akamaihd.net,0.0,akamaihd.net
huttnbyi.page.link,1.0,page.link
www.haoword.com,0.0,haoword.com
sleepwell.cl,1.0,sleepwell.cl
mucitplastik.com,1.0,mucitplastik.com
grs.platform.dbankcloud.ru.www.tendawifi.com,0.0,tendawifi.com
watfordspringschool.org.ng,1.0,org.ng
scholarshiplug.com,1.0,scholarshiplug.com
astroheenasharma.in,1.0,astroheenasharma.in
p36-fmipmobile.icloud.com,0.0,icloud.com
b250b1.ug.ele.me,0.0,ele.me
ves.faqserv.com,1.0,faqserv.com
www.ulifestyle.com.hk,0.0,com.hk
btcgamblingtips.com,1.0,btcgamblingtips.com
seeeysw.hust.edu.cn,0.0,edu.cn
hnvmremm.page.link,1.0,page.link
ligadoaraguaia.com.br,1.0,com.br
zt.gifshow.com,0.0,gifshow.com
als.mrbasic.com,1.0,mrbasic.com
barebearscoin.com,1.0,barebearscoin.com
52.16.82.208.sbl.spamhaus.org,0.0,spamhaus.org
188876-android-ds.metric.gstatic.com,0.0,gstatic.com
v5-lite-zqcm.douyinvod.com,0.0,douyinvod.com
e782aefa61cb4e7a8664d512e8c66595.fp.measure.office.com,0.0,office.com
986f01d7895cd0fa422bcd468e7cf90a.safeframe.googlesyndication.com,0.0,googlesyndication.com
itcc.nju.edu.cn,0.0,edu.cn
bwaqcwspnpi.sysu.edu.cn,0.0,edu.cn
2838435095.docs.qq.com,0.0,qq.com
code.highcharts.com,0.0,highcharts.com
kripa89.sysu.edu.cn,0.0,edu.cn
js.xueqiu.com,0.0,xueqiu.com
transportescsc.com,1.0,transportescsc.com
data.earthquake.cn,0.0,earthquake.cn
apih.liepin.com,0.0,liepin.com
artejoy.co.in,1.0,co.in
southcarolinanvmontpelier.thedoerznetwork.com,1.0,thedoerznetwork.com
shop.hsm.education,1.0,hsm.education
transeca.mx,1.0,transeca.mx
mshzksspnvvjzk.sysu.edu.cn,0.0,edu.cn
73005d9615a8bbbd9875e84e99978419.safeframe.googlesyndication.com,0.0,googlesyndication.com
theprintdepot.ca,1.0,theprintdepot.ca
hotfix.mbgcdn.lenovo.com.cn,0.0,com.cn
vedetaavon.ro,1.0,vedetaavon.ro
mq-lounge.com,1.0,mq-lounge.com
inatvindir.online,1.0,inatvindir.online
focussci.com.br,1.0,com.br
rarestglam.com,1.0,rarestglam.com
lswz.jiangxi.gov.cn,0.0,gov.cn
www.fabao365.com,0.0,fabao365.com
xgyyiuft.page.link,1.0,page.link
d1dcwuzxl9elyu.cloudfront.net,0.0,cloudfront.net
rr1---sn-j5o7dn7d.googlevideo.com,0.0,googlevideo.com
ahrapparels.com,1.0,ahrapparels.com
ksvgttmhdkxxtzg.sysu.edu.cn,0.0,edu.cn
qjfwdjqsh.sysu.edu.cn,0.0,edu.cn
coforgemarketing.com,1.0,coforgemarketing.com
fzghb.sysu.edu.cn,0.0,edu.cn
vg-palace.vivo.com.cn,0.0,com.cn
marylandazatlanta.buyapeelgiveameal.com,1.0,buyapeelgiveameal.com
websafe.meituan.com,0.0,meituan.com
arbatours.pk,1.0,arbatours.pk
ibig.co.il,1.0,co.il
90fd22ee7b3646678deea19f61c1eff4.fp.measure.office.com,0.0,office.com
eaaqeubqaijeajqacqlxqaaaabrj3j42-f-2f92fa68d-clienttons-s.akamaihd.net,0.0,akamaihd.net
ledge-wt3cloud.lol.qq.com,0.0,qq.com
click.virt.s6.exacttarget.com,0.0,exacttarget.com
goforbroke.org,1.0,goforbroke.org
kyyuvzwq.page.link,1.0,page.link
fece1af0490059bfe079bfec28c2eea7.safeframe.googlesyndication.com,0.0,googlesyndication.com
geosummit.co.ke,1.0,co.ke
gspe19-kittyhawk-ssl.ls.apple.com,0.0,apple.com
softemr.com,1.0,softemr.com
mmajwvzb.page.link,1.0,page.link
avakentechnologies.com,1.0,avakentechnologies.com
spannetwork.org,1.0,spannetwork.org
d528818da2a318bcd0bf49755049e3cdfc7d955512f16041.dlied1.cdntips.net,0.0,cdntips.net
xj.cnr.cn,0.0,cnr.cn
8317c21df60c4cd895b6b5f579fb0e66.fp.measure.office.com,0.0,office.com
thefastestcard.com,1.0,thefastestcard.com
lrdczcie.page.link,1.0,page.link
ah-noresolution.schneider-electric.com,0.0,schneider-electric.com
freguesiadabeleza.com.br,1.0,com.br
ljsnsefm.page.link,1.0,page.link
avemariacare.com,1.0,avemariacare.com
dnc.faqserv.com,1.0,faqserv.com
ooolowokureandco.org,1.0,ooolowokureandco.org
bdrd.novelty.akibacreative.com,1.0,akibacreative.com
de.mathworks.com,0.0,mathworks.com
whtygfbxxzmk.sysu.edu.cn,0.0,edu.cn
www.iciba.com,0.0,iciba.com
spt.apps.gov.bc.ca,0.0,bc.ca
ummanmetal.com,1.0,ummanmetal.com
deaventura4vientos.com,1.0,deaventura4vientos.com
b2db8a3ca5199ea9d381c7a0a16512d1.safeframe.googlesyndication.com,0.0,googlesyndication.com
93a0ae18c9b85222fc67a4ef26be1611.safeframe.googlesyndication.com,0.0,googlesyndication.com
cd0ea0a7b8219cf276b179b1ea55085b.safeframe.googlesyndication.com,0.0,googlesyndication.com
1c045c0d89a8127ae41f4a6bb2071acb.safeframe.googlesyndication.com,0.0,googlesyndication.com
w4dasvfydj7usyu6seda-f-1969f9dd6-clientnsv4-s.akamaihd.net,0.0,akamaihd.net
cfzcv0.tdum.alibaba.com,0.0,alibaba.com
essams.com,1.0,essams.com
rockedcme.com,1.0,rockedcme.com
editmontage.com,1.0,editmontage.com
lfk-es.com,1.0,lfk-es.com
live.bilibili.com,0.0,bilibili.com
ggzyfw.fujian.gov.cn,0.0,gov.cn
6f4197364d9148a0a7f3108740641bf9.fp.measure.office.com,0.0,office.com
the17laws.com,1.0,the17laws.com
web.ele.me,0.0,ele.me
drcjgw.tdum.alibaba.com,0.0,alibaba.com
w4dasvdimj2leyu7bqqq-f-72243a812-clientnsv4-s.akamaihd.net,0.0,akamaihd.net
infoplaceti.com.br,1.0,com.br
gedebey-tvradio.info,1.0,gedebey-tvradio.info
time-uniform.com,1.0,time-uniform.com
spacenews.com,0.0,spacenews.com
tj.house365.com,0.0,house365.com
click.chp.kohls.com,0.0,kohls.com
u.graduate.sysu.edu.cn,0.0,edu.cn
hongkongossofwhbalzac.oss-cn-hongkong.aliyuncs.com,0.0,aliyuncs.com
yn.eoffcn.com,0.0,eoffcn.com
ljtmvvjvnsbe.sysu.edu.cn,0.0,edu.cn
southpawboxing.in,1.0,southpawboxing.in
islammagdy.com,1.0,islammagdy.com
homework.hu,1.0,homework.hu
ilmzone.com,1.0,ilmzone.com
abcdelectricity.com,1.0,abcdelectricity.com
ijltvlgeqdnp.sysu.edu.cn,0.0,edu.cn
d43e9c3c27100098f0196bb71fb0588a.safeframe.googlesyndication.com,0.0,googlesyndication.com
dwnfile.fun,1.0,dwnfile.fun
potatogoose.com,1.0,potatogoose.com
thenostalgistfilm.com,1.0,thenostalgistfilm.com
r2---sn-ogueln7r.googlevideo.com,0.0,googlevideo.com
statis2.mama.cn,0.0,mama.cn
b2a0086e5a5f491385531d780e89f59c.fp.measure.office.com,0.0,office.com
ab35b0a6b55bf2ef2fd61704f3abbc233.profile.iad79-c2.cloudfront.net,0.0,cloudfront.net
deliver.kuwo.cn,0.0,kuwo.cn
alarm.youku.com,0.0,youku.com
agas.layout.oystergardens.us,1.0,oystergardens.us
uvzlyhlk.page.link,1.0,page.link
www.iso.cuhk.edu.hk,0.0,edu.hk
yaykon.com.tr,1.0,com.tr
b990e3ae494b43f7b20941a4cfbaf13f.fp.measure.office.com,0.0,office.com
qwxkuzro.page.link,1.0,page.link
7c9e0b1e61fd022f7ca4046a729f28bf.safeframe.googlesyndication.com,0.0,googlesyndication.com
ah.cri.cn,0.0,cri.cn
sg.news.yahoo.com,0.0,yahoo.com
wzkvznwv.page.link,1.0,page.link
a64c581d0efab43adc8c02bf4726155e.dlied1.cdntips.net,0.0,cdntips.net
pragmaticwebtools.com,1.0,pragmaticwebtools.com
vindeciumbrud.ro,1.0,vindeciumbrud.ro
2db97fe9c02f414f8ac2e10f2a507cb2.fp.measure.office.com,0.0,office.com
uzadhrox.page.link,1.0,page.link
investors.sohu.com,0.0,sohu.com
b2fcb5f89c864c0a8ab343ead7d3fccc.fp.measure.office.com,0.0,office.com
9pfnp2.tdum.alibaba.com,0.0,alibaba.com
a4592.casalemedia.com,0.0,casalemedia.com
df91a3c29ca746368a844e13db100560.fp.measure.office.com,0.0,office.com
studiocircle.co.uk,1.0,co.uk
wozialads.com,1.0,wozialads.com
alessiadegaspari.it,1.0,alessiadegaspari.it
iadhkvxqed.sysu.edu.cn,0.0,edu.cn
iptv.bupt.edu.cn,0.0,edu.cn
akgygeeq.page.link,1.0,page.link
meshitislaw.com,1.0,meshitislaw.com
1laaj.abetoas.sa.com,1.0,sa.com
dkbf.hangzhou.com.cn,0.0,com.cn
d2tqf7lz1s79x8.cloudfront.net,0.0,cloudfront.net
sensorstrace.hexun.com,0.0,hexun.com
medrive-my.sharepoint.cn,0.0,sharepoint.cn
scproducts.co.za,1.0,co.za
news.jxcn.cn,0.0,jxcn.cn
rotarycluboftema.org,1.0,rotarycluboftema.org
181f9e0d5c74ed2e49feb239aebf2d08.dlied1.cdntips.net,0.0,cdntips.net
99e61f8b592192257eff49fed26609dd.dlied1.cdntips.net,0.0,cdntips.net
coalizaobrasil.com.br,1.0,com.br
bankextracts.com,1.0,bankextracts.com
workforindia.com,1.0,workforindia.com
vvvhwqhu.page.link,1.0,page.link
electre.org,1.0,electre.org
cdn.nest.rip,1.0,nest.rip
ad-ird.itsaol.com,1.0,itsaol.com
tokoalkes-online.com,1.0,tokoalkes-online.com
only-38188-120-236-174-212.nstool.netease.com,0.0,netease.com
jasongraves.top,1.0,jasongraves.top
umdakucd.page.link,1.0,page.link
cds.climate.copernicus.eu,0.0,copernicus.eu
300jinqichun.lofter.com,0.0,lofter.com
e92fbfbafe9543d08ded43e35cecdf5b.fp.measure.office.com,0.0,office.com
ubotccey.page.link,1.0,page.link
14d4fd645885de0f4b2adb5eaacd5c96.safeframe.googlesyndication.com,0.0,googlesyndication.com
50a47ab74f4c8d533e02ecf528e62cd6.safeframe.googlesyndication.com,0.0,googlesyndication.com
insurancies.com,1.0,insurancies.com
o1128081.ingest.sentry.io,0.0,sentry.io
sds.pe,1.0,sds.pe
d3.sinaimg.cn,0.0,sinaimg.cn
samueletini.com,1.0,samueletini.com
rpnfucbr.page.link,1.0,page.link
bkjcmizc.page.link,1.0,page.link
discoverscience.be,1.0,discoverscience.be
www.thesun.co.uk,0.0,co.uk
ymapp.wsjkw.gd.gov.cn,0.0,gov.cn
fioi9j.eucaliptore.sa.com,1.0,sa.com
plcbrudu.page.link,1.0,page.link
kraftyadvantagemarketing.com,1.0,kraftyadvantagemarketing.com
edtephghjh.sysu.edu.cn,0.0,edu.cn
a-0.19-a7000801.0.170c.c6b.3ea5.210.0.c33lciip5l4z9h2bdtrtmgmmbv.avts.mcafee.com,0.0,mcafee.com
zj2fdlixfqzxuyu6n4yq-f-c17b66d37-clientnsv4-s.akamaihd.net,0.0,akamaihd.net
sta1.write.qq.com,0.0,qq.com
farfetch-debug.onelink.me,0.0,onelink.me
cbd842d2f7828c75595e82e154445ede.safeframe.googlesyndication.com,0.0,googlesyndication.com
bdd8df87056ccf625d9cb02ea1bc2c17.safeframe.googlesyndication.com,0.0,googlesyndication.com
kartvizitfiyatlari.com,1.0,kartvizitfiyatlari.com
yadorvhv.page.link,1.0,page.link
tribuuniversalacademy.com,1.0,tribuuniversalacademy.com
rimatextile.com,1.0,rimatextile.com
uckxvzbn.page.link,1.0,page.link
iifvhrku.page.link,1.0,page.link
emid1-lt-out.hy.qcloudcdn.qq.com,0.0,qq.com
b009bd7995125db647beb06ef903b2a1.safeframe.googlesyndication.com,0.0,googlesyndication.com
vhsolution-id.com,1.0,vhsolution-id.com
mb.oiu.edu.sd,1.0,edu.sd
donottapthewhitetile2-228525228.us-east-1.elb.amazonaws.com,0.0,amazonaws.com
seed-static.oss-cn-beijing.aliyuncs.com,0.0,aliyuncs.com
storage.360buyimg.com,0.0,360buyimg.com
cbepwjub.page.link,1.0,page.link
e8ouwv.pinheirosa.sa.com,1.0,sa.com
only-722635-183-46-224-55.nstool.netease.com,0.0,netease.com
yunasphotography.com,1.0,yunasphotography.com
kairosturismo.com.co,1.0,com.co
g7mmyr.tdum.alibaba.com,0.0,alibaba.com
grossiste.tn,1.0,grossiste.tn
wmwvqchzskdyl.sysu.edu.cn,0.0,edu.cn
nblandgroup.com,1.0,nblandgroup.com
professional-repair-services.com,1.0,professional-repair-services.com
www.usda.gov,0.0,usda.gov
tanukuinfo.com,1.0,tanukuinfo.com
cuxawkuf.page.link,1.0,page.link
cdn.iflscience.com,0.0,iflscience.com
todosoft.com.co,1.0,com.co
transportation.buaa.edu.cn,0.0,edu.cn
matrix-egy.net,1.0,matrix-egy.net
shop356807015.taobao.com,0.0,taobao.com
jvtoqhxy.page.link,1.0,page.link
sz88.oss-accelerate.aliyuncs.com,0.0,aliyuncs.com
feed-back.cl,1.0,feed-back.cl
cuedqpil.page.link,1.0,page.link
source.unsplash.com,0.0,unsplash.com
czkal-my.sharepoint.com,0.0,sharepoint.com
wpinsight.in,1.0,wpinsight.in
ingenieriainsitu.com,1.0,ingenieriainsitu.com
soloroadshow.files.wordpress.com,0.0,wordpress.com
prevention.cancer.gov,0.0,cancer.gov
layflhgm.page.link,1.0,page.link
umlibguides.um.edu.my,0.0,edu.my
t3.market.xiaomi.com,0.0,xiaomi.com
inoxsach.com.mx,1.0,com.mx
paperplanemotion.works,1.0,paperplanemotion.works
jtaviation.co.in,1.0,co.in
lacostumbreperfecta.es,1.0,lacostumbreperfecta.es
handytechnik.net,1.0,handytechnik.net
pfmsqos.japaneast.cloudapp.azure.com,0.0,azure.com
studiocamposdesign.com,1.0,studiocamposdesign.com
prolimpe.com,1.0,prolimpe.com
NO-OSL-ANX-R007.teamviewer.com,0.0,teamviewer.com
cruzfunezlopez.com,1.0,cruzfunezlopez.com
ardownload.adobe.com,0.0,adobe.com
www.fupin832.com,0.0,fupin832.com
qftydtwd.sysu.edu.cn,0.0,edu.cn
braceletcuivre.com,1.0,braceletcuivre.com
qwulhob.sysu.edu.cn,0.0,edu.cn
xvjeaenwxg.sysu.edu.cn,0.0,edu.cn
expaceos.com,1.0,expaceos.com
3a1f86446d3a9414da29d91fd4169cfa.safeframe.googlesyndication.com,0.0,googlesyndication.com
glaucireis.com.br,1.0,com.br
newmofu.doorblog.jp,0.0,doorblog.jp
academiajabez.com,1.0,academiajabez.com
willowgreen.com.sg,1.0,com.sg
w4dasvax2cgiayu6ud4q-f-e15a7137a-clientnsv4-s.akamaihd.net,0.0,akamaihd.net
bakhshjobs.com,1.0,bakhshjobs.com
todobi.sysu.edu.cn,0.0,edu.cn
taksan-algerie.com,1.0,taksan-algerie.com
www.pride.com,0.0,pride.com
a-0.19-24091081.c9b0082.1838.1c44.410a.400.9d.ggsz92dih2wgcfuhzbw8durs86.avqs.mcafee.com,0.0,mcafee.com
zrfpu.result.garrettcountygranfondo.org,1.0,garrettcountygranfondo.org
blueoceansfresh.com,1.0,blueoceansfresh.com
itscnf.com,1.0,itscnf.com
w4dasvaxfdy4syu7bwsq-f-e5f14bb0d-clientnsv4-s.akamaihd.net,0.0,akamaihd.net
07efd449e7ad42baa714f4978d59e88e.fp.measure.office.com,0.0,office.com
metastockinv.com,1.0,metastockinv.com
nykfeefe.page.link,1.0,page.link
wrieducation.com,1.0,wrieducation.com
pixhost.to,0.0,pixhost.to
mpcover.ysp.cctv.cn,0.0,cctv.cn
autoplius.lt,0.0,autoplius.lt
d5ns76.tdum.alibaba.com,0.0,alibaba.com
employabilite-ucac.com,1.0,employabilite-ucac.com
ag.umass.edu,0.0,umass.edu
darearwa.pk,1.0,darearwa.pk
tintin.coffee,1.0,tintin.coffee
5ba5f3e607732a329f4740bbca414300.rdt.tfogc.com,0.0,tfogc.com
download.caihong.com,1.0,caihong.com
jasimuddin.guru,1.0,jasimuddin.guru
twykuypi.page.link,1.0,page.link
adl-oi.fartit.com,1.0,fartit.com
ychz-bos.cdn.bcebos.com,0.0,bcebos.com
venusmanufacturing.in,1.0,venusmanufacturing.in
nattivos.com,1.0,nattivos.com
only-205616-112-96-50-127.nstool.netease.com,0.0,netease.com
adlss.dns05.com,1.0,dns05.com
agr4ma.tdum.alibaba.com,0.0,alibaba.com
bmxyenpl.page.link,1.0,page.link
warungsatekeluarga.com,1.0,warungsatekeluarga.com
coyotevadio.com,1.0,coyotevadio.com
c-0.19-a7000801.20081.16a8.c13.3ea5.210.0.jln5usrwwju81mmthjlnufafht.avts.mcafee.com,0.0,mcafee.com
c.snake.oppomobile.com,0.0,oppomobile.com
w4dasvfydplsgyu66wrq-f-4e278cb2e-clientnsv4-s.akamaihd.net,0.0,akamaihd.net
novedadesyartesaniaslupita.com,1.0,novedadesyartesaniaslupita.com
adl-bn.faqserv.com,1.0,faqserv.com
pdwk5n3iksysoyu7nt3q-f-53412efed-clientnsv4-s.akamaihd.net,0.0,akamaihd.net
vector0.map.bdimg.com,0.0,bdimg.com
c68980c11fd50b85cb292303d71c4f94.safeframe.googlesyndication.com,0.0,googlesyndication.com
a44cd8f3f7f44c5582cbf2d73a933d2f.fp.measure.office.com,0.0,office.com
bk656u.tdum.alibaba.com,0.0,alibaba.com
emdservicios.cl,1.0,emdservicios.cl
lev4y.tdum.alibaba.com,0.0,alibaba.com
konyabaskilitsort.com,1.0,konyabaskilitsort.com
custominteriorscanada.com,1.0,custominteriorscanada.com
livverr.com,1.0,livverr.com
wt1-cloud-taas.lol.qq.com,0.0,qq.com
urbedu.live,1.0,urbedu.live
69da47c055304a04856fde18a681b866.fp.measure.office.com,0.0,office.com
sncfashionbeats.com,1.0,sncfashionbeats.com
zaofisa.net,1.0,zaofisa.net
blogs.voanews.com,0.0,voanews.com
startupaccelerator.asia,1.0,startupaccelerator.asia
rr2---sn-p5qs7nzr.googlevideo.com,0.0,googlevideo.com
sngie.ml,1.0,sngie.ml
cdn.justjaredjr.com,0.0,justjaredjr.com
jfao-ca.org,1.0,jfao-ca.org
nustreamdevsite.com,1.0,nustreamdevsite.com
modulo.servegame.com,1.0,servegame.com
lsiigprolqcd.sysu.edu.cn,0.0,edu.cn
pwvwyjtw.page.link,1.0,page.link
babtuvmp.page.link,1.0,page.link
w4dasvaxgurbgyu64hbq-f-252f398ca-clientnsv4-s.akamaihd.net,0.0,akamaihd.net
zyhxcsopho.sysu.edu.cn,0.0,edu.cn
static.gyyx.cn,0.0,gyyx.cn
marmiroli.com.br,1.0,com.br
57f1cf44d124a10414747f21c8ff4ce6.safeframe.googlesyndication.com,0.0,googlesyndication.com
72k6ns9a3m3fsecd6tmefbkz55d2bwdrtyzdh6wx68f76d95bcf7dc10sac.d.aa.online-metrix.net,0.0,online-metrix.net
cc6c3e42f5dc9cdf30955f488f646da5.safeframe.googlesyndication.com,0.0,googlesyndication.com
sergiologan.com.br,1.0,com.br
perubuskley.com.pe,1.0,com.pe
d8948351318514875541-t9164524100628659349.id.amgdgt.com,0.0,amgdgt.com
nctpyhdfvafzu.sysu.edu.cn,0.0,edu.cn
dengguang.dav01.com,0.0,dav01.com
fzszx.tynu.edu.cn,0.0,edu.cn
static.carthrottle.com,0.0,carthrottle.com
sra.faqserv.com,1.0,faqserv.com
openday.mcs.it,1.0,mcs.it
octopia.com.ar,1.0,com.ar
svaccountants.com.au,1.0,com.au
agrexoverseas.com,1.0,agrexoverseas.com
neftobd.com,1.0,neftobd.com
gons09fc.top,1.0,gons09fc.top
m.zjstv.com,0.0,zjstv.com
metasailor.co,1.0,metasailor.co
azizxasa.page.link,1.0,page.link
abhjbw115jks.oss-accelerate.aliyuncs.com,1.0,aliyuncs.com
msclick2.kuwo.cn,0.0,kuwo.cn
ul2uzqwu7l.execute-api.us-east-1.amazonaws.com,0.0,amazonaws.com
image.youdao.com,0.0,youdao.com
30d5f04604b7dcbc866116f8afe12fda.safeframe.googlesyndication.com,0.0,googlesyndication.com
gusgkikqfbqccf.sysu.edu.cn,0.0,edu.cn
supperly.co.uk,1.0,co.uk
dataaq.yy.com,0.0,yy.com
efs.faqserv.com,1.0,faqserv.com
vlvefdju.page.link,1.0,page.link
yeusaigongroup.com,1.0,yeusaigongroup.com
adl-am.fartit.com,1.0,fartit.com
sailslimited.com,1.0,sailslimited.com
72k6ns9app6km6dkadh4pdg3tepqiz23vgxs2vff9f4cfa97e2164ec5sac.d.aa.online-metrix.net,0.0,online-metrix.net
xabljafm.page.link,1.0,page.link
19d08935c58123e680d99b75ad4cb437.dlied1.cdntips.net,0.0,cdntips.net
ethio-health.com,1.0,ethio-health.com
jau.result.garrettcountygranfondo.org,1.0,garrettcountygranfondo.org
office-cn-beijing.imm.aliyuncs.com,0.0,aliyuncs.com
ufangke.jrj.com.cn,0.0,com.cn
adl.vizvaz.com,1.0,vizvaz.com
niveen.net,1.0,niveen.net
1690113687.docs.qq.com,0.0,qq.com
starurileromaniei.ro,1.0,starurileromaniei.ro
31.234.102.66.sbl.spamhaus.org,0.0,spamhaus.org
76f1e2b8c61e41a48415fe07b960423e.fp.measure.office.com,0.0,office.com
30.145.74.80.sbl.spamhaus.org,0.0,spamhaus.org
ehubgroup.com,1.0,ehubgroup.com
metmani.com,1.0,metmani.com
olcmsdu.www.tendawifi.com,0.0,tendawifi.com
carads.com.bd,1.0,com.bd
cff9647d58f74e029f20479955c289ba.fp.measure.office.com,0.0,office.com
beta.cgl.co.id,1.0,co.id
r3---sn-nx57ynsl.gvt1.com,0.0,gvt1.com
urhobodaily.com,1.0,urhobodaily.com
www.mgtv1.tv,0.0,mgtv1.tv
krurns.com,1.0,krurns.com
gpoacclavilla.com,1.0,gpoacclavilla.com
ef1dbcc323514002801dfae6e492e56b.fp.measure.office.com,0.0,office.com
msc.tsinghua.edu.cn,0.0,edu.cn
storage-1301734146.cos.ap-shanghai.myqcloud.com,0.0,myqcloud.com
w4dasvdimj2seyu67xyq-f-f627d36d9-clientnsv4-s.akamaihd.net,0.0,akamaihd.net
dhiwdnhe.page.link,1.0,page.link
yaseenahmed.com,1.0,yaseenahmed.com
inled.gr,1.0,inled.gr
online.rsj.sh.gov.cn,0.0,gov.cn
www.runeelite.com,1.0,runeelite.com
w4dasrqx2h2ngyu7ljfa-f-d9fd87e5b-clientnsv4-s.akamaihd.net,0.0,akamaihd.net
4d94791d769f433798ddfff09b5e99f1.fp.measure.office.com,0.0,office.com
adl-j.faqserv.com,1.0,faqserv.com
LEN84251974F4D5.www.tendawifi.com,0.0,tendawifi.com
abissnet.net,1.0,abissnet.net
bj.sysu.edu.cn,0.0,edu.cn
ihdsfueo.page.link,1.0,page.link
c67b494cb374cf4c00227b987f5b6190.safeframe.googlesyndication.com,0.0,googlesyndication.com
975caa4b55ea98b9aa52313192b0d129.safeframe.googlesyndication.com,0.0,googlesyndication.com
7083bdd729824d12b9db4bb8d532f957.fp.measure.office.com,0.0,office.com
euunistore.weibo.cn,0.0,weibo.cn
soyradioapps.com,1.0,soyradioapps.com
adl-gga.faqserv.com,1.0,faqserv.com
d5je199ii038w.cloudfront.net,0.0,cloudfront.net
lgame-alpha-1300955520.file.myqcloud.com,0.0,myqcloud.com
wysedigitalmedia.com,1.0,wysedigitalmedia.com
cejkktho.page.link,1.0,page.link
raw.senmanga.com,0.0,senmanga.com
surfacedma.azurefd.net,0.0,azurefd.net
pdwk56w7o4zlwyu6zkjq-f-17a5295d0-clientnsv4-s.akamaihd.net,0.0,akamaihd.net
shubhamavenue.in,1.0,shubhamavenue.in
jwc.xynu.edu.cn,0.0,edu.cn
cloudfly.com.pe,1.0,com.pe
sisisarazcollection.com.ng,1.0,com.ng
4242be60d1a840ee1d7887a099351435.safeframe.googlesyndication.com,0.0,googlesyndication.com
ec373e0e0f3734917063961747057154.safeframe.googlesyndication.com,0.0,googlesyndication.com
w4dasryxilaz4yu7b45q-f-f8b26407c-clientnsv4-s.akamaihd.net,0.0,akamaihd.net
asiansportssalem.com,1.0,asiansportssalem.com
zoomiadlb213zc.iad.zoom.us,0.0,zoom.us
img.softmedal.com,1.0,softmedal.com
b5bdc216afe64de59f7ae779b4e4dcbb.fp.measure.office.com,0.0,office.com
nnfp.jss.com.cn,0.0,com.cn
nurelfalah.or.id,1.0,or.id
textileexpert.net,1.0,textileexpert.net
ashvircreations.com,1.0,ashvircreations.com
d30nr4b2k915ua.cloudfront.net,0.0,cloudfront.net
001eecddjdeced.jumpbc.chuairan.com,0.0,chuairan.com
c7be7a15b87174b2b80107d5920e08a8.safeframe.googlesyndication.com,0.0,googlesyndication.com
fpkmvvjtwymkkl.www.tendawifi.com,0.0,tendawifi.com
zrt2.gfz-potsdam.de,0.0,gfz-potsdam.de
9212252.fls.doubleclick.net,0.0,doubleclick.net
calibrationservicesas.com,1.0,calibrationservicesas.com
id.tsinghua.edu.cn,0.0,edu.cn
dl.zeinabmohamadiasl.com,1.0,zeinabmohamadiasl.com
atpt.xdf.cn,0.0,xdf.cn
profile.img.afreecatv.com,0.0,afreecatv.com
lieboytys.tmall.com,0.0,tmall.com
lbdhmc.com.ph,1.0,com.ph
bafybeihdjplbm4f2yf6oqwi4pmcp27vlnemwchh7c3xu73rcwd7zbdogty.ipfs.infura-ipfs.io,0.0,infura-ipfs.io
shubhshadi.co.in,1.0,co.in
esmeraldascoffee.com,1.0,esmeraldascoffee.com
a-0.19-a7000801.c1d0081.16a8.c13.3ea5.210.0.pezjighi7mdm24ij8lqhqikhbv.avts.mcafee.com,0.0,mcafee.com
chaotianldy.oss-cn-hangzhou.aliyuncs.com,0.0,aliyuncs.com
mushroompalkadotchocolatebars.shop,1.0,mushroompalkadotchocolatebars.shop
tjuzqnkwd.tendawifi.com,0.0,tendawifi.com
bmrzbkdf.page.link,1.0,page.link
outsider-ota.oss-cn-beijing.aliyuncs.com,0.0,aliyuncs.com
gons13fc.top,1.0,gons13fc.top
stonecut.co.uk,1.0,co.uk
paulstephen.org,1.0,paulstephen.org
b12725f64e684621a22c16b4220387bb.fp.measure.office.com,0.0,office.com
troubletorn.ydns.eu,1.0,ydns.eu
w4dasvfm5aieuyu6qe6a-f-165286ccf-clientnsv4-s.akamaihd.net,0.0,akamaihd.net
ed-fi.vizvaz.com,1.0,vizvaz.com
veken.de,1.0,veken.de
yunnan.eoffcn.com,0.0,eoffcn.com
e1r5ex.tdum.alibaba.com,0.0,alibaba.com
hrqfxjikyvs.sysu.edu.cn,0.0,edu.cn
otwmmlhj.page.link,1.0,page.link
finance.sina.com.cn,0.0,com.cn
896b6a157bf14cffbbfc74096c494712.fp.measure.office.com,0.0,office.com
spiyjmhy.page.link,1.0,page.link
chasehomes.ae,1.0,chasehomes.ae
panfactory.com.co,1.0,com.co
72k6ns9ah37ruzbaurw2xghjz7skyqnfwgq7ucijfae31046d5967ba3sac.d.aa.online-metrix.net,0.0,online-metrix.net
fa2d5aacbc0cdf566c993ee81f9b7bdb.safeframe.googlesyndication.com,0.0,googlesyndication.com
6b7f26550f484a60a398c0ec0f135374.fp.measure.office.com,0.0,office.com
c4jjaa.tdum.alibaba.com,0.0,alibaba.com
11.bus.sysu.edu.cn,0.0,edu.cn
stonedigitalcenter.co.tz,1.0,co.tz
5c43b18bb98517849dc086467e92dae0.safeframe.googlesyndication.com,0.0,googlesyndication.com
6842e74082efc8fb12a38899b8b24358.dlied1.cdntips.net,0.0,cdntips.net
kfx.sync.oystergardens.club,1.0,oystergardens.club
w4dasvaxemnjmyu6fvwq-f-b3f1193cf-clientnsv4-s.akamaihd.net,0.0,akamaihd.net
test.alog.picovr.com,0.0,picovr.com
marrakechfolkloredays.ma,1.0,marrakechfolkloredays.ma
876590831-a83ese9d62879.rc03.oray.com,0.0,oray.com
pdwk553ii3vrsyu64hsa-f-50e422f63-clientnsv4-s.akamaihd.net,0.0,akamaihd.net
srivenkateshwarapackersandmovers.in,1.0,srivenkateshwarapackersandmovers.in
gejqgooq.page.link,1.0,page.link
95f280d94999456fb710cf01c2edd269.fp.measure.office.com,0.0,office.com
fattafat.com.pk,1.0,com.pk
investinjapan.jp,1.0,investinjapan.jp
am-match.taboola.com,0.0,taboola.com
fang.chinadaily.com.cn,0.0,com.cn
dark123.lofter.com,0.0,lofter.com
diamondclub-jewelry.com,1.0,diamondclub-jewelry.com
w4dasvc4po6vayu6g53q-f-f1c94978e-clientnsv4-s.akamaihd.net,0.0,akamaihd.net
is-ps-cloud1.is.ed.ac.uk,0.0,ac.uk
hutmienj.page.link,1.0,page.link
melmacelectricalservices.com,1.0,melmacelectricalservices.com
dynamicdescaler.co.id,1.0,co.id
rawdah-mlhm.com,1.0,rawdah-mlhm.com
piokf.sync.oystergardens.club,1.0,oystergardens.club
gepeszmuhely.hu,1.0,gepeszmuhely.hu
kidzera.in,1.0,kidzera.in
keystonedesigns.in,1.0,keystonedesigns.in
namthaibinh.net,1.0,namthaibinh.net
a50d097e720d411e9ae7c0ab288ff214-152337682.us-east-1.elb.amazonaws.com,0.0,amazonaws.com
f749336e60247efbff89a9164101d782.safeframe.googlesyndication.com,0.0,googlesyndication.com
1bca078eb9d132dad358a6de7ee06c7d.safeframe.googlesyndication.com,0.0,googlesyndication.com
activity-api.tuhu.cn,0.0,tuhu.cn
wikqkgbwruuy.tendawifi.com,0.0,tendawifi.com
family.microsoft.com,0.0,microsoft.com
ayendonjeans.com,1.0,ayendonjeans.com
saham-cs.skcarriages.com,1.0,skcarriages.com
hentaikun.com,0.0,hentaikun.com
fac760d1506545289e2a5af62da4e2ef.fp.measure.office.com,0.0,office.com
edvxyonj.page.link,1.0,page.link
oloplentex.com,1.0,oloplentex.com
635126-android-ds.metric.gstatic.com,0.0,gstatic.com
acorrea.com.br,1.0,com.br
n9e5v4d8.ssl.hwcdn.net,0.0,hwcdn.net
zj2fdlixfqz3eyu6my7a-f-d8b2b0989-clientnsv4-s.akamaihd.net,0.0,akamaihd.net
expertendeavor.com,1.0,expertendeavor.com
w4dasyyxfq2uwyu6qxgq-f-7ab25c41e-clientnsv4-s.akamaihd.net,0.0,akamaihd.net
zmnoss-mini.oss-cn-beijing.aliyuncs.com,0.0,aliyuncs.com
pmcdeadline2.files.wordpress.com,0.0,wordpress.com
pani.com.pk,1.0,com.pk
lijianqin709.blog.163.com,0.0,163.com
webuscdnsrc.apowersoft.info,0.0,apowersoft.info
bitbucket.org,1.0,bitbucket.org
kscapitalguru.com,1.0,kscapitalguru.com
act.icbc.com.cn,0.0,com.cn
fs.focusky.com.cn,0.0,com.cn
cubicoempresarial.com.co,1.0,com.co
1vtzyo.tdum.alibaba.com,0.0,alibaba.com
energyestimation.mit.edu,0.0,mit.edu
shoepalacebd.com,1.0,shoepalacebd.com
quechique.com.br,1.0,com.br
4fafd3f66dc20b771656cecca50ac285.safeframe.googlesyndication.com,0.0,googlesyndication.com
kevinley.com,1.0,kevinley.com
nkg8.huya.com,0.0,huya.com
w4dasvdimj2tayu67rwq-f-ed30b51dc-clientnsv4-s.akamaihd.net,0.0,akamaihd.net
adlshq.mynetav.org,1.0,mynetav.org
okidylom.sysu.edu.cn,0.0,edu.cn
novadrop.com.br,1.0,com.br
a41b18a94b33451f825da241a60a2341.fp.measure.office.com,0.0,office.com
elektrodata.rs,1.0,elektrodata.rs
dreamcitytoronto.ca,1.0,dreamcitytoronto.ca
pedimosjusticia.com,1.0,pedimosjusticia.com
6985b120582a4fb18aefc22d3353b837.fp.measure.office.com,0.0,office.com
project-ile.net,1.0,project-ile.net
only-497536-183-46-140-133.nstool.netease.com,0.0,netease.com
vsblobprodscussu5shard84.blob.core.windows.net,0.0,windows.net
mortgage-application-form.com,1.0,mortgage-application-form.com
p10-escrowproxy-china.icloud.com,0.0,icloud.com
www.feedburner.com,0.0,feedburner.com
rahatbaytak.com,1.0,rahatbaytak.com
masriasteel.com,1.0,masriasteel.com
jarsofwinepress.com,1.0,jarsofwinepress.com
fmfrgxog.sysu.edu.cn,0.0,edu.cn
xzlhwtjvzoc.sysu.edu.cn,0.0,edu.cn
dsxzxokd.page.link,1.0,page.link
growontech.com,1.0,growontech.com
nynct.guizhou.gov.cn,0.0,gov.cn
www.spandidos-publications.com,0.0,spandidos-publications.com
ec9b734194a14ba88f8b7c865a78a142.fp.measure.office.com,0.0,office.com
insidemoringa.com,1.0,insidemoringa.com
ohpj6q.ch.files.1drv.com,0.0,1drv.com
stripo-editor-image.s3-eu-west-1.amazonaws.com,0.0,amazonaws.com
7cb1150403d047079e05bb858e4e74e2.fp.measure.office.com,0.0,office.com
5j3mzp.tdum.alibaba.com,0.0,alibaba.com
72k6ns9a267b55lmj5sc2c5wrme544fdujrx4gl6c50c356dc06b6560sac.d.aa.online-metrix.net,0.0,online-metrix.net
b40ed313fe8b4f0e9dbd745097bd38a5.fp.measure.office.com,0.0,office.com
1775362c99aa63b6dce5904aa988d99b.safeframe.googlesyndication.com,0.0,googlesyndication.com
3b0e753f5a18a578360f38b9f926a00d.safeframe.googlesyndication.com,0.0,googlesyndication.com
kentuckynvcheyenne.vltlt.com,1.0,vltlt.com
t4137631518820010675.id.amgdgt.com,0.0,amgdgt.com
dstvinstallation-midrand.com,1.0,dstvinstallation-midrand.com
11bb2eec68ea3a8686b549e5be6fedf9.safeframe.googlesyndication.com,0.0,googlesyndication.com
oceancityrentalbyowner.com,1.0,oceancityrentalbyowner.com
telcoqatar.com,1.0,telcoqatar.com
viareal.com.br,1.0,com.br
frex.result.garrettcountygranfondo.org,1.0,garrettcountygranfondo.org
eloagro.agr.br,1.0,agr.br
the-hope-foundation.kdconnect.uk,1.0,kdconnect.uk
72k6ns9acqkcq4koqinj42p7lfuwgew34mei7nie2e48db18928ce55dsac.d.aa.online-metrix.net,0.0,online-metrix.net
tmfhjotz.page.link,1.0,page.link
esdk.dangbei.com,0.0,dangbei.com
baidu.lmtndh.com,0.0,lmtndh.com
xiaomi5.p2psy3.io.mi.com,0.0,mi.com
w4dasvdijw3rwyu6gmxa-f-293dda09f-clientnsv4-s.akamaihd.net,0.0,akamaihd.net
ican.ils.seu.edu.cn,0.0,edu.cn
nenaotransportes.srv.br,1.0,srv.br
percastillo.pe,1.0,percastillo.pe
tcszafulku.www.tendawifi.com,0.0,tendawifi.com
openplatform.emsneo.evergrande.com,0.0,evergrande.com
bowang.bit.edu.cn,0.0,edu.cn
malabsatfal.com,1.0,malabsatfal.com
ewzxdyild.sysu.edu.cn,0.0,edu.cn
eaaqeubqaijeajqacqlxqaaaabrj6ao2-f-38065a848-clienttons-s.akamaihd.net,0.0,akamaihd.net
208.149.59.199.sbl.spamhaus.org,0.0,spamhaus.org
arrowlauncher.blob.core.windows.net,0.0,windows.net
tb67bqKE.dbl.spamhaus.org,0.0,spamhaus.org
vepworld.com,1.0,vepworld.com
6246f1867b5c749f72862942607a3195.safeframe.googlesyndication.com,0.0,googlesyndication.com
e53892642.at.baijiayun.com,0.0,baijiayun.com
meraom.lt,1.0,meraom.lt
royalrang.com,1.0,royalrang.com
lgvedrtv.page.link,1.0,page.link
shopatbazar.com,1.0,shopatbazar.com
3324bd25e1ed48f3aaead068e68bc94f.fp.measure.office.com,0.0,office.com
m-bendibao-com.sm-tc.cn,0.0,sm-tc.cn
71f071be5ae5449b995b4f21fe16e238.fp.measure.office.com,0.0,office.com
synaifhy.page.link,1.0,page.link
course.myquark.cn,0.0,myquark.cn
3ca54.cerejeirare.sa.com,1.0,sa.com
0747a9146cb6d33071afd3f4f003d7e3.safeframe.googlesyndication.com,0.0,googlesyndication.com
ascsolutions.co.za,1.0,co.za
books.ttc.edu.sg,1.0,edu.sg
limiaommail.sysu.edu.cn,0.0,edu.cn
vsnaapth.page.link,1.0,page.link
spring.db.erau.edu,0.0,erau.edu
sdigg.sync.oystergardens.club,1.0,oystergardens.club
mokolino.ro,1.0,mokolino.ro
e59555e3562e48aaa6f2ecf8f3c4ec45.fp.measure.office.com,0.0,office.com
dudwpjbu.page.link,1.0,page.link
mic.com,0.0,mic.com
mnt.eeo.cn,0.0,eeo.cn
xizc.settings.oysterfloats.org,1.0,oysterfloats.org
w4dasvfygntjwyu6iv7a-f-e73bd27b3-clientnsv4-s.akamaihd.net,0.0,akamaihd.net
gijyropn.sysu.edu.cn,0.0,edu.cn
d717fd8dcfbc387dbb9f3a1343a30b5b.safeframe.googlesyndication.com,0.0,googlesyndication.com
90d590869847c99c9e958be157428534.safeframe.googlesyndication.com,0.0,googlesyndication.com
besttoptenpro.com,1.0,besttoptenpro.com
56.172.11.106.sbl.spamhaus.org,0.0,spamhaus.org
limperus.com,1.0,limperus.com
ore.sysu.edu.cn,0.0,edu.cn
w4dasvcninkvqyu7daga-f-9df5a038e-clientnsv4-s.akamaihd.net,0.0,akamaihd.net
zhanglei111.66law.cn,0.0,66law.cn
vuwgsfzd.page.link,1.0,page.link
es.hujiang.com,0.0,hujiang.com
lujrlwdr.page.link,1.0,page.link
5fb53e21c92c455cb8c879adec07cde7.safeframe.googlesyndication.com,0.0,googlesyndication.com
p110-caldav.icloud.com.cn,0.0,com.cn
converter.app,0.0,converter.app
apac-storm.ubi.com,0.0,ubi.com
24.118.86.74.sbl.spamhaus.org,0.0,spamhaus.org
dx4nr741tfc02.cloudfront.net,0.0,cloudfront.net
mushiwushi.com,1.0,mushiwushi.com
interviewfrankg.com,1.0,interviewfrankg.com
stun.miwifi.com,0.0,miwifi.com
www.health.harvard.edu,0.0,harvard.edu
nickbodyworks.co.uk,1.0,co.uk
5gcenter.people.cn,0.0,people.cn
idreamtravel.com.my,1.0,com.my
interal-bo.com,1.0,interal-bo.com
multiserviciossol.es,1.0,multiserviciossol.es
mksad917.xyz,1.0,mksad917.xyz
aesthetic-ag.co.uk,1.0,co.uk
nsoalhiq.page.link,1.0,page.link
c88b05f11ae4494188bf4ccac9ea756f.fp.measure.office.com,0.0,office.com
logic.xl7.sandai.net,0.0,sandai.net
w4dasvax2cgcgyu7oduq-f-f97fb7f54-clientnsv4-s.akamaihd.net,0.0,akamaihd.net
4nav4life.com,1.0,4nav4life.com
tingnansiyu628.lofter.com,0.0,lofter.com
skins.minecraft.net,0.0,minecraft.net
qznbiamj.page.link,1.0,page.link
extintoresflash.cl,1.0,extintoresflash.cl
www.wjw.wuhan.gov.cn,0.0,gov.cn
clubhousefinancialgroup.com,1.0,clubhousefinancialgroup.com
elegantknitting.lk,1.0,elegantknitting.lk
sthopziq.page.link,1.0,page.link
thesplendidinternational.com,1.0,thesplendidinternational.com
pro-video-rs-bj02.baijiayun.com,0.0,baijiayun.com
cehociec.page.link,1.0,page.link
verycloudcdncmnet.inter.iqiyi.com,0.0,iqiyi.com
napcloud.in,1.0,napcloud.in
cloudnineinformatics.online,1.0,cloudnineinformatics.online
2075548938326b326efcfc8728053d09.safeframe.googlesyndication.com,0.0,googlesyndication.com
792a87794d90aa43e27d98ab6f49c496.safeframe.googlesyndication.com,0.0,googlesyndication.com
getacfo.com.au,1.0,com.au
scaindia.co.in,1.0,co.in
xwjyyarv.page.link,1.0,page.link
1095459890.docs.qq.com,0.0,qq.com
flwektjq.page.link,1.0,page.link
eebf9c5d69ee2387347a0a0f69436189.dlied1.cdntips.net,0.0,cdntips.net
bfdf3514efd3b6563598127d6d22be25.safeframe.googlesyndication.com,0.0,googlesyndication.com
triskeliumhub.com,1.0,triskeliumhub.com
itwbmtgw.page.link,1.0,page.link
nkdairyequipment.com,1.0,nkdairyequipment.com
lobqupvq.page.link,1.0,page.link
vestige.ro,1.0,vestige.ro
jiasu158.oss-cn-shenzhen.aliyuncs.com,0.0,aliyuncs.com
kclub.pk,1.0,kclub.pk
servivirtuales.com.co,1.0,com.co
external-media95.public.wfram-a-1.prod.infra.webex.com,0.0,webex.com
zj2fdlixfqz5ayu6tpja-f-87884bdd6-clientnsv4-s.akamaihd.net,0.0,akamaihd.net
1503304-4.chat.api.drift.com,0.0,drift.com
211.130.13.129.sbl.spamhaus.org,0.0,spamhaus.org
dlq59z.tdum.alibaba.com,0.0,alibaba.com
sefs.com.mx,1.0,com.mx
387206aa0f9ca2263fcd188a2f12547d.safeframe.googlesyndication.com,0.0,googlesyndication.com
uuyumkqd.page.link,1.0,page.link
vqrmmtfc.page.link,1.0,page.link
2headedsnake.sysu.edu.cn,0.0,edu.cn
59287c7c16e04a24b4d17ea554805d78.fp.measure.office.com,0.0,office.com
tlabtwvnarmv.www.tendawifi.com,0.0,tendawifi.com
alzein-m.com,1.0,alzein-m.com
36kr-mobile.cn-beijing.log.aliyuncs.com,0.0,aliyuncs.com
howl.live.tandem.net,0.0,tandem.net
grandeurconsult.com,1.0,grandeurconsult.com
player.adtelligent.com,0.0,adtelligent.com
institutotolosa.edu.mx,1.0,edu.mx
myyaqnijlzr.sysu.edu.cn,0.0,edu.cn
rufoussmc.com,1.0,rufoussmc.com
news.usc.edu,0.0,usc.edu
webamadeh.ir,1.0,webamadeh.ir
6b9b4d03003e58f67b97ee447ec704ca.safeframe.googlesyndication.com,0.0,googlesyndication.com
adl-ue.faqserv.com,1.0,faqserv.com
72zoxw.bl.files.1drv.com,0.0,1drv.com
des.faqserv.com,1.0,faqserv.com
ivyodvro.page.link,1.0,page.link
7net.webnode.com,0.0,webnode.com
sigma-a19client-a19.proxima.nie.netease.com,0.0,netease.com
georgica.ro,1.0,georgica.ro
lunacaraway.files.wordpress.com,0.0,wordpress.com
kafangoverde.com.br,1.0,com.br
109.5.197.138.sbl.spamhaus.org,0.0,spamhaus.org
bs.17house.com,0.0,17house.com
ultrastei.ro,1.0,ultrastei.ro
ensamblearquitectura.com.co,1.0,com.co
5gmcsip08.xbq.rcs.chinamobile.com,0.0,chinamobile.com
72ebb9fc023245f7848129a94d786aa9.fp.measure.office.com,0.0,office.com
9d8c4240013f45b38a5055d13180bfc6.fp.measure.office.com,0.0,office.com
yinymochpky.sysu.edu.cn,0.0,edu.cn
af400a1805f8e5039f7f9b4a951b3fcc.safeframe.googlesyndication.com,0.0,googlesyndication.com
nswjyqxe.page.link,1.0,page.link
shop60129786.taobao.com,0.0,taobao.com
shop522751113.taobao.com,0.0,taobao.com
www.pkpm.cn,0.0,pkpm.cn
a-ir.fartit.com,1.0,fartit.com
510275stslxymail.sysu.edu.cn,0.0,edu.cn
gcajmvep.page.link,1.0,page.link
ptferubbers.com,1.0,ptferubbers.com
bbmr.settings.oysterfloats.org,1.0,oysterfloats.org
gayfreeporn.tv,0.0,gayfreeporn.tv
gentlemanstore.cl,1.0,gentlemanstore.cl
aranytrade.com,1.0,aranytrade.com
st.qishia.com,1.0,qishia.com
2698aluminio.com,1.0,2698aluminio.com
payware.online,1.0,payware.online
hdzsyrlq.page.link,1.0,page.link
villasejati.com,1.0,villasejati.com
tjvjbyidq.sysu.edu.cn,0.0,edu.cn
alkazem.com,1.0,alkazem.com
9d5bz.tdum.alibaba.com,0.0,alibaba.com
balkanparadise.tours,1.0,balkanparadise.tours
5fa6ca30a2c5e67559cb4e7caa0a92ce.safeframe.googlesyndication.com,0.0,googlesyndication.com
021632d1455b6a91bdd6b15eec323fe9.safeframe.googlesyndication.com,0.0,googlesyndication.com
iopkvussxq.sysu.edu.cn,0.0,edu.cn
cotul.or.tz,1.0,or.tz
www.imarine.cn,0.0,imarine.cn
joujaskitchen.com,1.0,joujaskitchen.com
meridianparkestate.com,1.0,meridianparkestate.com
mediaservices.cdn-apple.com,0.0,cdn-apple.com
195847-ipv4e.farm.dprodmgd106.aa-rt.sharepoint.com,0.0,sharepoint.com
consumerprotectionus.com,1.0,consumerprotectionus.com
music-video-bos.cdn.bcebos.com,0.0,bcebos.com
e43104a8471de7687c0f6f68294bc3a4.safeframe.googlesyndication.com,0.0,googlesyndication.com
www.lib.uchicago.edu,0.0,uchicago.edu
jwc.sdust.edu.cn,0.0,edu.cn
tigxvtzbfxtuz.sysu.edu.cn,0.0,edu.cn
igmvs.com,1.0,igmvs.com
uploadgig.com,0.0,uploadgig.com
vente-outillages.com,1.0,vente-outillages.com
music.swu.edu.cn,0.0,edu.cn
rr3---sn-npoeenlk.googlevideo.com,0.0,googlevideo.com
primepharma.so,1.0,primepharma.so
psychotests.fr,1.0,psychotests.fr
xyh.cau.edu.cn,0.0,edu.cn
kaliro.ac.ug,1.0,ac.ug
conan-online.oss-cn-beijing.aliyuncs.com,0.0,aliyuncs.com
universalsantiveri.com,1.0,universalsantiveri.com
source.aladdin-e.com,0.0,aladdin-e.com
khmpc.com.ph,1.0,com.ph
mtriowrappercdn.chegg.com,0.0,chegg.com
pdwk5ptiksysoyu7nsfq-f-3bd41a3f7-clientnsv4-s.akamaihd.net,0.0,akamaihd.net
c-0.19-a7000489.40002.16a8.b69.3ea5.210.0.9efcnzlhe65tszilvklfiigpi5.avts.mcafee.com,0.0,mcafee.com
statics-marketingsites-eas-ms-com.akamaized.net,0.0,akamaized.net
akjrifneleb.tendawifi.com,0.0,tendawifi.com
escritordiario.online,1.0,escritordiario.online
browser.yandex.com,0.0,yandex.com
espacomelo.pt,1.0,espacomelo.pt
5gmcsip08.xnq.rcs.chinamobile.com,0.0,chinamobile.com
busizinusa.blogspot.com,1.0,blogspot.com
division9kw.com,1.0,division9kw.com
portleon.com,1.0,portleon.com
72k6ns9aftxohxvueimy7o7vwewws77ycyqbnrz56bd2b412746a317dsac.d.aa.online-metrix.net,0.0,online-metrix.net
medicionacustica.cl,1.0,medicionacustica.cl
0934ddd62995667d6e687759cc965e29.safeframe.googlesyndication.com,0.0,googlesyndication.com
www.litportal.ru,0.0,litportal.ru
cadinova.ma,1.0,cadinova.ma
butgeneraltrading.com,1.0,butgeneraltrading.com
saadrizwan.com,1.0,saadrizwan.com
tbridge.co.tz,1.0,co.tz
tci.com.co,1.0,com.co
sudesteservicos.com.br,1.0,com.br
skeletalmusclejournal.biomedcentral.com,0.0,biomedcentral.com
www.housingwire.com,0.0,housingwire.com
www.oice.shisu.edu.cn,0.0,edu.cn
path4hosts.com,1.0,path4hosts.com
harmonyhouseboat.com,1.0,harmonyhouseboat.com
sercoqa.com,1.0,sercoqa.com
zyqvkvdb.page.link,1.0,page.link
rawcracker.com,1.0,rawcracker.com
adl-bn.vizvaz.com,1.0,vizvaz.com
492f4287f1b34fd5b4b4e7057f1f7473.fp.measure.office.com,0.0,office.com
003cb633d43f470e7fddf56401b862bb.safeframe.googlesyndication.com,0.0,googlesyndication.com
5d8226ee40b74c33b7094bf64d731cea.fp.measure.office.com,0.0,office.com
movie.eroterest.net,0.0,eroterest.net
abhayawelfare.com,1.0,abhayawelfare.com
oliviauniversity.com,1.0,oliviauniversity.com
www.clcindex.com,0.0,clcindex.com
sfudipzn.page.link,1.0,page.link
assetsjava1.websiteseguro.com,1.0,websiteseguro.com
jrfw.henan.gov.cn,0.0,gov.cn
logapi-ios.zhipin.com,0.0,zhipin.com
realtime.ably.mentimeter.com,0.0,mentimeter.com
sakentoshi.ru,1.0,sakentoshi.ru
liurqmail.sysu.edu.cn,0.0,edu.cn
ghrhjblrqrv.sysu.edu.cn,0.0,edu.cn
huishou.m.jd.com,0.0,jd.com
dsa.faqserv.com,1.0,faqserv.com
open.cd,0.0,open.cd
bjrydqzr.page.link,1.0,page.link
e1997618f46b4b93b49be9c62c34ec74.fp.measure.office.com,0.0,office.com
stranici-imobiliare.ro,1.0,stranici-imobiliare.ro
oencantadordecaes.pt,1.0,oencantadordecaes.pt
pdslltd.com,1.0,pdslltd.com
kjjpcxqcpnrerz.sysu.edu.cn,0.0,edu.cn
sahmk.mrface.com,1.0,mrface.com
www.googleapis.com,1.0,googleapis.com
5776b024d65c4625a569ec355c499312.fp.measure.office.com,0.0,office.com
54b10e31ae5fc5c6ac94d609235774a8.safeframe.googlesyndication.com,0.0,googlesyndication.com
29b765.tdum.alibaba.com,0.0,alibaba.com
vancleefinc.com,1.0,vancleefinc.com
sealsandsealings.com,1.0,sealsandsealings.com
radteknoloji.com,1.0,radteknoloji.com
klu4home.com,1.0,klu4home.com
radiocalienteriobamba.com,1.0,radiocalienteriobamba.com
aikpc.com,1.0,aikpc.com
www.deliwenku.com,0.0,deliwenku.com
f9d9a9f5b22c351727f1b777a1e6ab37.safeframe.googlesyndication.com,0.0,googlesyndication.com
catdot.dianping.com.www.tendawifi.com,0.0,tendawifi.com
filebin.net,1.0,filebin.net
w4dasvaxfdy2syu65gga-f-5a2a05c45-clientnsv4-s.akamaihd.net,0.0,akamaihd.net
loops.my,1.0,loops.my
marumat.in,1.0,marumat.in
grabyourpizza.com,1.0,grabyourpizza.com
maineorsantafe.vanessamota.com,1.0,vanessamota.com
imperatizdaconcertina.com.br,1.0,com.br
w4dasvc4po6vayu6g5pa-f-78f47da5b-clientnsv4-s.akamaihd.net,0.0,akamaihd.net
extraincomeforeducators.com,1.0,extraincomeforeducators.com
digitalvast.com,1.0,digitalvast.com
thirstymag.com,1.0,thirstymag.com
mirometal.com,1.0,mirometal.com
lavaliosa.com.mx,1.0,com.mx
gjrjyrsj.page.link,1.0,page.link
etuh.settings.oysterfloats.org,1.0,oysterfloats.org
udakurtani.com,1.0,udakurtani.com
shop44265899.youzan.com,0.0,youzan.com
tptm.hd.mi.com,0.0,mi.com
uxjstczw.page.link,1.0,page.link
gxisautoindia.com,1.0,gxisautoindia.com
maageneralhospital.com,1.0,maageneralhospital.com
www.dblp.org,0.0,dblp.org
diemdenduhoc.net,1.0,diemdenduhoc.net
rr3---sn-25ge7nzs.googlevideo.com,0.0,googlevideo.com
7e9491353caf4fc58c9e57b69a1a7ed6.fp.measure.office.com,0.0,office.com
bxebbrewzcumos.sysu.edu.cn,0.0,edu.cn
locksmithsmidrand.com,1.0,locksmithsmidrand.com
a-0.19-2709d081.c0c0082.1838.1c44.410a.400.9d.9zu5nvac1ttznw31cn7lugw4v5.avqs.mcafee.com,0.0,mcafee.com
p4-bvkk62rqhza7m-c66afgzto7sozaro-if-v6exp3-v4.metric.gstatic.com,0.0,gstatic.com
i-24.b-46248.ut.bench.utorrent.com,0.0,utorrent.com
hdstatusvideos.com,1.0,hdstatusvideos.com
w4dasvaxgyjlqyu6hxjq-f-09570e8f4-clientnsv4-s.akamaihd.net,0.0,akamaihd.net
advertising-bucket-1303962205.file.myqcloud.com,0.0,myqcloud.com
idpwukdr.page.link,1.0,page.link
l.clarity.ms,0.0,clarity.ms
goxskii.sysu.edu.cn,0.0,edu.cn
w4dasvax2ll5eyu6jreq-f-7c35035a2-clientnsv4-s.akamaihd.net,0.0,akamaihd.net
fbwzkbzy.page.link,1.0,page.link
72k6ns9aaawsmqz5r6woac45etygfktte4wm7h26051c7259f7791a3asac.d.aa.online-metrix.net,0.0,online-metrix.net
charts.bitnami.com.sysu.edu.cn,0.0,edu.cn
ahvhprclozzy.sysu.edu.cn,0.0,edu.cn
amanafunville.com,1.0,amanafunville.com
agenciadepropaganda.app.br,1.0,app.br
katedraproducciones.com,1.0,katedraproducciones.com
gdlmainhub.com,1.0,gdlmainhub.com
128.140.251.114.sbl.spamhaus.org,0.0,spamhaus.org
wus2.gssv-play-prodxhome.xboxlive.com,0.0,xboxlive.com
clickntouch.net,1.0,clickntouch.net
zihvsgdh.sysu.edu.cn,0.0,edu.cn
wa8f.pereirare.sa.com,1.0,sa.com
whypkylpz.sysu.edu.cn,0.0,edu.cn
d4e181f73327a3e8692e96837eb57882.safeframe.googlesyndication.com,0.0,googlesyndication.com
b8d698f465601a19c19c3367a4e4f30e.safeframe.googlesyndication.com,0.0,googlesyndication.com
9jeew8.toshibatelevisao.sa.com,1.0,sa.com
hyt3jq.ch.files.1drv.com,0.0,1drv.com
gsp85-ssl.ls.apple.com,0.0,apple.com
210.128.160.202.sbl.spamhaus.org,0.0,spamhaus.org
arm-cc.com,1.0,arm-cc.com
images.dealer.com,0.0,dealer.com
accioncomunalcolombia.org,1.0,accioncomunalcolombia.org
m2.codeforces.com,0.0,codeforces.com
asistesa.com.mx,1.0,com.mx
tfowuxrw.cityu.edu.hk,0.0,edu.hk
dt2sdf0db8zob.cloudfront.net,0.0,cloudfront.net
denalan.com,1.0,denalan.com
xmzxjlfm.sysu.edu.cn,0.0,edu.cn
pps.sysu.edu.cn,0.0,edu.cn
warwickmotcentre.co.uk,1.0,co.uk
assertech.net,1.0,assertech.net
zclxbrdk.page.link,1.0,page.link
suestanley.com,1.0,suestanley.com
postdoctor.caas.cn,0.0,caas.cn
generalplans.us,1.0,generalplans.us
esb.faqserv.com,1.0,faqserv.com
attachments.f95zone.to,0.0,f95zone.to
xvuz.sync.oystergardens.club,1.0,oystergardens.club
kamygraphics.com,1.0,kamygraphics.com
cbbbceec35b11cb0ddadac4811ec3ad5.safeframe.googlesyndication.com,0.0,googlesyndication.com
myuoh.org,1.0,myuoh.org
d-29052434081809896363.ampproject.net,0.0,ampproject.net
www.livehelp.scotiabank.com,0.0,scotiabank.com
iranda.mrbasic.com,1.0,mrbasic.com
robotkar.ir,1.0,robotkar.ir
taskdoners.uk,1.0,taskdoners.uk
abuturkeypharma.com,1.0,abuturkeypharma.com
dnf.game.qq.com,0.0,qq.com
nvshyjsd.page.link,1.0,page.link
zxmextog23.xyz,1.0,zxmextog23.xyz
zj2fdlixfqzxuyu6uaza-f-249a6a4cd-clientnsv4-s.akamaihd.net,0.0,akamaihd.net
9a9ba3cc7eb04cd4bf05b36cdd8bc799.fp.measure.office.com,0.0,office.com
mhudong.cztv.com,0.0,cztv.com
tbs.faqserv.com,1.0,faqserv.com
esc.fartit.com,1.0,fartit.com
smarttv.show,1.0,smarttv.show
rebanagresik.com,1.0,rebanagresik.com
hl4xavtilncdwyu7kvpq-p9do4c-e49c1b51c-clientnsv4-s.akamaihd.net,0.0,akamaihd.net
45-151-132-220_s-23-59-188-97_ts-1654612806-clienttons-s.akamaihd.net,0.0,akamaihd.net
bnsftmzc.page.link,1.0,page.link
saghmn.faqserv.com,1.0,faqserv.com
iso-supporter.com,1.0,iso-supporter.com
rr3---sn-ibj-i3bz.googlevideo.com,0.0,googlevideo.com
dbclggsuui.sysu.edu.cn,0.0,edu.cn
quintacamelot.com,1.0,quintacamelot.com
markconsultants.com.pk,1.0,com.pk
app.oeeee.com,0.0,oeeee.com
sharifiandigital.com,1.0,sharifiandigital.com
enfactcorrsoluctrulteh.northeurope.cloudapp.azure.com,1.0,azure.com
incgjdgqlmsku.sysu.edu.cn,0.0,edu.cn
jzqeutxrxmuhggm.sysu.edu.cn,0.0,edu.cn
2760cdb13a514c84a2a9c56c3a9aaee3.fp.measure.office.com,0.0,office.com
99belowcbd.shop,1.0,99belowcbd.shop
72k6ns9axjk4mpevfksro6uapkedsjtkfilvvgnl53aeadd19547f560sac.d.aa.online-metrix.net,0.0,online-metrix.net
tservshop.com.br,1.0,com.br
innocence.co.in,1.0,co.in
p35-pushws.icloud.com,0.0,icloud.com
6f78d07995ed625b506ee6fe536da79b.safeframe.googlesyndication.com,0.0,googlesyndication.com
skp.co.id,1.0,co.id
6e54e097c6da4819a281c5a49b94758c.fp.measure.office.com,0.0,office.com
gons20cl.top,1.0,gons20cl.top
ielsupport.com,1.0,ielsupport.com
coldroomservice.hu,1.0,coldroomservice.hu
bndnuvzm.page.link,1.0,page.link
cn-push.np.communication.playstation.net,0.0,playstation.net
tmyzesann.sysu.edu.cn,0.0,edu.cn
shivanisolar.com,1.0,shivanisolar.com
expertsinteriors.com,1.0,expertsinteriors.com
lcmagency.art,1.0,lcmagency.art
rseelrgh.page.link,1.0,page.link
plugpicks.com,1.0,plugpicks.com
dyledmo.sysu.edu.cn,0.0,edu.cn
22dbabfef9e04dfdae4c7bc32ff579aa.fp.measure.office.com,0.0,office.com
flome.be,1.0,flome.be
santerra.com.co,1.0,com.co
rr4---sn-ibj-i3bl.googlevideo.com,0.0,googlevideo.com
riscafaca.co,1.0,riscafaca.co
ounizly.com,1.0,ounizly.com
e.faqserv.com,1.0,faqserv.com
fda.faqserv.com,1.0,faqserv.com
zcymrtpe.sysu.edu.cn,0.0,edu.cn
ipv6-datacenter.live.qcloud.com.www.tendawifi.com,0.0,tendawifi.com
platformintl.pk,1.0,platformintl.pk
72k6ns9a4sy5nsasxrhjdy3ryeyughmy7kffxdjt7f7d7193b08e051bsac.d.aa.online-metrix.net,0.0,online-metrix.net
9b27eee7317c4669a99f5c682d092fc0.fp.measure.office.com,0.0,office.com
gurskbhu.page.link,1.0,page.link
reformasceibo.es,1.0,reformasceibo.es
72k6ns9akhdlzjnw2atf3pmhvvmcttthuwzmo32r64791afb661c12f9sac.d.aa.online-metrix.net,0.0,online-metrix.net
6dcf0960fee7d415fda1eba5d5fd6b96.dlied1.cdntips.net,0.0,cdntips.net
csohns2022.sciconf.cn,0.0,sciconf.cn
ush.oterngr.online,1.0,oterngr.online
hseda.com,1.0,hseda.com
www.hljrd.gov.cn,0.0,gov.cn
hxxf-image.oss-cn-shenzhen.aliyuncs.com,0.0,aliyuncs.com
1248231067.docs.qq.com,0.0,qq.com
tecnologiayambiente.com.ar,1.0,com.ar
clientfd.family.microsoft.com,0.0,microsoft.com
nz.fr-address.com,1.0,fr-address.com
khalifatravels.com.pk,1.0,com.pk
3.170.219.52.sbl.spamhaus.org,0.0,spamhaus.org
mob2.bz.mgtv.com,0.0,mgtv.com
drtv.cg,1.0,drtv.cg
f3aeec7bfe232a3f18ee51e3e4d19c75.safeframe.googlesyndication.com,0.0,googlesyndication.com
jira.atlassian.com,0.0,atlassian.com
sa-da.vizvaz.com,1.0,vizvaz.com
plan12.org,1.0,plan12.org
qvpb.2023.ebeenj.com,1.0,ebeenj.com
www.digicert.com,0.0,digicert.com
erasmus-agrismart.com,1.0,erasmus-agrismart.com
futurevisionme.com,1.0,futurevisionme.com
ljpkogcv.page.link,1.0,page.link
sambhavmart.com,1.0,sambhavmart.com
geo.ckcest.cn,0.0,ckcest.cn
3000000004443015.hybrid.miniapp.taobao.com,0.0,taobao.com
github.com,1.0,github.com
hlgdtou.www.tendawifi.com,0.0,tendawifi.com
comoinvertir.co,1.0,comoinvertir.co
a.postscript.io,0.0,postscript.io
download2346.mediafire.com,1.0,mediafire.com
4c05a0ade7a7af7e2bd5aaf2c95d21ba.safeframe.googlesyndication.com,0.0,googlesyndication.com
ourladyfatima.org,1.0,ourladyfatima.org
g.meituan.com,0.0,meituan.com
ypcriau.org,1.0,ypcriau.org
transmart.qq.com,0.0,qq.com
cdc-ublida1.com,1.0,cdc-ublida1.com
lesateliersouidhart.bj,1.0,lesateliersouidhart.bj
omeclk.com,0.0,omeclk.com
0b5bb4bd4cb841c985f448d3557ac594.fp.measure.office.com,0.0,office.com
passport2.cngold.org,0.0,cngold.org
ag.mp.uc.cn,0.0,uc.cn
adlggs.fartit.com,1.0,fartit.com
ceylonx.net,1.0,ceylonx.net
leadguru.ma,1.0,leadguru.ma
ut-service.rnps.dl.playstation.net,0.0,playstation.net
ottlive2.api.mgtv.com,0.0,mgtv.com
www-tc.pbs.org,0.0,pbs.org
d1j9vyqce9a1df.cloudfront.net,0.0,cloudfront.net
codecut.site,1.0,codecut.site
092b48bf50be38aebe19ca001f489c85.safeframe.googlesyndication.com,0.0,googlesyndication.com
nebraskaarjeffersoncity.moreinless.com,1.0,moreinless.com
hjrjk.lanzouj.com,0.0,lanzouj.com
theme.360doc.com,0.0,360doc.com
tyg.cl,1.0,tyg.cl
12348.guizhou.gov.cn,0.0,gov.cn
korelyakov.com,1.0,korelyakov.com
vqjurelt.page.link,1.0,page.link
in.yahoo.com,0.0,yahoo.com
sateeshshop.com,1.0,sateeshshop.com
tlmnepal.org,1.0,tlmnepal.org
rfg693-my.sharepoint.com,0.0,sharepoint.com
drawauto-tr.com,1.0,drawauto-tr.com
pdwk5tnygntbgyu7bnoq-f-7834f7454-clientnsv4-s.akamaihd.net,0.0,akamaihd.net
acm.faqserv.com,1.0,faqserv.com
obioraokaforandassociates.org,1.0,obioraokaforandassociates.org
rakpyffw.page.link,1.0,page.link
ac04ef769da7a6947bb83f3c8b5d92d64.profile.bom51-c1.cloudfront.net,0.0,cloudfront.net
180.lac.sysu.edu.cn,0.0,edu.cn
exufwgts.page.link,1.0,page.link
ab8d56e9f590d41f553afe6997760d4b.dlied1.cdntips.net,0.0,cdntips.net
derigoandina.cl,1.0,derigoandina.cl
redirect.dongqiudi.com,0.0,dongqiudi.com
coloradonejackson.yuqualify.com,1.0,yuqualify.com
adl-nl.isasecret.com,1.0,isasecret.com
f6e2c49d636d62baf1c84f968a730a42.safeframe.googlesyndication.com,0.0,googlesyndication.com
89977a26b9d5f4f66dbb5941b9082b54.safeframe.googlesyndication.com,0.0,googlesyndication.com
gramoindustrial.com.mx,1.0,com.mx
dmq.layout.oystergardens.us,1.0,oystergardens.us
cmnda.cloudid.coffeeonboard.com,1.0,coffeeonboard.com
eventionevents.com,1.0,eventionevents.com
a5uue1.westinghousetelevisao.sa.com,1.0,sa.com
petryseguros.com.br,1.0,com.br
bluelogic.ro,1.0,bluelogic.ro
ko2labs.com,1.0,ko2labs.com
19.56.42.34.bc.googleusercontent.com,1.0,googleusercontent.com
testdatalbs.sparta.html5.qq.com,0.0,qq.com
ikhsoyod.mn,1.0,ikhsoyod.mn
attmobility.org,1.0,attmobility.org
threerosesbeauty.com,1.0,threerosesbeauty.com
image.sogou.com,0.0,sogou.com
etereo.in,1.0,etereo.in
fszgviiz.page.link,1.0,page.link
datacenter.jrj.com.cn,0.0,com.cn
ukc-collabrtc.officeapps.live.com,0.0,live.com
unimerfertilizzanti.it,1.0,unimerfertilizzanti.it
federalpolyayede.edu.ng,1.0,edu.ng
www.swissinfo.ch,0.0,swissinfo.ch
pehspl.co.in,1.0,co.in
onedriveclubproddm20048.blob.core.windows.net,0.0,windows.net
brouweres.com,1.0,brouweres.com
mwssknduk.sysu.edu.cn,0.0,edu.cn
w4dasvdipqavcyu6232a-f-18d0c55f2-clientnsv4-s.akamaihd.net,0.0,akamaihd.net
cns2.godaddy.com,0.0,godaddy.com
library.arihantmbainstitute.ac.in,1.0,ac.in
us01xmpp-cis-ngxsrv17.zoom.us,0.0,zoom.us
mail.treeoflifeadventures.com,1.0,treeoflifeadventures.com
ocatio.co.uk,1.0,co.uk
sunagbsc.org,1.0,sunagbsc.org
a5b0847e1cb63c2a1ee8768d9175add79.profile.tpe51-c1.cloudfront.net,0.0,cloudfront.net
topdailystory.com,1.0,topdailystory.com
kncapitalguru.com,1.0,kncapitalguru.com
znxcnpol.page.link,1.0,page.link
cumradugunsalonu.com.tr,1.0,com.tr
asseraltechnalogia.com,1.0,asseraltechnalogia.com
www.sa.buaa.edu.cn,0.0,edu.cn
login.aligntech.com,0.0,aligntech.com
rayhanacademy.com,1.0,rayhanacademy.com
yournewwebsite.info,1.0,yournewwebsite.info
technologyaids.com.pk,1.0,com.pk
winsoftware.oss-cn-zhangjiakou.aliyuncs.com,0.0,aliyuncs.com
dcautogen.org,1.0,dcautogen.org
prod400-sdorica.dragonest.com,0.0,dragonest.com
gfqxnhjp.page.link,1.0,page.link
asq.dns05.com,1.0,dns05.com
w4dasvaxhxbggyu6vxtq-f-d65fb6506-clientnsv4-s.akamaihd.net,0.0,akamaihd.net
surcreativegroup.com,1.0,surcreativegroup.com
hl4xakdilncdwyu7kvdq-pivh0t-8ae856391-clientnsv4-s.akamaihd.net,0.0,akamaihd.net
saham-vn.skcarriages.com,1.0,skcarriages.com
isisn.nsfc.gov.cn,0.0,gov.cn
ravuijqp.page.link,1.0,page.link
viadigitalconsulting.com,1.0,viadigitalconsulting.com
alkhazensoft.net,1.0,alkhazensoft.net
ftbmlbzg.page.link,1.0,page.link
a1aaaffa81ac90e12c21de732c8304125.profile.lhr61-c2.cloudfront.net,0.0,cloudfront.net
98544b20eca42b1e2e7de0e742711003.safeframe.googlesyndication.com,0.0,googlesyndication.com
5d7bbd96448f59f7c6ef89c696c903b2.safeframe.googlesyndication.com,0.0,googlesyndication.com
zj2fdlixfqz3eyu6ku7a-f-37b724810-clientnsv4-s.akamaihd.net,0.0,akamaihd.net
hqptgebz.page.link,1.0,page.link
lycheepanel.info,1.0,lycheepanel.info
anydaywriters.com,1.0,anydaywriters.com
api.m.gds.taobao.com,0.0,taobao.com
pizzajagvar.ir,1.0,pizzajagvar.ir
krxtjlxpr.sysu.edu.cn,0.0,edu.cn
a1cfbba577c714ca5a7154f7f6f437537.profile.mia3-c4.cloudfront.net,0.0,cloudfront.net
06ac740e277d426388372f695f0dfc71.fp.measure.office.com,0.0,office.com
georgiawaindianapolis.stylebyemilyj.com,1.0,stylebyemilyj.com
gehlot.co.in,1.0,co.in
acs.vankeservice.com,0.0,vankeservice.com
w2bnda.by.files.1drv.com,0.0,1drv.com
bgrtmobi.page.link,1.0,page.link
locksmithbenoni.com,1.0,locksmithbenoni.com
5gmcsip01.dbq.rcs.chinamobile.com,0.0,chinamobile.com
sexhuqmt.page.link,1.0,page.link
sydata.soyoung.com,0.0,soyoung.com
wallet.iqiyi.com,0.0,iqiyi.com
professeurs.uqam.ca,0.0,uqam.ca
sg.yahoo.com,0.0,yahoo.com
096b166baa22a726f3ba85ec4b7cd6e2.safeframe.googlesyndication.com,0.0,googlesyndication.com
1d4ea063aba163d8d7c5d9735b3a92ee.safeframe.googlesyndication.com,0.0,googlesyndication.com
avcreklam.com,1.0,avcreklam.com
adl-gn.fartit.com,1.0,fartit.com
biscxjkgkycaq.sysu.edu.cn,0.0,edu.cn
benefit.gtimg.cn.cloud.tc.qq.com,0.0,qq.com
megamound.com,1.0,megamound.com
diamond-dent.net,1.0,diamond-dent.net
vacmzgds.tendawifi.com,0.0,tendawifi.com
ant.settings.oysterfloats.org,1.0,oysterfloats.org
inkoprima.com,1.0,inkoprima.com
shm.faqserv.com,1.0,faqserv.com
lmc.geeksroot.net,1.0,geeksroot.net
its-unl-cms-prd-s3.s3.amazonaws.com,0.0,amazonaws.com
hopvibestravel.co.za,1.0,co.za
iscl.co.in,1.0,co.in
tjhz.upan.cc,0.0,upan.cc
vhgkwimgawwvkoe.sysu.edu.cn,0.0,edu.cn
ff119f.oss-accelerate.aliyuncs.com,1.0,aliyuncs.com
spfqeopmolbneys.sysu.edu.cn,0.0,edu.cn
racsgssz.page.link,1.0,page.link
blugro4relay.groove.microsoft.com,0.0,microsoft.com
xoicn.coding.net,0.0,coding.net
worldsino.hk,1.0,worldsino.hk
natrumax.com.vn,1.0,com.vn
120-236-174-248_s-184-27-185-72_ts-1654606840-clienttons-s.akamaihd.net,0.0,akamaihd.net
stylo.ae,1.0,stylo.ae
lembang.net,1.0,lembang.net
loanbtc.org,1.0,loanbtc.org
lowestoftcarsandcommercial.co.uk,1.0,co.uk
sebastianmunoz.cl,1.0,sebastianmunoz.cl
12.155.23.14.sbl.spamhaus.org,0.0,spamhaus.org
b28839233388b16478ff92252e0c20af.safeframe.googlesyndication.com,0.0,googlesyndication.com
2u8t9y.tdum.alibaba.com,0.0,alibaba.com
zoomiadmd213zc.iad.zoom.us,0.0,zoom.us
d890d867cec04084957446b20047f452.fp.measure.office.com,0.0,office.com
newshutlive.in,1.0,newshutlive.in
hivdcaofsgvk.sysu.edu.cn,0.0,edu.cn
codelinkinfotech.com,1.0,codelinkinfotech.com
0f28581ab985b706a9fc084e6ba62664.safeframe.googlesyndication.com,0.0,googlesyndication.com
77c4cea1ff644153b6b0e18ba7c0d95b.fp.measure.office.com,0.0,office.com
nonegar2.ir,1.0,nonegar2.ir
zstshdyq.page.link,1.0,page.link
40aa1c50008944a98a1ede678f115c04.fp.measure.office.com,0.0,office.com
ceo-reputation.ru,1.0,ceo-reputation.ru
ab738e12b7df4b939ca6bcc0c69f70ac.fp.measure.office.com,0.0,office.com
r-0.19-20000000.800.170c.d2c.3ea5.214.0.j4lkknf89qbfqu4rvbja1eg7rv.avts.mcafee.com,0.0,mcafee.com
lma18.carvalhosa.sa.com,1.0,sa.com
azcdubvermedia.azureedge.net,0.0,azureedge.net
tsm.tsinghua.edu.cn,0.0,edu.cn
uomktnmf.page.link,1.0,page.link
bagro.ir,1.0,bagro.ir
arbitrag38.ru,1.0,arbitrag38.ru
rr4---sn-j5o76n7l.gvt1.com,0.0,gvt1.com
svastx.moatads.com,0.0,moatads.com
p4-fol4xqohewnhc-djbgxk6n3ivpbfme-if-v6exp3-v4.metric.gstatic.com,0.0,gstatic.com
plugin.ucads.ucweb.com,0.0,ucweb.com
wqaur.alcatelcelullares.quest,1.0,alcatelcelullares.quest
kjsx.oss-cn-hangzhou.aliyuncs.com,0.0,aliyuncs.com
billingtonsafety.com,1.0,billingtonsafety.com
gtapi-prod.yousician.com,0.0,yousician.com
ojopublico.com.co,1.0,com.co
oodkpket.page.link,1.0,page.link
adl-hh.vizvaz.com,1.0,vizvaz.com
daniyalcomputer.com,1.0,daniyalcomputer.com
hrdnsqnh.page.link,1.0,page.link
services.amazon.fr,0.0,amazon.fr
clexowinsurance.com,1.0,clexowinsurance.com
img3.kwcdn.kuwo.cn,0.0,kuwo.cn
187.142.200.23.sbl.spamhaus.org,0.0,spamhaus.org
afzrkrfr.page.link,1.0,page.link
afrosai.org,1.0,afrosai.org
cldhyder.page.link,1.0,page.link
9r1pb5.tdum.alibaba.com,0.0,alibaba.com
w4dasvaxfdy4syu7fmgq-f-18708481a-clientnsv4-s.akamaihd.net,0.0,akamaihd.net
orwxeyem.page.link,1.0,page.link
cdn2.editmysite.com,0.0,editmysite.com
bmwcare.ae,1.0,bmwcare.ae
dohrmann-projekt.de,1.0,dohrmann-projekt.de
citra-emu.org,0.0,citra-emu.org
bigbuzzfact.in,1.0,bigbuzzfact.in
ddprwkgq.page.link,1.0,page.link
rohingyacare.com,1.0,rohingyacare.com
ams.cci.edu.pk,1.0,edu.pk
unidesk.alicdn.com,0.0,alicdn.com
rhiviephotography.com,1.0,rhiviephotography.com
tascareaga.com,1.0,tascareaga.com
networkwheels.co.za,1.0,co.za
b18328de4aea41ad8e200510633d14f0.fp.measure.office.com,0.0,office.com
jenningscustomhomes.com,1.0,jenningscustomhomes.com
okteto.gallerycdn.vsassets.io,0.0,vsassets.io
w4dasvaxij5gayu6ojna-f-bd88eafd7-clientnsv4-s.akamaihd.net,0.0,akamaihd.net
44residenceandapartment.org,1.0,44residenceandapartment.org
973d73de5cd46a92714dcc7561d634e5.safeframe.googlesyndication.com,0.0,googlesyndication.com
oregonaljuneau.justingrovephotography.com,1.0,justingrovephotography.com
cciblimsio.mgh.harvard.edu,0.0,harvard.edu
lpgyfayg.page.link,1.0,page.link
wizfairvoyage.com,1.0,wizfairvoyage.com
autovoll.ro,1.0,autovoll.ro
2990534539e4a8c31f685c8b983759da.safeframe.googlesyndication.com,0.0,googlesyndication.com
99ddecc1580fa929dea40c0116e2d34d.safeframe.googlesyndication.com,0.0,googlesyndication.com
3c16cf764e40bad6a467b032b73ce9f8.safeframe.googlesyndication.com,0.0,googlesyndication.com
56b99651eedd443b90117cf0dd87824e.fp.measure.office.com,0.0,office.com
pnnhekas.page.link,1.0,page.link
stella-the-cat.finji.de,1.0,finji.de
n-sanea.com,1.0,n-sanea.com
organicsoul.in,1.0,organicsoul.in
1463519052.docs.qq.com,0.0,qq.com
4283773634d76bc9c28cfae8ed1aa4be.safeframe.googlesyndication.com,0.0,googlesyndication.com
cc.tangjiu.com,0.0,tangjiu.com
ef159a782faeb21fd5eea1ef1ed5a9f5.safeframe.googlesyndication.com,0.0,googlesyndication.com
adi.isasecret.com,1.0,isasecret.com
big5.quanben-xiaoshuo.com,0.0,quanben-xiaoshuo.com
w4dasvax2ll2syu6gtdq-f-b444de191-clientnsv4-s.akamaihd.net,0.0,akamaihd.net
psv121-1.daxab.com,0.0,daxab.com
totaltaxi.net.br,1.0,net.br
2e60812804c944abb1df3a1952707a81.fp.measure.office.com,0.0,office.com
sodrwtgq.page.link,1.0,page.link
ame.co.id,1.0,co.id
p208-remindersws.icloud.com.cn,0.0,com.cn
saintmarymissiontrustwahegaon.com,1.0,saintmarymissiontrustwahegaon.com
superbird.com.pk,1.0,com.pk
wizfairtechnologies.com,1.0,wizfairtechnologies.com
msuvatbu.page.link,1.0,page.link
ekjk.caching.oysterfloats.com,1.0,oysterfloats.com
1yff8.tdum.alibaba.com,0.0,alibaba.com
ivorcvd.sysu.edu.cn,0.0,edu.cn
escritordiario.com,1.0,escritordiario.com
us-ore-00001.s3.dualstack.us-west-2.amazonaws.com,0.0,amazonaws.com
jasmin-studios.ro,1.0,jasmin-studios.ro
tmpfiles.org,1.0,tmpfiles.org
yeskapgn.page.link,1.0,page.link
shaadow.net,1.0,shaadow.net
trendshoptec.com.br,1.0,com.br
xnnjtiwi.page.link,1.0,page.link
eaaqeubqaijeajqacql6qaaaabrj5t23-pgw46t-06cb8261c-clienttons-s.akamaihd.net,0.0,akamaihd.net
azhong391tubiao.oss-accelerate.aliyuncs.com,0.0,aliyuncs.com
p53-mobilebackup.icloud.com.cn,0.0,com.cn
159.66.101.151.sbl.spamhaus.org,0.0,spamhaus.org
a2337c62b52bbe92a386113a95ecfbe31.profile.hel51-p2.cloudfront.net,0.0,cloudfront.net
divinfosystem.com,1.0,divinfosystem.com
module.iqilu.com,0.0,iqilu.com
ggic09.miguvideo.com,0.0,miguvideo.com
gzxk.jxeea.cn,0.0,jxeea.cn
twhuhayx.page.link,1.0,page.link
tacebpyz.page.link,1.0,page.link
wahahsolutions.net,1.0,wahahsolutions.net
sz.paygate.huya.com,0.0,huya.com
3011.filemail.com,1.0,filemail.com
gfs214n124.userstorage.mega.co.nz,0.0,co.nz
sync.popin.cc,0.0,popin.cc
privatehomeclips.com,0.0,privatehomeclips.com
monashuni.okta.com,0.0,okta.com
rydlandtransport.no,1.0,rydlandtransport.no
agenciadepublicidade.app.br,1.0,app.br
cartage.fr,1.0,cartage.fr
cuyqmjczwvrwxq.sysu.edu.cn,0.0,edu.cn
dmarket.docomo.ne.jp,0.0,ne.jp
jsfallplskh.sysu.edu.cn,0.0,edu.cn
236.136.68.54.sbl.spamhaus.org,0.0,spamhaus.org
play.yxgl.qq.com,0.0,qq.com
assets-cdn.kf5.com,0.0,kf5.com
sattamatkago.in,1.0,sattamatkago.in
6fcd9d1168e74a4aac0d52b534bc19d6.fp.measure.office.com,0.0,office.com
xsgyzt.v.zzu.edu.cn,0.0,edu.cn
rinconpicoconsultoria.com,1.0,rinconpicoconsultoria.com
dogalgazkalorifermalzemesi.com,1.0,dogalgazkalorifermalzemesi.com
eaeoug.macieirare.sa.com,1.0,sa.com
d8gmep.tdum.alibaba.com,0.0,alibaba.com
sbn.or.id,1.0,or.id
fifepc.tdum.alibaba.com,0.0,alibaba.com
12ab053f8c164c79a22054d151be6760.fp.measure.office.com,0.0,office.com
masterschoolkandana.site,1.0,masterschoolkandana.site
rawpqlnjwexipxt.sysu.edu.cn,0.0,edu.cn
ximenacastillo.com,1.0,ximenacastillo.com
travelola.files.wordpress.com,0.0,wordpress.com
capstone-ds.com,1.0,capstone-ds.com
cityups.org,1.0,cityups.org
puffarena.com,1.0,puffarena.com
safetygear.pk,1.0,safetygear.pk
80xbdfs.oss-accelerate.aliyuncs.com,1.0,aliyuncs.com
bb6ac18a70ef7891faed4093e4f3c64b.safeframe.googlesyndication.com,0.0,googlesyndication.com
adsqe.mrbasic.com,1.0,mrbasic.com
ce0513fc3e3049299d93d590ff6d0262.fp.measure.office.com,0.0,office.com
mlwr-apis.cleanmymac.com,0.0,cleanmymac.com
decorhire-johannesburg.com,1.0,decorhire-johannesburg.com
app2.hongmengshijie.net,0.0,hongmengshijie.net
erogamescape.sysu.edu.cn,0.0,edu.cn
aeisunugal.com,1.0,aeisunugal.com
ohiomtolympia.mikescustomleather.net,1.0,mikescustomleather.net
2.66law.cn,0.0,66law.cn
dhobdlvv.page.link,1.0,page.link
e37uvz.tdum.alibaba.com,0.0,alibaba.com
re-tend.com,1.0,re-tend.com
www.gz.xinhuanet.com,0.0,xinhuanet.com
w4dasvaxh7zfqyu7jjfq-pyxswo-880739dcd-clientnsv4-s.akamaihd.net,0.0,akamaihd.net
100.160.234.49.sbl.spamhaus.org,0.0,spamhaus.org
image2.135editor.com,0.0,135editor.com
a16cd6bcb07ea182ab2027b5da57a7c83.profile.lax50-c1.cloudfront.net,0.0,cloudfront.net
d3u1wi7q84qcuz.cloudfront.net,0.0,cloudfront.net
wbnqldkfulj.sysu.edu.cn,0.0,edu.cn
law.ouc.edu.cn,0.0,edu.cn
ke.book118.com,0.0,book118.com
u.mse.360.cn,0.0,360.cn
doordash.launchgiftcards.com,0.0,launchgiftcards.com
m.dealmoon.com,0.0,dealmoon.com
ttltwdxg.page.link,1.0,page.link
8856ecfec4f48c9ce238f43ea976a748.safeframe.googlesyndication.com,0.0,googlesyndication.com
facialrad.com.br,1.0,com.br
c-0.19-a7000089.2.16a8.b69.3ea5.210.0.sz5jkwcpqct4z6cz73r5ceqswv.avts.mcafee.com,0.0,mcafee.com
makeupchick.files.wordpress.com,0.0,wordpress.com
228.169.10.176.sbl.spamhaus.org,0.0,spamhaus.org
laazgajz.page.link,1.0,page.link
2c2327a78ba444dc9ee739a80b6eec04.fp.measure.office.com,0.0,office.com
fs_conn.qq.com,0.0,qq.com
habjoshtech.co.ke,1.0,co.ke
www.emma.cam.ac.uk,0.0,ac.uk
becomeaprovider.com.au,1.0,com.au
2034b0ae046a4593922c156123fd08a6.fp.measure.office.com,0.0,office.com
72k6ns9acvsv4lgnt3w6nsniurzabluv2jm66k7n79efb85cb2996ceasac.d.aa.online-metrix.net,0.0,online-metrix.net
b277.photo.store.qq.com,0.0,qq.com
authors.library.caltech.edu,0.0,caltech.edu
anargya.id,1.0,anargya.id
60c90f3d90d1ab6f22324c520dfc451d.safeframe.googlesyndication.com,0.0,googlesyndication.com
otom-services.com,1.0,otom-services.com
a5339.casalemedia.com,0.0,casalemedia.com
bangladeshmulticarehospital.com,1.0,bangladeshmulticarehospital.com
ce3ca10da5df46a088841d97931a9ddf.fp.measure.office.com,0.0,office.com
w4dasxqxggboqyu7h3ya-f-d4f355f3f-clientnsv4-s.akamaihd.net,0.0,akamaihd.net
dd.qngxgw.xyz,1.0,qngxgw.xyz
pickwhiz.com,1.0,pickwhiz.com
apisix-admin.apisix.svc.cluster.local.sysu.edu.cn,0.0,edu.cn
service.elsevier.com,0.0,elsevier.com
m.imomoe.la,0.0,imomoe.la
unanimousgoatcloting.com,1.0,unanimousgoatcloting.com
valueworldgroupe.co.ke,1.0,co.ke
cacheltzyfs.10jqka.com.cn,0.0,com.cn
tqmhfimfnzdy.jnu.edu.cn,0.0,edu.cn
pastebin.com,1.0,pastebin.com
union.yoho.cn,0.0,yoho.cn
safenote.co,1.0,safenote.co
ec8e41e5cd2304caca0d142f0a2edabb.safeframe.googlesyndication.com,0.0,googlesyndication.com
31516243f7ae6551bc1366e4206f61a5.safeframe.googlesyndication.com,0.0,googlesyndication.com
adl-c.mrbonus.com,1.0,mrbonus.com
79532efde73648c4a0bd53340eaf71bc.fp.measure.office.com,0.0,office.com
jp-real-prod-v4tadlicuqeeumke.llas.bushimo.jp,0.0,bushimo.jp
exco.fit,1.0,exco.fit
bgsoffiler.dka.mentorg.com,0.0,mentorg.com
kidsdokan.com,1.0,kidsdokan.com
whatsnew.tech,1.0,whatsnew.tech
portal2.altium.com,0.0,altium.com
kswfjvnc.page.link,1.0,page.link
bakmobilya.com.tr,1.0,com.tr
asim3d.com,1.0,asim3d.com
sr-live.cfhd.cf.qq.com,0.0,qq.com
fit-decor.com,1.0,fit-decor.com
mat.ethz.ch,0.0,ethz.ch
raadsolution.site,1.0,raadsolution.site
p4ia8g.eucaliptore.sa.com,1.0,sa.com
gs611-web3-pz.giss.nasa.gov,0.0,nasa.gov
smartminingtechnology.co.za,1.0,co.za
nextleveltranscription.com,1.0,nextleveltranscription.com
bagage.ma,1.0,bagage.ma
luminatelier.com,1.0,luminatelier.com
imagesrvr-epnet-com-s.webvpn.sysu.edu.cn,0.0,edu.cn
iykojxyw.page.link,1.0,page.link
applog.manmanbuy.com,0.0,manmanbuy.com
skcapitalguru.com,1.0,skcapitalguru.com
ifilsa.com.mx,1.0,com.mx
mycom.global,1.0,mycom.global
120-236-174-190_s-23-48-201-42_ts-1654593712-clienttons-s.akamaihd.net,0.0,akamaihd.net
viacosmeticos.com,1.0,viacosmeticos.com
atrox.pk,1.0,atrox.pk
fem.faqserv.com,1.0,faqserv.com
greenisco.com,1.0,greenisco.com
stowyugn.page.link,1.0,page.link
billwhateley.files.wordpress.com,0.0,wordpress.com
standartbud.net,1.0,standartbud.net
gfs-ae.com,1.0,gfs-ae.com
cirfa.uit.no,0.0,uit.no
48a9beb63fcb494cb45659ee8161893c.fp.measure.office.com,0.0,office.com
mxivcdxu.page.link,1.0,page.link
altundalteldokuma.net,1.0,altundalteldokuma.net
rokujoutei-a.jugem.jp,0.0,jugem.jp
img.songshuhui.net,0.0,songshuhui.net
zcgl.gdufe.edu.cn,0.0,edu.cn
www.snopes.com,0.0,snopes.com
satel.cl,1.0,satel.cl
quiltincats.sysu.edu.cn,0.0,edu.cn
kvlisutn.page.link,1.0,page.link
dubai-watertanker.com,1.0,dubai-watertanker.com
dacyplfg.page.link,1.0,page.link
johnfargfx.com,1.0,johnfargfx.com
ogumeta.github.io,1.0,github.io
kotv.images.worldnow.com,0.0,worldnow.com
simondist.com,1.0,simondist.com
giwayshans.lk,1.0,giwayshans.lk
salarycalculator.sinaapp.com,0.0,sinaapp.com
cxy.bjfu.edu.cn,0.0,edu.cn
aba02d16daac4eff86dfbc4e1006a391.fp.measure.office.com,0.0,office.com
a0890677.xsph.ru,1.0,xsph.ru
islandbagelbar.com,1.0,islandbagelbar.com
sndcoe.ac.in,1.0,ac.in
souq-alshashat.com,1.0,souq-alshashat.com
b70a1c408f9c4cd2a05b72b4ff1b2da1.fp.measure.office.com,0.0,office.com
alcaldiaelhatillo.gob.ve,1.0,gob.ve
y.shavsl.com,1.0,shavsl.com
ef5a0a3784e23104a8acfbc7efa33b80.safeframe.googlesyndication.com,0.0,googlesyndication.com
bbpzgmbkfrgratg.sysu.edu.cn,0.0,edu.cn
d3i7w14qy8sxlu.cloudfront.net,0.0,cloudfront.net
34-214-170-3-pushcl.np.communication.playstation.net,0.0,playstation.net
coloradogapierre.sarahmichellenpreviews.online,1.0,sarahmichellenpreviews.online
kcims.org,1.0,kcims.org
cdn.boardhost.com,0.0,boardhost.com
tiku.huatu.com,0.0,huatu.com
rank.uuu9.com,0.0,uuu9.com
andcaifu.oss-cn-shanghai.aliyuncs.com,0.0,aliyuncs.com
visionpublicidaddigital.com,1.0,visionpublicidaddigital.com
ultraliainsurance.com,1.0,ultraliainsurance.com
bollywoodstarkids.sysu.edu.cn,0.0,edu.cn
ieicmaydhfr.sysu.edu.cn,0.0,edu.cn
nasa2000.com.mx,1.0,com.mx
nitscomputer.com,1.0,nitscomputer.com
aproductions360.com,1.0,aproductions360.com
p24-calendars.icloud.com,0.0,icloud.com
djemtsva.page.link,1.0,page.link
embed.widgetpack.com,0.0,widgetpack.com
ufaf.org.so,1.0,org.so
www.wemod.com,0.0,wemod.com
duoduoworld.oss-cn-beijing.aliyuncs.com,0.0,aliyuncs.com
ae6d91884e86ca8605322f2df30cee90.safeframe.googlesyndication.com,0.0,googlesyndication.com
rrlsuuxi.page.link,1.0,page.link
africanresponse.co.za,1.0,co.za
w4dassix362hiyu6vgxq-f-13965943b-clientnsv4-s.akamaihd.net,0.0,akamaihd.net
linmdmail.sysu.edu.cn,0.0,edu.cn
escuelacaninabigdog.com.mx,1.0,com.mx
zj2fdlixfqzxuyu6t3xa-f-65b777295-clientnsv4-s.akamaihd.net,0.0,akamaihd.net
techwave.pk,1.0,techwave.pk
ordiclinic.ca,1.0,ordiclinic.ca
sdngpqv.sysu.edu.cn,0.0,edu.cn
w4dasvdimj2seyu67qma-f-1d9b12591-clientnsv4-s.akamaihd.net,0.0,akamaihd.net
wiselyworksdemo.com.au,1.0,com.au
azeus1-client-s.gateway.messenger.live.com,0.0,live.com
sancaktrailer.com.tr,1.0,com.tr
asiancapital.com.np,1.0,com.np
sswgh.bjtu.edu.cn,0.0,edu.cn
e569eada24984409aac282573563affa.fp.measure.office.com,0.0,office.com
yhqszufzlqxf.sysu.edu.cn,0.0,edu.cn
dentxl.in,1.0,dentxl.in
bz1.dxy.cn,0.0,dxy.cn
bed8b08fddc9455e8a5ca638f091af7e.fp.measure.office.com,0.0,office.com
adilogluyolyapi.com.tr,1.0,com.tr
adl-gq.mynetav.org,1.0,mynetav.org
salubriouserections.com,1.0,salubriouserections.com
pyizoper.page.link,1.0,page.link
agriformexico.com,1.0,agriformexico.com
hjgs.novelty.akibacreative.com,1.0,akibacreative.com
723f8023cfd112c9d020eb10e334440d.safeframe.googlesyndication.com,0.0,googlesyndication.com
2c4e72b5490745c9a0e0504e0ef2bad6.fp.measure.office.com,0.0,office.com
support-en.wd.com,0.0,wd.com
qjtgpmje.page.link,1.0,page.link
xn--ghqpa3npe42s27y7rfkkig31h.sysu.edu.cn,0.0,edu.cn
uphoyecm.page.link,1.0,page.link
veterinarioararas.com.br,1.0,com.br
adamantium.network,1.0,adamantium.network
ohlxc.settings.oysterfloats.org,1.0,oysterfloats.org
situeme.com.br,1.0,com.br
45f9911fca59519a03cc535d51c19765.safeframe.googlesyndication.com,0.0,googlesyndication.com
6b8194b94071eadcbb2005dfb8d5732a.safeframe.googlesyndication.com,0.0,googlesyndication.com
www.techcusp.com,1.0,techcusp.com
a0895203.xsph.ru,1.0,xsph.ru
stappenvzw.be,1.0,stappenvzw.be
celluleinfra.org,1.0,celluleinfra.org
arinosolidale.org,1.0,arinosolidale.org
azaherelteeb.com,1.0,azaherelteeb.com
fvzqgvhv.page.link,1.0,page.link
orlcasablanca.com,1.0,orlcasablanca.com
zkaccountants.com,1.0,zkaccountants.com
s3.us-east-1.amazonaws.com,1.0,amazonaws.com
montefeltrodiesel.com.br,1.0,com.br
w4dasvax2nwguyu7dqqa-f-337b6c4a9-clientnsv4-s.akamaihd.net,0.0,akamaihd.net
wjhwtggq.page.link,1.0,page.link
aabf1ed3e230ff134261507de9e00b4da.profile.bom78-p1.cloudfront.net,0.0,cloudfront.net
mcslydnh.page.link,1.0,page.link
api.sou-yun.cn,0.0,sou-yun.cn
steamclouduseast.blob.core.windows.net,0.0,windows.net
xsgz.pe.upc.edu.cn,0.0,edu.cn
drdgxevurg.sysu.edu.cn,0.0,edu.cn
map.what3words.com,0.0,what3words.com
linkvilleplayers.org,1.0,linkvilleplayers.org
myhealthspin.com,1.0,myhealthspin.com
hwlybiro.page.link,1.0,page.link
ratnajyotish.com,1.0,ratnajyotish.com
mvxw.scheme.corycabana.net,1.0,corycabana.net
0c8fb133a18780e4d34636eb9d91be18.safeframe.googlesyndication.com,0.0,googlesyndication.com
rmp.aps.org,0.0,aps.org
devloper.oss-cn-beijing.aliyuncs.com,0.0,aliyuncs.com
quxgr.sync.oystergardens.club,1.0,oystergardens.club
morioxforextrade.com,1.0,morioxforextrade.com
rdmdveunnw.sysu.edu.cn,0.0,edu.cn
cdn.tynt.com,0.0,tynt.com
vdafinanceandcapital.com.np,1.0,com.np
72k6ns9a3hgzboyez2ummbcehfankhybkci5y74q2439dec0eff3de82sac.d.aa.online-metrix.net,0.0,online-metrix.net
homage.com.pk,1.0,com.pk
creativekiwiz.co.nz,1.0,co.nz
16.102.51.184.sbl.spamhaus.org,0.0,spamhaus.org
87c37aaaf9c8ed25f4a4b917d223411a.safeframe.googlesyndication.com,0.0,googlesyndication.com
mxuffmqx.page.link,1.0,page.link
8otffc.tdum.alibaba.com,0.0,alibaba.com
mf.techbang.com,0.0,techbang.com
landsat.usgs.gov,0.0,usgs.gov
s15.trafficdeposit.com,0.0,trafficdeposit.com
www.telemundo.com,0.0,telemundo.com
yqzx.ustc.edu.cn,0.0,edu.cn
twrx1lqmwxjr.n4.adsco.re,0.0,adsco.re
gdhqoxaw.page.link,1.0,page.link
mpa.sdu.edu.cn,0.0,edu.cn
mpcp.kp.gov.pk,1.0,gov.pk
zyctd-user.oss-cn-beijing.aliyuncs.com,0.0,aliyuncs.com
72k6ns9afsueyfjj2vldleigfmc7qg2cyp5ngoegc49b00bc6bd0d0ebsac.d.aa.online-metrix.net,0.0,online-metrix.net
dpsols7.autodesk360.com,1.0,autodesk360.com
miracle-manufacturing.com,1.0,miracle-manufacturing.com
dje74.ziyuan.baidu.com,0.0,baidu.com
aubewrup.page.link,1.0,page.link
newcairocompounds.com,1.0,newcairocompounds.com
rqsuyajzjxy.sysu.edu.cn,0.0,edu.cn
gspe85-ssl.ls.apple.com,0.0,apple.com
iosappslot.xyz,1.0,iosappslot.xyz
2866e10a3c2de3c95e5845325280b93f.safeframe.googlesyndication.com,0.0,googlesyndication.com
979011da8715494e869c33c928ff6dab.fp.measure.office.com,0.0,office.com
www.trumpf.com,0.0,trumpf.com
supercraft123.serveminecraft.net,1.0,serveminecraft.net
megacell.pe,1.0,megacell.pe
assets.porsche.cn,0.0,porsche.cn
campfuckyeah.com,1.0,campfuckyeah.com
qa.smbc.co.jp,0.0,co.jp
rmrzniny.page.link,1.0,page.link
conjureup.ca,1.0,conjureup.ca
kunals.com,1.0,kunals.com
sheetalgroups.in,1.0,sheetalgroups.in
1345769015.docs.qq.com,0.0,qq.com
masteredu.org,1.0,masteredu.org
wkfnkzyn.page.link,1.0,page.link
hitpress.hit.edu.cn,0.0,edu.cn
swkuasqc.page.link,1.0,page.link
cdn-doocs.oss-cn-shenzhen.aliyuncs.com,0.0,aliyuncs.com
airmoney9ja.com,1.0,airmoney9ja.com
xy.fujian.gov.cn,0.0,gov.cn
42419a4688b14004a0ee251f7b099b50.fp.measure.office.com,0.0,office.com
invisible-borders.sysu.edu.cn,0.0,edu.cn
duekml.tdum.alibaba.com,0.0,alibaba.com
tahfiz.my.id,1.0,my.id
kansasvajackson.pytonik.com,1.0,pytonik.com
oldtimertreffen-rethem.de,1.0,oldtimertreffen-rethem.de
146f7457d0302734611e9316005be6c9.safeframe.googlesyndication.com,0.0,googlesyndication.com
tmgjmwms.page.link,1.0,page.link
quintadospinheirais.pt,1.0,quintadospinheirais.pt
www.eis.de,0.0,eis.de
de-luxclothing.com,1.0,de-luxclothing.com
wzswbw.dm.files.1drv.com,1.0,1drv.com
carisfly.com,1.0,carisfly.com
leeziptv.com,1.0,leeziptv.com
6fdhgbtreh.oss-accelerate.aliyuncs.com,1.0,aliyuncs.com
zj2fdlixfqz3eyu6mxyq-f-1229472ec-clientnsv4-s.akamaihd.net,0.0,akamaihd.net
jamiabdullah.com,1.0,jamiabdullah.com
asn.faqserv.com,1.0,faqserv.com
api.gettr.com,0.0,gettr.com
only-409758-120-236-174-227.nstool.netease.com,0.0,netease.com
sjnaw.result.garrettcountygranfondo.org,1.0,garrettcountygranfondo.org
cantinaorsago.it,1.0,cantinaorsago.it
wlanapktxdl-ipv6.vivo.com.cn,0.0,com.cn
jankiinternational.in,1.0,jankiinternational.in
massagespasaigon.com,1.0,massagespasaigon.com
hn6-cloud-emote.lol.qq.com,0.0,qq.com
fornudkaza.ao,1.0,fornudkaza.ao
viraje3d.com,1.0,viraje3d.com
shf.fartit.com,1.0,fartit.com
creat.fartit.com,1.0,fartit.com
cachesss.oss-cn-shanghai.aliyuncs.com,0.0,aliyuncs.com
whatfontfinder.com,1.0,whatfontfinder.com
srd.faqserv.com,1.0,faqserv.com
zj2fdlixfqzxuyu6n6nq-f-b2f314aeb-clientnsv4-s.akamaihd.net,0.0,akamaihd.net
everhelper.me,0.0,everhelper.me
3rabiaat.com,1.0,3rabiaat.com
9f8a202366d445dab02b48a19dad49b2.fp.measure.office.com,0.0,office.com
syakiraartdesign.com,1.0,syakiraartdesign.com
kitabsuperjp.net,1.0,kitabsuperjp.net
ipminc.ca,1.0,ipminc.ca
5b.com.pk,1.0,com.pk
idahovaolympia.staticoin.com,1.0,staticoin.com
binoddawadi.com.np,1.0,com.np
bellazami.com,1.0,bellazami.com
vera.by,1.0,vera.by
p22-fmf.icloud.com.cn,0.0,com.cn
ed460c5e2216bd3866b37ea88b2da753.safeframe.googlesyndication.com,0.0,googlesyndication.com
2cce7c11586ba8a22441a50135c352df.safeframe.googlesyndication.com,0.0,googlesyndication.com
kwhppwarobwdi.sysu.edu.cn,0.0,edu.cn
ir-bn.mrface.com,1.0,mrface.com
9448697.fls.doubleclick.net,0.0,doubleclick.net
pimpom.in,1.0,pimpom.in
el.sagepub.com,0.0,sagepub.com
magigraph.fr,1.0,magigraph.fr
i4.ertk.net,0.0,ertk.net
25ffd9c042444671848d844935c2dccd.fp.measure.office.com,0.0,office.com
casenacasalucci.com.br,1.0,com.br
3d281829812f4a3d9677a0598524db07.safeframe.googlesyndication.com,0.0,googlesyndication.com
sec.lenovo.com.cn,0.0,com.cn
ingeniadyd.com,1.0,ingeniadyd.com
norvik.ug,1.0,norvik.ug
190.150.32.213.sbl.spamhaus.org,0.0,spamhaus.org
nviboeirttj.sysu.edu.cn,0.0,edu.cn
czbrpgyn.page.link,1.0,page.link
globalvisiongroupbd.com,1.0,globalvisiongroupbd.com
wpvsenwg.page.link,1.0,page.link
81f91a8f4fc26f78b7341d53cb76be30.safeframe.googlesyndication.com,0.0,googlesyndication.com
dc26caf9a000fc40333082045feced99.safeframe.googlesyndication.com,0.0,googlesyndication.com
mxb-00246402.gslb.pphosted.com,0.0,pphosted.com
a2407daf228757f986d9f2d8cabe36bfe.profile.nrt51-c4.cloudfront.net,0.0,cloudfront.net
cleanairsystems.co.ke,1.0,co.ke
only-464020-58-249-112-92.nstool.netease.com,0.0,netease.com
camstore.vsco.co,0.0,vsco.co
rtehiughi.sysu.edu.cn,0.0,edu.cn
w4dasvax373seyu6jyra-f-cdd0aad36-clientnsv4-s.akamaihd.net,0.0,akamaihd.net
073709b412f788384423795d22a344c0a70c1a276f8fb95d.dlied1.cdntips.net,0.0,cdntips.net
42.73.231.54.sbl.spamhaus.org,0.0,spamhaus.org
p122-fmip.icloud.com,0.0,icloud.com
pa-sampit.go.id,1.0,go.id
sunxialvs.66law.cn,0.0,66law.cn
libertyammunitions.com,1.0,libertyammunitions.com
ifgbiobio.cl,1.0,ifgbiobio.cl
9385175.fls.doubleclick.net,0.0,doubleclick.net
fantasticmall.net,1.0,fantasticmall.net
carthagefire.net,1.0,carthagefire.net
getimmobilier.com,1.0,getimmobilier.com
29.90.62.50.sbl.spamhaus.org,0.0,spamhaus.org
ptvnqeow.page.link,1.0,page.link
ph-odc.samsungapps.com,0.0,samsungapps.com
nxlvsgl.sysu.edu.cn,0.0,edu.cn
short.gy,1.0,short.gy
hawaiialhonolulu.364free.com,1.0,364free.com
dchain-industry-fresh-invoice.oss-cn-zhangjiakou.aliyuncs.com,0.0,aliyuncs.com
a8dbffecbf5c6232460a6772622c2def2.profile.fra60-p3.cloudfront.net,0.0,cloudfront.net
medya54.com,1.0,medya54.com
vfzmjhdj.page.link,1.0,page.link
nwirlzpe.page.link,1.0,page.link
malaysiaairlines.demdex.net,0.0,demdex.net
025bf33772b548468cd2b9b0571479b7.fp.measure.office.com,0.0,office.com
7270f9fe1d3fd764afb6e1ee345d8ce5.safeframe.googlesyndication.com,0.0,googlesyndication.com
a.tile.openstreetmap.org,0.0,openstreetmap.org
saifultele.com,1.0,saifultele.com
grupocisbra.com.br,1.0,com.br
5w55q1.tdum.alibaba.com,0.0,alibaba.com
onmwofyx.page.link,1.0,page.link
72.86.21.104.sbl.spamhaus.org,0.0,spamhaus.org
nil.csail.mit.edu,0.0,mit.edu
k202774698-acf1sec2bc479.rc03.oray.com,0.0,oray.com
qdserver.jd.com,0.0,jd.com
glubbar.com,1.0,glubbar.com
aksharagalam.com,1.0,aksharagalam.com
184.141.62.50.sbl.spamhaus.org,0.0,spamhaus.org
szbbsapp.sznews.com,0.0,sznews.com
anawalls13.autodesk360.com,1.0,autodesk360.com
cq6hb2.tdum.alibaba.com,0.0,alibaba.com
ackqzkue.sysu.edu.cn,0.0,edu.cn
policytv.tv,1.0,policytv.tv
grupvcwindows.com,1.0,grupvcwindows.com
p118-contacts.icloud.com,0.0,icloud.com
hidrocentergm.com,1.0,hidrocentergm.com
blochaus.ng,1.0,blochaus.ng
precismed.ma,1.0,precismed.ma
noraxsolutions.com,1.0,noraxsolutions.com
himalayanape.in,1.0,himalayanape.in
vmxbiweo.page.link,1.0,page.link
edarululoom.com,1.0,edarululoom.com
institutotreinamente.com.br,1.0,com.br
covelseminovos.com.br,1.0,com.br
nhl-az.com,1.0,nhl-az.com
qvnekctq.sysu.edu.cn,0.0,edu.cn
mxzzrrrg.page.link,1.0,page.link
xyh.yzu.edu.cn,0.0,edu.cn
myip.com.tw,0.0,com.tw
img.sanhaostreet.com,0.0,sanhaostreet.com
cocoplaynut.com,1.0,cocoplaynut.com
simplimoney.co.in,1.0,co.in
mobilefixer.in,1.0,mobilefixer.in
egyptfurniture.org,1.0,egyptfurniture.org
p205-contacts.icloud.com.cn,0.0,com.cn
wingzjqmmpmsxik.sysu.edu.cn,0.0,edu.cn
nba.demdex.net,0.0,demdex.net
thxqhgsarpn.sysu.edu.cn,0.0,edu.cn
ioiouoiuououiyjgroup.sbs,1.0,ioiouoiuououiyjgroup.sbs
ynanvaramor.gallerycdn.azure.cn,0.0,azure.cn
karaoulas.gr,1.0,karaoulas.gr
external.uc.kamitsubaki.jp,0.0,kamitsubaki.jp
b5665bc581ac223ece6625c508535952.safeframe.googlesyndication.com,0.0,googlesyndication.com
vatra-satului.ro,1.0,vatra-satului.ro
1076753979.docs.qq.com,0.0,qq.com
instameet-safaris.co.ke,1.0,co.ke
zj2fdlixfqz3eyu6krma-f-cfabb6a63-clientnsv4-s.akamaihd.net,0.0,akamaihd.net
ocqitxil.page.link,1.0,page.link
justentertainer.us,1.0,justentertainer.us
images-static.iracing.com,0.0,iracing.com
staging.aoibhneas.org.scms.sq1.io,1.0,sq1.io
status.ocr.space,0.0,ocr.space
garirent.com,1.0,garirent.com
paperswithcod.sysu.edu.cn,0.0,edu.cn
fyj.sync.oystergardens.club,1.0,oystergardens.club
shop1259340087.v.weidian.com,0.0,weidian.com
cbb63454c9c64f5e9c25d1b723562a04.fp.measure.office.com,0.0,office.com
koy.caching.oysterfloats.com,1.0,oysterfloats.com
guonagln.page.link,1.0,page.link
f8c7b271cd78496cad4e72d149c08db3.fp.measure.office.com,0.0,office.com
ctsebajm.page.link,1.0,page.link
al7irak.com,1.0,al7irak.com
thewhitespace.qa,1.0,thewhitespace.qa
mjdxzhnf.page.link,1.0,page.link
prymusedukacja.pl,1.0,prymusedukacja.pl
foebgroup.com,1.0,foebgroup.com
xohftkhp.page.link,1.0,page.link
journal.seu.edu.cn,0.0,edu.cn
terrafirmanorth.ca,1.0,terrafirmanorth.ca
pftsvwjv.page.link,1.0,page.link
c.stat100.ameba.jp,0.0,ameba.jp
km.s2.udesk.cn,0.0,udesk.cn
shop57895461.m.taobao.com,0.0,taobao.com
lwvvozjh.page.link,1.0,page.link
emmashopebook.files.wordpress.com,0.0,wordpress.com
crackload.net,1.0,crackload.net
aheiestw.page.link,1.0,page.link
rfwwchzr.page.link,1.0,page.link
chetanaenterprises-nx.com,1.0,chetanaenterprises-nx.com
job.sogou.com,0.0,sogou.com
construtorafantus.com.br,1.0,com.br
rfnguoxq.page.link,1.0,page.link
ingasbesto.cl,1.0,ingasbesto.cl
khanz.co.nz,1.0,co.nz
72k6ns9ahqtwjj2p4isp35e2y3lojirxvjbpbdjo49cc1e8de37791adsac.d.aa.online-metrix.net,0.0,online-metrix.net
qcztoeks.page.link,1.0,page.link
61de4zhlj1o-1252665696.cos-website.ap-nanjing.myqcloud.com,0.0,myqcloud.com
hassannisar.pk,1.0,hassannisar.pk
benkztopup.com.ng,1.0,com.ng
a19.photo.store.qq.com,0.0,qq.com
kc-swarovski.oss-cn-shanghai.aliyuncs.com,0.0,aliyuncs.com
zbnsabfi.page.link,1.0,page.link
ztqkdwwz.page.link,1.0,page.link
adlsg-qha.vizvaz.com,1.0,vizvaz.com
newjerseyksaustin.letch.online,1.0,letch.online
leplus-mrd.jd.com,0.0,jd.com
tght1.oss-cn-hongkong.aliyuncs.com,1.0,aliyuncs.com
ytpmncj.example.com,0.0,example.com
ndtqbcbe.sysu.edu.cn,0.0,edu.cn
akshayeewealth.com,1.0,akshayeewealth.com
erurclzb.page.link,1.0,page.link
www.ethereum.org,0.0,ethereum.org
parklandespecialists.com,1.0,parklandespecialists.com
mprdtwoh.page.link,1.0,page.link
jibranenterprises.com,1.0,jibranenterprises.com
rr6---sn-npoe7n7y.gvt1.com,0.0,gvt1.com
xmu.edu.cn,0.0,edu.cn
himtduud.page.link,1.0,page.link
uran-adl.fartit.com,1.0,fartit.com
utvfcpuft.sysu.edu.cn,0.0,edu.cn
negbrfad.page.link,1.0,page.link
dckrr5dz8ir9.n4.adsco.re,0.0,adsco.re
interstatetrans.com,1.0,interstatetrans.com
static.tecnico.ulisboa.pt,0.0,ulisboa.pt
tj.graduate.sysu.edu.cn,0.0,edu.cn
otheve.beacon.qq.com.sysu.edu.cn,0.0,edu.cn
ks-live-dmcmt-sh2-pm-01.chat.bilibili.com,0.0,bilibili.com
gdwsjd.gd.gov.cn,0.0,gov.cn
www.servi.most.gov.cn,0.0,gov.cn
lakenaivasharesort.co.ke,1.0,co.ke
enertechbc.com,1.0,enertechbc.com
msc.engg.hku.hk,0.0,hku.hk
redonyjavito.hu,1.0,redonyjavito.hu
allerlesskit.com,1.0,allerlesskit.com
m.gz.bendibao.com,0.0,bendibao.com
www.cbs.nl,0.0,cbs.nl
llavedelaprendizaje.com,1.0,llavedelaprendizaje.com
9463d2904ba5d634a1a2b6dfb4610cfe.safeframe.googlesyndication.com,0.0,googlesyndication.com
w4dasvfygntbgyu6h54a-f-ce63a8833-clientnsv4-s.akamaihd.net,0.0,akamaihd.net
diliganz.lk,1.0,diliganz.lk
zxs.sync.oystergardens.club,1.0,oystergardens.club
oshi.at,1.0,oshi.at
tavantakplastic.com,1.0,tavantakplastic.com
tissuelab.farm,1.0,tissuelab.farm
research-game.163.com,0.0,163.com
fevzicoskun.com,1.0,fevzicoskun.com
ehajw.nogueirare.sa.com,1.0,sa.com
web.ssp.yahoo.com,0.0,yahoo.com
1ca27a340cd84dcbab358143b788c123.fp.measure.office.com,0.0,office.com
map.sys.ma,1.0,sys.ma
fyfnd.org,1.0,fyfnd.org
twgreatdaily-com.cdn.ampproject.org,0.0,ampproject.org
openct.co.kr,1.0,co.kr
ecit-dev.com,1.0,ecit-dev.com
eaaq3kbacyzeajqacqlxqaaaabrj5h6m-f-465e1ffac-clienttons-s.akamaihd.net,0.0,akamaihd.net
ychun.offcn.com,0.0,offcn.com
qcckutyi.page.link,1.0,page.link
cag-sa.co.za,1.0,co.za
fcjkomss.page.link,1.0,page.link
w4dasvax2cgcgyu7n3ya-f-28eb656d1-clientnsv4-s.akamaihd.net,0.0,akamaihd.net
al-ishraqshop.com,1.0,al-ishraqshop.com
imgblaze.net,0.0,imgblaze.net
zeytouni.net,1.0,zeytouni.net
1492757141.docs.qq.com,0.0,qq.com
f7e978b4aec04b7588ffa77f805fec9e.fp.measure.office.com,0.0,office.com
a58cx3.tdum.alibaba.com,0.0,alibaba.com
w4dasvfydh7hqyu63wuq-f-e0e99cb6a-clientnsv4-s.akamaihd.net,0.0,akamaihd.net
123.236.32.23.sbl.spamhaus.org,0.0,spamhaus.org
sc04.alicdn.com,0.0,alicdn.com
cbs-img.sports.cctv.com,0.0,cctv.com
nowmkt.com.br,1.0,com.br
nbconstructor.com,1.0,nbconstructor.com
articles.informer.com,0.0,informer.com
91images20220206.oss-cn-hongkong.aliyuncs.com,0.0,aliyuncs.com
tsdandassociates.co.sz,1.0,co.sz
rosretail.co.in,1.0,co.in
d69jvg.tdum.alibaba.com,0.0,alibaba.com
applygrad.jhu.edu,0.0,jhu.edu
57ccb8e7eac8ad386a1c251fcd4e9218.safeframe.googlesyndication.com,0.0,googlesyndication.com
slanteddesigns.com,1.0,slanteddesigns.com
9bfb132912ba4c998ccee4e3d884717d.fp.measure.office.com,0.0,office.com
m.dpc.qingdao.gov.cn,0.0,gov.cn
ndskm.com,1.0,ndskm.com
pt-static2.jsmsat.com,0.0,jsmsat.com
00bf0eecf3f040febf9fcc28dbd4bdfb.fp.measure.office.com,0.0,office.com
bdca8d5e-4724-48fd-9028-bfa3958ce38d.t.ssp.hinet.net,0.0,hinet.net
osmanplumbing.co.uk,1.0,co.uk
xygozrsjfaurejt.sysu.edu.cn,0.0,edu.cn
buscascolegios.diit.cl,1.0,diit.cl
tthiprojects.com,1.0,tthiprojects.com
us.ssssv2.xyz,0.0,ssssv2.xyz
72k6ns9axvxsq4uugkwjbc35pm25np6lhrclkqswfa71fe7499f1dde9sac.d.aa.online-metrix.net,0.0,online-metrix.net
3365.templates.victoryoverdieting.com,1.0,victoryoverdieting.com
suitesejecutivasmonterrey.com,1.0,suitesejecutivasmonterrey.com
cxvsdf121gfhe.oss-accelerate.aliyuncs.com,1.0,aliyuncs.com
tremor-match.dotomi.com,0.0,dotomi.com
eng-designconsult.com,1.0,eng-designconsult.com
sam-h-global.shop,1.0,sam-h-global.shop
directory.manchester.ac.uk,0.0,ac.uk
peparrowstudio.com,1.0,peparrowstudio.com
lcyd.chaoxing.com,0.0,chaoxing.com
aheztcim.page.link,1.0,page.link
sms-my.com,1.0,sms-my.com
pagz.result.garrettcountygranfondo.org,1.0,garrettcountygranfondo.org
singkawanggrandmall.com,1.0,singkawanggrandmall.com
aduikfezhvh.sysu.edu.cn,0.0,edu.cn
api.mckuai.com,0.0,mckuai.com
anamurziraatodasi.org.tr,1.0,org.tr
100techhausa.com.ng,1.0,com.ng
urxbmg.dm.files.1drv.com,0.0,1drv.com
cceco.org,1.0,cceco.org
botnet.zapto.org,1.0,zapto.org
blog.myfitnesspal.com,0.0,myfitnesspal.com
a4691.casalemedia.com,0.0,casalemedia.com
tecnowaresolutions.com,1.0,tecnowaresolutions.com
aba42f25409b009cdf83761e23fec8040.profile.yvr50-c1.cloudfront.net,0.0,cloudfront.net
yt.dgut.edu.cn,0.0,edu.cn
unitedusedfurniture.com,1.0,unitedusedfurniture.com
story.qq.com,0.0,qq.com
zj2fdlixfqz3eyu6lt2a-f-4b597267f-clientnsv4-s.akamaihd.net,0.0,akamaihd.net
w4dasvfygjme4yu652ia-f-cd97a332c-clientnsv4-s.akamaihd.net,0.0,akamaihd.net
theskepticalprofessor.com,1.0,theskepticalprofessor.com
hideelectricsupply.com,1.0,hideelectricsupply.com
18if7i.tdum.alibaba.com,0.0,alibaba.com
847885d3a6fa4b87a109e5fc6ff4a556.fp.measure.office.com,0.0,office.com
zj2fdlixfqzxuyu6paoq-f-4311a5c87-clientnsv4-s.akamaihd.net,0.0,akamaihd.net
jakamagroup.com,1.0,jakamagroup.com
2795719f7012031f2b9208f0f3f619a7.safeframe.googlesyndication.com,0.0,googlesyndication.com
staticstorehouse.oss-cn-shanghai.aliyuncs.com,0.0,aliyuncs.com
fazagroenterprise.com.ng,1.0,com.ng
uxkpdvdk.page.link,1.0,page.link
abe9fa790dd04791b5e3910ee7242fd3.fp.measure.office.com,0.0,office.com
glowell.com.co,1.0,com.co
expertcol.com.co,1.0,com.co
dota2.yzz.cn,0.0,yzz.cn
182ef346d0cf81626cd7126bd5b73ae7.safeframe.googlesyndication.com,0.0,googlesyndication.com
honorseducation.com.np,1.0,com.np
lombokoriginal.com,1.0,lombokoriginal.com
huanke-prod.oss-cn-hangzhou.aliyuncs.com,0.0,aliyuncs.com
modernsupplies-eg.com,1.0,modernsupplies-eg.com
w4dasvaxeqh5qyu7ka5a-f-7a3b79616-clientnsv4-s.akamaihd.net,0.0,akamaihd.net
eitexzno.page.link,1.0,page.link
cfisxrdof.sysu.edu.cn,0.0,edu.cn
altareef.net,1.0,altareef.net
f9ccb6fc12db4b739182289c68acd632.fp.measure.office.com,0.0,office.com
only-974974-138-2-9-44.nstool.netease.com,0.0,netease.com
feedax.net,1.0,feedax.net
rodhigital.com,1.0,rodhigital.com
only-820057-223-104-67-87.nstool.netease.com,0.0,netease.com
kapsnovin.com,1.0,kapsnovin.com
faregadget.com,1.0,faregadget.com
iris-corp.com,1.0,iris-corp.com
xpgtzsrl.page.link,1.0,page.link
dicdoc.pro,1.0,dicdoc.pro
f0fa2595c3bce5cb6ae37ee412b8e806.safeframe.googlesyndication.com,0.0,googlesyndication.com
sso.ptpress.cn,0.0,ptpress.cn
heyleny2.dothome.co.kr,1.0,co.kr
panelclientesapp.com,1.0,panelclientesapp.com
external-media41.public.wlhrm-a-4.prod.infra.webex.com,0.0,webex.com
tempocf.com,1.0,tempocf.com
lanahospital.com,1.0,lanahospital.com
lprbpxx.sysu.edu.cn,0.0,edu.cn
imsportal.saif.sjtu.edu.cn,0.0,edu.cn
xinyu-1310298375.cos.ap-shanghai.myqcloud.com,0.0,myqcloud.com
kiestinyhouse.files.wordpress.com,0.0,wordpress.com
dsm.faqserv.com,1.0,faqserv.com
qiye.163.com,0.0,163.com
down-ww2.bituq.com,0.0,bituq.com
6a7e99ceedfa304786d8bf920a48356d.safeframe.googlesyndication.com,0.0,googlesyndication.com
yohhruuncfxfetx.sysu.edu.cn,0.0,edu.cn
w4dasvfm5aieuyu6qduq-f-55ea10bdb-clientnsv4-s.akamaihd.net,0.0,akamaihd.net
jhmv6etxbo.feishu.cn,0.0,feishu.cn
m.ganzhou.bendibao.com,0.0,bendibao.com
devonsounds.com,1.0,devonsounds.com
pinakjewels.com,1.0,pinakjewels.com
themedesign.vivo.com,0.0,vivo.com
www.goldmansachs.com,0.0,goldmansachs.com
es.irtc.space,1.0,irtc.space
clinicsmilekraft.com,1.0,clinicsmilekraft.com
nhachannuoi.vn,1.0,nhachannuoi.vn
gruphost.es,1.0,gruphost.es
salarquitectura.es,1.0,salarquitectura.es
paltela.lt,1.0,paltela.lt
icd.who.int,0.0,who.int
dx1n5y0q8nolz.cloudfront.net,0.0,cloudfront.net
virmach.com,0.0,virmach.com
72k6ns9a5gknuatw4oxr6z7tvjfllw2g5smedmde65a4761a70414f8asac.d.aa.online-metrix.net,0.0,online-metrix.net
merret.cl,1.0,merret.cl
83fe24c58a69f0c8d67da123be674fdb.safeframe.googlesyndication.com,0.0,googlesyndication.com
5b1e19c6e0c26721f39d04950c620d90.safeframe.googlesyndication.com,0.0,googlesyndication.com
fdtqbohzovpfs.sysu.edu.cn,0.0,edu.cn
pablobreijo.es,1.0,pablobreijo.es
best4you.live,1.0,best4you.live
www.scez.cn.cdn.cloudflare.net,0.0,cloudflare.net
founders.net.au,1.0,net.au
success-4you.com,1.0,success-4you.com
mathworks.tfaforms.net,0.0,tfaforms.net
vbyciels.page.link,1.0,page.link
nmfakhry.com,1.0,nmfakhry.com
ropft.sync.oystergardens.club,1.0,oystergardens.club
login.sina.com.cn,0.0,com.cn
safha.co,1.0,safha.co
qbhhospitality.com,1.0,qbhhospitality.com
messat.com.tr,1.0,com.tr
ladorica.ba,1.0,ladorica.ba
gitutors.co.za,1.0,co.za
dropmefiles.com.ua,1.0,com.ua
mautea.co.ke,1.0,co.ke
claseco.com,1.0,claseco.com
cn-dca1.cfe.uber.com,0.0,uber.com
bsagxahpf.sysu.edu.cn,0.0,edu.cn
sanefisio.com,1.0,sanefisio.com
mvjlvfvherkgoum.sysu.edu.cn,0.0,edu.cn
webdesigntm.eu,1.0,webdesigntm.eu
zoomsjcar211mmr.sjc.zoom.us,0.0,zoom.us
45ec48d7460843f2a07effcaf08b835e.fp.measure.office.com,0.0,office.com
np.chinapower.com.cn,0.0,com.cn
44866440e3df54c94e10130f2f3ea4ac.safeframe.googlesyndication.com,0.0,googlesyndication.com
digitalbroadcastapplications.com,1.0,digitalbroadcastapplications.com
72k6ns9aca4ouem4azseiyxzmjslrjd5d35v2zb3142bf8b95a393695sac.d.aa.online-metrix.net,0.0,online-metrix.net
gxitmyer.page.link,1.0,page.link
xacm02.baidupcs.com,0.0,baidupcs.com
bmsmermer.com,1.0,bmsmermer.com
vk.com,1.0,vk.com
www.liv.ac.uk,0.0,ac.uk
ljxsvsvd.page.link,1.0,page.link
uwkfvonil.sysu.edu.cn,0.0,edu.cn
g.co188.com,0.0,co188.com
h17009.www1.hp.com,0.0,hp.com
angelesescobar.cl,1.0,angelesescobar.cl
164.news2.sysu.edu.cn,0.0,edu.cn
82.224.120.202.sbl.spamhaus.org,0.0,spamhaus.org
pogosearch.com,1.0,pogosearch.com
395cnm.tdum.alibaba.com,0.0,alibaba.com
klqtpisj.page.link,1.0,page.link
70713ebb64cfa9f0c4b4ec1203c19c05.safeframe.googlesyndication.com,0.0,googlesyndication.com
8d1265cca7f904e06e0579ff68c4eaf5.safeframe.googlesyndication.com,0.0,googlesyndication.com
9.136.107.13.sbl.spamhaus.org,0.0,spamhaus.org
petittool.com,1.0,petittool.com
pindjagatpur.com,1.0,pindjagatpur.com
hvnqnzsk.page.link,1.0,page.link
chengshujia.66law.cn,0.0,66law.cn
cfpvehqb.page.link,1.0,page.link
sgtm.wur.nl,0.0,wur.nl
sodreh.com,1.0,sodreh.com
moe-edugm.my,1.0,moe-edugm.my
devvaults.com,1.0,devvaults.com
neonrundubai.com,1.0,neonrundubai.com
iaqqav.com,1.0,iaqqav.com
www.research.gxnu.edu.cn,0.0,edu.cn
neopto.us,1.0,neopto.us
2.samsung-internet.filter-list-downloads.getadblock.com,0.0,getadblock.com
alibabash.ddns.net,1.0,ddns.net
www.starcountry.net,1.0,starcountry.net
puzuzklvrhpxe.sysu.edu.cn,0.0,edu.cn
e48a6cb727654ff6aabafd4c3b93afa3.fp.measure.office.com,0.0,office.com
sopnypdk.page.link,1.0,page.link
eysar.com,1.0,eysar.com
w4dasvaxhonoqyu62aqa-f-398a9ec17-clientnsv4-s.akamaihd.net,0.0,akamaihd.net
alotropia.sa.com,1.0,sa.com
clickdelcaribe.com.mx,1.0,com.mx
virtualworld.world,1.0,virtualworld.world
illinoisarjeffersoncity.hotcrumblecompany.com,1.0,hotcrumblecompany.com
maxsolution.in,1.0,maxsolution.in
electoralhub.org,1.0,electoralhub.org
spgmogxsiysnglj.sysu.edu.cn,0.0,edu.cn
774df4466dd641e38b6571a2e66e4278.fp.measure.office.com,0.0,office.com
shop42692603.youzan.com,0.0,youzan.com
www.sbcfastlogistics.com,1.0,sbcfastlogistics.com
pcce.eu,1.0,pcce.eu
sec-dns.gzu.edu.cn,0.0,edu.cn
pimientossupremos.com,1.0,pimientossupremos.com
exposefree.com,1.0,exposefree.com
fda7f338c8ac19599976563414eb9761.safeframe.googlesyndication.com,0.0,googlesyndication.com
0c28e7202c5b413698d208a4f5f7006d.fp.measure.office.com,0.0,office.com
uploadian.com,1.0,uploadian.com
www.pornhub.com,0.0,pornhub.com
spangle1.online,1.0,spangle1.online
www.opsol.com,1.0,opsol.com
eanefgpk.page.link,1.0,page.link
25clouds.com,1.0,25clouds.com
a3abj.wileyfoxcelullares.motorcycles,1.0,wileyfoxcelullares.motorcycles
hclips.ahcdn.com,0.0,ahcdn.com
uttamshrestha.com.np,1.0,com.np
aurtox-my.sharepoint.com,0.0,sharepoint.com
zbkixwmw.page.link,1.0,page.link
0b1e9a279fc14c2b9df418e7ced51b07.fp.measure.office.com,0.0,office.com
p37-contacts.icloud.com,0.0,icloud.com
bakertilly.com.ec,1.0,com.ec
medheightsltd.com,1.0,medheightsltd.com
sdey8.leecocelullares.quest,1.0,leecocelullares.quest
nefzo.com,1.0,nefzo.com
uqaiuqof.page.link,1.0,page.link
88.bus.sysu.edu.cn,0.0,edu.cn
kuwaitpolyurethane.com,1.0,kuwaitpolyurethane.com
rr3---sn-q4fl6nsl.googlevideo.com,0.0,googlevideo.com
epuit.net,1.0,epuit.net
1e6d30fe647841389f39c7dcf72a4a60.fp.measure.office.com,0.0,office.com
setadokum.com,1.0,setadokum.com
free-android-application.sysu.edu.cn,0.0,edu.cn
tbess.co.za,1.0,co.za
8c3037faacfd421dea2b7110cb9be9c9.safeframe.googlesyndication.com,0.0,googlesyndication.com
footballeague.co.uk,1.0,co.uk
orsahomes.com,1.0,orsahomes.com
maesthetics.pk,1.0,maesthetics.pk
72k6ns9aas7te2ivrgbf7uap7ut2r6xretkcibbge6c093c496658ec0sac.d.aa.online-metrix.net,0.0,online-metrix.net
ouxl.sync.oystergardens.club,1.0,oystergardens.club
tgjopxumawzt.sysu.edu.cn,0.0,edu.cn
jiubntby.page.link,1.0,page.link
khiew.elephonecelullares.pro,1.0,elephonecelullares.pro
myapeapeaje.sysu.edu.cn,0.0,edu.cn
ahaslides.com,0.0,ahaslides.com
omrat.ee,1.0,omrat.ee
inivex.lk,1.0,inivex.lk
trinityuniversity.edu.ng,1.0,edu.ng
gdlrdc.com,1.0,gdlrdc.com
kivucloud.com,1.0,kivucloud.com
qianbao.baidu.com,0.0,baidu.com
577cda63a2e0ed8d7fabba2f8b4209a6.safeframe.googlesyndication.com,0.0,googlesyndication.com
16.201.163.192.sbl.spamhaus.org,0.0,spamhaus.org
zoptex375.xyz,1.0,zoptex375.xyz
prod-edu-cloud-dev-1253364609.file.myqcloud.com,0.0,myqcloud.com
studio-fitmumfrance-aix.fr,1.0,studio-fitmumfrance-aix.fr
eodovyhf.page.link,1.0,page.link
a-share-api.jin10.com,0.0,jin10.com
capitalpromotora.com,1.0,capitalpromotora.com
a-0.19-a7000081.c9f0082.16a8.b69.3ea5.210.0.rt35mm3gen31muaqqb1ej7zwvq.avts.mcafee.com,0.0,mcafee.com
rtbrennab.com,0.0,rtbrennab.com
provfin.com.au,1.0,com.au
only-252879-202-75-251-182.nstool.netease.com,0.0,netease.com
kgptemmz.page.link,1.0,page.link
m.huocheso.com,0.0,huocheso.com
external-media24.public.wbomm-a-2.prod.infra.webex.com,0.0,webex.com
timetreeapp.com,0.0,timetreeapp.com
letpub.com.cn,0.0,com.cn
movin.tec.br,1.0,tec.br
23.200.187.167.sbl.spamhaus.org,0.0,spamhaus.org
1dwx1trkw45q.s4.adsco.re,0.0,adsco.re
jamnavidyapeeth.com,1.0,jamnavidyapeeth.com
vyivw.layout.oystergardens.us,1.0,oystergardens.us
insanmadanijambi.org,1.0,insanmadanijambi.org
hwthurmann.de,1.0,hwthurmann.de
netimports.sysu.edu.cn,0.0,edu.cn
techxtreme.co.nz,1.0,co.nz
speedymedia.com.br,1.0,com.br
dwxcb.whu.edu.cn,0.0,edu.cn
sameirotravel.com,1.0,sameirotravel.com
oksancelikcati.com,1.0,oksancelikcati.com
damaviola.it,1.0,damaviola.it
rtl.berkeley.edu,0.0,berkeley.edu
admiretourism.com,1.0,admiretourism.com
towardsbrilliance.com,1.0,towardsbrilliance.com
67.24.216.52.sbl.spamhaus.org,0.0,spamhaus.org
w4dasvaxgluuqyu7okoq-f-f6245b6b9-clientnsv4-s.akamaihd.net,0.0,akamaihd.net
www.aiakujundus.ee,1.0,aiakujundus.ee
ost.tn,1.0,ost.tn
doh-ctrl.sohu.com,0.0,sohu.com
miqbhoucg.sysu.edu.cn,0.0,edu.cn
radio.oiu.edu.sd,1.0,edu.sd
sunafricaexpeditions.com,1.0,sunafricaexpeditions.com
nkb.layout.oystergardens.us,1.0,oystergardens.us
72k6ns9afr2tr4suuuh6flqn4r6ztsgptbk7mz4aef0169cddd00edd8sac.d.aa.online-metrix.net,0.0,online-metrix.net
nylwqam.njupt.edu.cn,0.0,edu.cn
bathroomcrew.com.au,1.0,com.au
65.104.174.52.sbl.spamhaus.org,0.0,spamhaus.org
test.typoten.com,1.0,typoten.com
www.philosophy.sysu.edu.cn,0.0,edu.cn
khalimoff.com,1.0,khalimoff.com
rjassociatesindia.com,1.0,rjassociatesindia.com
6431f943811f4698b8ad01c3d057adc3.fp.measure.office.com,0.0,office.com
zs-lc1-25.zoho.com,0.0,zoho.com
w4dasvfygoo5syu6hgpq-f-a334d2aa7-clientnsv4-s.akamaihd.net,0.0,akamaihd.net
esteamselproject.com,1.0,esteamselproject.com
images.data-axle.com,0.0,data-axle.com
realkolkataff.in,1.0,realkolkataff.in
cdn.nijigenfun.com,0.0,nijigenfun.com
qdzzg.sync.oystergardens.club,1.0,oystergardens.club
smartretouching.com,1.0,smartretouching.com
polarbearden.ca,1.0,polarbearden.ca
lorajrgi.page.link,1.0,page.link
rounited.co,1.0,rounited.co
wsejnqpzvpixt.ucdavis.edu,0.0,ucdavis.edu
botanistudio.com,1.0,botanistudio.com
adl-zq.fartit.com,1.0,fartit.com
www.sjc.shisu.edu.cn,0.0,edu.cn
d9e1c3dd-1fee-48c1-9089-09a70580408e.usrfiles.com,1.0,usrfiles.com
cdnjs-cloudflare-com-443.webvpn.sysu.edu.cn,0.0,edu.cn
hys.com.co,1.0,com.co
saisiddhipls.com,1.0,saisiddhipls.com
bazckkhe.page.link,1.0,page.link
WN5814-N6w0QvW6Y9ukSH0fhFcrOc5.sysu.edu.cn,0.0,edu.cn
swmkektw.page.link,1.0,page.link
zhengxinpeixun.oss-cn-qingdao.aliyuncs.com,1.0,aliyuncs.com
euvbknqf.page.link,1.0,page.link
nataliairani.com,1.0,nataliairani.com
a-0.19-a7000081.c170081.170c.c6b.3ea5.210.0.buc39d5gcv1jwg9r343si2ksu6.avts.mcafee.com,0.0,mcafee.com
video.520cc.cc,0.0,520cc.cc
b9b0b0.ug.ele.me,0.0,ele.me
eu.battle.net,0.0,battle.net
170.11.26.104.sbl.spamhaus.org,0.0,spamhaus.org
www.research.manchester.ac.uk,0.0,ac.uk
thebookofjuandotcom.files.wordpress.com,0.0,wordpress.com
menu.web.id,1.0,web.id
wafastore.pk,1.0,wafastore.pk
bw36file.oss-accelerate.aliyuncs.com,1.0,aliyuncs.com
giecdn.blob.core.windows.net,0.0,windows.net
202-116-81-14_s-23-196-47-91_ts-1654585395-clienttons-s.akamaihd.net,0.0,akamaihd.net
synacor-match.dotomi.com,0.0,dotomi.com
pacoprian.es,1.0,pacoprian.es
xa1.sharepoint.com,0.0,sharepoint.com
syhpfy.chinacourt.gov.cn,0.0,gov.cn
wingcomm-dot-yamm-track.appspot.com,1.0,appspot.com
gqt.swu.edu.cn,0.0,edu.cn
m.oasis.weibo.cn,0.0,weibo.cn
total.org.br,1.0,org.br
jpvspfnx.page.link,1.0,page.link
ogmxiyiu.page.link,1.0,page.link
0ytxja.ch.files.1drv.com,0.0,1drv.com
ktdmmxie.page.link,1.0,page.link
mup.amp.mcafee.com,0.0,mcafee.com
jelitamultimedia.com,1.0,jelitamultimedia.com
swzx.wmu.edu.cn,0.0,edu.cn
appxiazai-1251227496.cos.ap-shanghai.myqcloud.com,0.0,myqcloud.com
i.imgur.com,1.0,imgur.com
waresaislamtrust.com,1.0,waresaislamtrust.com
imcfg-cn.oss-cn-beijing.aliyuncs.com,0.0,aliyuncs.com
ztirdsjt.page.link,1.0,page.link
redirector.pm,1.0,redirector.pm
weddinginvitation.id,1.0,weddinginvitation.id
svjdbmcqq.sysu.edu.cn,0.0,edu.cn
hecpadarquitectos.com,1.0,hecpadarquitectos.com
vwxtepxxje.sysu.edu.cn,0.0,edu.cn
pcchampion.com.co,1.0,com.co
allday.co.id,1.0,co.id
floritamp.com,1.0,floritamp.com
nclifesupport.com,1.0,nclifesupport.com
grandvenus.co.ke,1.0,co.ke
wyakmpgp.page.link,1.0,page.link
puretechdigital.in,1.0,puretechdigital.in
991ef0a455134689afbbd3b881cdced1.fp.measure.office.com,0.0,office.com
2314ded4dca647c09ce407feeb5509f8.fp.measure.office.com,0.0,office.com
only-802050-120-236-174-209.nstool.netease.com,0.0,netease.com
unrealpcs.com.au,1.0,com.au
econnectshop.in,1.0,econnectshop.in
ceronimo.com.tr,1.0,com.tr
pama-dsp.pingan.com.cn,0.0,com.cn
e.58.com,0.0,58.com
namaacont.com,1.0,namaacont.com
supremeomega.com,1.0,supremeomega.com
jpcltvovppn.sysu.edu.cn,0.0,edu.cn
analytics.similarweb.com,0.0,similarweb.com
zj2fdlixfqzxuyu6ubua-f-33c75f27c-clientnsv4-s.akamaihd.net,0.0,akamaihd.net
blitz-kukaj.de,1.0,blitz-kukaj.de
969645739ed6d79a8cb4484c8fa26125.dlied1.cdntips.net,0.0,cdntips.net
img.manoramanews.com,0.0,manoramanews.com
cdn.design-system.economist.com,0.0,economist.com
cld.pt,1.0,cld.pt
p4-bi2c7azhmyipw-qgrm326nvae7i6qm-if-v6exp3-v4.metric.gstatic.com,0.0,gstatic.com
www.ptable.com,0.0,ptable.com
154181121b2a4afba6467d4a1534d80d.fp.measure.office.com,0.0,office.com
daf.faqserv.com,1.0,faqserv.com
6c3a55cafb6fbd07583af4b42935defa80bfb50610d5bf5511d371ff.trk.sensic.net,0.0,sensic.net
www.www-cn.chanel.com,0.0,chanel.com
itinerariabruttii.it,1.0,itinerariabruttii.it
34-210-66-112-pushcl.np.communication.playstation.net,0.0,playstation.net
bgvoknme.page.link,1.0,page.link
routgqcu.page.link,1.0,page.link
accf6ae046095e34ee4e3a845aa552588.profile.man50-c1.cloudfront.net,0.0,cloudfront.net
dnf.kuai8.com,0.0,kuai8.com
hepshow-image-formal.oss-cn-beijing.aliyuncs.com,0.0,aliyuncs.com
pdwk5y67o7yaqyu7h64a-f-50fcb54f9-clientnsv4-s.akamaihd.net,0.0,akamaihd.net
eusketxe.com,1.0,eusketxe.com
w4dasvaxhxbggyu6uu5a-f-d8050838e-clientnsv4-s.akamaihd.net,0.0,akamaihd.net
uran.fartit.com,1.0,fartit.com
cdm.faqserv.com,1.0,faqserv.com
zj2fdnaxjem3cyu6mzaq-f-8424094f3-clientnsv4-s.akamaihd.net,0.0,akamaihd.net
zhaopin.bjut.edu.cn,0.0,edu.cn
ulog3.gifshow.com,0.0,gifshow.com
candyads.pro,1.0,candyads.pro
uifvreid.page.link,1.0,page.link
pymmhgttzkurfc.sysu.edu.cn,0.0,edu.cn
kuke-prod.oss-cn-qingdao.aliyuncs.com,0.0,aliyuncs.com
850f60a50772dd3d6f7680a1e6205109.safeframe.googlesyndication.com,0.0,googlesyndication.com
only-359201-112-96-50-162.nstool.netease.com,0.0,netease.com
balkarsoftware.cubistech.com,1.0,cubistech.com
ev.turnitin.com,0.0,turnitin.com
huodong.37.com,0.0,37.com
azzurro.com.ar,1.0,com.ar
opencart.notebookparcalari.com,1.0,notebookparcalari.com
rubria.net,1.0,rubria.net
www.groupon.com,0.0,groupon.com
245.240.66.13.sbl.spamhaus.org,0.0,spamhaus.org
organicfoodslahore.com,1.0,organicfoodslahore.com
casaconstructorhomecenter.com,1.0,casaconstructorhomecenter.com
adlddf.dns05.com,1.0,dns05.com
5f1a80528a6a22923e75509cfff98fc0.safeframe.googlesyndication.com,0.0,googlesyndication.com
d7b8a5589a5d44e1956e57afb3fe0ef1.fp.measure.office.com,0.0,office.com
advmdpvs.page.link,1.0,page.link
33rdderryscouts.com,1.0,33rdderryscouts.com
gitboot234.xyz,1.0,gitboot234.xyz
bqpwlqzb.page.link,1.0,page.link
biovacperu.com,1.0,biovacperu.com
karoindogroup.com,1.0,karoindogroup.com
portugal.qolsys.com,1.0,qolsys.com
nj.ke.com,0.0,ke.com
img-cdn-tc.dcloud.net.cn,0.0,net.cn
s169.123apps.com,0.0,123apps.com
ed-ird.vizvaz.com,1.0,vizvaz.com
378rbb.tdum.alibaba.com,0.0,alibaba.com
ru.archive.ubuntu.com,0.0,ubuntu.com
lwlezjpq.page.link,1.0,page.link
p211-contactsws.icloud.com.cn,0.0,com.cn
taxexemptconsultants.com,1.0,taxexemptconsultants.com
philsci-archive.pitt.edu,0.0,pitt.edu
aqmvvizvmkm.sysu.edu.cn,0.0,edu.cn
chaalakya.com,1.0,chaalakya.com
xxgk.zuel.edu.cn,0.0,edu.cn
intranetkktmsg.com,1.0,intranetkktmsg.com
nxbrgugr.page.link,1.0,page.link
rgenius.pk,1.0,rgenius.pk
impressionagency.co,1.0,impressionagency.co
coronavirus.rutgers.edu,0.0,rutgers.edu
zgnkpjlx.page.link,1.0,page.link
iran-hh.dns05.com,1.0,dns05.com
xpkxclea.page.link,1.0,page.link
a-0.19-a7000011.c0b0081.16a8.b69.3ea5.210.0.test2e53ufc25hc1s68e5cwpaq.avts.mcafee.com,0.0,mcafee.com
ky.zzu.edu.cn,0.0,edu.cn
v2.da.mgtv.com,0.0,mgtv.com
8e7eee6e8a4c91e0222816683fef01be.safeframe.googlesyndication.com,0.0,googlesyndication.com
njc.gov.ng,1.0,gov.ng
sample-api-v2.crazyegg.com,0.0,crazyegg.com
niccs.adc.sysu.edu.cn,0.0,edu.cn
hl4xaklionjbayu66plq-f-bd9b59575-clientnsv4-s.akamaihd.net,0.0,akamaihd.net
aa02143e38ab78ccfeefe84c6e1cc8f76.profile.ord52-c1.cloudfront.net,0.0,cloudfront.net
p103-acsegateway.icloud.com.cn,0.0,com.cn
getmailspring.com,0.0,getmailspring.com
mjh.layout.oystergardens.us,1.0,oystergardens.us
sunrise-bremen.de,1.0,sunrise-bremen.de
g.pptv.com,0.0,pptv.com
apply.gdufe.edu.cn,0.0,edu.cn
adl-shm.faqserv.com,1.0,faqserv.com
42.220.95.103.sbl.spamhaus.org,0.0,spamhaus.org
vidpublicidad.net,1.0,vidpublicidad.net
dubbed.space,1.0,dubbed.space
secure.mail2.sysu.edu.cn,0.0,edu.cn
shop91809185.m.youzan.com,0.0,youzan.com
pic.gmw.cn,0.0,gmw.cn
8603de5cf066440e846ee70c6d5f16ee.fp.measure.office.com,0.0,office.com
fastdl2.zombieden.cn,0.0,zombieden.cn
cdn-swell-assets.yotpo.com,0.0,yotpo.com
zj2fdlixfqzxuyu6ok3a-f-ff6279413-clientnsv4-s.akamaihd.net,0.0,akamaihd.net
d217zmuj2laa1m.cloudfront.net,0.0,cloudfront.net
tororomba.com.br,1.0,com.br
72k6ns9afquqoyumsmh2wlu22pjupe64bfwunvbq2bf48f85df0613d8sac.d.aa.online-metrix.net,0.0,online-metrix.net
propertystock.co.in,1.0,co.in
fridgerepairscenturion.com,1.0,fridgerepairscenturion.com
partamayasa.web.id,1.0,web.id
vod0554.aliyun06.vip.lixian.xunlei.com,0.0,xunlei.com
gnphoqzf.page.link,1.0,page.link
0e3befa33e28fb7e534140e23399ebc4.dlied1.cdntips.net,0.0,cdntips.net
stadnicka.com,1.0,stadnicka.com
ifcen-ec.sysu.edu.cn,0.0,edu.cn
0b7fc88570045f3b750e45d3272509d3.safeframe.googlesyndication.com,0.0,googlesyndication.com
e5748a1af724a5baba1ba7266ba639b3.safeframe.googlesyndication.com,0.0,googlesyndication.com
5d2ac6d609d74c209fb2b120a6920b3d.fp.measure.office.com,0.0,office.com
eventstime.sa,1.0,eventstime.sa
fpcibpse.page.link,1.0,page.link
lrdoxqxn.sysu.edu.cn,0.0,edu.cn
roadtovrlive-5ea0.kxcdn.com,0.0,kxcdn.com
2ad470220cce8329335d1fad00ba0ff0.safeframe.googlesyndication.com,0.0,googlesyndication.com
4d9f15440d6987ae1bf963677fc72bcd.safeframe.googlesyndication.com,0.0,googlesyndication.com
795c024748ade22a731a314de15a8278.safeframe.googlesyndication.com,0.0,googlesyndication.com
carloappetitilaw.org,1.0,carloappetitilaw.org
p209-drivews.icloud.com.cn,0.0,com.cn
travel.saga.co.uk,0.0,co.uk
ed.sarltma.rest,1.0,sarltma.rest
zj2fdjicce5ryyu6zb7q-f-9fec2c629-clientnsv4-s.akamaihd.net,0.0,akamaihd.net
ma84.gdl.netease.com,0.0,netease.com
canton.sysu.edu.cn,0.0,edu.cn
w4dasvfm5aieuyu6qgna-f-abc8b0317-clientnsv4-s.akamaihd.net,0.0,akamaihd.net
4f707f2ea0c047a385f858c269ad3acb.fp.measure.office.com,0.0,office.com
70c627af5cd84d678c47c9bb1a027fbb.fp.measure.office.com,0.0,office.com
tcxzaifwjjor.www.tendawifi.com,0.0,tendawifi.com
tnxltiae.page.link,1.0,page.link
5ad454ffe18545c88348f0d559e6a5a4.fp.measure.office.com,0.0,office.com
06eae71566a839bf103f21e69f599aa4.safeframe.googlesyndication.com,0.0,googlesyndication.com
www.gusu.gov.cn,0.0,gov.cn
e.dxy.cn,0.0,dxy.cn
proshantika.com,1.0,proshantika.com
w4dasvax2cgcgyu6yprq-f-056297823-clientnsv4-s.akamaihd.net,0.0,akamaihd.net
emporchid.com.tw,1.0,com.tw
oqk.layout.oystergardens.us,1.0,oystergardens.us
theloosechangecharity.co.uk,1.0,co.uk
w4dasvfm5aieuyu6p6mq-f-642f9a55b-clientnsv4-s.akamaihd.net,0.0,akamaihd.net
reg.suning.com,0.0,suning.com
dagmetal.com.tr,1.0,com.tr
nagnmqrzyqofuu.sysu.edu.cn,0.0,edu.cn
545793996ad74defa4ecc1e69e50c548.fp.measure.office.com,0.0,office.com
norsworthy.com.ng,1.0,com.ng
static-25.sinclairstoryline.com,0.0,sinclairstoryline.com
xoktiydlsjqko.sysu.edu.cn,0.0,edu.cn
zj2fdlixfqz3eyu6rcpa-f-efca3cb43-clientnsv4-s.akamaihd.net,0.0,akamaihd.net
promediol.com,1.0,promediol.com
lasertechmedia.com,1.0,lasertechmedia.com
3e39e42e5be02ae05a5dfa9e4f1e6c82.safeframe.googlesyndication.com,0.0,googlesyndication.com
0f19ac59606fa34cf3bde06dbdfc09ac.safeframe.googlesyndication.com,0.0,googlesyndication.com
jornal.oiu.edu.sd,1.0,edu.sd
adlsh.vizvaz.com,1.0,vizvaz.com
kfuweqcc.page.link,1.0,page.link
grahajayapratamakinerja.com,1.0,grahajayapratamakinerja.com
42re1c.tdum.alibaba.com,0.0,alibaba.com
zj2fdkom5xghoyu7cooq-f-9b39e1285-clientnsv4-s.akamaihd.net,0.0,akamaihd.net
sociedadfenix.com,1.0,sociedadfenix.com
ccmohmand.edu.pk,1.0,edu.pk
jreivtal.page.link,1.0,page.link
mysammdedicated.com,1.0,mysammdedicated.com
cloud4ccs.com,1.0,cloud4ccs.com
iwx.qjnn.qq.com,0.0,qq.com
alrma.lat,1.0,alrma.lat
hciviiyy.page.link,1.0,page.link
qyjdwwrzuoykr.sysu.edu.cn,0.0,edu.cn
6ddcdc6e9dd54361f4d8e4edaecc2310.safeframe.googlesyndication.com,0.0,googlesyndication.com
b4ea5e76b32abf4ae1c839002959472c.safeframe.googlesyndication.com,0.0,googlesyndication.com
2ac8ffdf63164cee9dece81e25d05838.fp.measure.office.com,0.0,office.com
lbslybgj.page.link,1.0,page.link
d33v4339jhl8k0.cloudfront.net,0.0,cloudfront.net
a25a21c615864d9ebb076dc823471516.fp.measure.office.com,0.0,office.com
markadsrad.ru.is,1.0,ru.is
pennsylvaniaordover.vnkx.com,1.0,vnkx.com
decoryaran.ir,1.0,decoryaran.ir
rightpos.com.ng,1.0,com.ng
vhvrkjovgwvssfy.sysu.edu.cn,0.0,edu.cn
mip.youth.cn,0.0,youth.cn
stwatertechnic.com,1.0,stwatertechnic.com
logger.qingting.fm,0.0,qingting.fm
dhh.faqserv.com,1.0,faqserv.com
f95ce9123bd00587f4155dfe2e27fc00.safeframe.googlesyndication.com,0.0,googlesyndication.com
8b0288c0083afd64676470ec1746ccd2.safeframe.googlesyndication.com,0.0,googlesyndication.com
artesduo.com,1.0,artesduo.com
saham-q.jkub.com,1.0,jkub.com
adlgs.vizvaz.com,1.0,vizvaz.com
jmekpeeietmnll.sysu.edu.cn,0.0,edu.cn
pcdesbwc.page.link,1.0,page.link
87lyx2.tdum.alibaba.com,0.0,alibaba.com
flidsgkljq.sysu.edu.cn,0.0,edu.cn
sidney.com.ng,1.0,com.ng
only-102455-223-104-67-25.nstool.netease.com,0.0,netease.com
data14.coomer.party,0.0,coomer.party
79ef0cfdb3ec6e3b49e75a44af9307b9.safeframe.googlesyndication.com,0.0,googlesyndication.com
test.drm.com.bd,1.0,com.bd
sda.faqserv.com,1.0,faqserv.com
erpunique.com,1.0,erpunique.com
thuanthienshop.online,1.0,thuanthienshop.online
jclgtfr.sysu.edu.cn,0.0,edu.cn
p4-enrtwvacbpe6a-ff47k42j5qtsnlgb-if-v6exp3-v4.metric.gstatic.com,0.0,gstatic.com
dsb.mrbasic.com,1.0,mrbasic.com
web.iciba.com,0.0,iciba.com
caheytci.page.link,1.0,page.link
hl4xaeyxzirxsyu6v37a-pgh2gs-2a8d7fc92-clientnsv4-s.akamaihd.net,0.0,akamaihd.net
mroqy.layout.oystergardens.us,1.0,oystergardens.us
xomvjyydkxbhhh.sysu.edu.cn,0.0,edu.cn
andekb.uz,1.0,andekb.uz
records.dennisign.se,1.0,dennisign.se
ownerspos.org,1.0,ownerspos.org
ac6bdcf1f5c75bbf0d6c3a0692c77ac8.safeframe.googlesyndication.com,0.0,googlesyndication.com
7dabd3aece664710b7d778d4a6a5f49f.safeframe.googlesyndication.com,0.0,googlesyndication.com
hospilabbd.xyz,1.0,hospilabbd.xyz
img.ashow.pcpop.com,0.0,pcpop.com
23.push2his.eastmoney.com,0.0,eastmoney.com
celianna.itch.io,0.0,itch.io
poolautomaution.ca,1.0,poolautomaution.ca
uniqueschoolbetul.com,1.0,uniqueschoolbetul.com
ftp.icm.edu.pl,0.0,edu.pl
itlfltvppr.sysu.edu.cn,0.0,edu.cn
cm1.narvii.com,0.0,narvii.com
sante.sysu.edu.cn,0.0,edu.cn
enqbksdq.page.link,1.0,page.link
fkaul.caching.oysterfloats.com,1.0,oysterfloats.com
editorial.springernature.com,0.0,springernature.com
1400104471.vod2.myqcloud.com,0.0,myqcloud.com
only-560549-117-136-32-208.nstool.netease.com,0.0,netease.com
wximg2.sinaimg.cn,0.0,sinaimg.cn
gdgzbykq.linkedcare.cn,0.0,linkedcare.cn
staging.meine.zeit.de,0.0,zeit.de
carrepairdubai.ae,1.0,carrepairdubai.ae
xppmailspam06.itap.purdue.edu,0.0,purdue.edu
eldoacademy.ir,1.0,eldoacademy.ir
a4ca382526043388ef69e9f9d62d57a5.safeframe.googlesyndication.com,0.0,googlesyndication.com
69a6c870d9834301a92bd7550f81e9f7.fp.measure.office.com,0.0,office.com
belkblast.com.au,1.0,com.au
cecvillamaria.org,1.0,cecvillamaria.org
tianshu.gtimg.cn.sysu.edu.cn,0.0,edu.cn
www.eastconsults.com,1.0,eastconsults.com
e0c36e45adf6c562b686d97cf831bb25.safeframe.googlesyndication.com,0.0,googlesyndication.com
15d9cff1a444e327a29d6bb072582210.safeframe.googlesyndication.com,0.0,googlesyndication.com
only-152562-14-150-14-87.nstool.netease.com,0.0,netease.com
www.ion.cas.cn,0.0,cas.cn
naughtycharlotte.com,1.0,naughtycharlotte.com
grize.web.id,1.0,web.id
detaibio.matomo.cloud,0.0,matomo.cloud
easy1pay.org.in,1.0,org.in
abe836020fccf2d1c25c9e28a5fed93a0.profile.mad51-c1.cloudfront.net,0.0,cloudfront.net
p15-bookmarks-china.icloud.com,0.0,icloud.com
printexchange.co.ke,1.0,co.ke
directoriocreativo.site,1.0,directoriocreativo.site
72k6ns9aojmsrq2zfstn6j2kk4iwupba2rvvv47jb81cf0693177c0f0sac.d.aa.online-metrix.net,0.0,online-metrix.net
www.mdc.e.u-tokyo.ac.jp,0.0,ac.jp
ch3301.settings.live.net,0.0,live.net
aseagro.com.ar,1.0,com.ar
www.reiwo-service.de,1.0,reiwo-service.de
goalintense.com.ng,1.0,com.ng
gfs204n137.userstorage.mega.co.nz,0.0,co.nz
siliconsquad.in,1.0,siliconsquad.in
rallysweden.com,1.0,rallysweden.com
polarizadosdecasas.com.ar,1.0,com.ar
pic.himanfast.com,1.0,himanfast.com
mega.nz,1.0,mega.nz
nsb.org.uk,1.0,org.uk
permutive.businessinsider.com,0.0,businessinsider.com
artemis.community,1.0,artemis.community
data.adop.cc,0.0,adop.cc
urocir.com,1.0,urocir.com
zk.sun-hrm.com,0.0,sun-hrm.com
payitforwardnfts.com,1.0,payitforwardnfts.com
atelierzolotas.com,1.0,atelierzolotas.com
idscannershop.com,1.0,idscannershop.com
genericphar.com,1.0,genericphar.com
moussedanslabouche.com,1.0,moussedanslabouche.com
bd.ss8899888.com,0.0,ss8899888.com
cpq.mrface.com,1.0,mrface.com
vkengcivil.com.br,1.0,com.br
arccus.in,1.0,arccus.in
jatszma.com,1.0,jatszma.com
yourponno.com,1.0,yourponno.com
konyakurulusotofren.com,1.0,konyakurulusotofren.com
sarolrekha.com,1.0,sarolrekha.com
brianetaveras.byethost13.com,1.0,byethost13.com
ktm-digit-innov.com,1.0,ktm-digit-innov.com
bomespine.com,1.0,bomespine.com
glaretech.net,1.0,glaretech.net
thejabezfoundation.com,1.0,thejabezfoundation.com
ntnc.org.np,1.0,org.np
newsdynasty.com,1.0,newsdynasty.com
praisinggod.org,1.0,praisinggod.org
andrewsflooringfl.com,1.0,andrewsflooringfl.com
networknewsbd.com,1.0,networknewsbd.com
uknowledge.uky.edu,0.0,uky.edu
saiffastners.com,1.0,saiffastners.com
bar-nightclub-insurance.com,1.0,bar-nightclub-insurance.com
call.sys.ma,1.0,sys.ma
mbahwat.com,1.0,mbahwat.com
xray.mail.ru,0.0,mail.ru
netfolder.com,1.0,netfolder.com
opticienregard.com,1.0,opticienregard.com
luwer.by,1.0,luwer.by
jalopnik.com,0.0,jalopnik.com
buranding.com,1.0,buranding.com
liceoharvard.com,1.0,liceoharvard.com
hs-5266177.s.hubspotemail.net,0.0,hubspotemail.net
wiseeworld.com,1.0,wiseeworld.com
www.globallaborsupply.com,1.0,globallaborsupply.com
cazing.ba,1.0,cazing.ba
milleniumtelecomservice.com,1.0,milleniumtelecomservice.com
visoft.com.my,1.0,com.my
adrianotoledo.com,1.0,adrianotoledo.com
bragastore.com,1.0,bragastore.com
img2.hackhome.com,0.0,hackhome.com
cowaynadia.com,1.0,cowaynadia.com
online-api.zhongheschool.com,0.0,zhongheschool.com
klinikjohor.com.my,1.0,com.my
perfectnuts.com,1.0,perfectnuts.com
albertwashington.icu,1.0,albertwashington.icu
activation.captureone.com,0.0,captureone.com
www.chemsky.tn,1.0,chemsky.tn
kbsacademy.info,1.0,kbsacademy.info
althoraya-egy.com,1.0,althoraya-egy.com
