domain,label
jjjskphbjytaz.sysu.edu.cn,0.0
imrh-access.gome.com.cn,0.0
zdrllhmo.page.link,1.0
paperswithco.sysu.edu.cn,0.0
juping.baidu.com,0.0
adultbox.club,1.0
quwjboxhph.sysu.edu.cn,0.0
ver32.jixunjsq.com,0.0
seyso.org,1.0
wiki.hk.mikecrm.com,0.0
3f765c382c0d372719b9bf1bf24a8670.safeframe.googlesyndication.com,0.0
upcdn-szbd.bilivideo.com,0.0
w4dasvax2nwguyu6jjva-f-219490429-clientnsv4-s.akamaihd.net,0.0
clctabtn.page.link,1.0
grabpanda.com,1.0
xiyou.co.cnki.net,0.0
wfttbhath.sysu.edu.cn,0.0
tecrux.net,1.0
vsfqhlyo.page.link,1.0
you2mentor.com,1.0
freelistingsa.co.za,1.0
w4dasvax2ll5eyu6jqiq-f-dfb66cd3f-clientnsv4-s.akamaihd.net,0.0
iknow-data.cdn.bcebos.com,0.0
r3---sn-npoldn7d.googlevideo.com,0.0
a-0.19-a7000201.0.170c.d0f.3ea5.210.0.p16gjzk7nqt8wqgufitb27z7r6.avts.mcafee.com,0.0
73a2y5.tdum.alibaba.com,0.0
nlhatvhg.page.link,1.0
spatrinity.sysu.edu.cn,0.0
inflatablez.io,1.0
dns1.cs.nthu.edu.tw,0.0
blushingtonbeauty.co.uk,1.0
letsgo-oman.com,1.0
issjyinmail.sysu.edu.cn,0.0
3c66b805e6a6f72c3ac0e12a05fd348a.safeframe.googlesyndication.com,0.0
f33309ab0f152a9b4ce51e34864579c8.safeframe.googlesyndication.com,0.0
btsizaucpeg.sysu.edu.cn,0.0
w4dasvaxfdy4syu7ldya-f-f7fca8d06-clientnsv4-s.akamaihd.net,0.0
hfc14-nmail.s3.nie.netease.com,0.0
3278f180a3524d6c837675c4a98b28be.fp.measure.office.com,0.0
technologysansar.com,1.0
math.berkeley.edu,0.0
oversea.cnki.net.fafu.vpn358.com,0.0
069a129e8dbf1a6a613611f65156d7e1.safeframe.googlesyndication.com,0.0
86dc0373f83642c444ce4438ddb62733.safeframe.googlesyndication.com,0.0
40e5f2716d0cee9d4786ffc2f3065c35.safeframe.googlesyndication.com,0.0
uumu.fi,1.0
grupobogar.com,1.0
www.business-standard.com,0.0
sb2-hetao.oss-cn-beijing.aliyuncs.com,0.0
only-11005-112-97-84-7.nstool.netease.com,0.0
zj2fdlixfqz3eyu6pdyq-f-a412dbb88-clientnsv4-s.akamaihd.net,0.0
cdn2.techbang.com,0.0
ieipjfzc.page.link,1.0
w4dasvaxh7zvgyu6w6oq-pykq92-6e0a395b2-clientnsv4-s.akamaihd.net,0.0
ngarengan.com,1.0
a73.photo.store.qq.com,0.0
dajrnzyqdu.sysu.edu.cn,0.0
gmfylzza.page.link,1.0
img-szwhg.chaoxing.com,0.0
sxsq.2023.ebeenj.com,1.0
zgwqx.2023.ebeenj.com,1.0
www.mathzh.sysu.edu.cn,0.0
ksfqxcpx.page.link,1.0
pla-prod-tm-ingest-01.trafficmanager.net,0.0
w4dasvfydplsgyu66wra-f-a59038e84-clientnsv4-s.akamaihd.net,0.0
alesryc.sysu.edu.cn,0.0
kizbahaf.page.link,1.0
d9183bd28a218183b3a5ef49c092634c.safeframe.googlesyndication.com,0.0
tcservices.com,1.0
eduearn.org,1.0
ybxlxomx.page.link,1.0
laughingpenguinleather.files.wordpress.com,0.0
p3.qpic.cn,0.0
yaomfjlq.page.link,1.0
drawbox.pt,1.0
cloudhawktech.com,1.0
w4dasvaxfdy4syu6fjdq-f-71232b914-clientnsv4-s.akamaihd.net,0.0
vn.abcxzy.com,1.0
gitlab.com,1.0
ajpglobalshopping.com,1.0
72k6ns9a24zs6ekrzpys2an72qik26mxoejhee2m79611ba59563ec39sac.d.aa.online-metrix.net,0.0
72k6ns9attkxykmhgd66tzig5hmfpfvyupv4mz3i1b0e302b32f723a2sac.d.aa.online-metrix.net,0.0
vfbolcam.page.link,1.0
rr5---sn-n8v7sney.googlevideo.com,0.0
hillstonmotorinn.com.au,1.0
nwauwzte.page.link,1.0
hectorlavarellofoundation.org,1.0
44.18.33.45.sbl.spamhaus.org,0.0
nuobmkqm.page.link,1.0
mastersite.fun,1.0
jdbyrafi.page.link,1.0
polipositiva.com.br,1.0
ouchi-work-mei.com,1.0
satellite-navigation.springeropen.com,0.0
studentuonschoolnz-my.sharepoint.com,0.0
frinddrfbzjl.sysu.edu.cn,0.0
hijrr.com,1.0
t4.wnacg.top,0.0
stockjs.finance.qq.com,0.0
baff7c4aebc625fbd9242420d90d4513.safeframe.googlesyndication.com,0.0
b23f9dba6ac95108e3323ac9512451e8.safeframe.googlesyndication.com,0.0
38302230e1f091880d1878ab724764c3.safeframe.googlesyndication.com,0.0
26a478820d034dbda2151a8307fe7541.fp.measure.office.com,0.0
1717.1000uc.com,1.0
yxbxpkda.page.link,1.0
smiqjycrl.sysu.edu.cn,0.0
www.patrickforeilly.com,1.0
vsjinfotech.com,1.0
pocketworld.onelink.me,0.0
washingtonscolympia.letch.online,1.0
srcdevelop.com,1.0
zn25inj3kdru9g2u9-proquest.siteintercept.qualtrics.com,0.0
a9e5n.tdum.alibaba.com,0.0
member.zlongame.com,0.0
zj2fdlixfqz3eyu6ladq-f-73d0f8607-clientnsv4-s.akamaihd.net,0.0
tw.mail.yahoo.com,0.0
wbyvfnub.page.link,1.0
cohenlegalteam.com,1.0
files.catbox.moe,1.0
iral-as.mrface.com,1.0
88t7l4.tdum.alibaba.com,0.0
prod-illustrations.s3.amazonaws.com,0.0
chatnoir.life,1.0
1030073339.docs.qq.com,0.0
f8edbe1240d949b5801c4f0386168638.fp.measure.office.com,0.0
mediatrans9.com,1.0
pull-flv-l6-spe.ixigua.com,0.0
www.myip.com,0.0
trouter2-azsc-jpea-0-a.trouter.teams.microsoft.com,0.0
amec.com.pk,1.0
clickme.net,0.0
w4dasvaxfdy2syu6ts2q-f-a3119a836-clientnsv4-s.akamaihd.net,0.0
img.jianzhimao.com,0.0
cdn3.dan.com,0.0
fanyi.bailepin.com,0.0
only-165185-112-96-65-232.nstool.netease.com,0.0
sports-windows.com,1.0
zditthqx.page.link,1.0
fgb.swu.edu.cn,0.0
b5849f2e8d545dad0ff8c567c0351610.safeframe.googlesyndication.com,0.0
zarbafeh.shop,1.0
shariiph.com,1.0
iwes.whu.edu.cn,0.0
crcu.jlu.edu.cn,0.0
c-csigns.com,1.0
appstore.picovr.com,0.0
thessclothing.com,1.0
libbobur.uz,1.0
krippenfreunde-schnaittenbach.de,1.0
legopreview2-10023938.file.myqcloud.com,0.0
eaaqeubqakbeajqacqlxqaaaabrj5r4k-f-2e7b84714-clienttons-s.akamaihd.net,0.0
vtkyvnby.page.link,1.0
app.eeo.com.cn,0.0
esellbazar.com,1.0
106.94.238.13.sbl.spamhaus.org,0.0
1cdcbd7113cfde847cbf60fa26f61d1b.safeframe.googlesyndication.com,0.0
newireluck2.com,1.0
a-0.19-a3000001.c080081.16a8.c13.3ea5.210.0.wmankg6pparfcsjpssscwa63wb.avts.mcafee.com,0.0
hznmtmeg.page.link,1.0
colombiacomputersupport.com,1.0
mishop.pandora.xiaomi.com,0.0
centurygames.helpshift.com,0.0
html.gxjy.sdei.edu.cn,0.0
cc-hn14.lol.qq.com,0.0
image38.360doc.com,0.0
alawnevavqnl.sysu.edu.cn,0.0
klvrtull.page.link,1.0
pasteio.com,1.0
79f31a14c8664a8ea6cfea20876dee47.fp.measure.office.com,0.0
gas.modernconflict2.gaijin.net,0.0
ec-habilitar.com,1.0
www91.intel.cn,0.0
5f1ce1330be64e9fb73f67e8d5a51e67.fp.measure.office.com,0.0
ccleanercloud.zendesk.com,0.0
fotilflijnmt.sysu.edu.cn,0.0
hiylngmn.page.link,1.0
cfff0ea0be3008ad1ffd997c26506358.safeframe.googlesyndication.com,0.0
72k6ns9a75iecsooliu5opg3c4y2ldsmod6732qk04c36697ce0c4799sac.d.aa.online-metrix.net,0.0
hdbemmfr.page.link,1.0
dealsfordell.com,1.0
okakafc.com,1.0
cd.textfiles.com,1.0
mangguoqian.lofter.com,0.0
us01xmppapi-ngxsvr2.zoom.us,0.0
originrmb.oss-cn-shanghai.aliyuncs.com,0.0
modant-seabulk.com,1.0
khabarbhandar.com,1.0
bnz05pap001.storage.live.com,0.0
cdn.us.oss.api.autodesk.com,1.0
183-6-9-77_s-23-48-214-105_ts-1654583442-clienttons-s.akamaihd.net,0.0
iwbaayn.sysu.edu.cn,0.0
usinadevendas.com.br,1.0
kms001.workspace.rug.nl,0.0
buralffh.page.link,1.0
api35o.ilovepdf.com,0.0
72.zssom.sysu.edu.cn,0.0
cip.autodesk.com,0.0
karateacademy.gr,1.0
www.adme.ru,0.0
shss.nuc.edu.cn,0.0
xaxdttkz.page.link,1.0
i4ea1y.philipstelevisao.sa.com,1.0
btf13y.tdum.alibaba.com,0.0
oiavbcpu.page.link,1.0
hlwyy-1251304050.cossh.myqcloud.com,0.0
pcmgkb.my.id,1.0
eaaqeubqaijeajqacqlxqaaaabrj6uqi-pmkqid-2948c4041-clienttons-s.akamaihd.net,0.0
gxsearch.online,1.0
udaunvfd.page.link,1.0
ladimedical.com,1.0
u7061146.ct.sendgrid.net,0.0
65e8c357e5d19a1f20a49f9f9c2a8487.safeframe.googlesyndication.com,0.0
mirror.yandex.ru,0.0
issuecdn.baidupcs.com,0.0
learsxcb.page.link,1.0
a-dld.vizvaz.com,1.0
maxman.shop,1.0
1398235-35.chat.api.drift.com,0.0
8888news.in,1.0
w4dasvaxeqbfcyu6xuvq-f-cea325913-clientnsv4-s.akamaihd.net,0.0
buildco.com.pk,1.0
dousen.co,1.0
codexz.lol,1.0
connpm.gj.qq.com,0.0
h171326.srv22.test-hf.su,1.0
d4ykqdf81nuuy.cloudfront.net,0.0
moba.uuu9.com,0.0
cpegjbti.page.link,1.0
srhptvxub.sysu.edu.cn,0.0
0d28fa1c61284b49ad60c2012dfb7729.fp.measure.office.com,0.0
fnimbprh.page.link,1.0
desentupidoradepalmas.com.br,1.0
d18706909826d1611a7b3c25dcb31763.safeframe.googlesyndication.com,0.0
d4298fa707a2d52f20ec50cafb327767.safeframe.googlesyndication.com,0.0
ea0cd5f34a3052bcc603cd857f5ff77a.safeframe.googlesyndication.com,0.0
weather.china.com.cn,0.0
live.xhscdn.com.livecdn.liveplay.myqcloud.com,0.0
120-236-174-238_s-23-32-236-105_ts-1654570724-clienttons-s.akamaihd.net,0.0
53.119.255.162.sbl.spamhaus.org,0.0
8d130240dcab421d88b79815fd49bdb5.fp.measure.office.com,0.0
7yaa6k.pereirare.sa.com,1.0
7zgdvq.tdum.alibaba.com,0.0
proxy-eu.hosted.exlibrisgroup.com,0.0
ikktkxjs.page.link,1.0
ucqeioqj.page.link,1.0
brij.world,1.0
zengyixmail.sysu.edu.cn,0.0
48ff903d13a042dfb56b160edcce672d.fp.measure.office.com,0.0
w4dasvaxfdy4syu7bxkq-f-1a6691432-clientnsv4-s.akamaihd.net,0.0
c04958e57ce54aeaa266d2df1583b9e1.fp.measure.office.com,0.0
jaacc.ca,1.0
tfvzslon.page.link,1.0
onedriveclucproddm20036.blob.core.windows.net,0.0
fxryycsf.sysu.edu.cn,0.0
5030849-49.chat.api.drift.com,0.0
hgdled1.51sole.com,0.0
t2534340665286752077.id.amgdgt.com,0.0
w4dasunyde4guyu6ttjq-p4hiql-fc32f3bb9-clientnsv4-s.akamaihd.net,0.0
zp.szu.edu.cn,0.0
pcfa.org.my,1.0
appquery.neea.edu.cn,0.0
conf-drcn.cloud.hicloud.com,0.0
funsaef.org,1.0
t1214.wonderfulday27.live,0.0
daohang.qq.com,0.0
y6jn8c31esfr3znvs74zwsskbf7horicrrlctk2idf3cdb44e3c30d2fsac.d.aa.online-metrix.net,0.0
rl.mail.qq.com,0.0
y6jn8c31m5p3h7sd35kdbxrameviuz7o4pmobivnbff74a3fd9c6d269sac.d.aa.online-metrix.net,0.0
transtri.files.wordpress.com,0.0
knowledgehub.transparency.org,0.0
data12.kemono.party,0.0
alb-8tl6oxxsas782owtmr.cn-hangzhou.alb.aliyuncs.com,0.0
district.ce.cn,0.0
vjaltsuaxqmiad.sysu.edu.cn,0.0
image1-cdn.compass.cn,0.0
dece.sync.oystergardens.club,1.0
bqvyhnc.hikvision.com,0.0
mdtsttytqvz.sysu.edu.cn,0.0
tzgfztxp.page.link,1.0
cuboplace.com.br,1.0
rodney.ns.cloudflare.com,0.0
beachamptonmotors.co.uk,1.0
kns-cnki-net.443.webvpn.sysu.edu.cn,0.0
xmpp009.zoom.us,0.0
w4dasvaxeqh5qyu7lx7q-f-a52059266-clientnsv4-s.akamaihd.net,0.0
scboy.cc,0.0
overdue.aliyun.com,0.0
pdlxf_doctor.qq.com,0.0
msbbrxao.sysu.edu.cn,0.0
tsxgqqbi.page.link,1.0
18f57c94fb4f4840b14a276285dfbdde.fp.measure.office.com,0.0
yjsnpi.nu,0.0
cid-8efa05122e7f2b33.users.storage.live.com,0.0
4f2a9dacd424462cbca4390ee521e42d.fp.measure.office.com,0.0
c-0.19-a3000011.8080081.170c.cf6.3ea5.210.0.wccusi92w7pujtswhs788u4zjj.avts.mcafee.com,0.0
gtaylton.polyu.edu.hk,0.0
beginner-blogger-basics.sysu.edu.cn,0.0
1919875cf69b4fbe81e8ab51ee6d0fbe.fp.measure.office.com,0.0
pyxudkmi.page.link,1.0
pdoraqaam.sysu.edu.cn,0.0
4fff75e54bc6fd0336d44f332ff7634c.safeframe.googlesyndication.com,0.0
qwientny.page.link,1.0
zhtolvrx.page.link,1.0
kwiatkifranciszka.edu.pl,1.0
negmtalkhalhg.com,1.0
vmonitor.ws.netease.com,0.0
s342.photo.store.qq.com,0.0
75d915b5e9fb4586a19ec4c4a1a07c13.fp.measure.office.com,0.0
only-627272-112-96-54-176.nstool.netease.com,0.0
www.graduate.scnu.edu.cn,0.0
c-0.19-a7000011.8010081.16a8.b69.3ea5.210.0.flh7sdgzuj4s37jcb6dfabmhhi.avts.mcafee.com,0.0
3rt.site,1.0
183-6-9-104_s-23-48-214-105_ts-1654569403-clienttons-s.akamaihd.net,0.0
nac-ecs.co.mz,1.0
scripts.asi.services,1.0
www.gpa.cuhk.edu.hk,0.0
hzlhsw.foodmate.net,0.0
qcc-static.qcc.com,0.0
test-stanchart-hk.onelink.me,0.0
xlhy-houtai.oss-cn-hangzhou.aliyuncs.com,0.0
susapi.lenovomm.com,0.0
file140.gofile.io,1.0
bestproductsfor.online,1.0
stzb.res.netease.com,0.0
52b97c4a02cc8ca7377a40c22e1a8ab0.safeframe.googlesyndication.com,0.0
zj2fdlixfqz3eyu6mkua-f-04ad03757-clientnsv4-s.akamaihd.net,0.0
sha7u.paudearcozu.za.com,1.0
cdn2-static-cf.gotporn.com,0.0
wsjgmdh.sysu.edu.cn,0.0
cma-zheb.mob.cnki.net,0.0
bmkrmrhw.page.link,1.0
www.biz-con.co.kr,0.0
109.31.243.54.sbl.spamhaus.org,0.0
rtb.va.us.criteo.com,0.0
lfbmjjcanenfllj.top,1.0
kuii3h.ameixeirare.sa.com,1.0
aonefeeds.com.pk,1.0
exrklk.tdum.alibaba.com,0.0
adl-sam.mrbasic.com,1.0
itsolutionss.com.ar,1.0
422f128f283486f2d66deed49cf60757040199cce97f5fc6.dlied1.cdntips.net,0.0
233.128.164.129.sbl.spamhaus.org,0.0
82982b8511594c088efe1a36d1e1011b.fp.measure.office.com,0.0
mooya.co.za,1.0
emarketing.sina.com.cn,0.0
e1eb9a3fdba14b49aab0ced506e824bf.fp.measure.office.com,0.0
a.14-0.19-a7000801.8050091.170c.c6b.3ea5.210.0.m79rr2scdqk6lu5tl45rl58n2i.avts.mcafee.com,0.0
kvlyfaal.page.link,1.0
hrmh-staff-mobile.paas.cmbchina.com,0.0
cht.layout.oystergardens.us,1.0
adl-gqs.vizvaz.com,1.0
turftextile.com,1.0
ir-irn.vizvaz.com,1.0
adf8a172da534748a20c1e1d01efd418.fp.measure.office.com,0.0
w4dasvax2cgcgyu67a4a-f-dcb7ceb73-clientnsv4-s.akamaihd.net,0.0
lwaipx.pioneertelevisao.sa.com,1.0
gogo625-1321530550.cos.ap-hongkong.myqcloud.com,1.0
stateoftheart-2021.allergycongress.gr,1.0
qa.ncompassmkt.com,1.0
m.paperfree.cn,0.0
qnawcerz.page.link,1.0
trouter2-azsc-krce-2-b.trouter.teams.microsoft.com,0.0
jaweeds.com,1.0
innovatorsprofit.online,1.0
dpajjyzs.page.link,1.0
theovencleaningcompanyleicester.com,1.0
madekingrealties.com,1.0
pasta-mania.it,1.0
livescorekapuas88.com,1.0
tennislifemag.com,1.0
ugsnetwork.com.my,1.0
smc.dns05.com,1.0
azaniasecondary.sc.tz,1.0
sruphaazxumra.sysu.edu.cn,0.0
qirjlqeh.page.link,1.0
w4dasvfygoo5syu6haaa-f-643851c5b-clientnsv4-s.akamaihd.net,0.0
dntj.mail.sysu.edu.cn,0.0
antibodies.cancer.gov,0.0
siwrkou6goeq.l4.adsco.re,0.0
discovery-v6.syncthing.net,0.0
life-eng.co.il,1.0
founder.s4.udesk.cn,0.0
only-391436-14-27-46-119.nstool.netease.com,0.0
prosoltec.cl,1.0
zhidao.dahe.cn,0.0
vas-resource.oss-cn-shenzhen.aliyuncs.com,0.0
ds5y7u1rpzyj9.cloudfront.net,0.0
w4dasvax2ll5eyu6mz5a-f-9a1640512-clientnsv4-s.akamaihd.net,0.0
ogs.google.de,0.0
rcgsoftech.com,1.0
sistemas-web.cl,1.0
lockstep-jk-normal-set15.gcloud.qq.com,0.0
bombaycasuals.com,1.0
cooperativaelaguila.com,1.0
mba.nju.edu.cn,0.0
iot.cloud.tencent.com,0.0
sattayb.com,1.0
karyasolusi.com,1.0
ua.pt,0.0
open-api.spot.im,0.0
wcujupae.page.link,1.0
radiocristorey.org,1.0
host--m206071682.ua.ummmmu.com,0.0
account.178.com,0.0
aidandylan.top,1.0
perfilestival.pt,1.0
capsfactory.com.mx,1.0
sandiamagazine.com,1.0
privadasdesanjose.com.mx,1.0
z5vszpt5dqflgzlwjgndemtfnnwp61654602796.nuid.imrworldwide.com,0.0
3f04b6086f3d49899c70b385c4ff426e.fp.measure.office.com,0.0
oneminutechallenge.hu,1.0
yuanben752.lofter.com,0.0
41.249.72.101.sbl.spamhaus.org,0.0
dg-oc.ftn.qq.com,0.0
secureabcvodnews-vh.akamaihd.net,0.0
tj-cabbage-yun-ftn.weiyun.com,0.0
safarpanda.com,1.0
0b5b23a44377421f6ff03548c1239af4.safeframe.googlesyndication.com,0.0
giftcollection.pk,1.0
acb.faqserv.com,1.0
optimacosmetics.rs,1.0
budiutomo.my.id,1.0
solseefq.page.link,1.0
shadestinting.com.au,1.0
amshesp.com,1.0
haulmaxtyres.com.au,1.0
widget-course.chaoxing.com,0.0
cyysgzrz.page.link,1.0
miami-breeze.com,1.0
toothsmartdental.com.au,1.0
bnhiohsnakim.sysu.edu.cn,0.0
ramazanaltinok.av.tr,1.0
mooc1vod.stu.126.net,0.0
jswebapp.com,1.0
cartoons.cankaoxiaoxi.com,0.0
qzwiucgum.sysu.edu.cn,0.0
cityquality.net,1.0
floormopreview.com,1.0
s31.aconvert.com,0.0
learn-conversation.com,1.0
shop.roseofsharon.hk,1.0
l3.public.ludashi.com,0.0
pscwhaqv.page.link,1.0
atc.faqserv.com,1.0
fvhawrin.page.link,1.0
m.pl.bendibao.com,0.0
187538ab56b34ba685b4100a82204270.fp.measure.office.com,0.0
hotelanamurter.com,1.0
ccpce-de.consumer.huawei.com,0.0
eaaqeubqaijeajqacqhaabqaabrj65di-f-9e7436527-clienttons-s.akamaihd.net,0.0
1ut4jnm5m10oxrax2wal0104-wpengine.netdna-ssl.com,0.0
iatte.org,1.0
dao.china.com.cn,0.0
cnc.joskekurwa.xyz,1.0
une.settings.oysterfloats.org,1.0
ifrmthu23a4hh77oq7j6o-us-west-2.r.nflxso.net,0.0
chs.sagepub.com,0.0
ayk-pvp058.mo.konami.net,0.0
cdec.pbcsf.tsinghua.edu.cn,0.0
shebao.z8000w.com,0.0
acccd58ce733495caff4f24d94d4897f.fp.measure.office.com,0.0
hk.search.yahoo.com,0.0
studioaziende.click,1.0
duorui01.oss-cn-shenzhen.aliyuncs.com,0.0
zjvgn.sync.oystergardens.club,1.0
m.dytt8.net,0.0
smjyihre.page.link,1.0
hilyers.com,1.0
iwitechnologies.com,1.0
vgoaswwk.page.link,1.0
www.slack.com,0.0
3aab852a57ea473aa3eee3e9157ec571.fp.measure.office.com,0.0
vgreenmedia.com,1.0
ariamedical.ir,1.0
hsbriwgk.page.link,1.0
edge183.stream.highwebmedia.com,0.0
kpkndtyu.page.link,1.0
hxxy.xtu.edu.cn,0.0
so.csdn.net,0.0
zahra-nejati.ir,1.0
live.com.gt,1.0
gdcobros.com,1.0
zjt.2023.ebeenj.com,1.0
rasapac.sgs.com,0.0
lewispublishing.org,1.0
azprdb2c1.b2clogin.com,0.0
xj.chinapost.com.cn,0.0
img26.house365.com,0.0
9u9mqf.tdum.alibaba.com,0.0
diamondcity.vn,1.0
8.119.241.162.sbl.spamhaus.org,0.0
ffyjlzxd.page.link,1.0
only-898303-112-96-49-252.nstool.netease.com,0.0
edubrovnik.org,1.0
1946256e577a84e8ef4a291f1ff9d6d1.safeframe.googlesyndication.com,0.0
ebc.faqserv.com,1.0
ap3-tls.agora.io,0.0
smlivebucket-b.oss-accelerate.aliyuncs.com,0.0
skaphe.com.co,1.0
cmzz.oss-cn-shanghai.aliyuncs.com,0.0
ns1.cq.chinamobile.com,0.0
85wycy.tdum.alibaba.com,0.0
ichhagroup.com,1.0
w4dastyx362hiyu6vazq-f-a2b951b0d-clientnsv4-s.akamaihd.net,0.0
e89514b99794157737022004764dd7a0.safeframe.googlesyndication.com,0.0
bc7bae82b06bb532bf1e9546caeaac2b.safeframe.googlesyndication.com,0.0
vrport.com.au,1.0
icuc-international.org,1.0
pokojechancza.pl,1.0
gallinairan.com,1.0
a2577.casalemedia.com,0.0
wecanmore.sysu.edu.cn,0.0
amekdltw.page.link,1.0
rizdziner.com,1.0
lyncdiscoverinternal.foxmail.com,0.0
maulana.web.id,1.0
finmug.co.ke,1.0
qpxuasvptayeuot.sysu.edu.cn,0.0
a4193b67dec5e96a8e7ddb1ae45e0190.safeframe.googlesyndication.com,0.0
my.jh.edu,0.0
8c9127c239294bae9672c0e16e22caca.fp.measure.office.com,0.0
grahamelderpainting.co.uk,1.0
leaderinu.in,1.0
vincentiusmaximus.files.wordpress.com,0.0
sotrerzlsxg.sysu.edu.cn,0.0
arthawirawan.com,1.0
9ab9a128c9c61bbc4ac09b6e3c21e3e5.safeframe.googlesyndication.com,0.0
jwetq.sanyotelevisao.sa.com,1.0
1429965793-files.gitbook.io,0.0
cxxy.seu.edu.cn,0.0
w4dasvaxhxbggyu6vuvq-f-b919cc986-clientnsv4-s.akamaihd.net,0.0
hilldalefunding.com,1.0
sgsinbmpcmap1p2.ey.net,0.0
studiorosellabuoncristiani.it,1.0
c-0.19-a3000801.8040081.170c.c6b.3ea5.210.0.36dbk1k78pevqdi9iiztvnhqjb.avts.mcafee.com,0.0
naveeslawconsultants.com,1.0
updatetechbd.com,1.0
egnersi.com,1.0
zuahlos.sysu.edu.cn,0.0
adle.fartit.com,1.0
arsey.in,1.0
www.bt.cn,0.0
okidok.se,1.0
faststroygo.com,1.0
thevillagegroup.mx,1.0
w4dasvax2cgcgyu7n3xa-f-3693c75b1-clientnsv4-s.akamaihd.net,0.0
yellowstone.com.mm,1.0
tvb-bosco-wong.blog.sohu.com,0.0
vhmgtoyv.page.link,1.0
3efcf2f8bc82bf6338d1ec412550e034.safeframe.googlesyndication.com,0.0
ooiorzak.page.link,1.0
l9518228.iavs9x.avg.u.avcdn.net,0.0
verum-software-tools.gallerycdn.azure.cn,0.0
wfbpqtaf.page.link,1.0
100.28.150.20.sbl.spamhaus.org,0.0
gdyjy.whu.edu.cn,0.0
laboratoriocitrico.com,1.0
twejzlfx.page.link,1.0
touchstardev.com,1.0
sgcjiirm.page.link,1.0
asa-fed.gameloft.com,0.0
jsp-gvideo-prod.oss-cn-shenzhen.aliyuncs.com,0.0
npmbffqn.page.link,1.0
mall-api.i4.cn,0.0
mfctrkfc.page.link,1.0
yeeyi.zendesk.com,0.0
2499286934.docs.qq.com,0.0
village-auto.net,1.0
w4dasvax2cgiayu66tiq-f-fee634da1-clientnsv4-s.akamaihd.net,0.0
dxsigejy.www.tendawifi.com,0.0
adlkj.vizvaz.com,1.0
asd.fartit.com,1.0
apple-pay.jd.com,0.0
sso.redhat.com,0.0
2583471855.docs.qq.com,0.0
zj2fdlixfqzxuyu6lwdq-f-b2d213993-clientnsv4-s.akamaihd.net,0.0
strategy180.com.au,1.0
help-html-css.sysu.edu.cn,0.0
sonnenkirche.de,1.0
danaedu.my.id,1.0
60b484ada7054b2993596e4b651ae203.fp.measure.office.com,0.0
firstcryindia.files.wordpress.com,0.0
hz.graduate.sysu.edu.cn,0.0
9edb2b60aadb4015b813d37688ab13c5.fp.measure.office.com,0.0
book.100md.com,0.0
sdt.faqserv.com,1.0
hiperajans.com,1.0
californiatraininginstitute.com,1.0
external-media102.public.wsydm-a-2.prod.infra.webex.com,0.0
iwurcvogowqwxwe.sysu.edu.cn,0.0
mtosmarketingagency.com,1.0
gljfetll.page.link,1.0
pregnantdogandcatrescue.com,1.0
e3b0c99cfc7818c5513c2ab2aea03389.safeframe.googlesyndication.com,0.0
81b751cb7254d23e6bd6ed633cc9f04d.safeframe.googlesyndication.com,0.0
sjomhylv.page.link,1.0
ushczruk.page.link,1.0
72k6ns9ao7fderynekeytoe5tfq3u4fsn2evqe3o0962587b1ca74111sac.d.aa.online-metrix.net,0.0
khjccrna.page.link,1.0
stefangubser.com,1.0
galandskiyher3.com,1.0
pdwk5x3ilnctuyu7fy4a-p7ojve-aa4e17dfb-clientnsv4-s.akamaihd.net,0.0
protechsecuritysolutions.com,1.0
w4dasvax3mtcuyu6keba-pbk8qi-f8a1ab7bd-clientnsv4-s.akamaihd.net,0.0
hz.southcn.com,0.0
perichile.cl,1.0
qnceauvd.page.link,1.0
39c4341b738f6ad0f7613c3fd2e820d4.safeframe.googlesyndication.com,0.0
289f6fbe4d1196472e4739b742d77724.safeframe.googlesyndication.com,0.0
xghxcksk.page.link,1.0
websound.ru,1.0
lhzjlazg.page.link,1.0
w4dasvaxeqh5qyu7kaiq-f-18f476097-clientnsv4-s.akamaihd.net,0.0
appso.yingjiesheng.com,0.0
history.xikao.com,0.0
db50ef1dc836606b6fc9e6593ef5ab46.safeframe.googlesyndication.com,0.0
72k6ns9abufz7e4l4ucwmlcsfady36bqnr3a3t7p773161fbc979ea79sac.d.aa.online-metrix.net,0.0
edu-apple.jd.com,0.0
ed-ib.my03.com,1.0
fapster.xxx,0.0
vlhqeyctwdjdo.sysu.edu.cn,0.0
copyright.com,0.0
b61508b327980b88d5d4ae4a008c5cdc.safeframe.googlesyndication.com,0.0
42d4e261d662938eae64fab0e491cb25.safeframe.googlesyndication.com,0.0
grupoarreal.com,1.0
hbsy.91wllm.com,0.0
applinks.note.youdao.com,0.0
417d959cb50f4f1ea655b7c5f4952941.fp.measure.office.com,0.0
sev.faqserv.com,1.0
u.gwdang.com,0.0
IOIOUOIUOUOUIYJGROUP.SBS,1.0
uvnwbixl.page.link,1.0
janwand3rs.files.wordpress.com,0.0
hhft.co.in,1.0
fca.dns05.com,1.0
wizardforcel.gitbooks.io,0.0
vallartaconcierges.com,1.0
www.kantar.com,0.0
agisakis.gr,1.0
nigsocblind.org,1.0
fz.people.com.cn,0.0
ufcsyphe.page.link,1.0
balens.com.tw,1.0
weishicoop.qq.com,0.0
c7b2b085e1b0e644316194f6bc4b075f.safeframe.googlesyndication.com,0.0
ipv6-yycloudlive15013.bs2dl.yy.com,0.0
rallydeinnovacion.org,1.0
drmanojaggarwal.com,1.0
img-1251438792.file.myqcloud.com,0.0
nobslimoinsurance.com,1.0
thelevelgroup.zendesk.com,0.0
aramex.com,0.0
shopbarbay.com,1.0
sivassoft.com.tr,1.0
job.v.zzu.edu.cn,0.0
v6-novelfmapp.ixigua.com,0.0
yes-travel.info,1.0
homesrenovations.us,1.0
gmyb.scheme.corycabana.net,1.0
kiub.cosavostra.com,1.0
tsvzi.scheme.corycabana.net,1.0
572502899.docs.qq.com,0.0
cvm.faqserv.com,1.0
xamhzoduxd.sysu.edu.cn,0.0
8963b03d988e463e98bc9ad91d761061.fp.measure.office.com,0.0
askvudamiyndtiy.sysu.edu.cn,0.0
www.adamyala.csail.mit.edu,0.0
pitaya-task.tiktokv.com,0.0
code.wvu.edu,0.0
y6jn8c31esfr3znvs74zwsskbf7horicrrlctk2i7cbff3c50d87b263sac.d.aa.online-metrix.net,0.0
bluechipfx.com,1.0
zmnrerk.sysu.edu.cn,0.0
lasertime.com.mx,1.0
sed.faqserv.com,1.0
fiuuhpsj.page.link,1.0
yqall163-lt.netease.com,0.0
26.101.112.115.sbl.spamhaus.org,0.0
iran-qa.faqserv.com,1.0
forum.cdo.oppomobile.com,0.0
tracking.joincake.com,0.0
w4daswyx37dbgyu7kqua-pzhjhi-11ee559f2-clientnsv4-s.akamaihd.net,0.0
simpangbaramobile.com,1.0
khmlanguageinstitute.com,1.0
locksmithsedenvale.com,1.0
proecologicsistem.com,1.0
pawsonthecoast.com.au,1.0
pakbutton.com.pk,1.0
cdn.fanqianbb.com,0.0
pay.cqvip.com,0.0
v.tiktok.com,0.0
valebarqueiros.pt,1.0
nexmep.com,1.0
focusafricaexpo.com,1.0
EUNL1-APS-242.sabic.com,0.0
mkvbtzzpoxzjgi.sysu.edu.cn,0.0
7.tlu.dl.delivery.mp.microsoft.com,0.0
thebeerdc.com,1.0
ef6f18550c5dd9220ab8417070a55d01.safeframe.googlesyndication.com,0.0
w4dasvfygphbqyu6xina-f-ad569577c-clientnsv4-s.akamaihd.net,0.0
630dbaea158e6187d39d8a7f7a3b317a.safeframe.googlesyndication.com,0.0
webcarbrasil.com.br,1.0
sqbtipww.page.link,1.0
www.o2v3.imotor.com,0.0
celebranteclovisespinosa.com.br,1.0
mmjlebie.page.link,1.0
www.casino.org,0.0
crafthaliyikama.com,1.0
vip126mx00.mxmail.netease.com,0.0
globetrading2000.com,1.0
b-0.19-a7000219.0.170c.cf6.3ea5.210.0.ldjsqvjzmqe38vmlmdq2lvz6nb.avts.mcafee.com,0.0
vote.chsi.com.cn,0.0
zh.spankbanglive.com,0.0
api.band.us,0.0
1755944929.docs.qq.com,0.0
wwbncqfh.page.link,1.0
isoowac.com,1.0
susanamaiosasso.com,1.0
12306.ie.sogou.com,0.0
collect.app.yiche.com,0.0
swtos.cloudid.coffeeonboard.com,1.0
gumetale.github.io,1.0
dbw.cloudid.coffeeonboard.com,1.0
7fpqgq.ch.files.1drv.com,0.0
w4dasvaxeqhvqyu7gw5a-f-19f4113c1-clientnsv4-s.akamaihd.net,0.0
tnngmjlczkwohjk.sysu.edu.cn,0.0
northcarolinamedover.latestsaree.com,1.0
5493tblcax5vialng7xvarnjr3pery5ucyxheyej653bef358ca0c43dsac.d.aa.online-metrix.net,0.0
adl-irn.vizvaz.com,1.0
siding-chicago.com,1.0
ibafbopw.page.link,1.0
mediscanspecialized.com,1.0
rkindustriesguj.com,1.0
fkrzxnodnl.sysu.edu.cn,0.0
naked-truth.uk,1.0
minnesotatxlansing.vismanarkan.com,1.0
dl1-broomcleaner.online,1.0
api-widget.soundcloud.com,0.0
cfm.fartit.com,1.0
nkkykecuyr.sysu.edu.cn,0.0
dvfnaxrm.page.link,1.0
findinit.com,1.0
gvvdsqyq.page.link,1.0
helpdesk.bytedance.com,0.0
onnorup.com,1.0
almodinabatteryhouse.org,1.0
asperiabd.com,1.0
a1069.casalemedia.com,0.0
acmecmb.com,1.0
www.clustrmaps.com,0.0
salatalbasatin.site,1.0
zndohht6xbshxrzdf-digikey.siteintercept.qualtrics.com,0.0
bsc.faqserv.com,1.0
tap4funcs.aihelp.net,0.0
mgskjcgh.page.link,1.0
superanunciosweb.com,1.0
zjutw.zju.edu.cn,0.0
youtu.be,0.0
132.40.18.104.sbl.spamhaus.org,0.0
gstechnique.com,1.0
qalthbii.page.link,1.0
personalizeja.emp.br,1.0
lh-lq.snssdk.com,0.0
fkgehpie.page.link,1.0
sbsm-test-1253499193.cos.ap-chengdu.myqcloud.com,0.0
rzfsskolhbzk.sysu.edu.cn,0.0
51e6dd7ea55c4f5fa35759b3f6f416c4.fp.measure.office.com,0.0
sxzwfw.gjzwfw.gov.cn,0.0
saurcool.com,1.0
minnesotawiconcord.nathanwarne.com,1.0
magdata.oss-cn-hangzhou.aliyuncs.com,0.0
3ma9g.salgueirosa.sa.com,1.0
w4dasvax2cgcgyu664aa-f-cfdaba565-clientnsv4-s.akamaihd.net,0.0
30.10.114.170.sbl.spamhaus.org,0.0
s-ir.faqserv.com,1.0
thepsychcentre.com.au,1.0
desertandbloom.com,1.0
zang1.almashreaq.top,1.0
pt-bali.go.id,1.0
raekessler.com,1.0
tongren.faloo.com,0.0
yjzlabiimlvj.sysu.edu.cn,0.0
f7b1844479e8e217a00b613f6e4f0cb5.safeframe.googlesyndication.com,0.0
redirect.simba.taobao.com,0.0
xqmsnxruw.sysu.edu.cn,0.0
img.onlinedown.net,0.0
29616ea7639342a79905399cde1d8794.fp.measure.office.com,0.0
bixellentgreen.com,1.0
educa.org.do,1.0
cahierdujour.fr,1.0
eoperate.pa18.com,0.0
glrdjjocpdyydrg.sysu.edu.cn,0.0
c0d4ad51a760468cc2dc7afa025bb362.safeframe.googlesyndication.com,0.0
0df9c8ff2a60c5ce318db9365b36622b.safeframe.googlesyndication.com,0.0
wgwrmkre.page.link,1.0
beautyforwellness.com,1.0
rwbvdxnw.page.link,1.0
ayk-pvp004.mo.konami.net,0.0
waprc.mysmth.net,0.0
lqqisttok.sysu.edu.cn,0.0
arabicheckout.com,1.0
shine-photo.tuchong.com,0.0
b52e03128d3a42dbb7014e315f579a89.fp.measure.office.com,0.0
swartauto.nl,1.0
get.nice.com,0.0
candcsparkes.co.uk,1.0
iprotech.fun,1.0
img.18183.com,0.0
14ccdff1d0e84a7990b0503d9b7c6900.fp.measure.office.com,0.0
rcc-mepco.com,1.0
www.jetbrains.com,0.0
mpios-filin.my.com,0.0
kjj.ningbo.gov.cn,0.0
plserviceandsolutions.com,1.0
bdyth01.simpleshq.99box.com,0.0
elmagic.org,1.0
a2be829d3aae4a29806fb09e1fb831e1.fp.measure.office.com,0.0
jnemataram.com,1.0
607630-android-ds.metric.gstatic.com,0.0
be44573afe054585b503598cfb99b50d.fp.measure.office.com,0.0
resourceedge.org,1.0
xufpapki.page.link,1.0
nafi.co.tz,1.0
uniglobe.com.pk,1.0
zgjhnrze.page.link,1.0
erkainterindo.com,1.0
jpavs.net,0.0
aristonbentre.com,1.0
vllagkzuo.sysu.edu.cn,0.0
adliq.faqserv.com,1.0
res.csd.95516.com,0.0
softlink.com.br,1.0
corporativogvabogados.com,1.0
vidseca.cl,1.0
f2e75f9eb63342dbb26f7fd9217b6b80.fp.measure.office.com,0.0
trace.588ku.com,0.0
1z05d4.tdum.alibaba.com,0.0
ejwmwpqp.page.link,1.0
washingtonmaprovidence.rostalflowers.com,1.0
www.cufe.edu.cn,0.0
holgerstewen.com,1.0
vsms.com.my,1.0
gazisupershop.com,1.0
act.api.mgtv.com,0.0
qqbhhvyb.page.link,1.0
ad.aceplanet.co.kr,0.0
idskmencg.sysu.edu.cn,0.0
98.232.173.35.sbl.spamhaus.org,0.0
hemrikbutor.hu,1.0
adashopita.co,1.0
paulmann.m.tmall.com,0.0
zj2fdlixfqzxuyu6nnoa-f-e487526da-clientnsv4-s.akamaihd.net,0.0
043349b800aaae6743670e8c64ac57b5.safeframe.googlesyndication.com,0.0
zrefykmd.page.link,1.0
cdn.thestar.com.my,0.0
elecarb.com,1.0
cdxcd.com,1.0
7ci7j.tdum.alibaba.com,0.0
wpcapitalguru.com,1.0
beautyaromas.com,1.0
arcanine.in,1.0
bmeqfzea.page.link,1.0
gamelift.eu-central-1.amazonaws.com,0.0
0d653c3b9e2e1609bda406ea978eb873.safeframe.googlesyndication.com,0.0
3d2810f2df2ee7fc0ac67498c23a4e55.safeframe.googlesyndication.com,0.0
electrosolution.us,1.0
dentistamontemor.com.br,1.0
xnzrrgpz.page.link,1.0
12.futsseapi.eastmoney.com,0.0
cds.m5x3b3t5.hwcdn.net,0.0
129.247.110.59.sbl.spamhaus.org,0.0
mosamamashhad.com,1.0
inoutproducoes.com.br,1.0
yogya.store,1.0
medrexmedicaltrding.tw,1.0
ad-lo.faqserv.com,1.0
zxdguzel.page.link,1.0
w4dasxaxzhmduyu7al6a-p7czaj-d675a4850-clientnsv4-s.akamaihd.net,0.0
webiah.sysu.edu.cn,0.0
m.arabic.china.org.cn,0.0
vs11.bj2ct.u3.ucweb.com,0.0
secretbeuty.ge,1.0
1caa42c200e8444a98c9cd521e1e85a3.fp.measure.office.com,0.0
oag.pl.so,1.0
apktxdl-ipv6.vivo.com.cn,0.0
cercdev.ro,1.0
equiticoy.top,1.0
bptzoktp.page.link,1.0
u6.y.qq.com.www.tendawifi.com,0.0
suall-my.sharepoint.com,0.0
www.lulu.com,0.0
tounhxkamehrzq.tendawifi.com,0.0
aldcdgmosr4n.l4.adsco.re,0.0
hub.samsungapps.com,0.0
transport360orgng.api.oneall.com,0.0
culture.nwu.edu.cn,0.0
eventosllacolen.cl,1.0
05657e50f2c0493ab9f42a2e8cd171c2.fp.measure.office.com,0.0
dolowack.webd.pro,1.0
dentistaibate.com.br,1.0
qu.ax,1.0
bsd.faqserv.com,1.0
59dqf9.tdum.alibaba.com,0.0
instruktor.sysu.edu.cn,0.0
jstphotography.co.uk,1.0
trigsberita.com,1.0
protoin.com,1.0
espacioakana.cl,1.0
abruzzo-villas.com,1.0
p209-contactsws.icloud.com.cn,0.0
portalmar.com.br,1.0
damarplus.ro,1.0
8ee3bf807d3444ccb2b8e35f7d95bb76.fp.measure.office.com,0.0
like.video.qq.com,0.0
www.merrilledge.com,0.0
freethegirlinitiative.org,1.0
mgcleaningtn.com,1.0
dprestigeventure.org,1.0
katrarailwaystation.co.in,1.0
domesticasia.com,1.0
shop110968289.youzan.com,0.0
afbai.tdum.alibaba.com,0.0
dm7sv7l32tq70.cloudfront.net,0.0
rule.jd.com,0.0
ifantasynamegenerator.com,1.0
ambjulio.com,1.0
ggmzinpg.page.link,1.0
b385bb20c12548da9ff5c332184790f6.fp.measure.office.com,0.0
eemci.ma,1.0
fit.zju.edu.cn,0.0
setuptransportation.com,1.0
fortalconnect.com.br,1.0
37d4df9dc6047cb19c346c2f5722301c.safeframe.googlesyndication.com,0.0
anrhotspot.mra.my.id,1.0
yoksa.aks.ac.kr,0.0
tejaratbd.com,1.0
anishindiaexports.com,1.0
bvkpsnt.sysu.edu.cn,0.0
tw.myrenta.com,0.0
451881891.docs.qq.com,0.0
carlsjunior.com.pa,1.0
gupofhs.sysu.edu.cn,0.0
msyjbjz.sysu.edu.cn,0.0
xc.neu.edu.cn,0.0
ga2w.line.naver.jp,0.0
tceojpeznx.sysu.edu.cn,0.0
kec.edu.np,1.0
harsiddhindustries.com,1.0
3321b87c3db05675239febd71bc93ace.safeframe.googlesyndication.com,0.0
64a0a65cf79cf80bd96340bec92ddd81.safeframe.googlesyndication.com,0.0
cl-sycdn.kuwo.cn,0.0
liveskorhdp.com,1.0
imgq578.q578.com,0.0
lbqiqtiyjfoz.sysu.edu.cn,0.0
yip.su,1.0
855dede62bc9477c8af960f650ce6395.fp.measure.office.com,0.0
gandmchapmanpainting.com.au,1.0
kitchenkraftequipments.in,1.0
sjtu.academia.edu,0.0
rup-tot.com,1.0
www.ascii2d.net,0.0
qpfrplwq.page.link,1.0
product.lifeapp.pingan.com.cn,0.0
lictoeoh.page.link,1.0
asdw.mynetav.org,1.0
linkingroup.com.bd,1.0
dag.embl.de,0.0
pornworld.com,0.0
azarbamdelijan.ir,1.0
pfmsqos.centralus.cloudapp.azure.com,0.0
noneo.tech,1.0
4a5e2b74b7d3ff1914d003dfc4712abd.safeframe.googlesyndication.com,0.0
cdhwjkfu.page.link,1.0
da-ir.fartit.com,1.0
tarficsafety.com,1.0
pcproxy.cooco.net.cn,0.0
aarishahanif.com,1.0
www.upload.ee,1.0
creativeagenciadigital.com.br,1.0
fotgxdxeyslmb.sysu.edu.cn,0.0
lib.seu.edu.cn,0.0
uczestnik.devagroup.nq.pl,1.0
www.bsu.edu,0.0
luizsoaresadv.com,1.0
WN6816-lpwvUHnJVuFgCxR2FT1hIc5.sysu.edu.cn,0.0
antoniusarif.com,1.0
95f308cba9bf4b68a4f34b944550496d.safeframe.googlesyndication.com,0.0
70665a1597cf48d2984be12e3a293e24.safeframe.googlesyndication.com,0.0
rr9---sn-ni57rn7e.gvt1.com,0.0
b6a87d363ab74889946dd8d976c488db.fp.measure.office.com,0.0
rptdata.wb.qq.com,0.0
iqsoftwebsystems.com,1.0
expressioncomp.com,1.0
willmaxpower.com,1.0
zj2fdlixfqzxuyu6kn2q-f-aea9bd0c7-clientnsv4-s.akamaihd.net,0.0
phoenixduran.com,1.0
healthitems.pk,1.0
vs11.szcu.u3.ucweb.com,0.0
a.c-0.19-a7000081.c010081.16a8.c13.3ea5.210.0.rscpddfit28w818z8q57483mk5.avts.mcafee.com,0.0
xkhzqxt.sysu.edu.cn,0.0
fmcidade.com,1.0
static-tc.mokahr.com,0.0
taskole.com,1.0
596e44c898b8e96aa76b82d55400761c.safeframe.googlesyndication.com,0.0
rositan.com,1.0
roasis.co,1.0
9786169.fls.doubleclick.net,0.0
wlomgynh.page.link,1.0
kayanfurniture.com,1.0
record-manual.cctalk.com,0.0
dsts-immigration.com,1.0
allahabadtoursandtravels.sysu.edu.cn,0.0
www.eslite.com,0.0
felicesparasiempremx.com,1.0
astomengenharia.com.br,1.0
cn.yahoo.com,0.0
abdrtm.trafficmanager.net,0.0
asd.isasecret.com,1.0
kyoto-u-edu.zoom.us,0.0
gulf4pets.com,1.0
silpsicologia.com.br,1.0
home-line.pk,1.0
www.cnvd.org.cn,0.0
thedentalbridge.org,1.0
encore6.jig.media,1.0
amnzjzyvyxt.sysu.edu.cn,0.0
www.asha.org,0.0
sambhavpay.com,1.0
kaiji.ts.2345.com,0.0
suakhoaketsattphcm.com,1.0
c-0.19-a7000801.ca50081.170c.d0f.3ea5.210.0.9i59el5l492ru2h86z5e3vqisb.avts.mcafee.com,0.0
e5982e545dc3819df45df65a403f1591.safeframe.googlesyndication.com,0.0
airtaceuropa.com,1.0
gingeradventuresblog.files.wordpress.com,0.0
getinnerwears.com,1.0
pmjo.fra1.cdn.digitaloceanspaces.com,1.0
api.na2.adobesign.com,0.0
brusuax.com,1.0
tedlogisticinc.com,1.0
exvpjwbm.page.link,1.0
agronomyold.swu.edu.cn,0.0
znlg-reader.bj.bcebos.com,0.0
azxs.vizvaz.com,1.0
wnkhh.novelty.akibacreative.com,1.0
csta.wanfangdata.com.cn,0.0
iccazvkc.page.link,1.0
naturalproducts.io,1.0
texsteelcarports.com,1.0
friendsofeduca.net,1.0
bess.tennessee.edu,0.0
forum-gsmunlock.com,1.0
996201-android-ds.metric.gstatic.com,0.0
bkw-legacy.oss-cn-shenzhen.aliyuncs.com,0.0
hwdrainageltd.co.uk,1.0
onlinequranlearningzone.com,1.0
us01xmpp-cis-ngxsrv25.zoom.us,0.0
73vod-adaptive.akamaized.net,0.0
indokopp.com,1.0
auth.siam.sinopec.com,0.0
mohyudinwebdesigns.com,1.0
dilisaperu.com,1.0
native-ad.net,0.0
imroom.compass.cn,0.0
umcyjvkl.page.link,1.0
triton.mn,1.0
spacaruaru.com,1.0
strangesounds.org,0.0
eleftheria-hotel.com,1.0
b2bafd53264812b2e9b6b1e8bb36da3b.safeframe.googlesyndication.com,0.0
losgatagata.com,1.0
04d620fa300f715575886c5f6d00e1b6.safeframe.googlesyndication.com,0.0
47fff6490b81597ed3f35b231d91a4f4.safeframe.googlesyndication.com,0.0
flexiautosiskola.hu,1.0
colegiosembrador.cl,1.0
wero.com.co,1.0
adarwa.rw,1.0
sahmnq.fartit.com,1.0
graphicscutout.com,1.0
mekongtinphat.com,1.0
fk-new-eu-central-1b-hb.rayjump.com,0.0
www.canada.com,0.0
1wg0uc0w52qa35hwct4xsqtjwpdcl4blwdql3chraa2b0b8b6deef8a3sac.d.aa.online-metrix.net,0.0
growrewardcard.com,1.0
freelancercorner.com,1.0
dipafood.com,1.0
anrtimes.com,1.0
oafnadqo.page.link,1.0
config.gamedl.qq.com,0.0
f1c4b22376dd4c76befcb6daa1c4e55a.fp.measure.office.com,0.0
izcluster.com,1.0
recs-1a.particularaudience.com,0.0
fmpmalaysia.com,1.0
gerdubersinar.com,1.0
gotinder.com,0.0
quickcheckx.github.io,1.0
dl.uc.pt,0.0
qxebpzvxfitlk.sysu.edu.cn,0.0
a0b7f92f339243c89290a205a7b26599.fp.measure.office.com,0.0
gravitycolombo.com,1.0
dts.innovid.com,0.0
guresenmobilya.com,1.0
mprd-txc-sh-1-7-mercuryclouds-com-cn-1255623871.cos.ap-shanghai.myqcloud.com,0.0
6d6edc22e610d7fec8b3dc5e5591afb8.safeframe.googlesyndication.com,0.0
01ec87c4a11c93bcfe05c03261777730.safeframe.googlesyndication.com,0.0
economistasyasesores.com,1.0
montanadenashville.acebella.com,1.0
adl-qsh.itsaol.com,1.0
zoagsqay.page.link,1.0
cafewarmi.com,1.0
dxpyhbya.page.link,1.0
i-iran.itsaol.com,1.0
adirir.itsaol.com,1.0
sahamw.itsaol.com,1.0
adlq.itsaol.com,1.0
adl-aqw.itsaol.com,1.0
rajaian.com,1.0
opal.rw,1.0
22pixx.xyz,0.0
www.janisthaaivf.com,1.0
dstvinstallerspretoria.com,1.0
concept4arc.com,1.0
pt.soulvoice.club,0.0
fepcografic.com,1.0
purouma-technology.ma,1.0
wl.hpyrdr.com,0.0
7ef37563dc1cb64900866846e0f4c2cd.safeframe.googlesyndication.com,0.0
7e73d352eea002f20a9b6544ffadbc9d.safeframe.googlesyndication.com,0.0
bf419d5f59f96a.windowsupdate.com,0.0
smetrics.premierinn.com,0.0
api.cninfo.com.cn,0.0
aeic-usa.com,1.0
outletonline.mx,1.0
znvpvkqj.page.link,1.0
content.comment.api.cashtoutiao.com,0.0
apidea.gaodun.com,0.0
130.178.92.52.sbl.spamhaus.org,0.0
www.huohuo99.com,0.0
mvl3luxuij3q.l4.adsco.re,0.0
www.astro.com,0.0
gbndougu.eastmoney.com,0.0
xochoble.com,1.0
tecni-soft.com,1.0
zj2fdlixfqzveyu6gmsa-f-5dce93f46-clientnsv4-s.akamaihd.net,0.0
angiesalleycatsclio.com,1.0
ircuniversity.org,1.0
paraview.paraview.narkive.com,0.0
hiremeclean.com,1.0
0a605c8a05a0fe58be2db69289201ee7.safeframe.googlesyndication.com,0.0
adl-l.fartit.com,1.0
d1qjydkfv30fsa.cloudfront.net,0.0
focussystems40.com,1.0
quick-ez.com,1.0
w4dastixfdy4syu7aoja-f-ffd538432-clientnsv4-s.akamaihd.net,0.0
wkwaownk.page.link,1.0
faheemonlinequranacademy.com,1.0
h6s6a3h4.stackpathcdn.com,0.0
cohwzizwnwvj.sysu.edu.cn,0.0
595a7069cee8416da68fd868ab9afa48.fp.measure.office.com,0.0
firatitfaiye.com.tr,1.0
altinolukplastik.com.tr,1.0
bursasineklikcambalkon.gen.tr,1.0
akkontreyler.com.tr,1.0
mayraf.com,1.0
vod042.t40.lixian.vip.xunlei.com,0.0
pl.mamutert.com,1.0
grassrootbd.com,1.0
rc.jinan.gov.cn,0.0
myfirstangelgh.com,1.0
brandpacker.net,1.0
ma.sysu.edu.cn,0.0
phoenixexec.icu,1.0
giraffeambassadors.org,1.0
webshopseotrukkok.hu,1.0
docs.floydhub.com,0.0
rr2---sn-3pm7dn7s.googlevideo.com,0.0
38.132.201.205.sbl.spamhaus.org,0.0
f3f7a7d62da825fff678cd38592847b5.safeframe.googlesyndication.com,0.0
cdd9f643642ea7bd55f56fa86eab7780.safeframe.googlesyndication.com,0.0
aasaepul.com,1.0
liklok.life,1.0
musakis.org,1.0
rr5---sn-oguesnze.googlevideo.com,0.0
thegoldenmart.com,1.0
qnsoqyli.page.link,1.0
zoomca198-251-147-238mmr.cloud.zoom.us,0.0
alraeid.com,1.0
rangshila.com,1.0
tmhairboutique.co.uk,1.0
zpkwynsqrpneou.www.tendawifi.com,0.0
tt.huatu.com,0.0
hendoshkagroup.com,1.0
www.kaskus.co.id,0.0
expertusedfurniture.com,1.0
kipthedolphin.com,1.0
ibremp.org.br,1.0
kaidmazimmigration.ca,1.0
sahaam.faqserv.com,1.0
cdn-icons-png.flaticon.com,0.0
rt3060.infolinks.com,0.0
costco.widget.custhelp.com,0.0
featurefast.com,1.0
trackmarketing.net,1.0
a42159fdb9d246f4bd122b86c295b851.fp.measure.office.com,0.0
general-tickets.oss-cn-beijing.aliyuncs.com,0.0
aigcostarica.com,1.0
fastwings.sa,1.0
bafybeiatumjipym7lcan5udgy4mblaktvkrxzm27z2pd7qedlwgsszea3m.ipfs.infura-ipfs.io,0.0
e155cf0eb45544b6bf73a4bf4104b90d.fp.measure.office.com,0.0
arquivaae.com,1.0
eshraqa.co,1.0
w4dasvax2cgiayu6uksa-f-2650e0af6-clientnsv4-s.akamaihd.net,0.0
silulo.com,1.0
proxypk.huawei.com,0.0
lovereignshf.com,1.0
8aca8d5a4aa53a4b46d327131c73d890.safeframe.googlesyndication.com,0.0
aia5zq.bn.files.1drv.com,0.0
c-0.19-a3000081.8000081.170c.cf6.3ea5.210.0.4c1qdw62ae7pd9jmw6gdvlhcvi.avts.mcafee.com,0.0
arqsustancial.com.ar,1.0
mgmcdermott.gallerycdn.vsassets.io,0.0
3061.replace.favo.njb97.com,0.0
axvsag103sdvsbd.oss-accelerate.aliyuncs.com,1.0
edufgw.newframe.foxwq.com,0.0
lxfplikkhsoaa.sysu.edu.cn,0.0
terraskills.com,1.0
static.gtarcade.com,0.0
www.pzds.com,0.0
fikweb.com.br,1.0
w4dasvaxeqh4eyu7lbya-f-b9d98e938-clientnsv4-s.akamaihd.net,0.0
pgkwklgr.page.link,1.0
zj2fcdvydrotqyu7brzq-f-8ed554dc1-clientnsv4-s.akamaihd.net,0.0
alsanabilalsabierestaurant.com,1.0
sentirecomex.com,1.0
proaug.com,1.0
api-next.cbndata.com,0.0
tj.btfs.ftn.qq.com,0.0
684f8e304fec4a60b31da1c2d9490495.fp.measure.office.com,0.0
2df969f82db18aeeb210ff3202ac0e5c.dlied1.cdntips.net,0.0
havinsk.com.br,1.0
jstp-products.jd.com,0.0
files.goriem.com,1.0
flood.umd.edu,0.0
rentalmobildisilangit.com,1.0
zagent2459.hola.org,0.0
sg.node.soax.com,0.0
sygicwebmapstiles-a.azureedge.net,0.0
caocuongtravel.com.vn,1.0
milanotecnoservice.it,1.0
af9bbf9b0262d0658429b516708561fbb.profile.yul62-c2.cloudfront.net,0.0
oxraiwlaj.sysu.edu.cn,0.0
41e17427ae020621570ffba82f26fad7.safeframe.googlesyndication.com,0.0
buildingclustercompany.com,1.0
recommend.docer.wps.cn,0.0
vgsproyectos.com,1.0
njkjdcnw.page.link,1.0
student.ask.adelaide.edu.au,0.0
spanlift.com.au,1.0
petertiohk.com,1.0
consultingedge.ae,1.0
w4dasvax2cgcgyu7myhq-f-2afe79c51-clientnsv4-s.akamaihd.net,0.0
grahnakshatra.com,1.0
tailbench.csail.mit.edu,0.0
blahe.in,1.0
kamazxez.page.link,1.0
www.racefans.net,0.0
so.sccnn.com,0.0
opt.cas.cn,0.0
flyserpservices.com,1.0
6014606.fls.doubleclick.net,0.0
lxaipikg.sysu.edu.cn,0.0
mydesigners.in,1.0
ghchalifax.ca,1.0
map.suda.edu.cn,0.0
brasmastergrupo.com.br,1.0
coffesso.com,1.0
hutvvatd.page.link,1.0
ssplog.nubia.com,0.0
moltaqa.net,1.0
fc910fbe08a800d5f43ce37dab00a501.safeframe.googlesyndication.com,0.0
b3d1d91b8f4047e204c16302eed36084.safeframe.googlesyndication.com,0.0
244.16.251.58.sbl.spamhaus.org,0.0
cn-jxnc-cm-01-18.bilivideo.com,0.0
adl-ape.mrface.com,1.0
www.bearware.org,1.0
expeditionbuilders.com,1.0
thunorvahan.com,1.0
43ossz.tdum.alibaba.com,0.0
deepayan.org,1.0
de156c734c779b2986ce90e39e59875b.safeframe.googlesyndication.com,0.0
2b840c5aa2722a3d2ad821d552032a69.safeframe.googlesyndication.com,0.0
82df0c2c585832c87ea3cfccdc884388.safeframe.googlesyndication.com,0.0
steamdeck.com,0.0
rspetukangan.co.id,1.0
sampieselectrical.co.za,1.0
iran-lah.mrface.com,1.0
ns1.hostpapa.com,0.0
friendsofeduca.info,1.0
taxiumraah.com,1.0
9f195beb05b540afb7501ea0b4c8ec0c.fp.measure.office.com,0.0
ff838616d6ba40d4a5ae4b33976e754c.fp.measure.office.com,0.0
w4dasvc4po6vayu6gydq-f-c6aad5bd8-clientnsv4-s.akamaihd.net,0.0
abff5e41c404630b7af1e282390f2a64a.profile.muc51-c1.cloudfront.net,0.0
dd156a8b252a4fe7b90f199908886c29.fp.measure.office.com,0.0
moyu2013.taobao.com,0.0
dzkkonstruksi.com,1.0
divyascookbook.sysu.edu.cn,0.0
splendidlooksofficialwigs.com,1.0
bab9d1df8818482aa7c5b87df05db4e8.fp.measure.office.com,0.0
piyasanalizim.com,1.0
ck.100xuexi.com,0.0
xqjapflw.page.link,1.0
celiapenco.com.br,1.0
ae71c11805dab69112a049b34388d94fb.profile.sea19-c1.cloudfront.net,0.0
dafscompany.sysu.edu.cn,0.0
wlwcrdfe.page.link,1.0
mzzjw.beijing.gov.cn,0.0
purienterprise.com,1.0
jsufiwahxovvgh.sysu.edu.cn,0.0
xtw.layout.oystergardens.us,1.0
wachaastudios.com,1.0
styroq.com,1.0
dhdewbip.page.link,1.0
urania828.spaces.live.com,0.0
kep.cdn.indexvas.hu,0.0
sertifikasi.co.id,1.0
wzhqhhccqyiuai.sysu.edu.cn,0.0
elznzlnkdvatvmb.sysu.edu.cn,0.0
naeuet.ciprestre.sa.com,1.0
d8659787866066476180-t2643013121341853677.id.amgdgt.com,0.0
dnsb55ec698-6b51-4cdb-93a0-727c2ba5cfb2-azurebatch-cloudservice.westus.cloudapp.azure.com,0.0
liixabfywbup.sysu.edu.cn,0.0
mustasharcom.ae,1.0
oosrxye.sysu.edu.cn,0.0
asqs.itsaol.com,1.0
tanusbooks.com,1.0
aa5ed1c8e9906ddba94e4a5705094d3af.profile.nrt51-c2.cloudfront.net,0.0
72k6ns9aruhmb37fpawwd7rkmkmla7jm5rahlsthd624a9b5c000385fsac.d.aa.online-metrix.net,0.0
pamplending.com,1.0
calenda.edu.co,1.0
youthclimatecouncil.com,1.0
dxgiuqtu.page.link,1.0
edge-157.hkhkg.icloud-content.com,0.0
v8.learn.oa.com,0.0
vi-05.com,1.0
damlamasulamasistemleri.com.tr,1.0
248.lingnan.sysu.edu.cn,0.0
rhcjgbvx.page.link,1.0
swasthbachpan.com,1.0
hopewater.co,1.0
qiqjnzjv.page.link,1.0
fynefield.com,1.0
newjerseymehonolulu.sydneynews24.com,1.0
wen.baidu.com,0.0
pmbnocrv.page.link,1.0
dhowdy.com,1.0
thebabysense.ca,1.0
thinkpinkhandyman.com.au,1.0
brightcove04pmdo-a.akamaihd.net,0.0
www.rutgers.edu,0.0
liiinq.com,1.0
ce7cb057c3ff663c9ce6f7a1602eadbb.safeframe.googlesyndication.com,0.0
45613404c40eb5f1bb2dc116a7b5d0bf.safeframe.googlesyndication.com,0.0
lucrativia.com.br,1.0
fc4a915215264f12a7c5bd475c087b6d.fp.measure.office.com,0.0
dopiname.blob.core.windows.net,1.0
zj2fdlixfqz3eyu6lfsa-f-46efffac9-clientnsv4-s.akamaihd.net,0.0
southcarolinanymontpelier.blackcinemanetwork.com,1.0
zfdcbdmuzaey.sysu.edu.cn,0.0
plawers.com,1.0
life.95516.com,0.0
qhqukfse.page.link,1.0
berafiltre.com,1.0
smisconsulting.com,1.0
a04bfd04872445028da4e9f209acef3e.fp.measure.office.com,0.0
fabriciocorreia.com.br,1.0
igydmvpd.page.link,1.0
53b4f2576ae8260263f69ed93fe8d392.safeframe.googlesyndication.com,0.0
641ee11629d6db96c8346efad4ce8acb.safeframe.googlesyndication.com,0.0
telishah.sysu.edu.cn,0.0
b01-0.12-24095081.20082.1838.1c44.410a.400.9d.92qii6w8iazlv46v7kweqpb5fi.avqs.mcafee.com,0.0
awjfhkw.sysu.edu.cn,0.0
vodalink.ca,1.0
vrzkcyrc.page.link,1.0
danyachts.com,1.0
vodlog.1905.com,0.0
agde.com,1.0
health.clevelandclinic.org,0.0
gamemaker.qpic.cn,0.0
9-0.19-a3000801.510b3.16a8.b7f.3ea5.210.0.fnpn2drhbhiabcunstndjlt51v.avts.mcafee.com,0.0
somoyerdarpon.com,1.0
8ab23eca03564b0cb51af54a64a9f468.fp.measure.office.com,0.0
kpg.gzjkw.net,0.0
meera-alsham.com,1.0
fba824c3924145f6989acc4731089f31.fp.measure.office.com,0.0
maxipcamera.sysu.edu.cn,0.0
f6aca7a92c78a5363d1857c8ee8566bb.safeframe.googlesyndication.com,0.0
c813bc04860c3107f39be1d63fbc5004.safeframe.googlesyndication.com,0.0
studyonline.lk,1.0
investeudro.info,1.0
okaylogistics.com,1.0
dsum-sec.casalemedia.com,0.0
bcs.mit.edu,0.0
tech-arcanist.com,1.0
hasanmedicalcenter.com,1.0
zj2fdlixfqzxuyu6mnvq-f-9b50d616b-clientnsv4-s.akamaihd.net,0.0
361371b774dd47b39a45fed12c8dec2d.fp.measure.office.com,0.0
emtemp.gcom.cloud,0.0
www.shalou.net,0.0
accessfinafrica.com,1.0
ldc-open.mbgcdn.lenovo.com.cn,0.0
asragarments.com,1.0
hicophc.com,1.0
dd1147684939eced1a60d409d24a3a3f.safeframe.googlesyndication.com,0.0
quanzhou.offcn.com,0.0
2023.filemail.com,1.0
2622237656.docs.qq.com,0.0
ypgjjlhk.page.link,1.0
consumerapp-1251779293.file.myqcloud.com,0.0
k2.sinaimg.cn.tendawifi.com,0.0
api-ncsoft.sendbird.com,0.0
cdn-bootcss-com-443.webvpn.sysu.edu.cn,0.0
gm-open-imgs.oss-cn-beijing.aliyuncs.com,0.0
media-accelerator.it,1.0
jntuned.cl,1.0
qreypxbi.page.link,1.0
m.pangzitv.com,0.0
prowesstechllc.us,1.0
speedtestbb.hk.chinamobile.com,0.0
only-904020-117-136-31-142.nstool.netease.com,0.0
w4dasvdijw3rwyu6gqxq-f-19f32f578-clientnsv4-s.akamaihd.net,0.0
antojitosurincon.com,1.0
smscaffold.co.uk,1.0
newspaperman.in,1.0
dualcorps.site,1.0
hayahg.com,1.0
mycmontero.com,1.0
vanshads.com,1.0
w0.rz-berlin.mpg.de,0.0
zateghar.com,1.0
yugroup.dental,1.0
livetrack.in,1.0
www.shobserver.com,0.0
9-0.19-3000081.8310b3.1900.2882.2f4a.210.0.37q11fkaw6secd134z8bcr54z6.avts.mcafee.com,0.0
www.mediafire.com,1.0
a-0.19-24096081.c050082.1838.1c44.410a.400.9d.emji6uig85ghuch6vp5gt4pect.avqs.mcafee.com,0.0
trevoconstrucoes.com.br,1.0
cms.jnu.edu.cn,0.0
cargoconnect.online,1.0
vcmk.result.garrettcountygranfondo.org,1.0
weolg.result.garrettcountygranfondo.org,1.0
hujcy.result.garrettcountygranfondo.org,1.0
gagapictures.com,1.0
b8c6db0fa3abf3404d2f21fbd59eba27.safeframe.googlesyndication.com,0.0
de8740cfb901d0b28b3a4b7a6edc6140.safeframe.googlesyndication.com,0.0
1eia7y.elephonecelullares.pro,1.0
cryptoroyal.org,1.0
jatoo-ci.com,1.0
34-212-206-175-pushcl.np.communication.playstation.net,0.0
zhcdn01.xoyo.com,0.0
w4dastqxjtqsmyu6vaoq-f-00abf33ad-clientnsv4-s.akamaihd.net,0.0
geylvfly.page.link,1.0
tfudnhfa.page.link,1.0
203.128.160.202.sbl.spamhaus.org,0.0
dignityallianceinternational.org,1.0
protocolosclinicos.mx,1.0
sst.fartit.com,1.0
athenas.com.pe,1.0
hs.blizzard.cn,0.0
saham-h.itsaol.com,1.0
72k6ns9auvu4ai64iayoueu5rtpapvmpooowcg7n32f928069dbd04c4sac.d.aa.online-metrix.net,0.0
t.email.singaporeair.com,0.0
leadmachineexperts.com,1.0
ekfgtgny.page.link,1.0
nexspace.co.th,1.0
trenierad.com,1.0
outletbelleza.cl,1.0
incrediblehomes.com.au,1.0
zindaghi.com,1.0
carlaperez.com.br,1.0
821615ac8d95ad356c67a6784c51b791.safeframe.googlesyndication.com,0.0
xcxxzx.hfut.edu.cn,0.0
lsygcmbw.page.link,1.0
one-second-campaign.cn-hangzhou.log.aliyuncs.com,0.0
swfx.cbpt.cnki.net,0.0
drbdc-law.com,1.0
ksqubpzjtf.sysu.edu.cn,0.0
uqwocovx.page.link,1.0
cerige-cd.net,1.0
us.brandymelville.com,0.0
gmankgv.sysu.edu.cn,0.0
image.imnews.imbc.com,0.0
ir9pyltr64jb.l4.adsco.re,0.0
rkvkfrdfm.huawei.com,0.0
13aeb4e42aed4b24b39497cea7618ed9.fp.measure.office.com,0.0
xlevel.com.ec,1.0
kntelecom.pro.br,1.0
www.carleton.ca,0.0
packline.org,1.0
grandkadrihotel.com,1.0
iospress.metapress.com,0.0
enter.ipsosinteractive.com,0.0
monokai.gallerycdn.azure.cn,0.0
mphjtifjqrhxe.sysu.edu.cn,0.0
cream.hitsturbo.com,1.0
w4dasvax2ll5eyu6ou2q-f-f7559c2d2-clientnsv4-s.akamaihd.net,0.0
6eoee3.daewootelevisao.sa.com,1.0
dangxiao.yzu.edu.cn,0.0
oceaniteservices.in,1.0
only-88817-223-104-67-30.nstool.netease.com,0.0
odys-domains-resources.s3.amazonaws.com,0.0
sipa.sh.gov.cn,0.0
tiqani.com,1.0
b9ab40f4571c7d0f603ddf5d686997bb.safeframe.googlesyndication.com,0.0
82d59e5deaaf7cb04f9c52012b9a27b1.safeframe.googlesyndication.com,0.0
pptist.gitee.io,0.0
tags-cluster.rd.linksynergy.com,0.0
nync.shandong.gov.cn,0.0
kung-1252408270.cos.ap-chengdu.myqcloud.com,0.0
download.17173.com,0.0
clinicahemera.pt,1.0
d2k21z21l53iby.cloudfront.net,0.0
uwvgrctp.page.link,1.0
m6lob.com,1.0
cfs5.tistory.com,1.0
kvx.baidu.com,0.0
zmelectronique.store,1.0
reutercontabilidade.com.br,1.0
voyeur-house.tv,0.0
pressfacto.com,1.0
zmelectronique.com,1.0
fileserver.cdn.huya.com,0.0
katabononline.com,1.0
bbs.xiaoji001.com,0.0
southwestairtrip.com,1.0
meatneathalal.com,1.0
maiyangjiaju.tmall.com,0.0
search.gamedog.cn,0.0
dwltgl.tdum.alibaba.com,0.0
slicebywyt.ae,1.0
d1ev6lplhdgbkt.cloudfront.net,0.0
zz.zhizhen.com,0.0
e6381074299f1746b231bd23540158ff.safeframe.googlesyndication.com,0.0
clonhadas.com.co,1.0
montepaolo.it,1.0
72k6ns9au45nuflpqoaczom76dw6mvog5lhdljtwfad149cb401bd48csac.d.aa.online-metrix.net,0.0
jnfibgiv.page.link,1.0
paste-bin.xyz,1.0
www.ssse.sysu.edu.cn,0.0
tuchong.com,0.0
d1mc9jjsi8awz3.cloudfront.net,0.0
harrys-depot.com,1.0
www.ename.cn,0.0
ddservices.com.mx,1.0
dream-1300771826.cos.ap-shanghai.myqcloud.com,0.0
idealschoolburhanpur.edu.in,1.0
computernetworkteam.com,1.0
api.gcs.garmin.cn.cdn.cloudflare.net,0.0
www.coventry.ac.uk,0.0
c2eab799268e091b44093a515c2f32f0.safeframe.googlesyndication.com,0.0
bw1cloudfile1.oss-accelerate.aliyuncs.com,1.0
z8k8b4s9.stackpathcdn.com,0.0
lotusls.xyz,1.0
thesquarefeet.in,1.0
stdnumber.oiu.edu.sd,1.0
assistante-maternelle-reims.com,1.0
372306829-a835s794d1a78.rc03.oray.com,0.0
slmc.gov.lk,1.0
dtlntk.tdum.alibaba.com,0.0
e-deshltd.com,1.0
3dapexdesign.com,1.0
rr2---sn-npoeenek.gvt1.com,0.0
estandaringenieros.com.pe,1.0
img.81857.net,0.0
zj2fdlixfqzveyu6gkxa-f-72a47aca5-clientnsv4-s.akamaihd.net,0.0
only-413550-112-96-49-213.nstool.netease.com,0.0
ahmetaltinok.av.tr,1.0
p212-fmf-china.icloud.com,0.0
mskonferanskoltugu.com,1.0
rvonkruger.com.br,1.0
wynecare.com,1.0
15fd8572ef209fbbe03488ce3362c70f.safeframe.googlesyndication.com,0.0
aa41965a62130ded4246552f73399896.safeframe.googlesyndication.com,0.0
af91394d8c03522b43b9e5ab08f30b30.safeframe.googlesyndication.com,0.0
_.graduate.sysu.edu.cn,0.0
surveygizmolibrary.s3.amazonaws.com,0.0
p103-acsegateway.icloud.com,0.0
w4dasvaxfdy2syu64vpq-f-4c143f938-clientnsv4-s.akamaihd.net,0.0
oppal.co.id,1.0
llpxmmfj.page.link,1.0
kurlyplanet.com,1.0
httpdns.immomo.com,0.0
ceylontextiles.lk,1.0
1eb8d6cfa1e38dbcf124525ef6b318d3.dlied1.cdntips.net,0.0
myhairven.com,1.0
rochester.edu,0.0
websfy.com,1.0
nwxkkyz.sysu.edu.cn,0.0
weddingphotographerpretoria.com,1.0
keeptrending.com,1.0
gtms02.alicdn.com.danuoyi.alicdn.com,0.0
sanremohoteles.com,1.0
rusticironstore.com,1.0
static.openreplay.com,0.0
s1968580696.t.eloqua.com,0.0
modular-software-expertise.com,1.0
48.235.70.104.sbl.spamhaus.org,0.0
r13.sn-ni57dn7s.c.2mdn.net,0.0
comunidadinclusiva.cl,1.0
faculty.um.edu.sa,1.0
www.imaios.com,0.0
sdxprod.oss-cn-beijing.aliyuncs.com,0.0
3t5fmdirkwupjptpg2iqhy4orggyvssmlzkesc4cfab4f0cac84324b7sac.d.aa.online-metrix.net,0.0
skvyfumz.page.link,1.0
sozoagrib.com,1.0
alibasi.com,1.0
b2b.csoe.org.cn,0.0
usllpic0vuryrgnkspq67xaxqt2mxrwjh3cqkbcse6787a88db98f62esac.d.aa.online-metrix.net,0.0
a2uohe.viziotelevisao.sa.com,1.0
plasteritelfe.com,1.0
namunasebs.edu.np,1.0
english.seiee.sjtu.edu.cn,0.0
ferreterialirquen.cl,1.0
qvobixccjfccjbg.sysu.edu.cn,0.0
homeblossomdecor.com,1.0
rshm.co.in,1.0
www.amsangroup.com,1.0
bluraymaster1.disqus.com,0.0
fcfhrycmy.sysu.edu.cn,0.0
alfatransgo.com,1.0
w4dassdimj2seyu7gbuq-f-4146bf274-clientnsv4-s.akamaihd.net,0.0
lxhttbwm.page.link,1.0
printcity.com.co,1.0
return.dangdang.com,0.0
static-xiaoguotu.17house.com,0.0
asaham.itsaol.com,1.0
unlockingdreamsfinancial.com,1.0
lvlt.cdn.ea.com,0.0
slvooepqreowl.www.tendawifi.com,0.0
304591217.docs.qq.com,0.0
nusaybindilkursu.com.tr,1.0
gons28cl.top,1.0
stock.snssdk.com,0.0
download.oxy.st,1.0
desarrollosprogramas.com,1.0
230.16.21.104.sbl.spamhaus.org,0.0
gta5cheatmenu.com,1.0
ede3f4bc69d5476daf7b9a5e573b7ba8.fp.measure.office.com,0.0
5f50dd79f5eb43e79febb4deffdaecfe.fp.measure.office.com,0.0
72k6ns9awgr4yzbiwqybdnxlm6at7waipbau7to4a670d62c46204c50sac.d.aa.online-metrix.net,0.0
ppgfans.com,1.0
qcmhdwyg.page.link,1.0
oygingenieros.com,1.0
chasedigitalllc.com,1.0
parves.xyz,1.0
658591c13fec90d02954f4bef12356f7.safeframe.googlesyndication.com,0.0
4a90005c6acfe0576e84be47d0e63f83.safeframe.googlesyndication.com,0.0
boacavaimoveis.com.br,1.0
caopositivo.com.br,1.0
onedriveplus-my.sharepoint.cn,0.0
polymersanaat.com,1.0
implantesdentarios.app.br,1.0
orionparti.com,1.0
martescorts.com,1.0
vennuttoimoveis.com.br,1.0
dice.xjtu.edu.cn,0.0
qdywarwh.page.link,1.0
theprideschools.com,1.0
cuemedia.in,1.0
archive.madz258.xyz,1.0
buxvt.cloudid.coffeeonboard.com,1.0
f167fb39c3a64d3c9ebb8f4c4b285f1b.fp.measure.office.com,0.0
dz9i2yhyede4y.cloudfront.net,0.0
dualstack.atlas-713694749.ap-southeast-1.elb.amazonaws.com,0.0
fd52124cc821f24cadec97d21dadcd4b.safeframe.googlesyndication.com,0.0
13.167.71.124.sbl.spamhaus.org,0.0
9xi2xy.tdum.alibaba.com,0.0
aipbubla.page.link,1.0
pharmajobs.co.ke,1.0
adl-qo.fartit.com,1.0
v3.mytalentplatform.com,1.0
e8ca34f6263040fd90f2a7ae679c7418.fp.measure.office.com,0.0
b144cdb5f63382128addc15f418d17b1.safeframe.googlesyndication.com,0.0
anti-bot.baidu.com,0.0
windooruae.com,1.0
d93449e73ca94271b9c6d7ce5b7e3c6d.fp.measure.office.com,0.0
fulldeckproductions.co.za,1.0
hacsecurities.com,1.0
ctep.edu.co,1.0
gqkmtlyj.page.link,1.0
nlspilauvsdmr.www.tendawifi.com,0.0
phgbmqcoqnd.sysu.edu.cn,0.0
versa-static.oss-cn-shanghai.aliyuncs.com,0.0
imgczls.cooco.net.cn,0.0
stracons.org,1.0
fmpodclcnaczvp.www.tendawifi.com,0.0
eaasee.com,1.0
orsan.gruporhynous.com,1.0
72k6ns9ahkmpbemqmfmntgeqtmyeq273t3pxz67d67863e4d21aae204sac.d.aa.online-metrix.net,0.0
pim.qq.com,0.0
pkg.sinaimg.cn,0.0
ipipqpqc.page.link,1.0
jkemkdyyih.sysu.edu.cn,0.0
72k6ns9ahfqqfsycvd4hnaj6fwmk63aqflmjh3oreab06bd9ca6917a7sac.d.aa.online-metrix.net,0.0
majortravelegypt.com,1.0
anugerahberkatsarana.com,1.0
fourfuture.agency,1.0
ittrainingbd.com,1.0
rololimultiservices.com,1.0
a014fa61de14d5545dade71d0266776db.profile.qro51-c1.cloudfront.net,0.0
a.c-0.19-a7000081.c8e0082.16a8.c13.3ea5.210.0.bw59tgd2mulb5gdf2h6h7grv3v.avts.mcafee.com,0.0
cpftielg.page.link,1.0
tuadministrador.cl,1.0
odvxjftn.page.link,1.0
pranaevents.net,1.0
theshopnkart.com,1.0
madupxn.sysu.edu.cn,0.0
miningassociates.co.in,1.0
docs-dapi.wps.cn,0.0
fbab35b6de264474a12a37fee3335619.fp.measure.office.com,0.0
harshaauto.co.in,1.0
p4-f6wkm2jbcceyy-shdlhytwsa5nvrvr-if-v6exp3-v4.metric.gstatic.com,0.0
58-249-112-88_s-23-48-214-147_ts-1654565672-clienttons-s.akamaihd.net,0.0
w4dasvaxfdy2syu65cyq-f-bde818d3b-clientnsv4-s.akamaihd.net,0.0
ns2.vpsserver.com,0.0
sasdk.cs0309.3g.qq.com,0.0
sahm.isasecret.com,1.0
robot.bnu.edu.cn,0.0
sdc.mrbonus.com,1.0
tsinghuasuan.mikecrm.com,0.0
woescosmetica.com,1.0
c5ti3w.tdum.alibaba.com,0.0
patmypets.com,1.0
24f6b085f13d4da0ac72b50dfc9b7ed5.fp.measure.office.com,0.0
w4dasvaxfdy4syu6fpva-f-2adf27a81-clientnsv4-s.akamaihd.net,0.0
cmbc-formations.fr,1.0
w4dasvfygoo5syu6hcvq-f-3f175895c-clientnsv4-s.akamaihd.net,0.0
only-733021-183-9-227-250.nstool.netease.com,0.0
extramoda.com.ua,1.0
ltc.xynu.edu.cn,0.0
ehtcshqi.page.link,1.0
b5b08d1028a9bc7784888379b4d74a5f.safeframe.googlesyndication.com,0.0
s11.7086xz.xyz,0.0
techeverywhere.space,1.0
only-17041-223-104-68-104.nstool.netease.com,0.0
yxnwmtas.sysu.edu.cn,0.0
w4dasvaxeqhvqyu7gwca-f-ce6c820c7-clientnsv4-s.akamaihd.net,0.0
examiner.org.pk,1.0
flask.palletsprojects.com,0.0
948874312.docs.qq.com,0.0
www.government.nl,0.0
www.fastsoso.cn,0.0
parafianieboczowy.pl,1.0
ee57d2b1260591fc8955e1d237c9d907.safeframe.googlesyndication.com,0.0
assetstorage73.azureedge.net,0.0
dentistaleme.com.br,1.0
bajaurtimes.com,1.0
npgnqyee.page.link,1.0
external-media128.public.wsinm-a-1.prod.infra.webex.com,0.0
ylmgqkclwp.sysu.edu.cn,0.0
72b6ecf6c01228cd9c83d0e906475f02.safeframe.googlesyndication.com,0.0
d626d9dab2f1da6614b465f7a4c13273.safeframe.googlesyndication.com,0.0
images8.m.china.com.cn,0.0
e43e57c23bac4fb6a020d8bdca8a67b1.fp.measure.office.com,0.0
ritafreshfood.com,1.0
fast-prod-atm-apc.trafficmanager.net,0.0
apprep.smartscreen.microsoft.com,0.0
y9yrsygcg6.execute-api.us-east-1.amazonaws.com,0.0
nzdintab.page.link,1.0
a0c6f280ea3b4bff999d88d63c5fdd31.fp.measure.office.com,0.0
laiu8img.oss-cn-shenzhen.aliyuncs.com,0.0
a8d2ffa1ce81403eb8ca2aad4b1df55e.safeframe.googlesyndication.com,0.0
mbbadvertiser.com,1.0
careers.midea.com,0.0
pfeskjdf.page.link,1.0
zn0umm8znjpycgm2n-fiverr.siteintercept.qualtrics.com,0.0
whgsoba.org,1.0
sickpdacderqyf.sysu.edu.cn,0.0
friends.worldofwarships.asia,0.0
pdwk5367o4zlwyu7g64q-f-1f8a6e587-clientnsv4-s.akamaihd.net,0.0
durangos.com.co,1.0
qisxlwbt.page.link,1.0
elements.envato.com,0.0
glcbogq.sysu.edu.cn,0.0
a0534a43af01a2a40c315fa9b1f83315.safeframe.googlesyndication.com,0.0
zj2fdlixfqz3eyu6rata-f-2d61cb8f2-clientnsv4-s.akamaihd.net,0.0
kagamihara-my.sharepoint.com,0.0
bg-prd-cos-bdp-1257092428.cos.ap-guangzhou.myqcloud.com,0.0
yyndcvuhekcf.sysu.edu.cn,0.0
gostudents.fr,1.0
qcjmjirk.page.link,1.0
kd-app-1251316161.file.myqcloud.com,0.0
decorate-platform.bj.bcebos.com,0.0
29883c1421c34508bd96b87321f2bb9a.fp.measure.office.com,0.0
83b33ff732860025924e12952029ae18.safeframe.googlesyndication.com,0.0
app.oiu.edu.sd,1.0
padl-fhd.oiu.edu.sd,1.0
dpzpieno.page.link,1.0
a2-1.i4.cn,0.0
d9a15517404348d5bd482aeb06b8d1c4.fp.measure.office.com,0.0
ms.zhihu.com,0.0
shenxiaogang.findlaw.cn,0.0
www.qgis.org,0.0
ljhaynpscyx.sysu.edu.cn,0.0
hult.my.salesforce.com,0.0
wjyzsfmsssj.sysu.edu.cn,0.0
zqjvdbsor.sysu.edu.cn,0.0
sv10762.xserver.jp,0.0
buyfon.ir,1.0
f810efbb06920fc658d9f0a5f9a8311f.safeframe.googlesyndication.com,0.0
eqvyevuh.page.link,1.0
iphone-application-developers.sysu.edu.cn,0.0
p207-quota.icloud.com,0.0
seokittool.com,1.0
granhotelvillaguay.com.ar,1.0
books.google.com,0.0
vkvd29.mycdn.me,0.0
brwqtwxe.page.link,1.0
91mobiles.site,1.0
erslaneng.com,1.0
rdyoutmo.page.link,1.0
click.sg.rentalcars.com,0.0
enterprise.google.com,0.0
af25c777e435480aa1d977452e005642.fp.measure.office.com,0.0
yunbao-image-1253974301.piccd.myqcloud.com,0.0
rocknetwork.org,1.0
qqpvp.wefire.qq.com,0.0
views.ce.cn,0.0
hhmaydxniosjdfv.sysu.edu.cn,0.0
allseocheckertools.com,1.0
pixelmonmod.com,0.0
d1de8f9baf7341cbbafc6eeac405fd24.fp.measure.office.com,0.0
goldenyieldfarms.com,1.0
smt.faqserv.com,1.0
60448ba58c3f447795357d43341dc1a9.fp.measure.office.com,0.0
21ce6e397a928f8665cff78961552c4d.safeframe.googlesyndication.com,0.0
d140bad9419571ae81713a9357f9b68b.safeframe.googlesyndication.com,0.0
adanacigkoftesiparis.com,1.0
jcsengenhariacivil.com.br,1.0
rsvpyrhz.www.tendawifi.com,0.0
c23f2e9ce1f6452da0534a7762bdc8ec.fp.measure.office.com,0.0
elegantusedu.com.au,1.0
uqlojqtw.page.link,1.0
wddqtznf.page.link,1.0
cdn-a.arcgis.com,0.0
ichef-notifications.bbci.co.uk,0.0
happycoaching.cl,1.0
beacon-mp.tingyun.com,0.0
audid-api.taobao.com,0.0
petholickw.com,1.0
deb.faqserv.com,1.0
aspensiestadenver.com,1.0
rpfrojqy.page.link,1.0
977314ccac7f5805c5c5981c65e13c9a.safeframe.googlesyndication.com,0.0
xhfnukkj.page.link,1.0
cloud-dealercloud-arvr.xapi.autohome.com.cn,0.0
28bdb469ed0341bb92dcbc088d5530ad.fp.measure.office.com,0.0
hcresto.com,1.0
image16.360doc.com,0.0
www.zhongyoo.com,0.0
144.159.67.172.sbl.spamhaus.org,0.0
adlc.vizvaz.com,1.0
2ea3af2e3105435bb101b19ea8cb2999.fp.measure.office.com,0.0
tags.johnlewis.com,0.0
cn.account.tcl.com,0.0
image-nation.org,1.0
e6fb1b6c6bb44255aa6ec385001e58f3.fp.measure.office.com,0.0
mlgqxdtualh.sysu.edu.cn,0.0
eb9b6f0bbe1777288737221b4ebf66c2.safeframe.googlesyndication.com,0.0
earlyagelearners.com,1.0
value-studio.com,1.0
mrtools.com.mx,1.0
dphcp.org,1.0
economic-calendar.tradingview.com,0.0
avaluosypropiedadeshomy.co,1.0
justalkalinewater.co.za,1.0
html.ecqun.com,0.0
w4dasvaxfdy4syu644aq-f-035aa1115-clientnsv4-s.akamaihd.net,0.0
sahmns.mrbonus.com,1.0
cpcef.fr,1.0
ked-ind.com,1.0
musicpunch.p2p.qq.com.sysu.edu.cn,0.0
epic7tw.gamekee.com,0.0
xue.youdao.com,0.0
w4dasvdijw3rwyu6gm7q-f-7c8af51e9-clientnsv4-s.akamaihd.net,0.0
miki2-my.sharepoint.com,0.0
f9ec38d45d861cfaddc460975df60da1.safeframe.googlesyndication.com,0.0
rightcarquote.com,1.0
e4d05cc3d13ec01ccf7430904b531366.safeframe.googlesyndication.com,0.0
tserv.com.br,1.0
afs.mrbasic.com,1.0
ex.qq.com,0.0
b7d26020535f3f5d836062d9eda06202d.profile.blr50-c1.cloudfront.net,0.0
222.bus.sysu.edu.cn,0.0
gxs.hubei.gov.cn,0.0
a9ff6dab10c184ab06eb7c1fe3869a157.profile.yul62-c1.cloudfront.net,0.0
fgbjlypdh.www.tendawifi.com,0.0
usepvls003.ccs.mcafee.com,0.0
dygtelecom.cl,1.0
q7qaug.by.files.1drv.com,0.0
business.amazon.fr,0.0
funmail2u.de,1.0
bpbtmepsyqppj.sysu.edu.cn,0.0
derpbirc.page.link,1.0
btkfdwcr.page.link,1.0
vxcomunicacao.com,1.0
nidomanitas.com,1.0
52feccd0f7df4c7299fdc429160976f5.fp.measure.office.com,0.0
9f0897e184fbd405afe6a6d3e15da743.safeframe.googlesyndication.com,0.0
e572686213d7895c35dc1ab64c2eafcf.safeframe.googlesyndication.com,0.0
entersa.pl,1.0
c5.dpool.sina.com.cn,0.0
120.115.145.54.sbl.spamhaus.org,0.0
excelliaschool.edu.in,1.0
hwecneee.page.link,1.0
et3.ektpnc.com,1.0
voti-fanta.sysu.edu.cn,0.0
dataupdate.synology.com,0.0
www.biblestudytools.com,0.0
cdn.anyconv.com,0.0
postgraduate-top-1258014408.file.myqcloud.com,0.0
vjotktvy.page.link,1.0
asldg.mrbasic.com,1.0
adlsg.mrface.com,1.0
ihjwfwdpyu.sysu.edu.cn,0.0
lgphoashboe.sysu.edu.cn,0.0
3g.pptv.com,0.0
youngdigitalmarketer.com,1.0
webdesigninhull.co.uk,1.0
384091048.docs.qq.com,0.0
sc.foodmate.net,0.0
dca.rw,1.0
gz.service.t.sinaimg.cn,0.0
cc.fantia.jp,0.0
amv2.org,1.0
bjainpharmacrm.com,1.0
events.api.godaddy.com,0.0
neofitness.co.id,1.0
sjz.china.cn,0.0
my.eudic.net,0.0
shahnazbeautyclinic.com,1.0
login-cnki-net-443.webvpn.scut.edu.cn,0.0
ndonoenergy.com,1.0
advitax.com.ec,1.0
www.terpconnect.umd.edu,0.0
zoomiadlf32mmr.iad.zoom.us,0.0
server2-slabx.ocmtancmi2c5t.live,1.0
glketg.sn.files.1drv.com,0.0
pdwk5zqxjtqsmyu7khzq-f-009f42806-clientnsv4-s.akamaihd.net,0.0
naturalheat.com.ec,1.0
expresodelacosta.com.ar,1.0
grimalvalpa.com,1.0
d6fe73e2409858b6134f06d40fefdb10.safeframe.googlesyndication.com,0.0
access.blackboard.com,0.0
d90fcfc7f8954fe88e934794073cd055.fp.measure.office.com,0.0
www.euppublishing.com,0.0
westsidehatzoloh.org,1.0
prx.gluck.su,1.0
only-480526-117-136-41-58.nstool.netease.com,0.0
chengmai.hainan.gov.cn,0.0
dukaree.com,1.0
lite.a.market.xiaomi.com,0.0
sub.kongfz.cn,0.0
bmzplc.com,1.0
ozcvptpu.page.link,1.0
cafe.qq.com,0.0
woodcorp.com.pk,1.0
alfa-omega-pty.com,1.0
vod2-pan.youku.com,0.0
cdn.api.b.hatena.ne.jp,0.0
5yb5tl.tdum.alibaba.com,0.0
d05da287e9e4606a6119007df04f876e.safeframe.googlesyndication.com,0.0
gons24cl.top,1.0
4b041ec84b2a418687bea4fca4ddfc65.fp.measure.office.com,0.0
lumafacturacion.com,1.0
cdn.images.yourquote.in,0.0
alikhan.com.pk,1.0
oupzblflmffx.lenovo.com,0.0
qkfplozidd6n.s4.adsco.re,0.0
2y4ayf.tdum.alibaba.com,0.0
ad-irt.vizvaz.com,1.0
www.unb.br,0.0
d2bbae3801c44859bf6c7dcf374f7e73.fp.measure.office.com,0.0
6ccaaed31cb34f13bcde8246ed6ce8b3.fp.measure.office.com,0.0
nfdnrpuo.sysu.edu.cn,0.0
sdm.faqserv.com,1.0
fixist.net,1.0
gulfxgroup.com,1.0
kdwhqebs.page.link,1.0
glorious-schools.com,1.0
rr4---sn-3pm7sne7.googlevideo.com,0.0
file40.gofile.io,1.0
smashelevators.com,1.0
briennarossiter.files.wordpress.com,0.0
jtw.onelink.me,0.0
yuyue.wjx.top,0.0
ludiakama.be,1.0
ntfgkdck.page.link,1.0
thiagocampos.adv.br,1.0
343e2da4583c4d7694e8c027e5c5b49a.fp.measure.office.com,0.0
www.sparkfun.com,0.0
citvcharacato.com,1.0
feauxlkj.page.link,1.0
sato-transport.net,1.0
a7f33fa92d9853860390372c6d6593b3d.profile.ord56-p2.cloudfront.net,0.0
germansl.com,1.0
edu.bdstatic.com,0.0
0a54a8ccf381423f73c85e4756bd8f0c.safeframe.googlesyndication.com,0.0
yahayahtuta.com,1.0
img.guildedcdn.com,1.0
trfernhuixbccx.sysu.edu.cn,0.0
cma.esnai.com,0.0
sunvo-my.sharepoint.cn,0.0
irsaham1402.site,1.0
ihhlrbnb.page.link,1.0
cloud-push.spdb.com.cn,0.0
145d7208610048efad174bd86602d773.fp.measure.office.com,0.0
a-0.19-a70f5081.9030081.15e0.6b8.3ea3.210.0.l8pbh1vqlc2n7g68vpk7d2akij.avts.mcafee.com,0.0
play.sysu.edu.cn,0.0
9d3a4dc3eeb28e22f17dd253e7ba6e027b2ce239aba91f2f.dlied1.cdntips.net,0.0
crystalshippings.online,1.0
pyonqhxyodoa.sysu.edu.cn,0.0
jqf9rg.sn.files.1drv.com,0.0
assets-football.hoopchina.com.cn,0.0
iek.caching.oysterfloats.com,1.0
bestgiftlover.com,1.0
a3085c1d48924dfd9df02c9abf9cec75.fp.measure.office.com,0.0
dralbuja.com,1.0
enroll-resource.oss-cn-shanghai.aliyuncs.com,0.0
nipoafricaeng.co.tz,1.0
saltonipl.com,1.0
yuivrgsq.page.link,1.0
nativesfilmworks.com,1.0
diresaica.gob.pe,1.0
device.dongqiudi.com,0.0
gdom.org,1.0
toklwmoefiezeac.sysu.edu.cn,0.0
centruldepsihosomatica.md,1.0
htechcreations.com,1.0
doumvn.com,1.0
gdsg1s.tdum.alibaba.com,0.0
vitalyplas.cl,1.0
p65-fmip.icloud.com.cn,0.0
ziwxgwve.page.link,1.0
ad6af273bc595d73f41e323a58cef7dd1.profile.mel50-c2.cloudfront.net,0.0
mqmzsope.page.link,1.0
5493tblcyiavpyd4l6hzpnpmdnive5megojhgxlsd8bbfcc1da314f15sac.d.aa.online-metrix.net,0.0
92062bf34f164891995b57e95ee33472.fp.measure.office.com,0.0
shaktifoundation.co.in,1.0
4f3c9c90c8dc444aa1a4e5299b491d4e.fp.measure.office.com,0.0
sexsecret.com.mx,1.0
wholechildren.org,1.0
phim18hay.online,1.0
housefoods.jp,0.0
corporaciongemaris.com,1.0
grupoantc.com,1.0
app-sj14.marketo.com,0.0
www.robertoscaia.com,1.0
saldhg.my03.com,1.0
evecntsl.sysu.edu.cn,0.0
dominoqq401.com,1.0
nhmarunachalfds.in,1.0
71122dd571ad48ceb88c6a57544c7937.fp.measure.office.com,0.0
cdn.edgecast.steamstatic.com,0.0
zszpqrl.tendawifi.com,0.0
ameri7350.xyz,1.0
ubp-common-us-prod.s3.amazonaws.com,0.0
snfpk.com,1.0
lens-binaries.s3.amazonaws.com,0.0
jumatik.boutique,1.0
protect.line.pm,1.0
ggbkrlfbjvh.sysu.edu.cn,0.0
ktgwhyrtmqkqe.sysu.edu.cn,0.0
lwztmvm.sysu.edu.cn,0.0
universewriters.com,1.0
api.authy.com,0.0
garagedoors-johannesburg.com,1.0
cbkn.sync.oystergardens.club,1.0
seb.faqserv.com,1.0
mps.cnbc.com,0.0
kkxz.vip,0.0
dth.settings.oysterfloats.org,1.0
homevisitservices.com,1.0
8d16838fd02c4cf5b4bdd24bbb8c48a1.fp.measure.office.com,0.0
f11.baidu.com,0.0
tumukhingemniu.sysu.edu.cn,0.0
bcghs.edu.bd,1.0
restaurant1.online,1.0
pbautosrecovery.com,1.0
hfxz.hefei.gov.cn,0.0
eieindonesia.com,1.0
b-xtremebikes.com,1.0
only-412898-223-104-63-43.nstool.netease.com,0.0
67bcf389524c42a48bb7deb6b32b882f.fp.measure.office.com,0.0
6b1bbb0e1aa74a5b979961ef93a1eba0.fp.measure.office.com,0.0
kw.wikipedia.org,0.0
thiscatdoesnotexist.com,0.0
magulam1.x24hr.com,1.0
faw-audi-public-prod-1256532032.file.myqcloud.com,0.0
urban.ng,1.0
rr4.sn-j5o7dn7e.gvt1.com,0.0
thenewsarena.sysu.edu.cn,0.0
siainsurance.us.com,1.0
adl-ggs.vizvaz.com,1.0
izmkh.layout.oystergardens.us,1.0
zwfw.zfcxjs.tj.gov.cn,0.0
madeinbots.com,1.0
buyukustalar.org,1.0
afolowokureandassociates.com,1.0
www.deltabehavioralhealth.org,1.0
muktodhara.online,1.0
p38-acsegateway.icloud.com.cn,0.0
suo-e.bulog.jp,1.0
fslsiabg.page.link,1.0
ipv4-ipv6-phase4.web.vip.meituan.com,0.0
flitmi.com,1.0
popularlinea.cci.edu.pk,1.0
3f0cb2a962d7ca433153011659c1ca98.safeframe.googlesyndication.com,0.0
rso-sa.com,1.0
vkvd53.mycdn.me,0.0
bhkngkvruh.sysu.edu.cn,0.0
sunuplaza.com,1.0
weecarepreschools.org,1.0
alzheimerencasa.org,1.0
najdroads.com.sa,1.0
4049b3c967594ed0be96861e1d016153.fp.measure.office.com,0.0
contacts.msn.com,0.0
solutionsinengineering.com,1.0
munwcsccxphxp.sysu.edu.cn,0.0
delog.com.ng,1.0
atxk.settings.oysterfloats.org,1.0
locatemee.com,1.0
codebluesystem.com,1.0
petraacademy.com.ng,1.0
shahabians.com,1.0
jkktcehvcgyh.sysu.edu.cn,0.0
ver.sysu.edu.cn,0.0
f706551b0b61bf5d60193aab78762b09.safeframe.googlesyndication.com,0.0
favouritesafety.in,1.0
dn60i3k8v81ou.cloudfront.net,0.0
w4dasvfygoo5syu66atq-f-71e91d655-clientnsv4-s.akamaihd.net,0.0
w4dasvaxfdy2syu7aara-f-1b013556c-clientnsv4-s.akamaihd.net,0.0
sou.cmbchina.com,0.0
tatouagefemme.eu,1.0
38vmnbqrqq4v.s4.adsco.re,0.0
pbkp.com.np,1.0
eplangopos.com,1.0
horecalab.hr,1.0
snowhillvythiri.com,1.0
sgnscg.com,1.0
docs.google.com,1.0
www.mediawiki.org,0.0
wrofstzm.page.link,1.0
sppflash.com.ar,1.0
libs.eoffcn.com,0.0
infotrack.gdt.qq.com,0.0
w4dasvfydj7usyu6sf2a-f-c2d40e97c-clientnsv4-s.akamaihd.net,0.0
npyflvms.page.link,1.0
edge-037.uslax2.icloud-content.com,0.0
floriculturavalledasflores.com.br,1.0
test.odrtechinc.com,1.0
eilacvld.page.link,1.0
pdwk5uqxiosmeyu6touq-f-475c55a41-clientnsv4-s.akamaihd.net,0.0
r5aedr.sonytelevisao.sa.com,1.0
74f59d04c40ced07f2b6a8df4edc5ce9.safeframe.googlesyndication.com,0.0
8a099c49df04f92469d270c0c1f7ee4a.safeframe.googlesyndication.com,0.0
jobszu.jysd.com,0.0
72edabfe47af4974a66263eea59557ea.fp.measure.office.com,0.0
fbbazarbd.com,1.0
kojekkoja.com,1.0
2022060616-1311572556.cos.ap-shanghai.myqcloud.com,0.0
kzlxtkzd.page.link,1.0
open.douyu.com,0.0
mercedes5pluss.no,1.0
hmbkvlmk.page.link,1.0
down2.stat.xunlei.com,0.0
signin.104.com.tw,0.0
oregonmomontpelier.milarite.com,1.0
udarpndykjuz.domain.name,0.0
54c02800fed75360f5918507103d587e.safeframe.googlesyndication.com,0.0
bb5765fee43b128f7b55fa6ed9a28986.safeframe.googlesyndication.com,0.0
os-news.vivo.com,0.0
consorciofacil.com.ar,1.0
convergentcapital.com.au,1.0
mirabilismusic.net,1.0
sheying.sioe.cn,0.0
gitbvzdwzkdnilm.sysu.edu.cn,0.0
accinox.com,1.0
dmns.itsaol.com,1.0
adlgg.itsaol.com,1.0
meetgirl24.online,1.0
amoteoeldwvx.sysu.edu.cn,0.0
s.fanwen118.com,0.0
cdn1.htstreaming.com,0.0
budaktur.com,1.0
qybio.biomart.cn,0.0
beatrizmancilla.com,1.0
47ecc8dcb9a7cfb9f4a84c45556725a2.safeframe.googlesyndication.com,0.0
propagandaetrafego.com,1.0
oisrec.com,1.0
palitaliawines.com,1.0
566-ipv4e.clump.dprodmgd106.aa-rt.sharepoint.com,0.0
maillist-manage.com,0.0
interblockchainlab.com,1.0
diamond-safety.com,1.0
db3d181939d5ca126f1c61db941ff6dd.safeframe.googlesyndication.com,0.0
2340444a9081682f53fe60a61ef4e3a0.safeframe.googlesyndication.com,0.0
mitostour.com,1.0
d14.baidupcs.com,0.0
lbgttlurktayw.sysu.edu.cn,0.0
jsp.com.np,1.0
sadrate.pics,1.0
strainernozzle.com,1.0
feynus.com,1.0
zantripstours.co.tz,1.0
dualstack.acs-loadbalancer-1953159158.ap-northeast-1.elb.amazonaws.com,0.0
t2637365464173942605.id.amgdgt.com,0.0
dkjgfw.mnr.gov.cn,0.0
superdreadi.com,1.0
995174caf06b21f2ba68ecd2126be9df1dca45c7.ime.galileo.baidu.com,0.0
yenei.oss-cn-shanghai.aliyuncs.com,0.0
szextshort.weixin.qq.com,0.0
hdmoviearea.info,1.0
intranet.secure.griffith.edu.au,0.0
suzukikougei.co.jp,1.0
russondesign.com,1.0
realmarttravel.com,1.0
irb-ed.fartit.com,1.0
iran-sh.fartit.com,1.0
adl-hv.fartit.com,1.0
campus.liepin.com,0.0
qthqzhq.zwfw.hlj.gov.cn,0.0
institutoagroambiental.com.br,1.0
kb-render.chuangyi.taobao.com,0.0
megapower-mea.com,1.0
slsofficial.co.id,1.0
mcenter.info,1.0
cdn5-images.motherlessmedia.com,0.0
www.iop.org,0.0
535ec35ad62ff5b8bbffae51ac755b6c.safeframe.googlesyndication.com,0.0
gualpantes.com.co,1.0
gxugozmryifibni.sysu.edu.cn,0.0
cidian.cnki.net,0.0
sabor-redondo.es,1.0
wljtwyxw.page.link,1.0
kitabsuperjp.site,1.0
woolunq.sysu.edu.cn,0.0
nopaltepec.gob.mx,1.0
w4dasvax2cgcgyu7ergq-f-ebc54d474-clientnsv4-s.akamaihd.net,0.0
bufetesanchezabogados.com,1.0
lbl.gov,0.0
app.b33.ma,1.0
xfzxflfz.page.link,1.0
adl-iro.vizvaz.com,1.0
ldon.org,1.0
ladesignexperts.com,1.0
ahiaapcc.ly,1.0
68021e400046f886fe6ca4ef214813f5.safeframe.googlesyndication.com,0.0
p65-contacts.icloud.com.cn,0.0
jiqhyycz.page.link,1.0
5c25b0899f5240f5b076806eaf5186c8.fp.measure.office.com,0.0
officekey.sysu.edu.cn,0.0
pbotpages.com,1.0
w4dasvfydj7tsyu6sjaq-f-507ac4c6c-clientnsv4-s.akamaihd.net,0.0
e9126fa0ac154d8faec5724f2736b5a2.fp.measure.office.com,0.0
10099772.fls.doubleclick.net,0.0
khbsjlei.sysu.edu.cn,0.0
ce2iedu.com,1.0
www.asterglobal.com,1.0
star.itpub.net,0.0
c6aeec781a314e6aee5586bcd22e9065938ba34f.ime.galileo.baidu.com,0.0
bird.ioliu.cn,0.0
mobile1.api.mgtv.com,0.0
tecnologiah3.com.br,1.0
rdwoavzy.page.link,1.0
lemedinstruments.de,1.0
worldbten.com,1.0
ph413inc.com,1.0
only-745801-117-136-31-37.nstool.netease.com,0.0
blackjackcables.in,1.0
w4dasvaxgyjlqyu6hw7a-f-573eb6423-clientnsv4-s.akamaihd.net,0.0
wall.bestcarmagz.net,0.0
192-168-1-100.yangr.direct.quickconnect.to,0.0
dayilarmakine.com,1.0
www.psg.fr,0.0
d1dd4ethwnlwo2.cloudfront.net,0.0
chatw-33.stream.highwebmedia.com,0.0
p17-bookmarks.icloud.com,0.0
ukbtxqii.page.link,1.0
w4daszi3ssezeyu7cela-f-16cc68415-clientnsv4-s.akamaihd.net,0.0
xiangshunjy.com,1.0
agendamaconicabrasil.com.br,1.0
z-ir.fartit.com,1.0
ssbsync-geo.smartadserver.com,0.0
kpqkxqts.page.link,1.0
7318c9ebbac99df3b821513c91800b3d.safeframe.googlesyndication.com,0.0
qnknlkcmdnph.sysu.edu.cn,0.0
ultimatetherapyservices.com.au,1.0
aod.itunes.apple.com,0.0
frezzyhook.com,1.0
cmasyccz.page.link,1.0
i4thumbs.glomex.com,0.0
tradecard.wangwang.taobao.com,0.0
inducleandecolombia.com,1.0
177.notion.site,0.0
cbafb1ba36eb48cb83242564f7782a22.fp.measure.office.com,0.0
conscienciayvibracion369.com,1.0
websockets.copernicus.org,0.0
infunotion.com,1.0
chfee.org,1.0
adl-sa.fartit.com,1.0
filehosting.linkpc.net,1.0
tftoigpp.page.link,1.0
taxagentuae.com,1.0
audio-1252935738.file.myqcloud.com,0.0
wdduitss.page.link,1.0
ad57acd8ba895968d0f6f86ec85d12b6.safeframe.googlesyndication.com,0.0
c3bf9fa978dcbfba83ed9a566ef3cceb.safeframe.googlesyndication.com,0.0
californiaindover.ibinexnews.com,1.0
buildrs.com,1.0
cotijuca.com.br,1.0
api.usercentrics.eu,0.0
omegaservices.fr,1.0
003ecciddehic.jumpkj.chuairan.com,0.0
www.adobe.com,0.0
datax.baidu.com,0.0
shareboosting.com,1.0
clicktrack.pubmatic.com,0.0
3f416eaa54c44483a6597c6ebd49e858.fp.measure.office.com,0.0
tdbzj.sync.oystergardens.club,1.0
tutoken.cl,1.0
sppe.pt,1.0
ilxbzids.page.link,1.0
apexviewershop.com,1.0
www.literotica.com,0.0
cliveskink.sysu.edu.cn,0.0
lasbrasasdelmar.cl,1.0
nata2023.in,1.0
www.ubs.com,0.0
newandin.com.co,1.0
a0007418.casmart.com.cn,0.0
v5-dy-f.ixigua.com,0.0
www.sps.sdu.edu.cn,0.0
f545a59c21969c39ff7d5b10f6e3d39f.safeframe.googlesyndication.com,0.0
ugbszznv.page.link,1.0
j5kwakgh2ftfhlkdyt8ednmlygdbp1654591677.nuid.imrworldwide.com,0.0
phazeentertainment.com.au,1.0
ajkerbaazar.com,1.0
r5---sn-n4v7snls.gvt1.com,0.0
thnrhhok.page.link,1.0
broilerpekanbaru.com,1.0
d3jrje3lo4yuhw.cloudfront.net,0.0
ywaza3.sysu.edu.cn,0.0
jqj.result.garrettcountygranfondo.org,1.0
jublilee.net,1.0
c-0.19-a7000081.ca60081.170c.d79.3ea5.210.0.ks6wq3gucu8b895ivsrh81jf45.avts.mcafee.com,0.0
redeseshoradecrecer.com,1.0
26e7d5a9ceae44b789872c631e9a2f40.fp.measure.office.com,0.0
b99.photo.store.qq.com,0.0
sterkmanfield.com,1.0
stemimpactcenterkenya.org,1.0
w4dasvfm5aieuyu6qbzq-f-c4c1ee134-clientnsv4-s.akamaihd.net,0.0
atscdn.azureedge.net,0.0
sihtna.com,1.0
bpm.xdf.cn,0.0
bsaktetrohp.sysu.edu.cn,0.0
504ceec0b35f124bfbc49d61e33ee237.safeframe.googlesyndication.com,0.0
uznqvjgv.page.link,1.0
gini-lq.snssdk.com,0.0
pahcnwaakno.lenovo.com,0.0
colchaoicore.com.br,1.0
wmimvsus.page.link,1.0
extinuv.com.mx,1.0
eliteparentschool.rw,1.0
a989617545.cdn.optimizely.com,0.0
media-cdg2-1.cdn.whatsapp.net,0.0
stjamesschool.co.in,1.0
oxbqguen.page.link,1.0
s4.xiaohongshu.com,0.0
psservicesindia.com,1.0
ieeeaccess.wpengine.com,0.0
gsmcwuyr.page.link,1.0
livmesilovess.pro,1.0
apex-corporation.com,1.0
appstopic.com,1.0
truck.boohee.com,0.0
nhjxozqwugxd.sysu.edu.cn,0.0
w4dasvfygntbgyu6h44q-f-6d240c660-clientnsv4-s.akamaihd.net,0.0
airesdemoscatel.com,1.0
kxdwpoud.page.link,1.0
yxb.5173.com,0.0
f480560da6a14c438cbd54babd3729ac.fp.measure.office.com,0.0
bikroyshohoj.com,1.0
rajeibed.page.link,1.0
chemsil.com.mx,1.0
education-certification.youdao.com,0.0
981313015.docs.qq.com,0.0
dlmping2.adobe.com,0.0
pelicanmarket.net,1.0
lecabine.com.mx,1.0
bluethunders.or.jp,1.0
wyseden.com,1.0
web.news.cn,0.0
cheeringzu.com,1.0
collections.md.mp.microsoft.com,0.0
akmtakira.lofter.com,0.0
prb28.gallerycdn.azure.cn,0.0
bot.nicola.network,1.0
qckjtfgd.page.link,1.0
i.ppfocus.com,0.0
balajifrightspackers.com,1.0
zxusqbbtriuzwh.sysu.edu.cn,0.0
nestpest.in,1.0
giram.org,1.0
adl-c.mrbasic.com,1.0
hypnose-paris-11.fr,1.0
fireside21.gallerycdn.vsassets.io,0.0
wcscs.valuecommerce.com,0.0
svdyvdxbpax.sysu.edu.cn,0.0
ymakzmxthmwnc.sysu.edu.cn,0.0
washer.pconline.com.cn,0.0
77dbf6535ba04d69bd2e03b4a8669118.fp.measure.office.com,0.0
arizonaorbatonrouge.phoenixcareintl.com,1.0
plugin.xl7.xunlei.com,0.0
hn.mof.gov.cn,0.0
ed-fb.vizvaz.com,1.0
ns1.zen.co.uk,0.0
a368ec63b0d3530a8f4aac760f6287dc1.profile.fra56-p7.cloudfront.net,0.0
ygdy8.com,0.0
w4dasvaxfdy2syu6u7wq-f-0afd7117c-clientnsv4-s.akamaihd.net,0.0
zzona.layout.oystergardens.us,1.0
w4dasvaxhp6icyu6hrqq-f-0a11673ac-clientnsv4-s.akamaihd.net,0.0
mail.hrbeu.edu.cn,0.0
ztzownkv.page.link,1.0
w4dasvaxfdy2syu65eba-f-e20780728-clientnsv4-s.akamaihd.net,0.0
a-0.19-a7000081.9920082.16a8.b69.3ea5.210.0.naz5c8h2nkkw5umk58zlt4qdcv.avts.mcafee.com,0.0
quikstationsa.com,1.0
veominfotech.com,1.0
stratagem.co.nz,1.0
cdn.exp.xiaomi.com,0.0
a9c1633097303c3cf5734035ee6cbece.safeframe.googlesyndication.com,0.0
0747ec52636803923eaf8547edcdd8bc.safeframe.googlesyndication.com,0.0
8770fa66d518feaaf2bf2b12dd760644.safeframe.googlesyndication.com,0.0
tradesspots.com,1.0
adl-v.faqserv.com,1.0
vimeo.com,1.0
wfp.2023.ebeenj.com,1.0
g939s9.tdum.alibaba.com,0.0
wisewriters.co.uk,1.0
xn----7sbhgfcdscaa3cdd6dq3e3dvf.xn--p1ai,1.0
da3669ae10af4914934290b28ca75f62.fp.measure.office.com,0.0
pwkabko.com,1.0
selphyl-th.com,1.0
t8665132560142695948.id.amgdgt.com,0.0
research-talk.hktdc.com,0.0
graceofourlord.files.wordpress.com,0.0
vip.shopkami.cloud,1.0
marketingdigital.app.br,1.0
asf.mrbasic.com,1.0
MACBOOKAIR-A295.sysu.edu.cn,0.0
bakewell-eg.com,1.0
smartpoliceax.website,1.0
das.faqserv.com,1.0
ufqxdulb.page.link,1.0
thecommandmentsofmen.sysu.edu.cn,0.0
min4tabalong.sch.id,1.0
d46b8ec9180f7df1c660a6a5225f64ec.safeframe.googlesyndication.com,0.0
prod-live-front.playbattlegrounds.com.cn,0.0
supplementsforsale.online,1.0
fripgeef.page.link,1.0
exceptions.hubspot.com,0.0
gva.co.tz,1.0
smartlook.com.sa,1.0
jwc.graduate.sysu.edu.cn,0.0
e458fede70d34413b9a5d205630f7366.fp.measure.office.com,0.0
relay.sh1.dnf.qq.com,0.0
iclds.org,1.0
ijqsnddv.page.link,1.0
wx.dn.sdo.com,0.0
techsuka.com,1.0
peiyou-saas-zaixian-ketang-prd.cn-beijing.log.aliyuncs.com,0.0
centralautomotrizrosas.co,1.0
gyvycehxxb.domain.name,0.0
billvicious.newgrounds.com,0.0
bbbf2ad32bda53bddca7f33bab4c0e3d.safeframe.googlesyndication.com,0.0
gspe11-2-cn-ssl.ls.apple.com,0.0
visionaries21st.com,1.0
zj2fdlixfqz3eyu6licq-f-98e51dffb-clientnsv4-s.akamaihd.net,0.0
eivlukhu.page.link,1.0
laraii.com,1.0
lkbbqrux.page.link,1.0
wchat67.myfreecams.com,0.0
ruttiks.com,1.0
xurong3mail.sysu.edu.cn,0.0
ordercenter.mall.meizu.com,0.0
imbueautoworx.co.za,1.0
albarakagroupom.com,1.0
accurateflooring.co.uk,1.0
igstatic.igxe.cn,0.0
my-sbox.trns.co.za,1.0
d1n90jy2fk2jpn.cloudfront.net,0.0
72k6ns9advv3a2leok7t6pvvifgjugtk7co5tj5ndf9f3dbc1a148917sac.d.aa.online-metrix.net,0.0
jqqzcxab.page.link,1.0
dmdpdxfm.page.link,1.0
eletroportseg.com.br,1.0
3qjodm.tdum.alibaba.com,0.0
m.777zw.net,0.0
qimg4.youxiake.com,0.0
en.forgeofempires.com,0.0
zexeq.com,1.0
gamecente.com,1.0
mfovjcvaaswfvnw.sysu.edu.cn,0.0
w4dasvax2ll2syu6gucq-f-fdc4a309c-clientnsv4-s.akamaihd.net,0.0
jueubhbc.sysu.edu.cn,0.0
xfhfv.2023.ebeenj.com,1.0
cache.co188.com,0.0
www.pchiu.chemistry.hku.hk,0.0
768452-android-ds.metric.gstatic.com,0.0
register.xmpush.xiaomi.com,0.0
xxgk.scu.edu.cn,0.0
external-media2.public.wsydm-a-2.prod.infra.webex.com,0.0
flanartscuisine.com,1.0
efc.faqserv.com,1.0
2bbebe5f073124edc2d52ed521468aba.safeframe.googlesyndication.com,0.0
dentistapiracicaba.com.br,1.0
inteliempresa.com,1.0
media.monster.com.sg,0.0
dis.ac.tz,1.0
invermob-game.com,1.0
account-cdn.myunidays.uk,0.0
www.jiaoyu.139.com,0.0
intl-investcapital.com,1.0
docs.rsshub.app,0.0
element.io,0.0
islamocity.co.uk,1.0
adl-ib.faqserv.com,1.0
ab-pensiones.com,1.0
only-664189-223-104-68-3.nstool.netease.com,0.0
tgahelp.zendesk.com,0.0
urafc.co.ug,1.0
snrdyokeldooupg.sysu.edu.cn,0.0
745821f6ff4c98ba30f423b235b932cd.safeframe.googlesyndication.com,0.0
3507312b3d7f98ca34a5499c4d0677d9.safeframe.googlesyndication.com,0.0
26afc88e646ec041532122950b83c35c.safeframe.googlesyndication.com,0.0
adl-ur.itsaol.com,1.0
kxfz.people.com.cn,0.0
amp-listennotes-com.cdn.ampproject.org,0.0
jetarabia.com,1.0
cat300.com,0.0
qsepxdfeyfwqhui.sysu.edu.cn,0.0
gy.ke.com,0.0
www.fashionisers.com,0.0
epicyon-kennel.hr,1.0
hobitronik.com,1.0
adl-bnx.faqserv.com,1.0
jeffskardalaw.com,1.0
perfectspaceinteriors.com,1.0
plugincenter.yy.com,0.0
pacletserver1.wolfram.com,0.0
iwmlgomkmkkz.sysu.edu.cn,0.0
1530085645.docs.qq.com,0.0
kakekgacor.art,1.0
8b4c4f86e66c547abaeb14717a915e75.safeframe.googlesyndication.com,0.0
bluelotus.edu.au,1.0
deverfan.xyz,1.0
psvbvggo.page.link,1.0
nicolewilliamsgossip.co.uk,1.0
fitnessholicgym.com,1.0
pmemedicalstore.ae,1.0
www.cprogramming.com,0.0
asianrealty.co,1.0
en-gb-wordpress.org,1.0
ye156ey.xyz,1.0
sahmnu.fartit.com,1.0
pflhzsjzawtjdep.www.tendawifi.com,0.0
aws-proxy-us-east-1ef.maxthon.com,0.0
6f584b52d4497002a430deb0ea28bf14.safeframe.googlesyndication.com,0.0
a-0.19-a7000081.c980082.170c.c6b.3ea5.210.0.3jjzudp4trmeb8dj9eist6k53i.avts.mcafee.com,0.0
r1.sn-j5o76n7d.gvt1.com,0.0
xnpetvin.page.link,1.0
brco6j.tdum.alibaba.com,0.0
www.ntt.com,0.0
media-jiangxijj-yijia06.jx2oss.xstore.ctyun.cn,0.0
xkujxauuwjxe.sysu.edu.cn,0.0
udef.fr,1.0
ohtaxiin.page.link,1.0
s1.ananas.chaoxing.com,0.0
ihcwchpb.sysu.edu.cn,0.0
14-0.19-a3000081.80a0081.16a8.b69.3ea5.210.0.vkm3upw3vbuf8thz8au9a2cm8v.avts.mcafee.com,0.0
woodxestofados.com.br,1.0
pearlstore.co,1.0
akzoneagency.com,1.0
galaxyanet.com.br,1.0
yvjprywy.page.link,1.0
nqgcwiul.page.link,1.0
mnatsakanyan.am,1.0
turn.pintia.cn,0.0
quiz.cci.edu.pk,1.0
336a2158aff8170a0b9f2d75c3f7c4c4.rdt.tfogc.com,0.0
51e9c642cf38450cbb3a0f81a37a5abb.fp.measure.office.com,0.0
www.wwcow.91duba.com,0.0
oweakabl.page.link,1.0
h-adashx.ut.uc.cn,0.0
csua.sysu.edu.cn,0.0
newalnoor.com,1.0
thermoux.s3.amazonaws.com,0.0
w4dasvaxij5gayu6oiua-f-91ec06d98-clientnsv4-s.akamaihd.net,0.0
fykilwzr.page.link,1.0
raghavagency.com,1.0
iiinwmty.sysu.edu.cn,0.0
personaltrainerhighwycombe.co.uk,1.0
kogibase.com.ng,1.0
dldir1v6.qq.com.domain.name,0.0
87d6ac0a09f646f59c82490bce1f1842.fp.measure.office.com,0.0
zaupnicwvs.sysu.edu.cn,0.0
trainersground.com,1.0
api22-core-c-alisg.tiktokv.com,0.0
globalgujaratifederation.org,1.0
tpbzjabk.page.link,1.0
smkitdarulamal.sch.id,1.0
yjhqhozdizx.sysu.edu.cn,0.0
itechmindz.co.in,1.0
wwu.lanzouj.com,0.0
ed-fr.vizvaz.com,1.0
ai-api.vidmore.com,0.0
netstarst.com,1.0
www.rakishevkenes.com,1.0
althqafi.edu.sa,1.0
alaskavamontgomery.danielseryani.com,1.0
upgrmctl.page.link,1.0
208.78.101.151.sbl.spamhaus.org,0.0
zrdsbove.page.link,1.0
sionurb.com,1.0
d7d00752f3bb41dc87187e61203fedc9.fp.measure.office.com,0.0
hdyaydygjdyzj.sysu.edu.cn,0.0
p-ins9351-9351.lbc-vip.ntes53.netease.com,0.0
haobaba.m.tmall.com,0.0
csqwjepy.page.link,1.0
db29ff5efc4792cab7f531a50ce1b407.safeframe.googlesyndication.com,0.0
plhkseduhk.sharepoint.com,0.0
xrctfdna.page.link,1.0
indomarineshipchandler.com,1.0
spring14.gosredirector.ea.com,0.0
sabiacademy.com,1.0
donadesi.co,1.0
ca2solution.it,1.0
priceclub.online,1.0
vp.externulls.com,0.0
terms3.hicloud.com,0.0
kpkxivxwjdz.sysu.edu.cn,0.0
etddxpnr.page.link,1.0
vwgmlhyelf.sysu.edu.cn,0.0
0f24d2de80584181a8c98ccbc677e2d0.fp.measure.office.com,0.0
pqarpxc.sysu.edu.cn,0.0
iksqwoco.page.link,1.0
cunmotor.co.id,1.0
girlsmacktalk.com,1.0
icr-cn.asus.com.cn,0.0
daarussalam.com,1.0
lfrjk.lanzoux.com,0.0
a485349e1f28110712125d250e5f276d.safeframe.googlesyndication.com,0.0
001816ca11f14c0b260e2a6ba66ba8b1.safeframe.googlesyndication.com,0.0
heightfreight.com,1.0
zwb.cumt.edu.cn,0.0
www.getchu.com,0.0
leadvilletoday.files.wordpress.com,0.0
tnjnoxrtqsmejjp.sysu.edu.cn,0.0
www.swiper.com.cn,0.0
mengw-pro.oss-cn-shenzhen.aliyuncs.com,0.0
2qyhzk0adtq7.n4.adsco.re,0.0
plusbursatil.com.ec,1.0
semupdate.avcdn.net,0.0
adl-gq.fartit.com,1.0
asdz.fartit.com,1.0
4b3201b6455a74024722b06acb5c3fe4.safeframe.googlesyndication.com,0.0
pdwk5xtiksysoyu7oeja-f-5848a9c7c-clientnsv4-s.akamaihd.net,0.0
oumix.lix.polytechnique.fr,0.0
mamabakery.ca,1.0
broker.58.com,0.0
daijo.com.br,1.0
b2llab.in,1.0
fresh1.ironoreprod.top,1.0
8d2e09c4c301c28a39afb1df559d1352.safeframe.googlesyndication.com,0.0
f597f6fc65a248e5ae4fa8d7bacce786.safeframe.googlesyndication.com,0.0
1718ab39b1bbc6de7bfc098da51b3f8b.safeframe.googlesyndication.com,0.0
59209a62632b4aac9307f0829b3e5303.fp.measure.office.com,0.0
p118-escrowproxy-china.icloud.com,0.0
bafybeidumco7dbrc34smkhdnebxmanf47znpjwgtm72ttokoo7gkowa7oq.ipfs.infura-ipfs.io,0.0
api-esp.piano.io,0.0
drpf-g92naxx2tw.proxima.nie.easebar.com,0.0
jbezqhmt.page.link,1.0
ikapcrberbagi.id,1.0
4ucilbjvpr6oldhsjhzq2lybjw5871654536669.nuid.imrworldwide.com,0.0
vaetjwam.page.link,1.0
ibhycdpt.page.link,1.0
newvisionmedical-egypt.com,1.0
buyproductnow.online,1.0
jchdq.scheme.corycabana.net,1.0
ns1.cc.umanitoba.ca,0.0
funscience.in,1.0
kombi.pk,1.0
376afded3d92420384a5e6e8f7b600cc.fp.measure.office.com,0.0
ftpvoyager.cc,1.0
hngjxnzx.page.link,1.0
lacomunion.de,1.0
xjnhqzqmbyt.jnu.edu.cn,0.0
fnfgroup.business,1.0
a0aiee.teixosa.sa.com,1.0
u.pcloud.com,1.0
templatesparanovoblogger.sysu.edu.cn,0.0
py.hnr.cn,0.0
mrenterprises.tech,1.0
astroseyyah.com.tr,1.0
c-0.19-a7000011.8020081.16a8.c13.3ea5.210.0.f5neuu9mchl78wjr8b3n2ip4uj.avts.mcafee.com,0.0
c071c7933d3b2d6f99838e1149de2568.safeframe.googlesyndication.com,0.0
vukamz.com,1.0
jometr.com,1.0
wzlccdnp.page.link,1.0
nezogh.com,1.0
escritordiario.store,1.0
lagunabeachresort3-maldives.com,1.0
gomlgaming.dev,1.0
photoshopexpress.app.link,0.0
8880f618d02c5303ed81bdc3559cfe2d.safeframe.googlesyndication.com,0.0
coldnhottek.com,1.0
api-vip.immomo.com,0.0
665819b6c7e8404ebda3125f2c5e199b.fp.measure.office.com,0.0
dealersuzukisolo.com,1.0
8750a83db3537d77df5d27214e8f07a5.safeframe.googlesyndication.com,0.0
ssec2.chinaacc.com,0.0
smb.faqserv.com,1.0
tbifqfyb.page.link,1.0
pteacademic79plus.com,1.0
rr1---sn-oguesndl.googlevideo.com,0.0
505337988a04412eb86a3680c41971e5.fp.measure.office.com,0.0
config.xcast.qq.com,0.0
541c3eda7f35f1d12a24f46de3c924be.safeframe.googlesyndication.com,0.0
56b535674e7e7ffb47fc2da076b2e3d4.safeframe.googlesyndication.com,0.0
50b941651eb0491b774538f16ffbfda9.safeframe.googlesyndication.com,0.0
leir.settings.oysterfloats.org,1.0
otelderya.net,1.0
soypatricioespinoza.com,1.0
nextgen-surveillence.ca,1.0
leconsingpublicidad.com,1.0
altosdemanare.com.co,1.0
louis-louw.co.za,1.0
honestgroup.pk,1.0
spst.hqup.in,1.0
sdgabmfeeeda.l4.adsco.re,0.0
martendigitals.com,1.0
garimaenterprises.co.in,1.0
innovativeksa.com,1.0
voodeparapenteemnatal.store,1.0
c37c84c83814ddc1e5a3cc146ae4705d.safeframe.googlesyndication.com,0.0
escritordiario.com.br,1.0
i.pximg.net,0.0
forum.linuxconfig.org,0.0
gestwzlw.page.link,1.0
f87f5541941a4fe7bbaeae1f583cff7a.fp.measure.office.com,0.0
dogumahazirlikegitimi.org,1.0
apps.cpas.com,1.0
kfncudlx.page.link,1.0
redir.update.msft.com.trafficmanager.net,0.0
leegarden.com.tw,1.0
achgal.ma,1.0
strm-rad19.strm.yandex.net,0.0
72k6ns9amldekni2lcjefsof3auqlkml5l4zm57l0e12628c3c71c17bsac.d.aa.online-metrix.net,0.0
ivcjxddt.page.link,1.0
dhotharinternational.com,1.0
teuwebsite.com,1.0
069f654aabe74ae08a80505f56d03bda.fp.measure.office.com,0.0
wap.mail.163.com,0.0
1067163380.docs.qq.com,0.0
lumosconsultant.com,1.0
85fef5cd164af846848004246056ad50.safeframe.googlesyndication.com,0.0
893d100d95c01245af6c08111462ce5f.safeframe.googlesyndication.com,0.0
de3fe5542541f974fac52d8b3d10b9c8.safeframe.googlesyndication.com,0.0
oec.njtech.edu.cn,0.0
f3416ba4a01443ff8cb339e2fef0bc9b.fp.measure.office.com,0.0
a-0.19-a7000081.c040081.16a8.b69.3ea5.210.0.bps7wzegl99vqsiudzpvdlmsdb.avts.mcafee.com,0.0
floreriayavet.com.mx,1.0
gsd-ing.cl,1.0
accountapi.agoda.com,0.0
lacastafiore.es,1.0
a54f4b83e05569482f987100540b2d14a.profile.fra2-c1.cloudfront.net,0.0
lestandardsarl.com,1.0
w4dasvax2xteuyu6ewlq-p5y7ih-c57a12693-clientnsv4-s.akamaihd.net,0.0
bwsqozukvnvg.sysu.edu.cn,0.0
cdn.discordapp.com,1.0
protseg.seg.br,1.0
aca59a24e6204ff38e5f089e8439110e.fp.measure.office.com,0.0
53209e4f7ae2bfa18f3975263eaffa96.safeframe.googlesyndication.com,0.0
281bc64e2c12933ef824f1009b2fa169.safeframe.googlesyndication.com,0.0
0d622560a1e6d6977af51a3b61e8cd09.safeframe.googlesyndication.com,0.0
api.wallet.coinbase.com,0.0
open.autohome.com.cn,0.0
mphasistech.com,1.0
jpxs123.com,0.0
aurcleaning.com,1.0
openwith.mathworks.com,0.0
servpins.xyz,1.0
23d66ccc0fcf41b9baee1e5d1121ca75.fp.measure.office.com,0.0
www.royalholloway.ac.uk,0.0
dhmwap.tdum.alibaba.com,0.0
only-431426-223-104-72-244.nstool.netease.com,0.0
cn-hgh-ali-r001.router.teamviewer.cn,0.0
only-33954-223-104-60-143.nstool.netease.com,0.0
agentleadgenesis.com,1.0
lynearwealth.com,1.0
migranoticias.com,1.0
marketdriven.chevronmarcom.com,1.0
myhcm.pk,1.0
w4dasvfygphbgyu6xerq-f-99c205886-clientnsv4-s.akamaihd.net,0.0
library.oapen.org,0.0
solucionesmp.co,1.0
7dfsy8.tdum.alibaba.com,0.0
69.84.54.207.sbl.spamhaus.org,0.0
rainoilretail.com,1.0
victorharborcranes.com.au,1.0
t.qianzhan.com,0.0
olqzbkunuvup.sysu.edu.cn,0.0
cdbe6ce535533c873558e221027c3766.safeframe.googlesyndication.com,0.0
d90f292713a647b241f82da8c0437c72.safeframe.googlesyndication.com,0.0
406ad7c50c8a48448549441c10cc465c.fp.measure.office.com,0.0
f2f06cb59aec4e219c46a7e30416e066.fp.measure.office.com,0.0
h-i.mx,1.0
morzhe.g2afse.com,0.0
2tkvhl.tdum.alibaba.com,0.0
nqqjaogzml.sysu.edu.cn,0.0
teravonsolar.com,1.0
disobedience.org.uk,1.0
chartcharcha.com,1.0
illinoisakmontgomery.accu-write.flights,1.0
newvitec360.com,1.0
vibrantplacements.com,1.0
agropak.com.tr,1.0
fa-ed.vizvaz.com,1.0
xavierliras.com,1.0
vstream-27.sb-cd.com,0.0
hl.gsxt.gov.cn,0.0
sahjsg.mrface.com,1.0
41528b501700b4c77c3481e2f05e579f.safeframe.googlesyndication.com,0.0
yuanye-wx.oss-cn-beijing.aliyuncs.com,0.0
vejitopn.page.link,1.0
ajax.ooopic.com,0.0
lookkiero.com,1.0
assets9.freshdesk.com,0.0
cadence.okta.com,0.0
pvp-rivals.com,1.0
quote.foodmate.net,0.0
biztech2go.com,1.0
lgoybliw.page.link,1.0
shahadotonline.net,1.0
pissrip.net,0.0
behavior.ke.com,0.0
www1.ustb.edu.cn,0.0
vanshikaautomobiles.com,1.0
ravhuyanilogistics.co.za,1.0
profile.xboxlive.com,0.0
getldrrgoodgame.com,1.0
d5a170f508146c73b672048f50813605.safeframe.googlesyndication.com,0.0
oyjgq.sync.oystergardens.club,1.0
35c7629525c969ab9c3923bd84026f23.safeframe.googlesyndication.com,0.0
pueyrredonmotos.com,1.0
fgr.hms.harvard.edu,0.0
a-0.19-24099801.c830083.1838.1c44.410a.400.9d.fmn57dh41udb28ssedwjle9t86.avqs.mcafee.com,0.0
marshall.sirnetsh.com,1.0
zmm.2023.ebeenj.com,1.0
tbwsjs.befrugal.com,0.0
vlasti.info,1.0
musically.shift-m.com,1.0
sel.faqserv.com,1.0
bing.net,0.0
e6aeec78dfeb38291e1c4347a3e855d3d82ae95b.ime.galileo.baidu.com,0.0
berkeley.us7.list-manage.com,0.0
oralemexicanrestaurant.com,1.0
06cf7e1e0a6e56834f3efb85f49605f5.safeframe.googlesyndication.com,0.0
www.google.com.vn,0.0
konyaprefabrik.com.tr,1.0
ir.adf-za.fartit.com,1.0
appleimap.vip.163.com,0.0
gd2i.line.naver.jp,0.0
15b0545e5e704fb092e2c3661ab72e75.fp.measure.office.com,0.0
bbs.gaodun.com,0.0
zuoye.baidu.com,0.0
serspizza.com,1.0
fbgestate.com,1.0
a3229c9938f96d87a883d5a8d321dee0.safeframe.googlesyndication.com,0.0
seaqkgqtwov.sysu.edu.cn,0.0
87a991b2de8d465d98f7f6379f360bf5.fp.measure.office.com,0.0
gist.github.com,0.0
garinka.com,1.0
gateway.neu.edu.cn,0.0
iqsoftdevcom.com,1.0
www.idpminic.org,1.0
yaysem.ru.swtest.ru,1.0
repostedjohn.com,1.0
miu0xduyruutho5r.oss-ap-northeast-1.aliyuncs.com,0.0
growval-mm.com,1.0
www.info.gov.hk,0.0
johyihttlpmyybj.sysu.edu.cn,0.0
969d17829a124460b27d89f08c48309f.fp.measure.office.com,0.0
hotlink.cc,0.0
lyg.gc.com.cn,0.0
xt.lykj988.com,1.0
iran-hj.fartit.com,1.0
dentistaararaquara.com.br,1.0
w4dasvaxfdy4syu6flaa-f-5b2745474-clientnsv4-s.akamaihd.net,0.0
esell.lk,1.0
svbvghtk.page.link,1.0
d1cvq12w2ffph2.cloudfront.net,0.0
0d8463f7d961b34bc348ac3ccb9a234f.rdt.tfogc.com,0.0
zainabalieyehospital.com,1.0
adl-ap.faqserv.com,1.0
raffaelamarescalco.it,1.0
financialrating.com.ve,1.0
brahmacouncil.com,1.0
ywpklkacbgwmtl.lenovo.com,0.0
cn-hey-ali-r001.router.teamviewer.cn,0.0
wtools.io,1.0
supermaxx.com.ph,1.0
interbrand.com,0.0
uicgvtdw.page.link,1.0
rummygoplay.in,1.0
remccoss2023.duckdns.org,1.0
0.zssom.sysu.edu.cn,0.0
tjj.changsha.gov.cn,0.0
qdasig.am.files.1drv.com,0.0
b5ac32540c4d4e108fc9707ccd074821.fp.measure.office.com,0.0
winpeforum.com,1.0
stellamobilya.com,1.0
valuegentsware.com,1.0
ijcsmohali.in,1.0
recruit.pa18.com,0.0
oec-api.tiktokv.com,0.0
adq.mrbasic.com,1.0
d3caqzu56oq2n9.cloudfront.net,0.0
kkzgh.layout.oystergardens.us,1.0
yabancibakicii.com.tr,1.0
ed1f4b76dd9c429486627ea302221b75.fp.measure.office.com,0.0
54fd4cb6479b460ca2a9ef850e203c02.fp.measure.office.com,0.0
cyzcpeqv.page.link,1.0
70northair.com,1.0
dda405d460f4a8879225de9fd3ddf2cc.safeframe.googlesyndication.com,0.0
70b2bc9eb721a72859f9bb0677df26ad.safeframe.googlesyndication.com,0.0
lushi.163.com,0.0
oaklanddental.org,1.0
w4dasryxavsumyu65nja-f-435392b14-clientnsv4-s.akamaihd.net,0.0
fa07f694711d4c4da4c35b2865282d11.fp.measure.office.com,0.0
marvelsports-intl.com,1.0
superiorgoods.net,1.0
thebestfetishsites.com,0.0
fdsafdsaf.co,0.0
softdl.360tpcdn.com,1.0
souqaleasr.com,1.0
quote.keydesignwebsites.com,1.0
fehiasjpldfdw.www.tendawifi.com,0.0
thisguyhasmymacbook.sysu.edu.cn,0.0
fxgderdg.page.link,1.0
dpls.ir,1.0
zj2fdlixfqz3eyu6qwua-f-dd343cd49-clientnsv4-s.akamaihd.net,0.0
dyshjmyiddok.hikvision.com,0.0
shhyxjdroc.sysu.edu.cn,0.0
aiu.oiu.edu.sd,1.0
sgs-gabon.com,1.0
wknosptg.page.link,1.0
60.234.177.116.sbl.spamhaus.org,0.0
defendamazon.com,1.0
galaxy-log.gog.com,0.0
arjgyt.tdum.alibaba.com,0.0
pfwi.novelty.akibacreative.com,1.0
metodolmn.com.br,1.0
jgiasw.ulefonecelullares.motorcycles,1.0
r5---sn-ouu2j-ioqz.googlevideo.com,0.0
recubplast.com.co,1.0
olbbugqh.page.link,1.0
cinema-rrs-eu.hicloud.com,0.0
ironreward.com,1.0
workspace.jianguoyun.com,0.0
alt5-mtalk.google.com,0.0
naessship.co.uk,1.0
oklahomaaktrenton.gudtalent.com,1.0
casamentodayejuh.life,1.0
w4dasvaxgluuqyu7ofnq-f-32375c519-clientnsv4-s.akamaihd.net,0.0
firmsewa.com,1.0
ogeapedx.page.link,1.0
raw.githubusercontent.com,1.0
jlorooub.page.link,1.0
d6f2d2236db8d7d87eea3843ef051b8b.safeframe.googlesyndication.com,0.0
47dacb098cbe284739a0895493668ada.safeframe.googlesyndication.com,0.0
outsotec.com,1.0
basketballdrillsxl.com,1.0
zaue2o.karbonncelullares.pro,1.0
dalaibeauty.com,1.0
8.215.15.199.sbl.spamhaus.org,0.0
xogrrtwo.page.link,1.0
vvstzbmo.page.link,1.0
isteonline.org,1.0
3lastofusupdatjakubcloudflare.fun,1.0
xamkayiu.page.link,1.0
w4dasvdimj2seyu67zxq-f-443227fd9-clientnsv4-s.akamaihd.net,0.0
reetpret.com,1.0
fabianonetto.icu,1.0
asctfpmbgke.sysu.edu.cn,0.0
eoabweszushqabj.sysu.edu.cn,0.0
media360vision.com,1.0
planet4.info,1.0
certified.host,1.0
media-hbsjz-person.heoss.xstore.ctyun.cn,0.0
e772fac24e7e03b25d67d86d1124731e.safeframe.googlesyndication.com,0.0
6e055ea48bc8b6222d69927a1d0500d2.safeframe.googlesyndication.com,0.0
dtfntcmqnop.sysu.edu.cn,0.0
p19-ckdatabase-china.icloud.com,0.0
cr.sycdn.kuwo.cn,0.0
freelancershubbd.com,1.0
dianbo.zzstep.com,0.0
nckcawzommz.sysu.edu.cn,0.0
messagebeach.alibaba.com,0.0
fast.asahishimbun.demdex.net,0.0
d3k81ch9hvuctc.cloudfront.net,0.0
adl-zi.vizvaz.com,1.0
uwoya.or.tz,1.0
e0a86c6ce582418a9f5a8784a43a6979.fp.measure.office.com,0.0
napwcrhs.page.link,1.0
invoice.yumchina.com,0.0
hi.xzwidea.cn,0.0
atsl.caching.oysterfloats.com,1.0
gfnpssijmr.com,1.0
b403481aaec48b4bc1d887d2aadfd836.safeframe.googlesyndication.com,0.0
dotarte.com.co,1.0
elkomyfish.com,1.0
only-186570-112-96-173-234.nstool.netease.com,0.0
yxb.qipeiren.com,0.0
cehoaagi.page.link,1.0
w4dasvax373seyu6j3va-f-c0afbdd26-clientnsv4-s.akamaihd.net,0.0
1.cdn.edl.io,0.0
vw-ramanicars.co.in,1.0
i-0.19-a3600009.20483.16a8.b8a.3ea5.210.0.na97snfavi57bgts2lir1tj2z5.avts.mcafee.com,0.0
oqily.com,1.0
wimur.2023.ebeenj.com,1.0
zj2fdlixfqz3eyu6puaq-f-f97e5de9f-clientnsv4-s.akamaihd.net,0.0
dublados.com.br,1.0
churchinmanila.org,1.0
roombox.xdf.cn,0.0
isppluena.com,1.0
fivenca.com,1.0
baidu.ocsp.sectigo.com,0.0
w4dasvfygoo5syu66deq-f-8560358a1-clientnsv4-s.akamaihd.net,0.0
uvfyexcx.sysu.edu.cn,0.0
tacticalarms.com.pk,1.0
a986763fdc3c2726817f1d1c649af3be5.profile.fra56-p7.cloudfront.net,0.0
villasentosa.co.in,1.0
rrrmhs.in,1.0
lliean.faqserv.com,1.0
lebfupro.page.link,1.0
d19mxcar6gop8d.cloudfront.net,0.0
account-cn2.huami.com,0.0
hwvqeyrxwpfb.sysu.edu.cn,0.0
newhampshireorphoenix.billsfamily.us,1.0
cm1-ord1.cm.steampowered.com,0.0
fokabs.com,1.0
karo.ca,1.0
gmhealthcare.dothome.co.kr,1.0
72k6ns9as7geuk2bfli3x22faxidbsev2unhkp7g0eaa726c4fbcb94asac.d.aa.online-metrix.net,0.0
fpgwtmeq.page.link,1.0
f34c7f77548923ce6b49bb4b423e1519.safeframe.googlesyndication.com,0.0
gdou.scnu.edu.cn,0.0
ukes.pk,1.0
istanasemer.com,1.0
menaragroup.com,1.0
newversion.com.af,1.0
w4dasvfygntbgyu6h5gq-f-a725b2984-clientnsv4-s.akamaihd.net,0.0
studiotapas.com,1.0
f438305f807dbb7a00665eeb3328d54e.rdt.tfogc.com,0.0
prebid.openx.net,0.0
xrvrnwfaskoxuu.sysu.edu.cn,0.0
lipbgymq.page.link,1.0
bids.concert.io,0.0
alleplus.com,1.0
sec.umeng.com,0.0
existay.com,1.0
ishufang-cnki-net-443.webvpn.jnu.edu.cn,0.0
aceresidence.com.ng,1.0
rootsschools.edu.pk,1.0
cef6fe55ec1ee781eaa8eb7dcaa05c15.safeframe.googlesyndication.com,0.0
p50-sharedstreams.icloud.com.cn,0.0
besevic.com.ng,1.0
rapidskinandhairclinic.com,1.0
jiangmen.jiwu.com,0.0
mycollege-elearning.ca,1.0
72k6ns9aopkdjnragmbnnovh6bi7idlnlhvjgei6e0cc8e1e90674ecesac.d.aa.online-metrix.net,0.0
tfciltd.com,1.0
sheflight.com,1.0
7285cf6b3deadb46655a18b9bf3c7349.safeframe.googlesyndication.com,0.0
8549afe037933c4ebd7a6f19eba3adbe.safeframe.googlesyndication.com,0.0
188.222.178.128.sbl.spamhaus.org,0.0
rkssjxpmwvee.sysu.edu.cn,0.0
rbjn.co.id,1.0
cdn-app.dimensions.ai,0.0
toenchen-und-herrschmidt.ee,1.0
update.greenhubtx.ga,0.0
9ud6an.tdum.alibaba.com,0.0
rpx01-cne2.sgs.com,0.0
stmariascovenantschool.com,1.0
ptlogin2.accounts.qq.com,0.0
hmbadxhb.page.link,1.0
a61cfc27d9ca0b53052284952e4f39a6.safeframe.googlesyndication.com,0.0
1c848b8bd5ed27ee07c0341e2bf34f8e.safeframe.googlesyndication.com,0.0
sorkarshop.com,1.0
parallel.rockvideos.at,1.0
ucakbiletsorgulama.com,1.0
mactcare.com,1.0
nadianeonadv.com,1.0
navimumbaicarcare.com,1.0
co-create2071.org,1.0
mbcfwmz.sysu.edu.cn,0.0
casababadenopal.com,1.0
frontier-va.tiktokv.com,0.0
migos.com.tw,1.0
marry.zxip.com,0.0
vsua5b.philipstelevisao.sa.com,1.0
datalifez.com.ng,1.0
drsalustidmd.com,1.0
gonitech.com.ng,1.0
fpno.edu.ng,1.0
quickaplus-server-api-cn-zhangjiakou.aliyuncs.com,0.0
maks228r.beget.tech,1.0
nevadaksfrankfort.aimeeburnett.info,1.0
www-globalschoolsprogram-org.filesusr.com,0.0
kirpisoft.com.tr,1.0
myjms.mohe.gov.my,0.0
kipor.ae,1.0
cotedivoirepatrimoine.com,1.0
xftmeahi.page.link,1.0
6cfdc3366a770875d8a2c20cc2ea8989.safeframe.googlesyndication.com,0.0
bd7e41f843901c4977f59d2f2d713503.safeframe.googlesyndication.com,0.0
apartment2020abuja.com,1.0
lowcostbeer.com,1.0
b4QXbKD6pntEdsDwKmLM.dbl.spamhaus.org,0.0
aadkfkjg.page.link,1.0
cantechnology.com.my,1.0
globaltravelevent.com,1.0
w4dasvax2ll2syu6exqa-f-4c8770286-clientnsv4-s.akamaihd.net,0.0
water.qz.gov.cn,0.0
huoli-hotel.oss-cn-beijing.aliyuncs.com,0.0
sahm-mo.fartit.com,1.0
validdream.org,1.0
wvrtqojnrtrws.www.tendawifi.com,0.0
c14d338e416e811fb4bb2acad363d7ca.safeframe.googlesyndication.com,0.0
cajnzsed.page.link,1.0
b7f12fa350d440aeaee1070de8b4c1cb.fp.measure.office.com,0.0
9053352.fls.doubleclick.net,0.0
adam-app.com,1.0
w4dasvaxhxbggyu6vwxq-f-c5bc71027-clientnsv4-s.akamaihd.net,0.0
sxsimg.xiaoyuanzhao.com,0.0
slkejofr.page.link,1.0
eskierproperty.com,1.0
dp.xuexi.cn,0.0
forum.freemdict.com,0.0
zmtoyceb.page.link,1.0
desk.zoho.com,0.0
www.sendspace.com,1.0
propertydealz.pk,1.0
tubebaba.com,1.0
ummfzzprwlpmg.www.tendawifi.com,0.0
favorite.taobao.com,0.0
dc79ac1f747d2cd9225b066ff11fa9fb.safeframe.googlesyndication.com,0.0
086a41afbf49a7f5f453b49f5f02d810.safeframe.googlesyndication.com,0.0
expertaims.net,1.0
madridadm.com.br,1.0
www.scielo.org.co,0.0
vivotrans.vivo.com.cn,0.0
ultragranite.co.uk,1.0
catalog.app.iherb.com,0.0
aasanionline.com,1.0
cn-ctu-ali-r004.router.teamviewer.cn,0.0
dvc.edu.vn,1.0
lnijwifo.page.link,1.0
resource.rentcafe.com,0.0
156.138.254.58.sbl.spamhaus.org,0.0
97fe449180ae70442cc373746c9a0433.safeframe.googlesyndication.com,0.0
488b6c3fe231abda6a5b1116e86147f8.safeframe.googlesyndication.com,0.0
cdn4-static-cf.gotporn.com,0.0
detoyprojects.net,1.0
thanhhoangchauhotel.com,1.0
michiganwylansing.fakaza2018.website,1.0
ac64853032fe262e297d9671956251900.profile.mad51-c3.cloudfront.net,0.0
arewamirror.com.ng,1.0
90f9b87de59d44619cc9b6130f8c2a86.fp.measure.office.com,0.0
hybridproduction.hu,1.0
pic.kekenet.com,0.0
linusco.com,1.0
wts.sysu.edu.cn,0.0
pkpqnlnk.page.link,1.0
fluidpowerservicesng.com,1.0
gweouz.sequoiare.sa.com,1.0
qjkizmrs.page.link,1.0
wycieczkihurghadaimarsaalam.com,1.0
4h8amo.tdum.alibaba.com,0.0
naniwa-ginzaaward.hisaki-design.com,1.0
iota128.rtb.appier.net,0.0
obrobkacieplna.com,1.0
cityplacecigar.com,1.0
nknc.caching.oysterfloats.com,1.0
sxaiepew.page.link,1.0
w4dasvax373seyu6j3eq-f-11ff85a60-clientnsv4-s.akamaihd.net,0.0
m2play.ro,1.0
culturadireitoesociedade.com.br,1.0
pusattryout.com,1.0
72k6ns9ag2csfeizcxcbjdrs2rdh2ih6xd67oss64b7053d44500c3b6sac.d.aa.online-metrix.net,0.0
wmbejhwy.page.link,1.0
luicomercial.com.br,1.0
8f06046a43c2c5995d0576f3502935b3.safeframe.googlesyndication.com,0.0
c8fa36957cb00a5abe13d1ac42f468b9.safeframe.googlesyndication.com,0.0
erkaradyator.com.tr,1.0
woscaxez.page.link,1.0
ceriateknik.co.id,1.0
f4aeec7848cda46b7982d560ab36d3bbe3ead593.ime.galileo.baidu.com,0.0
teo2r.hitachitelevisao.sa.com,1.0
bazan.fhs.cloud,1.0
edlat.shamdi.cfd,1.0
mkat20.files.wordpress.com,0.0
mohurgpd.page.link,1.0
zhxwyxynkxzz.yiigle.com,0.0
quickeasyfinance.net,1.0
stayinoceancitymd.com,1.0
rastrapati.com,1.0
kataeno.com,1.0
ezmartlk.lk,1.0
59ab5eda6a454ad3be54ce499bc831aa.fp.measure.office.com,0.0
26.170.160.108.sbl.spamhaus.org,0.0
ccsp-newocr.sf-express.com,0.0
analytics.acgnx.se,0.0
ahorroexpress.cl,1.0
nbbwoqgv.page.link,1.0
anonymfile.com,1.0
thenordicman.com,1.0
ref.faqserv.com,1.0
223.95.112.217.sbl.spamhaus.org,0.0
hsevsazqysbxp.sysu.edu.cn,0.0
neoporter.com.br,1.0
edge-east.customer.io,0.0
kristiansandadvokatene.no,1.0
open.live.bbc.co.uk.pri.bbc.co.uk,0.0
manhwahub.net,0.0
alcodshop.ro,1.0
zj2fdlixfqz3eyu6lcla-f-464fc3bef-clientnsv4-s.akamaihd.net,0.0
adld.vizvaz.com,1.0
blackhatseoservice.com,1.0
85f534ed8696f2c96d14fcf1caa1c43b.safeframe.googlesyndication.com,0.0
254cdbd5d8324343d870d547a9ecb8eb.safeframe.googlesyndication.com,0.0
urbanwolfstudio.com,1.0
a-0.19-24098801.d980082.1838.1c44.410a.400.9d.uwa59nbtp6n8jcq6ichjnbi2ct.avqs.mcafee.com,0.0
sosprinter.com.br,1.0
w4dasvaxed4luyu7oxqq-f-252bbef9e-clientnsv4-s.akamaihd.net,0.0
emgvod.com,1.0
masinak.hu,1.0
cdn.theatlantic.com,0.0
www.hseda.com,1.0
a7798a05456d45e2b8c91013cf9c5866.fp.measure.office.com,0.0
pmcijyxjlzb.www.tendawifi.com,0.0
jyl.sync.oystergardens.club,1.0
gutfeeling.co.in,1.0
bhem.com.ng,1.0
inspira-inmobiliaria.com,1.0
aleeftrade.com,1.0
dumyat-furniture.com,1.0
ipaedia.org,1.0
83180e6a1c6fde614ef256b75a89e91b.safeframe.googlesyndication.com,0.0
orange-ecosolar.com,1.0
1ba46ed9c9225576e1772ed34e57bd94.safeframe.googlesyndication.com,0.0
claryicon.com,1.0
tma1u.viziotelevisao.sa.com,1.0
zj2fdlixfqz3eyu6k3uq-f-175953f51-clientnsv4-s.akamaihd.net,0.0
bbs.huorong.cn,0.0
miracle-mansions.com,1.0
api-0EB0F6CA-967F-4C22-87B2-186B7A251DE9.sendbird.com,0.0
puxqxrob.page.link,1.0
lanemay.com,1.0
zebisama.pk,1.0
147.104.245.54.sbl.spamhaus.org,0.0
intenseedu.com,1.0
dotted.line.pm,1.0
shoppypack.com,1.0
afe.faqserv.com,1.0
stellenboschdstvinstallation.com,1.0
171.225.241.162.sbl.spamhaus.org,0.0
136.102.1.211.sbl.spamhaus.org,0.0
simontradingrdc.com,1.0
ailegazetesi.net,1.0
c48b.templates.victoryoverdieting.com,1.0
meitiandudiangushi72165.lofter.com,0.0
ywwprnqlulwzgqp.sysu.edu.cn,0.0
meshart.org,1.0
5493tblcydgbovpeknqmtxvptqesmqs3yosft5fq9070e4819b5e9e48sac.d.aa.online-metrix.net,0.0
meeting.woa.com,0.0
jgwebdesign.com,1.0
zh.thefreedictionary.com,0.0
hiqozfnc.page.link,1.0
w4dasvaxeqh4eyu7kwuq-f-4258f81e0-clientnsv4-s.akamaihd.net,0.0
shrutratnakar.org,1.0
cbps.e-chinalife.com,0.0
trikaryaomegapersada.com,1.0
e87c96ba59bc457bbfe9d9ae9bb9213a.fp.measure.office.com,0.0
oss.allhistory.com,0.0
prestigehomeautomation.net,1.0
powerpal.app,1.0
sair.my03.com,1.0
zj2fdlixfqz5ayu6tnqa-f-ecc8d360a-clientnsv4-s.akamaihd.net,0.0
cnt.fout.jp,0.0
kitspack.com.br,1.0
pvhlqf6rkbp7.l4.adsco.re,0.0
ct1.addthis.com,0.0
adsmark.net,1.0
xxbiqudu.com,0.0
identity-carry.ess.apple.com,0.0
pbqwcovf.page.link,1.0
hamam-group.com,1.0
actapi.kuwo.cn,0.0
strongkapten.xyz,1.0
rztodvcipnf.sysu.edu.cn,0.0
hdavcii.sysu.edu.cn,0.0
doubleentry.co.in,1.0
devpassion.com.mx,1.0
ce543af71c28db99ac8939fbaf46cfda.safeframe.googlesyndication.com,0.0
minimarketivanita.com,1.0
ozaowqwk.page.link,1.0
services.nationalmap.gov,0.0
cdn.techcommunity.microsoft.com,0.0
ae5303e9af3f45418b53c93b568da6af.fp.measure.office.com,0.0
casadebill.org,1.0
gylt.jszwfw.gov.cn,0.0
gebzeweb.com.tr,1.0
bwxjsgfxsuiau.sysu.edu.cn,0.0
cpgubr.tdum.alibaba.com,0.0
kixrlsuhz.sysu.edu.cn,0.0
d2yx97y2ukjhui.cloudfront.net,0.0
awqjrflgqxjhom.sysu.edu.cn,0.0
dintisorcare.ro,1.0
the-columnist.net,1.0
h171626.srv22.test-hf.su,1.0
rhdyjqtg.page.link,1.0
rareflock.com,1.0
9ae7987133f84b04a27b20430b751e25.fp.measure.office.com,0.0
895cf7b71c39b17e744d8506eb1f4622.safeframe.googlesyndication.com,0.0
068203b91380e090e3014877f3b88641.safeframe.googlesyndication.com,0.0
rr1---sn-npoldn7z.gvt1.com,0.0
eaaqeubqaizagjqacqlzqaaaabrj6yvk-pd2n33-73dd3e2de-clienttons-s.akamaihd.net,0.0
advitdentalclinic.com,1.0
thelaundryday.com,1.0
artsbygrace.com.br,1.0
ekproducciones.com,1.0
bfpluzz.sysu.edu.cn,0.0
eloxeweb.ro,1.0
baganlaundry.com,1.0
puntoez.com,1.0
p38-fmip.icloud.com.cn,0.0
c516c2cbbe2c46b09fcefa344482f343.fp.measure.office.com,0.0
iys.scheme.corycabana.net,1.0
bioartstudio.dental,1.0
dsnvjqio.page.link,1.0
metrokita.com,1.0
www.uplooder.net,1.0
irishvetjournal.biomedcentral.com,0.0
69pdy8.tdum.alibaba.com,0.0
multiversooracular.com.br,1.0
gkjfhyllqqvpax.www.tendawifi.com,0.0
aonenetwork.com.np,1.0
bosco.co.in,1.0
zj2fdlixfqzxuyu6oq4q-f-4bb2d7c49-clientnsv4-s.akamaihd.net,0.0
nazarenoagape.com.br,1.0
vdse3.bdstatic.com,0.0
pearl-medic.com,1.0
dpmypcxcsdshwlb.sysu.edu.cn,0.0
izipay.sale,1.0
c-0.19-a7000e01.270481.170c.c6b.3ea5.210.0.ccscaiu8mt6lv2dklwzsqwc8ri.avts.mcafee.com,0.0
8c67c2874183fe350ddaf9bc6ede46dd.safeframe.googlesyndication.com,0.0
0ae07e932086aa3c5b1a52ef24616bfe.safeframe.googlesyndication.com,0.0
p215-acsegateway.icloud.com.cn,0.0
ns102.footprint.net,0.0
black-sun-a335.asyorfplmnv.workers.dev,1.0
m.iciba.com,0.0
planetsmailer.com,1.0
frooxsk.sysu.edu.cn,0.0
h171702.srv22.test-hf.su,1.0
a22043899646236deeb05233113356562.profile.dfw56-p4.cloudfront.net,0.0
ieukjuzg.page.link,1.0
teamtalentelgia.com,1.0
pvtag.yahoo.co.jp,0.0
85290dca6673c0b5853d988667d8061b.safeframe.googlesyndication.com,0.0
fujismdlights.com,1.0
travellikeme.co,1.0
m-api.ucenter.youku.com,0.0
cifdc.com,1.0
ywrylutow.sysu.edu.cn,0.0
efjdetsj.page.link,1.0
pro-steam.eu,1.0
p4-aiuuqov74ukem-6cx4anom7uf7mdlf-if-v6exp3-v4.metric.gstatic.com,0.0
adl-awh.vizvaz.com,1.0
e-volta.cl,1.0
29.newspush.eastmoney.com,0.0
lhuedswf.page.link,1.0
israrliaqat.com,1.0
karyaindahperkasa.com,1.0
otcworldmedia.com,1.0
unitedgranitepa.com,1.0
5125675.fs1.hubspotusercontent-na1.net,0.0
gzsport.edu.cn,0.0
lehner.biz,1.0
techstarter.com.ng,1.0
f6b15d116e2a799b042f491e7f289bd1.safeframe.googlesyndication.com,0.0
bac0ad8d019dad225dc6462dd65c5664.safeframe.googlesyndication.com,0.0
exsef.com,1.0
pda.104.com.tw,0.0
x8files-1251460295.file.myqcloud.com,0.0
moonzetestlab.com,1.0
api.bytebrew.io,0.0
7e0c441ecd45428e8e809b29602d4174.fp.measure.office.com,0.0
bmsacidproof.com,1.0
blank.corp.microsoft.com,0.0
mails.tjmu.edu.cn,0.0
ostec.uestc.edu.cn,0.0
0.0.0.0.1.0.0.4E.4h68eashejf49kdsu55i77afrv.avqs.mcafee.com,0.0
jaffer.co.tz,1.0
royalprimelabels.in,1.0
af0c83b95170574c76937ad62f8741d6.safeframe.googlesyndication.com,0.0
ypaafi.pessegore.sa.com,1.0
www.autostraddle.com,0.0
stat.gds.1688.com,0.0
toniguns.sysu.edu.cn,0.0
ehm.result.garrettcountygranfondo.org,1.0
uucmujgu.page.link,1.0
d8hxy.app.goo.gl,1.0
yemdtrto.page.link,1.0
vickygoestravelling.files.wordpress.com,0.0
sqacommunitybd.org,1.0
expcore.bloomingdales.com,0.0
elenlace.de,1.0
jy.synu.edu.cn,0.0
giozok.tdum.alibaba.com,0.0
9798abf51d8847e7887d2b8b28e6ca53.fp.measure.office.com,0.0
download2339.mediafire.com,1.0
appoxyk1snn2305.h5.xiaoeknow.com,0.0
r1---sn-ogul7n7d.googlevideo.com,0.0
w4dasvdimj2seyu7mfmq-f-a4a021839-clientnsv4-s.akamaihd.net,0.0
urlimg.fenbi.com,0.0
zj2fdlixfqz5ayu6ti5a-f-c45415684-clientnsv4-s.akamaihd.net,0.0
gbppqrey.page.link,1.0
t4483212773393351976.id.amgdgt.com,0.0
getesolutions.com,1.0
pgknaycz.page.link,1.0
no.sexydate.world,1.0
a889cc0661154db5b4bf56a9cce94f15.fp.measure.office.com,0.0
lfidqpxeofoqfl.sysu.edu.cn,0.0
oregonkysaltlakecity.securebuy.us,1.0
ijendbzw.page.link,1.0
amrvwp000007741.amer.pfizer.com,0.0
cocolight.co.tz,1.0
f7aaww.razercelullares.motorcycles,1.0
a-0.19-a7000801.a030082.16a8.c13.3ea5.210.0.nsb2q8c7pgmdci7ri3b15c9fdb.avts.mcafee.com,0.0
bandafourhead.com.br,1.0
tisdagskaffe.se,1.0
786510444-a89bscd2a1f76.rc03.oray.com,0.0
haps.co.mz,1.0
10pHDaYxRcIdVleAK4auC9uW_.dbl.spamhaus.org,0.0
outsideproxy-3-577978871fbc7864.elb.us-east-1.amazonaws.com,0.0
api.coursehero.com,0.0
mysea.sysu.edu.cn,0.0
yzkzixun.com,1.0
padl-fa.oiu.edu.sd,1.0
tirupatibalajipackersinnavimumbai.in,1.0
polinya-parc-agrari.com,1.0
mso.af,1.0
kwikteamsupport.com,1.0
st.kompoz2.com,0.0
myhvwwu.sysu.edu.cn,0.0
easycurrentaffairs.com,1.0
virginiawymontgomery.fakaza2018.website,1.0
thecrossingway.com,1.0
iosapk-dc-aws.s3.ap-northeast-1.amazonaws.com,0.0
installz210.duckdns.org,1.0
dvhixxlp.page.link,1.0
c-0.19-a7000081.e0481.170c.c6b.3ea5.210.0.5sts5clpmurbfdlltn7r8k3eij.avts.mcafee.com,0.0
72k6ns9a4ez2w2gz3wvpxhjfozghltlhqhc3s65ece64d9dcbdbefa56sac.d.aa.online-metrix.net,0.0
fmls.oiu.edu.sd,1.0
kycjutyk.page.link,1.0
ttizfcco.page.link,1.0
myessayhelp.com,1.0
ubcnahtrjwqy.sysu.edu.cn,0.0
wisconsinorsantafe.sydneynews24.com,1.0
35-155-82-19-pushcl.np.communication.playstation.net,0.0
protag.com.my,1.0
story2kids.com,1.0
mip.3g.yjbys.com,0.0
makglobal.in,1.0
183-6-9-84_s-23-40-197-203_ts-1654591975-clienttons-s.akamaihd.net,0.0
reeseschoolofinsurance.com,1.0
adl-as.itsaol.com,1.0
a1b78106679cc6032af0276544ece508.safeframe.googlesyndication.com,0.0
emadparibahan.com.bd,1.0
glbsaiyk.page.link,1.0
zang3.conyersdill.top,1.0
vckkbkxu.page.link,1.0
pyxqnijb.page.link,1.0
annisatransportjogja.com,1.0
git.gnome.org,0.0
users.mrl.illinois.edu,0.0
d14c349c0ac41124a0f88d88e276c8ef.safeframe.googlesyndication.com,0.0
i11.photobucket.com,0.0
zj2fdlixfqz3eyu6rabq-f-bc3deab51-clientnsv4-s.akamaihd.net,0.0
ww2db.com,0.0
www.shop.xerox.com,0.0
hqxxbjhw.page.link,1.0
danjuan.imedao.com,0.0
oebsztsk.page.link,1.0
3335158574.docs.qq.com,0.0
soon.ae,1.0
ad-cx.mrface.com,1.0
metin2sepetim.com,1.0
43f627c34c2b16137fc740b4abac77a9.safeframe.googlesyndication.com,0.0
80b0503276ffb104f45b37e4399ed0e0.safeframe.googlesyndication.com,0.0
www.vectribeagency.com,1.0
ulhwomvq.page.link,1.0
radiiacm.com,1.0
zekiguven.com.tr,1.0
carlgibslegal.com,1.0
microonline.com.au,1.0
tlab.com.tr,1.0
eaaqeubqaijeajqacql6qaaaabrj5wj3-pw3qgx-f370147da-clienttons-s.akamaihd.net,0.0
23154e541148720f04e20488f295125e.safeframe.googlesyndication.com,0.0
ezpjxgep.page.link,1.0
xacu07.baidupcs.com,0.0
irdmofiz.page.link,1.0
pzr.2023.ebeenj.com,1.0
kvwkintsocxpjq.sysu.edu.cn,0.0
maitamadh.com.ng,1.0
stocksstudy.com,1.0
annualreviews.org,0.0
zhaosheng.cqu.edu.cn,0.0
www.pilibook.net,0.0
p.workgreat19.live,0.0
zj.gov.cn,0.0
w4dasvax373ssyu6kfsa-f-f757a48be-clientnsv4-s.akamaihd.net,0.0
3.192.34.185.sbl.spamhaus.org,0.0
english.phbs.pku.edu.cn,0.0
blob.bnz10prdstr09a.store.core.windows.net,0.0
zj2fdlixfqz3eyu6tagq-f-0e8673171-clientnsv4-s.akamaihd.net,0.0
www.jipai.cc,0.0
amejan.in,1.0
eaaqeubqakbeajqacqlxqaaaabrj6lky-f-2d46f8cd7-clienttons-s.akamaihd.net,0.0
investinchina.chinadaily.com.cn,0.0
zvdsurbg.page.link,1.0
creditepentrutoti.ro,1.0
axxagrup.ro,1.0
centralfinance.com.np,1.0
dsfile.devcloud.huaweicloud.com,0.0
pakistan1.tv,1.0
gad.oiu.edu.sd,1.0
goldleaf-revenup.com,1.0
rabyte.com.ng,1.0
kefu.weibo.com,0.0
bsm.faqserv.com,1.0
tad24.ir,1.0
gouwu.youdao.com,0.0
apotek-zada.com,1.0
jpe.njc.gov.ng,1.0
bsa.faqserv.com,1.0
sdjulurg.page.link,1.0
p210-contacts.icloud.com,0.0
resetqi.com,1.0
buscgroup.com.au,1.0
patelresidency.com.pk,1.0
procurement.njc.gov.ng,1.0
massachusettscocarsoncity.everyexpat.com,1.0
khatibfoundation.ir,1.0
nazibmahfuz.com,1.0
arge.pt,1.0
imgq00c.q578.com,0.0
api.xsolla.com,0.0
gurucapitalmm.com,1.0
bzrpjkuhpgkwz.sysu.edu.cn,0.0
aafmdcqrqtpnsa.sysu.edu.cn,0.0
h171145.srv22.test-hf.su,1.0
mainstreetpartners.com.au,1.0
3a8cee39121f68cf7b23d7eaf7f11973.safeframe.googlesyndication.com,0.0
8e77d483edb64aab1704cebf6c643da4.safeframe.googlesyndication.com,0.0
static.skillshare.com,0.0
pnomsuts.page.link,1.0
svbcttd.org,1.0
wgeipbibzuglnj.sysu.edu.cn,0.0
forerunner-ds.zplan.qq.com,0.0
pineheightsystems.com.ng,1.0
sunbattery.ir,1.0
snappretail.io,1.0
daulatpropertiesltd.com,1.0
zfweqmno.page.link,1.0
harmonytradingsystem.com,1.0
gj.scu.edu.cn,0.0
jrzmwuyfrrf.sysu.edu.cn,0.0
sounak96nov.files.wordpress.com,0.0
474d9bae4a684d42a2cfa3d891b9108e.fp.measure.office.com,0.0
1et.uk,1.0
31f3c10aa4f84d5bbd2f00c3dba2ce4b.fp.measure.office.com,0.0
celinemorreparis.fr,1.0
imgv.zol.com.cn,0.0
ezfyhalb.page.link,1.0
wps.sf-express.com,0.0
game.capcom.com,0.0
lnsssgmail.sysu.edu.cn,0.0
lyamlfne.page.link,1.0
nateweise.com,1.0
scholar.google.cn,0.0
mujerimpulsaturiquezalibro.com,1.0
autolebrija.com,1.0
fiercebd.com,1.0
d2souf30ck18jq.cloudfront.net,0.0
thumbnails.texastribune.org,0.0
calidadalavista.com,1.0
w4dasvax2cgiayu7jkaa-f-36b66dc52-clientnsv4-s.akamaihd.net,0.0
videotranspondplus.3g.qq.com,0.0
homescapes.playrix.com,0.0
mdmonirul.com,1.0
srdreamit.com,1.0
outtaofficereply.files.wordpress.com,0.0
xz888.oss-cn-hangzhou.aliyuncs.com,1.0
pzuiwaglh.sysu.edu.cn,0.0
kahafoods.com,1.0
yzplzkjw.page.link,1.0
api.trace.moe,0.0
b00klng.blogspot.com,1.0
only-785382-58-249-112-39.nstool.netease.com,0.0
spsc.sudurpashchim.gov.np,1.0
gcveg6.tdum.alibaba.com,0.0
fzlqjrua.page.link,1.0
codoon-cdn-other.oss-cn-hangzhou.aliyuncs.com,0.0
clautedomex.mx,1.0
rss.time.com,0.0
cbsz.ebank.cmbchina.com,0.0
ynouguxetor.polyu.edu.hk,0.0
a1921.casalemedia.com,0.0
prosimmex.com,1.0
shivsofts.in,1.0
6c018818afe14d6eabba72d2190a4923.fp.measure.office.com,0.0
gobo10fc.top,1.0
delsafa.com,1.0
careercompanion.au,1.0
richardwalker.icu,1.0
y6jn8c31kzst3kdupxeofgssa3vpcveyl5lvaqunac76fc9a77b9ad92sac.d.aa.online-metrix.net,0.0
art.ccnu.edu.cn,0.0
pixel-a.basis.net,0.0
hl4xalqxiik5syu6x6dq-f-9a2e0ae87-clientnsv4-s.akamaihd.net,0.0
searchrecterm.kuwo.cn,0.0
creditcaretech.com,1.0
tishacnz.page.link,1.0
brknarikan.com,1.0
audia.cl,1.0
d2x1qi57v77t8z.cloudfront.net,0.0
kimandclak-ltd.com,1.0
kapuas88livescore.com,1.0
bruiserbodies.com,1.0
sbkloumijohypt.sysu.edu.cn,0.0
planex.wjg.jp,1.0
qumnsbph.page.link,1.0
29ef4bd1f3e54f5cb1a3cccf71d7c3c7.fp.measure.office.com,0.0
consultexpressly.co.uk,1.0
ebus.csot.tcl.com,0.0
lzbvrwrt.sysu.edu.cn,0.0
vldawppkkse.sysu.edu.cn,0.0
vanishwaxing.com.au,1.0
ciwzuslz.page.link,1.0
tyccwsuk.sysu.edu.cn,0.0
aviciiconstruction.com,1.0
umkbvsrz.page.link,1.0
953381114.docs.qq.com,0.0
vicarbys.com,1.0
inanyazilim.com.tr,1.0
lasaluteenelletuemani.it,1.0
qbpic.imtt.qq.com,0.0
ethiopianmiceassociation.com,1.0
youthyun.baidu.com,0.0
aygun-digital.com.bo,1.0
morenahotel.com,1.0
maaranee.co.in,1.0
nafaas2004alumni.org.ng,1.0
zh.terraria-calamity-mod.wikia.com,0.0
gbkjlzgn.page.link,1.0
l-ir.faqserv.com,1.0
expancio.us,1.0
yjszs.ecnu.edu.cn,0.0
afdomfjk.page.link,1.0
a-0.19-24091801.c920082.1838.1c44.410a.400.9d.8a5j5kzsew54t9d4mvbf12i7ui.avqs.mcafee.com,0.0
soyparaiso.com,1.0
bookabudhabitrips.com,1.0
geciindustry.fhs.cloud,1.0
mepl3daqkd.feishu.cn,0.0
2a943d7616b0074d32ab55d13d76bc3e.safeframe.googlesyndication.com,0.0
929375f3828d0f25fb205fd6c195af01.safeframe.googlesyndication.com,0.0
ndccny.com,1.0
g.yuque.com,0.0
pdwk5pyxiosmeyu6geaq-f-2022043b5-clientnsv4-s.akamaihd.net,0.0
sic.chsi.com.cn,0.0
gn-flagpoles.api.bbci.co.uk,0.0
saham.schwaldfamily.org,1.0
safebrowsing.baidu.com,0.0
259602b0623b49d88080fad6612b4287.fp.measure.office.com,0.0
nekuritebambuk.ru,1.0
appNAeDw6F25801.h5.xiaoeknow.com,0.0
8600348205034cf293e84c359e6b572c.fp.measure.office.com,0.0
emea.ocps.manage.microsoft.com,0.0
smiyltfp.page.link,1.0
ohppd.oiu.edu.sd,1.0
rank.ifeng.com,0.0
dougsboomerrants.files.wordpress.com,0.0
f1.market.mi-img.com,0.0
74624a0410684f092029ae0bb9b8656c.rdt.tfogc.com,0.0
boikpzry.page.link,1.0
sevastuglobal.com,1.0
ftnm.cloudid.coffeeonboard.com,1.0
businesslane.com.ng,1.0
yxnf4f6inill.l4.adsco.re,0.0
zj2fdjliktb6wyu6voga-f-b3a96ff98-clientnsv4-s.akamaihd.net,0.0
mnnudref.page.link,1.0
bop.demdex.net,0.0
mxxftlbr.page.link,1.0
d2c7zmf4xamfj7.cloudfront.net,0.0
east-campus-servers-cluster.buct.edu.cn,0.0
kirinosato.fc2web.com,0.0
www.lativ.com.tw,0.0
fabricacoelho.com.br,1.0
719d889d4a974d9db1aa63901b79a7ab.fp.measure.office.com,0.0
gdeir.oiu.edu.sd,1.0
35-166-238-207-pushcl.np.communication.playstation.net,0.0
prosima.com.tr,1.0
ljilpvwf.page.link,1.0
only-986562-223-104-67-98.nstool.netease.com,0.0
news.aq.house365.com,0.0
ort.stsdk.vivo.com.cn.www.tendawifi.com,0.0
lodwartvc.ac.ke,1.0
88c982107d22489cb842b88c61e9a549.fp.measure.office.com,0.0
ocean-l7.market.xiaomi.com,0.0
yxubybzz.page.link,1.0
dl.games.sina.com.cn,0.0
vod1429.aliyun06.vip.lixian.xunlei.com,0.0
rr3---sn-bpb5oxu-3c2d.googlevideo.com,0.0
galaxy3.bz.mgtv.com,0.0
9s3z27.tdum.alibaba.com,0.0
m.suning.com,0.0
sahm-as.vizvaz.com,1.0
gzv2.ys7.com,0.0
simg.duxiu.com,0.0
football.tongji.edu.cn,0.0
asaxdozx.page.link,1.0
183-6-9-84_s-184-50-26-49_ts-1654551010-clienttons-s.akamaihd.net,0.0
scientificatiles.com,1.0
sagheur.top,1.0
whitecatcorn.com,1.0
gxhd.game.yy.com,0.0
uappweb-gra.huolala.cn,0.0
isoqwcbx.page.link,1.0
uohhunkmnfhbimtagizqgwpmv.to,1.0
jwhsszywjxyihpa.www.tendawifi.com,0.0
fresadodeasfalto.com,1.0
perfectcvmaker.com,1.0
zzkocxou.page.link,1.0
retargeting.ctrip.com,0.0
6q59yl.tdum.alibaba.com,0.0
pbe-taas.lol.qq.com,0.0
a-0.19-a7000801.0.170c.d2e.3ea5.210.0.wiw5m2vg5tv1kz1r5eg28pmt6t.avts.mcafee.com,0.0
wchat37.myfreecams.com,0.0
ayturk.world,1.0
andronikidis.gr,1.0
r5---sn-hgn7yn7l.googlevideo.com,0.0
crengate.com,0.0
idegzsa.sysu.edu.cn,0.0
chadsullivan.top,1.0
emandmore.hu,1.0
micapublicitatesatumare.ro,1.0
lahigram.ir,1.0
706a9adcfac85ccb70aac422d8b890a2.safeframe.googlesyndication.com,0.0
ad75ac78e78dae523220a680a1e7f43b.safeframe.googlesyndication.com,0.0
nspropertyonline.com,1.0
h5-v.tudou.com,0.0
f48f3a78eb86b6c8a6b105453eefec59.safeframe.googlesyndication.com,0.0
d6dfc33c932c3e4d8762bd9568d4c62d.safeframe.googlesyndication.com,0.0
b9e27bfe6ecea31136951764f0ff43b9.safeframe.googlesyndication.com,0.0
p10-keyvalueservice-china.icloud.com,0.0
pjdyeylr.page.link,1.0
gccc-bd.com,1.0
axemcxatbzw.sysu.edu.cn,0.0
tgl-image-1259052923.pic.ap-guangzhou.myqcloud.com,0.0
zpsc.edu.bd,1.0
californiamosaintpaul.rokdevelopers.com,1.0
wyixpcbr.page.link,1.0
refreshmet.com,1.0
eblaguwonmir.cfd,1.0
www.beautydiamondstore.com,1.0
quiikly.com,1.0
creativeartistsagencyapac-my.sharepoint.com,1.0
umutsoydinc.com,1.0
beacon.shazam.com,0.0
t7406281460614278142.id.amgdgt.com,0.0
kaabrehman.com,1.0
dkqbvp.tdum.alibaba.com,0.0
bolhf.org,1.0
72k6ns9ad5b6k4lelzr3ixywvh2wqn7izechye653a53d14f3065b916sac.d.aa.online-metrix.net,0.0
travel2deals.com,1.0
hveer.com,1.0
420bdsstn.yc.baicuoa.com,0.0
countpvs.3g.fang.com,0.0
mailyeah.ntes53.netease.com,0.0
dale.ns.cloudflare.com,0.0
probashgomon.com,1.0
urban.pku.edu.cn,0.0
d3dqppxumrhjzg.cloudfront.net,0.0
ithbdnwt.page.link,1.0
mall.3839.com,0.0
aphgxjomb.sysu.edu.cn,0.0
vddtrnpjswg.sysu.edu.cn,0.0
meeweb.com,1.0
aandlorganics.com,1.0
xczlpcrs.page.link,1.0
1500603028.docs.qq.com,0.0
visaguide.tech,1.0
rofe.com.mx,1.0
techzero.com.br,1.0
head.fx678.com,0.0
dukaaaan.com,1.0
bqwfbole.page.link,1.0
vdpymye.sysu.edu.cn,0.0
p212-iwmb.icloud.com.cn,0.0
shoulei-ios2.rcv.sandai.net,0.0
mirtvbxp.page.link,1.0
lubwagxvbwh.sysu.edu.cn,0.0
fntest.yy.com,0.0
jvelectromech.com,1.0
friends.duolingo.cn,0.0
m.tj.zggqzp.com,0.0
g5vlg.tdum.alibaba.com,0.0
voxvocispublicus.sysu.edu.cn,0.0
dylannelson206.files.wordpress.com,0.0
nimcoworldwideexpress.com,1.0
5b217faeeb124347b62cc07c385d85cd.fp.measure.office.com,0.0
dns2.bus.sysu.edu.cn,0.0
go.algolia.com,0.0
taxitransferskeri.com,1.0
jgepsypt.page.link,1.0
pushservice.10010.com,0.0
laiaramosescort.com,1.0
rbm.faqserv.com,1.0
shankarmaharaj.com,1.0
tenetservice.it,1.0
kingdhella.com.ng,1.0
yyzh.sync.oystergardens.club,1.0
eraport.dfirma.pl,1.0
vqqmofxg.page.link,1.0
thefirstabudhabiscrap.site,1.0
wheelieschoolchile.cl,1.0
smpn12dumai.sch.id,1.0
lolcdcvmyrwlgi.sysu.edu.cn,0.0
5fa0c16adec2dacfc04f6b39d7efc211.safeframe.googlesyndication.com,0.0
b1337d82261482935c77e663c327be1e.safeframe.googlesyndication.com,0.0
tcga-data.nci.nih.gov,0.0
socialwelfare.bl.uk,0.0
mediterraneanpanorama.org,1.0
tdemperu.com,1.0
galaxygroups.net,1.0
ctimeresources.com,1.0
9dc8bdbec1ac458b8e8e628cc0e2ec6c.fp.measure.office.com,0.0
app.international.usc.edu,0.0
kjj.wuzhou.gov.cn,0.0
stm.faqserv.com,1.0
mcnazamecku.net.scms.sq1.io,1.0
tjwsgkhf.page.link,1.0
daxue.learning.sohu.com,0.0
skysafeexpress.com,1.0
xmqpj.result.garrettcountygranfondo.org,1.0
qmnyznsk.page.link,1.0
studentszone.com.pk,1.0
eranimahal.com,1.0
scgy.ustc.edu.cn,0.0
e3e076704e8645d7b0c50a923bc4ce2f.fp.measure.office.com,0.0
aatiq.com,1.0
droomsoft.com,1.0
rosceman.com,1.0
e25pp4.tdum.alibaba.com,0.0
cuc.edu.eg,1.0
apps.dongmanmanhua.cn,0.0
codepush.teams.microsoft.com,0.0
gzjdspko.page.link,1.0
su09hkag-my.sharepoint.com,0.0
404.qq.com,0.0
loginguide.pro,1.0
herbalspoon.com,1.0
xfrzmmnke.jnu.edu.cn,0.0
mhvnmaml.page.link,1.0
earthbook.co.ke,1.0
bsr.faqserv.com,1.0
chekodi.com,1.0
bookbuddy.com.pk,1.0
collinescommunications.com,1.0
qastoman.com,1.0
chiptune.com,1.0
9a5174ca1cef92a3856a0859b8ee537d601f4cf1.ime.galileo.baidu.com,0.0
p105-acsegateway.icloud.com.cn,0.0
p52-ckdevice.icloud.com,0.0
s1-cdn.hm.com,0.0
jqdcafrd.page.link,1.0
eng.stu.edu.cn,0.0
tvseriesfinale.com,0.0
f2c193196f2d61f4d7a94041ee39fb5d.safeframe.googlesyndication.com,0.0
e.huawei.com,0.0
fineloveshop.fr,1.0
www.givemevideo.com,1.0
yuehuimail.sysu.edu.cn,0.0
ysoal.com,1.0
kabirulaqib.com,1.0
1df44415394c4924b01fe6f9828bcbef.fp.measure.office.com,0.0
csa.itsaol.com,1.0
stavangeradvokaten.no,1.0
consultoraaccionpolitica.com,1.0
vovyxuje.page.link,1.0
d0bac0e91e01096ba006a1d742429465.safeframe.googlesyndication.com,0.0
lzv.sync.oystergardens.club,1.0
atozrental.cc,1.0
sinnap.com.my,1.0
d2bfe65c2ff24c468cffdec52aeb8f92.fp.measure.office.com,0.0
uts.auction.co.kr,0.0
ljzozpeti.sysu.edu.cn,0.0
guiidoo.com,1.0
ratnavalijewels.com,1.0
chun-han.net,1.0
ankarabalkanbandosu.com,1.0
downloadrezerves.ru,1.0
ohspctfvfh.sysu.edu.cn,0.0
ghost.blueecho88.com,1.0
healthcaresupport.us,1.0
alumiceptndlh.sysu.edu.cn,0.0
suvxglbh.page.link,1.0
harrisairaviation.com,1.0
eiggxxflou.sysu.edu.cn,0.0
bossajazzbrasil.com,1.0
api-js.mixpanel.com,0.0
www.shejidaren.com,0.0
llbplecoykwfut.sysu.edu.cn,0.0
apdenptjoolplws.sysu.edu.cn,0.0
r6---sn-3pm7sne7.googlevideo.com,0.0
4iptv.net,1.0
ellebraude.com.br,1.0
www.sse.sysu.edu.cn,0.0
aa79771f78342abc2150c991a86c47779.profile.fra56-p2.cloudfront.net,0.0
aryanmediasolutions.com,1.0
rr2---sn-npoeen7k.googlevideo.com,0.0
kourawin.com,1.0
mittnyahem.com,1.0
adlg.dns05.com,1.0
sdkeaervqarc.sysu.edu.cn,0.0
irhg.fartit.com,1.0
asl.mrface.com,1.0
external-media69.public.wamsm-a-6.prod.infra.webex.com,0.0
smartradx.com,1.0
ihnggkxd.page.link,1.0
medisupplywarehouse.com,1.0
0d76257419d9e36da6b89e5f7228acaf.safeframe.googlesyndication.com,0.0
31f4fb730d2d0f1704da57449a278ddf.safeframe.googlesyndication.com,0.0
panacheinteriors.co.in,1.0
dl-harmonyos.51cto.com,0.0
only-514164-223-104-67-95.nstool.netease.com,0.0
r4---sn-25ge7ns7.googlevideo.com,0.0
nowapsiindia.com,1.0
tdxl.ruc.edu.cn,0.0
lifemedicinaintegral.com,1.0
ijmyldmz.sysu.edu.cn,0.0
deviambarwati.com,1.0
karposshoes.com,1.0
global.edu.my,1.0
neguqwer.page.link,1.0
p112-fmf.icloud.com.cn,0.0
stellar-ai.sg,1.0
7cv2b3.tdum.alibaba.com,0.0
daxue.xdf.cn,0.0
kalkandigital.com,1.0
rcxq.swu.edu.cn,0.0
telemetry-in.battle.net,0.0
herbs.pk,1.0
58-249-112-44_s-23-48-214-147_ts-1654615792-clienttons-s.akamaihd.net,0.0
creditcareph.com,1.0
fd87f5ebfadd82547da55e44a8a49f55.safeframe.googlesyndication.com,0.0
3f915b3ed6034daca706d3d23f874ac0.fp.measure.office.com,0.0
dl-playblessunleashed.akamaized.net,0.0
p214-contacts.icloud.com,0.0
clicks.mail.monday.com,0.0
aih-group.com,1.0
gons16c.top,1.0
upfwjzio.page.link,1.0
4403ff9dbd26482a8ac44c105b363cc7.fp.measure.office.com,0.0
e9763e5df9124818b0ffd93ffe2eb9db.fp.measure.office.com,0.0
only-752307-117-136-12-153.nstool.netease.com,0.0
gzlvfmzy.page.link,1.0
lanecert.com,1.0
e3712146ebed0b331e62dbb6f67f528f.safeframe.googlesyndication.com,0.0
mazkjyvy.sysu.edu.cn,0.0
sdxkjqmr.page.link,1.0
taxmat.mx,1.0
wxqywgec.page.link,1.0
7.sysu.edu.cn,0.0
vjkxlqwn.page.link,1.0
apollolightings.com,1.0
wordaccordbusinesstechnology.com,1.0
s24.postimg.cc,0.0
lemedinst.com,1.0
atomm.com.br,1.0
test.uniformmarkets.com,1.0
js.commissionkings.ag,0.0
ilsrakqxpciuk.sysu.edu.cn,0.0
1753144686.docs.qq.com,0.0
aehealthcare.co.za,1.0
canconsulting.in,1.0
venuslifts.com,1.0
d36t2zgwpmr5e.cloudfront.net,0.0
tools.avast.com.akamaized.net,0.0
wiki.cn.mikecrm.com,0.0
2938e9ad89fc486fb26c30eb141c3918.fp.measure.office.com,0.0
www7.tau.ac.il,0.0
fbqbmpky.page.link,1.0
tlssupplies.com,1.0
plug-mirror.rcac.purdue.edu,0.0
dsc.faqserv.com,1.0
d4480444e8e74595af148d3c55764969.fp.measure.office.com,0.0
img.yugioh-card.com,0.0
aloestorecanarias.com,1.0
wallpaperstudio.co.in,1.0
e05520945ab4fddc6b9a38bc9f7d84be.safeframe.googlesyndication.com,0.0
fb3ad6c0b6369c0baef70fe436eaf689.safeframe.googlesyndication.com,0.0
twingalleria.com,1.0
43b64d39639548de9c4a46942c480aa1.fp.measure.office.com,0.0
e3cdb4a1281d4275903dbd26d9f5c957.fp.measure.office.com,0.0
wjuspymn.page.link,1.0
push.znds.com,0.0
static.za1lib.org,0.0
lindnerelektroanlagen.de,1.0
kaloriferbacasi.com,1.0
p51-streams.icloud.com.cn,0.0
oufeaxlf.page.link,1.0
hurricaneclaimsfl.com,1.0
globocia.com.br,1.0
nskkhyqaeqdqqgp.sysu.edu.cn,0.0
c-0.19-a7000001.8a70082.16a8.b7f.3ea5.210.0.gwf9tcvfc3749hchvb8bukmq8i.avts.mcafee.com,0.0
5789ef94c9304e249f384924259b64d6.fp.measure.office.com,0.0
stiletto-sa.com,1.0
zzk.cnblogs.com,0.0
t.researchsquare.com,0.0
72k6ns9aem2m5qew5bdtraahexjnqhjvlz4xansa25c3598f8968e6eesac.d.aa.online-metrix.net,0.0
saferelocationpackers.com,1.0
adqq.fartit.com,1.0
1eb4f6cb50faccc885b8ec2ead739f94.safeframe.googlesyndication.com,0.0
ee14ec5a68c691158abd15da824ef4bd.safeframe.googlesyndication.com,0.0
1eb2125656ec4367860b7319252a91f2.fp.measure.office.com,0.0
t3.market.mi-img.com,0.0
sahadl.fartit.com,1.0
capacitecbi.com.mx,1.0
p50-streams.icloud.com,0.0
osfyscgbictg.sysu.edu.cn,0.0
w4dasvaxhxbggyu6uutq-f-6c68e3d61-clientnsv4-s.akamaihd.net,0.0
construtoramonarka.com.br,1.0
6b0fe5bce3a069672644f65a8f50b29d.safeframe.googlesyndication.com,0.0
37fc6185a8afedb1801c4113e00857d9.safeframe.googlesyndication.com,0.0
250673abcead8eacddb8a286a1bbbc0e.safeframe.googlesyndication.com,0.0
3496869588.docs.qq.com,0.0
782hvb.tdum.alibaba.com,0.0
meyhic.com.tr,1.0
yzbm.tsinghua.edu.cn,0.0
bpmxazmw.page.link,1.0
smetrics-elsevier-com.webvpn.sysu.edu.cn,0.0
zurichauto.ae,1.0
a1370373.bnc3.mailjet.com,0.0
c-0.19-a7000489.2.16a8.c13.3ea5.210.0.adzbsjz3fbzuksri127uki2vtb.avts.mcafee.com,0.0
ibanking.stgeorge.com.au,0.0
industrialoutlook.in,1.0
cxrvohob.page.link,1.0
prodduke-my.sharepoint.com,0.0
yiw.layout.oystergardens.us,1.0
2fe0368be5d10ff29a7622f9acf9a5ea.safeframe.googlesyndication.com,0.0
w4dasvax2cgcgyu664ma-f-5bd7f1cbb-clientnsv4-s.akamaihd.net,0.0
ed.irtc.space,1.0
cahitefendi.com,1.0
t03imd.info,1.0
diffpkg.browser.qq.com,0.0
dns4.youku.com,0.0
jhkdghgfsghf.bj.bcebos.com,0.0
ismilemedical.com,1.0
arizonaakdenver.hotcrumblecompany.com,1.0
3dd48cd6bbde4c50b3a1e4393b581329.fp.measure.office.com,0.0
www.phs.sysu.edu.cn,0.0
w.html5.qq.com,0.0
vwaei8.panasonictelevisao.sa.com,1.0
dxpvp.speed.qq.com,0.0
umqtyqvh.page.link,1.0
183-6-9-81_s-23-213-230-77_ts-1654591552-clienttons-s.akamaihd.net,0.0
mqplyigz.sysu.edu.cn,0.0
esthevaskin.com.np,1.0
akla.com.pk,1.0
myprojectssydney.com.au,1.0
torremex.com.mx,1.0
ibda3-code.me,1.0
ns4-24-ap-northeast-2.ec2-rdns.amazonaws.com,0.0
adnanltd.com,1.0
rfb.ah.gov.cn,0.0
zj2fdjixhlyrsyu6ybpa-f-e5b68e0cf-clientnsv4-s.akamaihd.net,0.0
server.easysalepage.in.th,1.0
jtaviation.co,1.0
gsao-zxms.fudan.edu.cn,0.0
mediplanner-plt.com,1.0
r7---sn-ni57rn7s.gvt1.com,0.0
ogovrmtb.page.link,1.0
0fd68e617a50ad2b71a82cc19ff68e55.safeframe.googlesyndication.com,0.0
d29ad12bd08c7342d7989ab827785ca4.safeframe.googlesyndication.com,0.0
gferztyd.page.link,1.0
xenon.com.bd,1.0
p4936.webmo.fr,1.0
microtrimsltd.com.bd,1.0
associatedwindowcleaners.co.uk,1.0
navacg.net,0.0
ejxoksrvd.sysu.edu.cn,0.0
probono.6600dev.com,1.0
static-cdn.qimai.cn,0.0
238867fcdc9d4ed4baee179b949e10cf.fp.measure.office.com,0.0
jesuscolin.top,1.0
w4dasvaxh5fasyu6nkeq-pbuxbs-6a1541f72-clientnsv4-s.akamaihd.net,0.0
nzshoppingzone.com,1.0
seambest.com.ph,1.0
bkssndmiwkd.sysu.edu.cn,0.0
ptqyznvw.page.link,1.0
elbeacondigitals.com.au,1.0
axe.settings.oysterfloats.org,1.0
tabevents.in,1.0
wyomingnyprovidence.behavioralresearchers.com,1.0
1.push2.eastmoney.com,0.0
ozpeambrtjfih.sysu.edu.cn,0.0
ws32.hotjar.com,0.0
fencingequipmentepee.com,1.0
heads-fa.scdn.co,0.0
c1e4fe1c95374dc5882f73d2c6b1e178.fp.measure.office.com,0.0
d3-pr-cu-sb-ns-primary.servicebus.windows.net,0.0
sba.faqserv.com,1.0
www.esri.cao.go.jp,0.0
2d646d2816c84a56ba2d2ffc43cf31d6.fp.measure.office.com,0.0
m.doc.wendoc.com,0.0
ma63-data-sg.oss-ap-southeast-1.aliyuncs.com,0.0
helmprecision.com,1.0
nhatheptienchebinhduong.com,1.0
chingman.net,1.0
thehalfbloodprince.gallerycdn.azure.cn,0.0
juninhosilva.gallerycdn.vsassets.io,0.0
vividsalonindia.com,1.0
pclap.com.mx,1.0
mailing.educba.com,0.0
img.baidu.com,0.0
dpssojct.page.link,1.0
generalpublications.us,1.0
michal-dolowacki.pl,1.0
mxzexlog95.xyz,1.0
skkl.in,1.0
sz2tjminorshort.weixin.qq.com,0.0
institutoednatizeu.com.br,1.0
df99a9ed2506424db968344ae0ec0ab3.fp.measure.office.com,0.0
fijcvnud.page.link,1.0
africaillustriousawards.org,1.0
spirgybn.page.link,1.0
a731720a8bf4af28e0b856e8cd93e7d23.profile.bah53-c1.cloudfront.net,0.0
iran-qe.fartit.com,1.0
cn-shanghai-aliyun-cloudauth-1441444563451596.oss-cn-shanghai.aliyuncs.com,0.0
authserver.njmu.edu.cn,0.0
adamakambalaj.com.tr,1.0
media.commissionkings.ag,0.0
cetmar18.edu.mx,1.0
e-diary.me,1.0
cqubdd.metro.co.uk,0.0
8seae1.panasonictelevisao.sa.com,1.0
livepushstream.if.iqiyi.com,0.0
vrlmoverspackersmumbai.in,1.0
qim.cu.glbs.qunar.com,0.0
183-6-9-84_s-184-26-127-51_ts-1654576724-clienttons-s.akamaihd.net,0.0
amanispa.co.ke,1.0
sunlightprimary.com,1.0
bill.b2b168.com,0.0
72k6ns9a4d6yfbrhuq7nymhukiyl3ivzlw7qnudacdaf75cae14be1bdsac.d.aa.online-metrix.net,0.0
jumtnodtc.sysu.edu.cn,0.0
janadeshnews.co.in,1.0
newsnew.mix.co.ke,1.0
portalvisualizacionseguro.southafricanorth.cloudapp.azure.com,1.0
paul-kenny.com,1.0
myrescue.ke,1.0
lkj.co.in,1.0
lookmyvc.com,1.0
news.walkerplus.com,0.0
yoursafetymattershs.com,1.0
image01.realme.net,0.0
lkdmbbew.page.link,1.0
adlg-aa.fartit.com,1.0
a.c-0.19-a7000081.c890082.16a8.b69.3ea5.210.0.fhb292keabjs9jhcdk1hnqs9ei.avts.mcafee.com,0.0
aller.com.ar,1.0
d34ea093efc479c30fac3da5c8347370.rdt.tfogc.com,0.0
www.hellofont.cn,0.0
smsfunny.ir,1.0
gjreport.58.com,0.0
miaoxin.tmall.com,0.0
a600bb206a88a5843c41ae642915a1fd.safeframe.googlesyndication.com,0.0
datafeeds.symantec.com,0.0
algarin.com.mx,1.0
aegjuabaqa.sysu.edu.cn,0.0
8ta8t.sharpcelullares.quest,1.0
82expa.tdum.alibaba.com,0.0
core.airbridge.io,0.0
triplepromise.org,1.0
fb90f209525c4d6096a2e2d7c977578d.fp.measure.office.com,0.0
ashwithaatech.com,1.0
thebeechesgarage.co.uk,1.0
zj2fdlixfqzxuyu6mo5a-f-d716bf4dd-clientnsv4-s.akamaihd.net,0.0
peppersion.com.sg,1.0
pmazmjcl.page.link,1.0
sahamlj.fartit.com,1.0
elpallets.com,1.0
guide.renren.com,0.0
xro.result.garrettcountygranfondo.org,1.0
ads.exoclick.com,0.0
www.mailgun.com,0.0
activation.healthline.com,0.0
tebarose.com,1.0
naapteht.page.link,1.0
mallikarjunautomobiles.com,1.0
statik.tempo.co,0.0
hotweazel.com,1.0
zbzcjlrhyxtben.www.tendawifi.com,0.0
jzpkhrqi.page.link,1.0
golamsoroar.com,1.0
spbinan.com,1.0
lnuoc.mooc.chaoxing.com,0.0
wjxkbiu.sysu.edu.cn,0.0
idsaperu.com,1.0
tphwcvng.page.link,1.0
raziya.co.ke,1.0
zen.topteamlife.com,1.0
haotian.baidu.com,0.0
caumail.com,1.0
932eb6bc517d4759a52d4d1760b03475.fp.measure.office.com,0.0
cg.qdu.edu.cn,0.0
thekandnsway.pk,1.0
stringlightscuracao.com,1.0
realtynoida.com,1.0
ayk-pvp136.mo.konami.net,0.0
askaindo.com,1.0
realestateimpact.us,1.0
nkuzfugg.page.link,1.0
w4dasvfyd4ameyu6vq3q-f-895fdeab4-clientnsv4-s.akamaihd.net,0.0
siasonline.store,1.0
ggjaw.caching.oysterfloats.com,1.0
arfaktech.my.id,1.0
landmarkgroup.com.pk,1.0
walkinglate.com,1.0
carsiidp.swu.edu.cn,0.0
tilda.cc,0.0
ashokd.com.np,1.0
fiahsina.page.link,1.0
0250e40af58f05e49f5a71f6cef80f95.safeframe.googlesyndication.com,0.0
akpoazaagroup.com,1.0
girocopterobrasil.com.br,1.0
stream.youdao.com,0.0
l97mz86pfqakgzcd.mikecrm.com,0.0
afzalelectronics.com.pk,1.0
parencyivf.com,1.0
nmg.cltt.org,0.0
11354067.fls.doubleclick.net,0.0
villadsen4x4.dk,1.0
biharanmnursing.com,1.0
limpopocitrus.co.za,1.0
opzvzlktwsr.sysu.edu.cn,0.0
w4dasvfygjme6yu6y4sq-f-dd3bfbe99-clientnsv4-s.akamaihd.net,0.0
athith.sa,1.0
hrsphr.com,1.0
a2uefr.sequoiare.sa.com,1.0
nepalonlinepatrika.com.np,1.0
6f2c712c79be4ee3bc6b5f0fc2e42748.fp.measure.office.com,0.0
parentpipelineproject.org,1.0
etiquetaspiura.com,1.0
southcarolinawiharrisburg.plantid.us,1.0
gullybowser.lk,1.0
rscqmptz.page.link,1.0
eswcntcf.page.link,1.0
qualityuniversity.org,1.0
maps.google.ie,0.0
deepusoman.com,1.0
iptvstre.com,1.0
sapiens-services.com,1.0
spaceframe.mobi.space-frame.co.za,1.0
vffykx8m1a.feishu.cn,0.0
cubezllc.com,1.0
vkhaicpk.page.link,1.0
4c333b260477f9830524b028ca751302.safeframe.googlesyndication.com,0.0
04072d4299addd49c09eb65ec1f63324.safeframe.googlesyndication.com,0.0
0ac8a19167736efbdfc43d2b8c0d0c3f.safeframe.googlesyndication.com,0.0
www.hktdc.com,0.0
docbd.yunxuetang.cn,0.0
phx-mvp.trafficmanager.net,0.0
userprofile.mina.mi.com,0.0
mm-app123.oss-cn-shanghai.aliyuncs.com,0.0
bepvugiang.vn,1.0
thekingsocial.com.ng,1.0
amc-fc.net,1.0
4iwq40.tdum.alibaba.com,0.0
conceptloop.net,1.0
42b59ca4a6e59dcfb8633469ee2befed.safeframe.googlesyndication.com,0.0
thegryphonsden.ca,1.0
feritins.com,1.0
qnsdmwifirzx.sysu.edu.cn,0.0
zrbismcv.page.link,1.0
zj2fdlixfqz3eyu6tcha-f-41deda892-clientnsv4-s.akamaihd.net,0.0
chandakchai.com,1.0
link1.lanecrawford.com,0.0
eliteeducationalinstitute.org,1.0
ishare.esnai.com,0.0
cyberi.org,1.0
p16-buy.itunes.apple.com,0.0
wisconsinvalansing.h2msbrand.com,1.0
rtvpanel.com,1.0
bigbenintegraciones.com,1.0
40c19b2d780ff606a244a579e4d88b62.dlied1.cdntips.net,0.0
greencraftbags.in,1.0
e13838b1ea888471e6c5f2153977001a.safeframe.googlesyndication.com,0.0
aispeech.vivo.com.cn,0.0
kevinpharmachem.com,1.0
speed.neu.edu.cn,0.0
fanyiegg.youdao.com,0.0
p4-gspb2b46r7z66-heg3z6fccl4iri3y-if-v6exp3-v4.metric.gstatic.com,0.0
dkmlswao.page.link,1.0
writingproject.fas.harvard.edu,0.0
konyanakliyatambari.com,1.0
maienmhdjtxz.sysu.edu.cn,0.0
zxisohkxcev.sysu.edu.cn,0.0
wau.settings.oysterfloats.org,1.0
queenbbridals.ng,1.0
pekotomotiv.com,1.0
waiuqc.carvalhosa.sa.com,1.0
p106-iwmb.icloud.com.cn,0.0
unikrobot.com,1.0
hnoauth-login.cloud.hihonor.com,0.0
smartliving.com.ec,1.0
fasahatechdutse.com,1.0
salantrollc.com,1.0
777821c416321bf8e01cce775978797a.safeframe.googlesyndication.com,0.0
login-cnki-net.webvpn.jxust.edu.cn,0.0
dokterkulitkelaminbogor.com,1.0
BzzJjzSnS1-Cya.dbl.spamhaus.org,0.0
hitsturbo.com,1.0
b4f36237962b4d83be0cd8c58fe1ae63.fp.measure.office.com,0.0
kf-sarl.net,1.0
nebfvvlw.page.link,1.0
rclrt.ro,1.0
epzwymjwkgboigw.sysu.edu.cn,0.0
jngh.result.garrettcountygranfondo.org,1.0
bunssmyp.page.link,1.0
26835d2bfacd5f0f7bfa58f8b0def765.safeframe.googlesyndication.com,0.0
bcd3998f4434122bed94c1b11a90cd8f.safeframe.googlesyndication.com,0.0
owvmjgqp.page.link,1.0
sahaqm.itsaol.com,1.0
tvshow.sysu.edu.cn,0.0
0d7b0a355cc64ec5801070a38f5449bb.fp.measure.office.com,0.0
nadalostelecom.com.ng,1.0
dvgtjbr.sysu.edu.cn,0.0
newworkspace-ssr8039.slack.com,0.0
pm03-mserver.evergrande.com,0.0
optogenetics2016.csp.escience.cn,0.0
textbin.net,1.0
hadfs.com,1.0
only-254420-193-233-253-45.nstool.netease.com,0.0
markokarolahair.com,1.0
kaakkai.in,1.0
lqfrdupk.page.link,1.0
progiarte.com.br,1.0
20b900e44e82442ab4f766fe79a3b464.fp.measure.office.com,0.0
a3clik.co.uk,1.0
pandr.pandroutsourcing.com,1.0
csn.faqserv.com,1.0
rottingertamiri.com,1.0
cadnextbd.com,1.0
a2529.casalemedia.com,0.0
etanb.com,1.0
giyahgostar.com,1.0
progressiveconcrete.com.au,1.0
schuitemaker.twentepc.nl,1.0
textart.nonhoff.info,1.0
losdatos.de,1.0
link.email.newbalance.com,0.0
vfnlpfrl.page.link,1.0
iowawydenver.mendisglobal.com,1.0
qhimagje.page.link,1.0
tasmanrevival.com,1.0
marasm.shop,1.0
vscojfvl.page.link,1.0
eb99e664f18cef7be5ad7383d5fb313d.safeframe.googlesyndication.com,0.0
acookie.alibaba.com,0.0
xcsykjaf.page.link,1.0
838618cf05e449db9560a456b6a007d2.fp.measure.office.com,0.0
7928fb.tdum.alibaba.com,0.0
yescargosaudi.in,1.0
cqpoguuy.page.link,1.0
erp.fastgas.co.ke,1.0
zm-web-data.oss-cn-hangzhou.aliyuncs.com,0.0
pve.proxmox.com,0.0
rec.ebis.ne.jp,0.0
zj2fdjliktb6wyu6vodq-f-67022a179-clientnsv4-s.akamaihd.net,0.0
memphisexpresseg.com,1.0
sibcomputer.ru,1.0
ctherbal.com,1.0
arantestecnologia.com.br,1.0
karsons.com.pk,1.0
dates-king.com,1.0
calis-aic.cau.edu.cn,0.0
ogryvkyv.page.link,1.0
alpha-gather.jd.com,0.0
gobo30cl.top,1.0
83026fe836ba52a1f7862adbbf39ce89.safeframe.googlesyndication.com,0.0
docs.rs,0.0
radiichina-com.cdn.ampproject.org,0.0
xfd4qw.sn.files.1drv.com,0.0
isynbio.siat.ac.cn,0.0
ltxvqxaw.page.link,1.0
fengxiaohui.66law.cn,0.0
aviangas.co.ke,1.0
ccr.edu.pe,1.0
fs12n5.sendspace.com,1.0
geneqo.co.ke,1.0
elmedico-edu.com,1.0
5dd70fe9e6ff4c95a8e3da42960b5c69.fp.measure.office.com,0.0
oaapp.yy.com,0.0
039a2f39b22a4dfa9039fc4e9c79049b.fp.measure.office.com,0.0
open-lq.toutiao.com,0.0
risingpips.com,1.0
matrujayurveda.in,1.0
202-116-81-171_s-23-211-136-17_ts-1654585853-clienttons-s.akamaihd.net,0.0
gons32cl.top,1.0
354f8d9b62740ba4c38107dec14ecec7.safeframe.googlesyndication.com,0.0
250bdecef432c4e6bf6811ede283a418.safeframe.googlesyndication.com,0.0
arkansasmshartford.multimtl.com,1.0
grocerycorridor.com,1.0
yziqrcij.page.link,1.0
start-group.online,1.0
hashsbucket.com,1.0
mdp.amap.com,0.0
metodabls.pl,1.0
quieressermisocio.com,1.0
bus-config.cdn.bcebos.com,0.0
da139957602148c3bd808698e83c1332.fp.measure.office.com,0.0
bxjuslpk.sysu.edu.cn,0.0
tfdko3okrs.duckdns.org,1.0
bikroygadget.xyz,1.0
df5d4jwnweadp.cloudfront.net,0.0
fbsolution.org,1.0
stats.mt.com,0.0
villanutrifarma.com.br,1.0
britishpropolisberkah.com,1.0
rlwpqloe.page.link,1.0
878462fac4b1a3e9866ea3f56a66bcfa.safeframe.googlesyndication.com,0.0
082d1c11f452b860265b641b25f7bb8d.safeframe.googlesyndication.com,0.0
synchronousdigital.com,1.0
bbs.qstheory.cn,0.0
1uis8.acercelullares.quest,1.0
atvbhdhf.page.link,1.0
zj2fdlixfqz3eyu6pjja-f-75720a824-clientnsv4-s.akamaihd.net,0.0
popmail.sysu.edu.cn,0.0
mwdipxlf.page.link,1.0
eachday.com,1.0
passionacademy.edu.et,1.0
phpformgen.sourceforge.net,0.0
p4-aghiqr7c6a7gs-sbdx7bdxv6awx7ae-if-v6exp3-v4.metric.gstatic.com,0.0
imagebengalnews.com,1.0
llqqoboqfwlj.sysu.edu.cn,0.0
532b5a158a2326d7eab7edd962895c43.safeframe.googlesyndication.com,0.0
olympicdocs.com,1.0
g27382b00-lp1.s.n.srv.nintendo.net,0.0
fucsiaboutique.com,1.0
dxekw.baiducom.randyandtheresa.com,0.0
adommroso.org,1.0
zdkxqoju.sysu.edu.cn,0.0
engenhariaiguacu.com.br,1.0
sukhdpth.page.link,1.0
bujor.md,1.0
xgw.novelty.akibacreative.com,1.0
jobvortex.com,1.0
librarians.aps.org,0.0
9b1563bf725d26e5616ec47dd869cde1549ef8719792bc82.dlied1.cdntips.net,0.0
df-1251835817.cos.ap-shanghai.myqcloud.com,0.0
tvwerk.info,1.0
diginetworks.online,1.0
72k6ns9aezj4fkqt5z2dlha7gfgumhiq4dsu4bzi25460a2156960bfesac.d.aa.online-metrix.net,0.0
dtpuallmkcls.sysu.edu.cn,0.0
app-marker.bato.to,0.0
pro.m.jd.com,0.0
acs.h.alibaba.com,0.0
duplicatesites.co.za,1.0
aquagreen.com.pk,1.0
saslinah.page.link,1.0
aesupport.weixin.qq.com,0.0
3070.store,1.0
gobelconstruction.com,1.0
mentran450.xyz,1.0
cm4-lhr1.cm.steampowered.com,0.0
tcgnwoxr.page.link,1.0
cornerbakeryrestaurant.net,1.0
ip219408796.ahcdn.com,0.0
dns.nsysu.edu.tw,0.0
images-cdn.shimo.im,0.0
pimpmypooch.ie,1.0
staqssecurity.com,1.0
vanessazhangphotography.files.wordpress.com,0.0
quickschool.net,1.0
www.pythonanywhere.com,0.0
aqiuylre.page.link,1.0
help.tennessean.com,0.0
s1.mi-img.com,0.0
next-dgx1-01.d2.comp.nus.edu.sg,0.0
hbblhslbm.sysu.edu.cn,0.0
dpecalgerie.com,1.0
35decfee3a2f926b3777d964ef9c88a5.safeframe.googlesyndication.com,0.0
zglcsyyxzz.yiigle.com,0.0
w4dasvfm5awkayu63m3q-f-1820e719c-clientnsv4-s.akamaihd.net,0.0
www.fontfabric.com,0.0
gmu.fanya.chaoxing.com,0.0
a.c-0.19-24093081.c9d0083.1838.1c44.410a.400.9d.e3zgl5rfu7deuq4dcw1q3abtc6.avqs.mcafee.com,0.0
metcrafteng.com,1.0
p215-imap.mail.icloud.com.cn,0.0
image9.360doc.com,0.0
browser.gwdang.com,0.0
p66-ckdevice.icloud.com.cn,0.0
72k6ns9auj5a2dhxbdypwegf2djwg4dcdptwgrca34cc7f581b192d17sac.d.aa.online-metrix.net,0.0
d14050726e23b14fc136a569c0ab9801.safeframe.googlesyndication.com,0.0
llvqaqgqgrbn.sysu.edu.cn,0.0
amazonaws.cn,0.0
kvhhzlzjpaeo.sysu.edu.cn,0.0
ucmedicinegroup.zoom.us,0.0
actshoplocal.com,1.0
maizzbala.com,1.0
1q0n4q.tdum.alibaba.com,0.0
xkgudhawkwbro.sysu.edu.cn,0.0
19f9e9c548a51db52d5cf9befa94aa8d.safeframe.googlesyndication.com,0.0
c98299879fb69b45aa3e7a958bdd3b88.safeframe.googlesyndication.com,0.0
telemas.cl,1.0
bobrelease.sysu.edu.cn,0.0
nfagzivp.page.link,1.0
bkhaccess.yangshipin.cn,0.0
playfairltd.info,1.0
14f2ac75b1e14e5b9d303f9cfa8fe03b.fp.measure.office.com,0.0
7a19f19fd70f2fa42745a485f6b97120.safeframe.googlesyndication.com,0.0
e861690693957d0e0fbe12781dacc593.safeframe.googlesyndication.com,0.0
sierrafoodcorp.com,1.0
edohsama.sysu.edu.cn,0.0
a-0.19-a7000011.c050082.170c.c6b.3ea5.210.0.eqhvuesbwhccncgag5nz89p9kq.avts.mcafee.com,0.0
www.gjs.sysu.edu.cn,0.0
bakertilly.co.bw,1.0
5pej2d.tdum.alibaba.com,0.0
usc.liaisoncas.com,0.0
zj2fdlixfqzxuyu6pyjq-f-54752d12b-clientnsv4-s.akamaihd.net,0.0
orgsapi.com,1.0
static.chaoxing.com,0.0
businesslocallondon.co.uk,1.0
allon4dentalimplants.org,1.0
tennesseescholars.org,1.0
apcospeb.page.link,1.0
josi.settings.oysterfloats.org,1.0
002c2db7452b9d5ac30ca4a72c333f70.safeframe.googlesyndication.com,0.0
4e49b628ee794034aa55623b6575699e.fp.measure.office.com,0.0
http.sysu.edu.cn,0.0
nd.lifepointspanel.com,0.0
slxy.shiep.edu.cn,0.0
ssj.fartit.com,1.0
www.gaydudesfucking.com,0.0
limdubyverssu.sysu.edu.cn,0.0
neuropraxisrehab.com,1.0
smc.faqserv.com,1.0
windowswps.oss-cn-hongkong.aliyuncs.com,1.0
bxydqxjpaos.sysu.edu.cn,0.0
corporatelawsector.us,1.0
virtualhumans.mpi-inf.mpg.de,0.0
unitelexperts.com,1.0
ripuvnsupz.sysu.edu.cn,0.0
6ef650f9b3e6783317906742f6b998f7.safeframe.googlesyndication.com,0.0
export.themeruby.com,0.0
kakee.pro,1.0
72k6ns9aotl2bqap7lqe2fhz4axurq5umhprx6ohba1eec43c02f2334sac.d.aa.online-metrix.net,0.0
bgferyrt.page.link,1.0
sticker.apps.oppomobile.com,0.0
wlgknormal.ecnu.edu.cn,0.0
vormod.com,1.0
www.labnol.org,0.0
kongosafaris.com,1.0
zvqcoocqxkxnq.sysu.edu.cn,0.0
italianpipemakers.com,1.0
9f2c373a78e263e4d30b0b080157f6e0.safeframe.googlesyndication.com,0.0
0781cd97394fa4df46bfd3acbd6ac239.safeframe.googlesyndication.com,0.0
patientscare.online,1.0
leyfcahd.page.link,1.0
zamned17.xyz,1.0
mortgage-tech.ca,1.0
www.zjol.com.cn,0.0
hostigram.xyz,1.0
haikuo.lanzoui.com,0.0
APAC.amer.pfizer.com,0.0
tts.ys7.com,0.0
techcaresolutions.org,1.0
mazolaepi.com.br,1.0
spazioestile.com,1.0
stremdubai.com,1.0
upwps.qiniu.com,0.0
timeline.iqiyi.com,0.0
laplayosa.gob.ar,1.0
sysprodata.com,1.0
dc773e3yplvbs.cloudfront.net,0.0
idassiaa.com,1.0
uppqhsoiwxzogo.sysu.edu.cn,0.0
avgeekinsider.com,1.0
lzldnxxohn.sysu.edu.cn,0.0
jambismart.com,1.0
brasmastergrupo.online,1.0
fstream3.binance.com,0.0
newparts.com.tr,1.0
shenzhen.8684.cn,0.0
taebjuaehjh.sysu.edu.cn,0.0
adlirtq.mrface.com,1.0
bb03070e988e437f86ba595994cf29dd.fp.measure.office.com,0.0
95080cebbd104d77bda93a68c5540e59.fp.measure.office.com,0.0
pennsylvaniaokmontpelier.vismanarkan.com,1.0
supergaywedding.com,1.0
737626030.docs.qq.com,0.0
c-0.19-a7000489.2.16a8.b69.3ea5.210.0.1vt93mfzm1dacnrwci2nqa6r85.avts.mcafee.com,0.0
zackscrm.com,1.0
e6a3b0d7d4414247b2795755370c4b57.fp.measure.office.com,0.0
downloayxkemam.sbs,1.0
a4838.casalemedia.com,0.0
pdwk5xtiksysoyu7odwa-f-6ba5ea273-clientnsv4-s.akamaihd.net,0.0
mouwazaf.sysu.edu.cn,0.0
icbi.co.in,1.0
brandscompanion.co.ke,1.0
crpuzxngxrrzl.sysu.edu.cn,0.0
boutiquecharlotteetzebulon.sysu.edu.cn,0.0
medtraxcourierservices.com,1.0
cogitarepsicoterapia.com.br,1.0
journal.lixin.edu.cn,0.0
a332e0363027fe4926d39bcb0134ac70.dlied1.cdntips.net,0.0
jinjadiocese.com,1.0
flash.uchicago.edu,0.0
img.konami.com,0.0
admissionletters.khu.ac.ke,1.0
www.prada.com,0.0
smokvap.fr,1.0
sqs.us-east-1.amazonaws.com,0.0
www.chinesezh.sysu.edu.cn,0.0
ddzfsoie.sysu.edu.cn,0.0
sagorbanik.com,1.0
hbr.console.aliyun.com,0.0
gw-pchnry-media05.cg.163.com,0.0
rabinsld.com.np,1.0
mibautizo.net,1.0
parasempreflores.store,1.0
tungna.com,1.0
kyouray.sysu.edu.cn,0.0
a.c-0.19-a7000081.c8b0082.16a8.b69.3ea5.210.0.u3gt5cjufe4bbhkwhagdflcrlb.avts.mcafee.com,0.0
hypeplumbing.com.au,1.0
ed.saeara.rest,1.0
xuyentri.com,1.0
ayvigilkg.sysu.edu.cn,0.0
tepor.it,1.0
bw39file.oss-accelerate.aliyuncs.com,1.0
b6ea39a467d94e3395710faa88bffa8e.fp.measure.office.com,0.0
sherpaexpeditiontrekking.com,1.0
gymsolution.net,1.0
diclegrup.org,1.0
app.cgl.co.id,1.0
askrobot.africa,1.0
183-6-9-84_s-23-199-47-132_ts-1654547222-clienttons-s.akamaihd.net,0.0
auto.cankaoxiaoxi.com,0.0
viralbuzzcafe.com,1.0
codepostalpro.com,1.0
karelotocam.com.tr,1.0
www.nhl.com,0.0
f6320556672f48108de706f8a735bc3e.fp.measure.office.com,0.0
newmexicokysalem.plantid.us,1.0
bngdyn.com,0.0
socket-message.zhixi.com,0.0
agatino.net,1.0
h171706.srv22.test-hf.su,1.0
v.stnye.cc,0.0
SG-SGP-ANX-R005.teamviewer.com,0.0
675536fe6ab548208de98765e2f58918.fp.measure.office.com,0.0
wsn-04.escapefromtarkov.com,0.0
avionmarine.com,1.0
www.wsws.org,0.0
a678450a2d19400b829df1e57a131f83.fp.measure.office.com,0.0
skillerszone.com,1.0
erkascozgu.com,1.0
alhashim-ac.com,1.0
stjohnsbd.com,1.0
adfilms.lk,1.0
geoip.svc.nvidia.com,0.0
wisconsinmicolumbia.stylebyemilyj.com,1.0
inzumbej.page.link,1.0
gjmvjjgy.page.link,1.0
img.kd.youth.cn,0.0
truckslele.com,1.0
dambbel.ir,1.0
silus.com.mx,1.0
titan-fitness.com,1.0
171a76a4aa5aa3e3e255669cc29893e6.dlied1.cdntips.net,0.0
portal.www.sysu.edu.cn,0.0
lxveylls.page.link,1.0
tbgvietnam.com,1.0
e6.whatsapp.net,0.0
budapestmorgen.hu,1.0
marcomexterior.com,1.0
a8678895fe614a3f9dbc0b3cde74037f.fp.measure.office.com,0.0
dedetizadoraresolv.com.br,1.0
laboratorygulfinchemicalsolutions.com,1.0
yjsfw.zjnu.edu.cn,0.0
795723-android-ds.metric.gstatic.com,0.0
nextgenlead.org,1.0
www.theblendygame.com,1.0
thehumanitarianfund.org,1.0
cehangola.com,1.0
eniacit.com,1.0
gea-atmo-system-c5dcd47ff-qmtl2.sysu.edu.cn,0.0
aaehqjcg.page.link,1.0
hfhcapitalmanagement.com,1.0
pollodacsa.com,1.0
lycosnutrients.com.ng,1.0
59bf7dc2d86a4827b4470bb6919f6450.fp.measure.office.com,0.0
phoenicia-mtc.com,1.0
183-6-9-101_s-23-63-243-153_ts-1654602638-clienttons-s.akamaihd.net,0.0
w4dasvaxij5gayu6ohsq-f-f6fbe909d-clientnsv4-s.akamaihd.net,0.0
w4dasvcfydneuyu7mjsq-f-493dc9f96-clientnsv4-s.akamaihd.net,0.0
cyclone.veta.naver.com,0.0
133011338.docs.qq.com,0.0
lunarchemplast.com,1.0
w4dasryxggboqyu7iifa-f-faf1b1624-clientnsv4-s.akamaihd.net,0.0
6c56fe1eb580456f9eaabb7015dafab4.fp.measure.office.com,0.0
scontent-cdt1-1.cdninstagram.com,0.0
brandthetics.com.ng,1.0
w4dasvdimj2seyu6746a-f-c44b323c2-clientnsv4-s.akamaihd.net,0.0
vogelhaus-gestaltung.de,1.0
outside.ecnu.edu.cn,0.0
waxbill.co.tz,1.0
panchsheelbioagritech.com,1.0
triple-o.pt,1.0
7470e3cda713f3827f904c920ed0d749.dlied1.cdntips.net,0.0
wxapi-pre.jdpay.com,0.0
hoxtonparktowingservices.com.au,1.0
6916d51baf734a7e91f49e46276107a6.fp.measure.office.com,0.0
2298826340.docs.qq.com,0.0
ns2.worldstream.com,0.0
hn18sz-feapp.lol.qq.com,0.0
static.cz01.cn,1.0
aalamilk.com,1.0
38.14.26.104.sbl.spamhaus.org,0.0
w4dasvfydplqsyu7choa-f-ec11a982d-clientnsv4-s.akamaihd.net,0.0
34-214-116-176-pushcl.np.communication.playstation.net,0.0
juno.ihep.cas.cn,0.0
jilmondeconsulting.com,1.0
cdn.g5e.com,0.0
arantan.sysu.edu.cn,0.0
malc.sa,1.0
0b947ffd67e14964b3583ce134ef2cf7.fp.measure.office.com,0.0
adl-c.my03.com,1.0
72k6ns9as55qv3qvi6cmqsmyulsrnycx4lttadfyb579c544ec3bda07sac.d.aa.online-metrix.net,0.0
e-0.19-b3000091.30580.1900.2882.2f4a.210.0.cgadhmg27g5cvv58ub6kdw4cd6.avqs.mcafee.com,0.0
9qbbna.tdum.alibaba.com,0.0
zj2fdlixfqz3eyu6n7da-f-fc586b4d0-clientnsv4-s.akamaihd.net,0.0
fmnofqinrs.sysu.edu.cn,0.0
only-159701-112-96-70-174.nstool.netease.com,0.0
silvertribebyajewels.com,1.0
testmjroza1.sysu.edu.cn,0.0
esdgroup.in,1.0
19.push2his.eastmoney.com,0.0
qptsprmklfvtpo.sysu.edu.cn,0.0
w4dasvaxfdy2syu7k6da-f-999ffd1a2-clientnsv4-s.akamaihd.net,0.0
faheemakhterinternationalllc.com,1.0
nerve.untergrund.net,1.0
login.cbc.ca,0.0
a0cc081b5075fc0883cfcf98becf998fd.profile.ord56-p2.cloudfront.net,0.0
sadrate.mom,1.0
crosspointeada.com,1.0
4c7ace8b68bb4fb7b1eb137ba8da844a.fp.measure.office.com,0.0
fowykrhj.page.link,1.0
dedblp.tdum.alibaba.com,0.0
99.49.108.113.sbl.spamhaus.org,0.0
c5224d5d5825473aba353b9d4f1e7235.fp.measure.office.com,0.0
anyerdeliv.com,1.0
yopko.com.tr,1.0
shodo.cosavostra.com,1.0
mpeer-web.jd.com,0.0
ws.im.jiguang.cn,0.0
paramountfiresafety.com,1.0
w4dasvaxfpylayu6fd6a-f-6ebb75c61-clientnsv4-s.akamaihd.net,0.0
breederexports.com,1.0
api.mikanani.me,0.0
bimmodeling.net,1.0
ns2.c12753.sgvps.net,0.0
kulasid.com,1.0
enweb-zy.seewo.com,0.0
ulpyx.result.garrettcountygranfondo.org,1.0
lilgrowshop.cl,1.0
3bikvt.tdum.alibaba.com,0.0
t.oversea.cnki.net.fafu.vpn358.com,0.0
skmtest.era.edu.my,1.0
w4dasvax2cgcgyu7nmsa-f-2a58de7d5-clientnsv4-s.akamaihd.net,0.0
kaverisconsulting.com,1.0
dreepa.africa,1.0
yvdxodea.page.link,1.0
ip.njupt.edu.cn,0.0
soundbible.com,0.0
gsetikie.page.link,1.0
ossnt-errlog.umeng.com,0.0
nationalsurveysearch.com,1.0
intellectproactive.com,1.0
t3893814340778401260.id.amgdgt.com,0.0
data.melbourne.vic.gov.au,0.0
omeltd.com,1.0
hfd.com.tr,1.0
medicalxpress.com,0.0
members.bonusbomber.com,1.0
detgqlbx.page.link,1.0
herchinfitout.com.sg,1.0
w4dasvgm5xt5iyu7bzqq-f-2a39ee030-clientnsv4-s.akamaihd.net,0.0
marx.xjtu.edu.cn,0.0
cahhmkyw.page.link,1.0
qqrzioas.page.link,1.0
liderdekorasyon.com,1.0
cn3gofile.re.cs.quickconnect.to,0.0
8wqbx0.tdum.alibaba.com,0.0
tv.gog.cn,0.0
jsicpl.com,1.0
aee38c221163280eb18caad38871bf080.profile.bom51-c2.cloudfront.net,0.0
popularbebs.sysu.edu.cn,0.0
raph2afoods.com,1.0
137.97.114.188.sbl.spamhaus.org,0.0
adelaidebathrepairs.com.au,1.0
homedecortag.com,1.0
acitcollege.com,1.0
3pg5v.tdum.alibaba.com,0.0
br.xhamster.com,0.0
seixaavnntw.sysu.edu.cn,0.0
rujeiqox.sysu.edu.cn,0.0
infaccocr.com,1.0
quraninsoul.com,1.0
tes.faqserv.com,1.0
nevadawilittlerock.blissfulbeautyartllc.com,1.0
katsusienna.online,1.0
roedrlrd.page.link,1.0
dns-2nxm6ixy9.sombrero.yahoo.net,0.0
849b92eb2b7f49cfae0409b794645c57.fp.measure.office.com,0.0
hdviwzmp.page.link,1.0
cdn-image.gtflixtv.com,0.0
colegiosanbenigno.cl,1.0
zd.hwxnet.com,0.0
gfs262n348.userstorage.mega.co.nz,0.0
falconseat.com,1.0
lfpuhxsk.page.link,1.0
ent.ifeng.com,0.0
p36-streams-china.icloud.com,0.0
dangban.tongji.edu.cn,0.0
tommartin.sysu.edu.cn,0.0
q81w36d.baiducom.vqu4698.com,0.0
wishes247.in,1.0
crecemas.pe,1.0
193.sysu.edu.cn,0.0
uimx.result.garrettcountygranfondo.org,1.0
lgtecnologia.co,1.0
onegalstoronto.files.wordpress.com,0.0
invoice-ua.taobao.com,0.0
zulreformas.es,1.0
ebtmtehn.page.link,1.0
yz.nwafu.edu.cn,0.0
oirgiaea.tendawifi.com,0.0
wgemsgcr.page.link,1.0
188.213.67.172.sbl.spamhaus.org,0.0
android.xxsy.net,0.0
b5843a64c81c46f99473929e3a56a38e.fp.measure.office.com,0.0
p30-escrowproxy.icloud.com.cn,0.0
2906542.fls.doubleclick.net,0.0
siscontconsorcio.com,1.0
w-t2449372309720783265.id.amgdgt.com,0.0
only-706393-58-249-112-77.nstool.netease.com,0.0
146.248.11.106.sbl.spamhaus.org,0.0
zagent2455.hola.org,0.0
appwjeaxhvz6976.h5.xiaoeknow.com,0.0
enfantfoundation.com,1.0
adq.dns05.com,1.0
25.203.217.52.sbl.spamhaus.org,0.0
183-6-9-84_s-184-50-26-40_ts-1654551767-clienttons-s.akamaihd.net,0.0
hnrozpdkptz.sysu.edu.cn,0.0
1.5.2.134.sbl.spamhaus.org,0.0
955fe3989cc3497b9ae3dbd9265573b0.fp.measure.office.com,0.0
c8b50390245743919ef14cfd79266aff.fp.measure.office.com,0.0
demofunnel.co.uk,1.0
download2340.mediafire.com,1.0
onursondaj.com,1.0
adfs.mrface.com,1.0
www.proquest.com,0.0
zj2fdlixfqz3eyu6msza-f-3ac919cda-clientnsv4-s.akamaihd.net,0.0
doinik.xyz,1.0
graduateschool.camden.rutgers.edu,0.0
www.sepri.csg.cn,0.0
a29-139607392.cluster29.canvas-user-content.com,0.0
coinmarketcap.com,0.0
fjzuvetb.www.tendawifi.com,0.0
vitorcorrea.com,1.0
fxgsxfyqp.sysu.edu.cn,0.0
22.176.67.172.sbl.spamhaus.org,0.0
ogaki-asobanight.com,1.0
p27-ckdatabase.icloud.com.cn,0.0
10870841.collect.igodigital.com,0.0
yqvgfbwe.page.link,1.0
sgligjmq.page.link,1.0
meeczktx.page.link,1.0
9a6aba462b0044fd842e305dba1ac900.fp.measure.office.com,0.0
uarwdqcc.page.link,1.0
bhhsc.com,1.0
kwelectronics.com.au,1.0
download2298.mediafire.com,1.0
mymusclemagic.com,1.0
drpf-g66.proxima.nie.netease.com,0.0
0m.sysu.edu.cn,0.0
mcmabjurkudx.sysu.edu.cn,0.0
lfmaqvwr.page.link,1.0
sh.sufe.edu.cn,0.0
compan.oss-cn-hongkong.aliyuncs.com,1.0
alwassataimmo.com,1.0
printtechbd.com,1.0
usjmh.2023.ebeenj.com,1.0
m.meituan.com,0.0
kneeansweras.com,0.0
zbcoufps.page.link,1.0
dkivratj.page.link,1.0
gxsearch.club,1.0
ntesdmltjnaicvq.sysu.edu.cn,0.0
simplywhatsapp.com,1.0
alj.ed.sa,1.0
education.huaweicloud.com,0.0
elite-security.uk,1.0
sigonpstik.sysu.edu.cn,0.0
57.128.219.52.sbl.spamhaus.org,0.0
d0fcc1ba79d94f9bbed223320c08b04b.fp.measure.office.com,0.0
onualituyrs.org,1.0
lpcjmhaq.page.link,1.0
dy.soso.com,0.0
sydconenterprises.com,1.0
uga.suffolk.edu,0.0
med-care.co,1.0
eeuzkhth.page.link,1.0
rmvh.result.garrettcountygranfondo.org,1.0
adl-gg.mrface.com,1.0
p4-ew2tt7zdcdvk6-mqak66l76sdbnldl-if-v6exp3-v4.metric.gstatic.com,0.0
1bf4cf8e15d8b5c0a3a3c38138f973f0.safeframe.googlesyndication.com,0.0
izmirdekoltukyikama.com,1.0
23isback.us,1.0
mtstribakti.sch.id,1.0
feeds.appinn.com,0.0
africaninsectprotein.com,1.0
bri-shel.co.za,1.0
bofkzwua.page.link,1.0
mscapitalguru.com,1.0
jaczfcqhcbswv.sysu.edu.cn,0.0
hub.qpyou.cn,0.0
alphamgt.com.ng,1.0
f7ecb65c60f4428eae2ef977af5351f3.fp.measure.office.com,0.0
a-0.19-a7000081.c0d0081.16a8.b69.3ea5.200.0.ppfcshh5scnwvla8jgbttlnb8q.avts.mcafee.com,0.0
6a144dc8cd615b2e070939fe75059bb4.safeframe.googlesyndication.com,0.0
cdn.diplomatie.gouv.fr,0.0
9f768b7c7cbc35ea2a2af96f7978ece8.safeframe.googlesyndication.com,0.0
6d8c50a2aa89c7620435792f300eee13.safeframe.googlesyndication.com,0.0
bbc83fed8c37cbc11820abb8c53a6bd6.safeframe.googlesyndication.com,0.0
2920b44824490d738d7588052a42222e.safeframe.googlesyndication.com,0.0
67202cbc4f90ce329e72f764ed477468.safeframe.googlesyndication.com,0.0
9165cf1c46d07bee90023f2538bab074.safeframe.googlesyndication.com,0.0
fd27b0c5878d744473900efafd064c43.safeframe.googlesyndication.com,0.0
ae0ebe8bebcdef50e1fac5ba9f81035f.safeframe.googlesyndication.com,0.0
b9bd28943a35c446e3a9867c983554de.safeframe.googlesyndication.com,0.0
75989cbf557acad4bede8f0d7fd6fc2f.safeframe.googlesyndication.com,0.0
e19d691182e4e5b9baaddbbbfd4c5422.safeframe.googlesyndication.com,0.0
vvv.layout.oystergardens.us,1.0
2a7af2c7f49c5d431357e3923247cf73.safeframe.googlesyndication.com,0.0
4d62c928526a637c106cc9d8161d6000.safeframe.googlesyndication.com,0.0
c0f10cb0b26a1a8e1164eca844d02dbb.safeframe.googlesyndication.com,0.0
2ad111193974e0bce7d1e9f4df2b2263.safeframe.googlesyndication.com,0.0
58050109ce21a0727a9b564be1aac795.safeframe.googlesyndication.com,0.0
4f307f0d4e66abe3ab6b00cf770d9c0f.safeframe.googlesyndication.com,0.0
dd068479dcc5857b0e3004ffa880d351.safeframe.googlesyndication.com,0.0
3ccfc4d7ba928112f83fd950d290d8af.safeframe.googlesyndication.com,0.0
b4f3f6e964a2c0e1ed4da8fafe7e8b22.safeframe.googlesyndication.com,0.0
fb5af766ffbaf5331e92992dc44e87ab.safeframe.googlesyndication.com,0.0
351ae973aa41d70ddd9904106166b185.safeframe.googlesyndication.com,0.0
dd2e3153795d5ce3c8e1a9940b6ce371.safeframe.googlesyndication.com,0.0
bf35c05483ebe8d1c1088d495d7a3006.safeframe.googlesyndication.com,0.0
wpxucvhh.page.link,1.0
72k6ns9ak7sgsv2kt46vqfxla3jnzdg5wls2g2c23e70d2cff7d5a759sac.d.aa.online-metrix.net,0.0
edalatsod-ir.tk,1.0
hasfzyam.page.link,1.0
pkaqdbok.page.link,1.0
second-know.cdn.bcebos.com,0.0
hrms.dif.co.id,1.0
www.lasikofmichigan.com,1.0
koguygeentgvi.sysu.edu.cn,0.0
moscklkyyxuerk.sysu.edu.cn,0.0
psp-news.org,1.0
sust365.sharepoint.cn,0.0
southdotuw.com,1.0
mvl3luxuij3q.n4.adsco.re,0.0
consent.truste.com,0.0
sattamatka-no.com,1.0
auroraeusse.com,1.0
sparespace.in,1.0
tcnlspvm.page.link,1.0
herbalhills.pk,1.0
uguyrpgu.page.link,1.0
ziwatti.ac.ke,1.0
p109-content.icloud.com,0.0
gftczjyw.page.link,1.0
cya.baicizhan.com,0.0
0eba5a87a3cda9e90451d02a17e252112b9fb6f5de62d1f8.dlied1.cdntips.net,0.0
2ca55b939954b390d196fc6335c7b35f.safeframe.googlesyndication.com,0.0
1st.ge,1.0
vnaloivq.page.link,1.0
futuredge.co.ke,1.0
dhjtledy.page.link,1.0
m.tadu.com,0.0
dmc.dns05.com,1.0
external-media38.public.wamsm-a-6.prod.infra.webex.com,0.0
uscltd.com.pk,1.0
s01.appmifile.com,0.0
only-66979-58-249-112-69.nstool.netease.com,0.0
b2bsync.taobao.com,0.0
auralhearingcare.com,1.0
gw.ug.1688.com,0.0
senmedia-events.co.ke,1.0
www.fmvz.unam.mx,0.0
ferrecondorla44.com,1.0
travelwithmanta.co.za,1.0
hotelofficeewn.blogspot.com,1.0
cotacaoloovi.com.br,1.0
9130818b08c94536945545d7a20d5d5e.fp.measure.office.com,0.0
72k6ns9ausbjihq4walbqs2l3b37pobovozk5ebi9591c6e1aa3b7f34sac.d.aa.online-metrix.net,0.0
clientscape.co.in,1.0
xycxjlzs.page.link,1.0
centuriondstvinstallation.com,1.0
omalworldwide.com,1.0
behavior-collection.cn-shanghai.log.aliyuncs.com,0.0
mhlb.layout.oystergardens.us,1.0
delibirdc.i56.taobao.com,0.0
90.193.197.209.sbl.spamhaus.org,0.0
8eed6366d095186e6dd134c777113ff39855be2ee82ea43c.dlied1.cdntips.net,0.0
prafbgjv.page.link,1.0
1164224807.docs.qq.com,0.0
mejhgncs.page.link,1.0
apicn.ldmnq.com,0.0
lintasnetwork.net,1.0
9fc6980202ec30a05a633e21f6891827.safeframe.googlesyndication.com,0.0
w4dasvfygoo5iyu66koq-f-56d221893-clientnsv4-s.akamaihd.net,0.0
eaaqeubqairkajqacql6qaaaabrj56uw-p0b2en-72c1faf5c-clienttons-s.akamaihd.net,0.0
nazifafashion.com,1.0
cefwmdor.page.link,1.0
bttgn.com,1.0
ywgjxyms.page.link,1.0
rsgis.whu.edu.cn,0.0
theracksys.com,1.0
scoutsjalisco.org,1.0
cabschoolo-my.sharepoint.com,0.0
thatnextstepafrica.org,1.0
tengfeidn.com,1.0
ns2.hans.hosteurope.de,0.0
fa16462b838349ca15b84d9359cb435f.safeframe.googlesyndication.com,0.0
manglagroup.in,1.0
only-812326-223-104-1-249.nstool.netease.com,0.0
emgers.pe,1.0
gn-web-assets.api.bbc.com,0.0
oqmqiakn.page.link,1.0
media4.caiyun.feixin.10086.cn,0.0
dehandreatarot.online,1.0
cinperu.org,1.0
img1.waitsun.com,0.0
elsafeer.travel,1.0
cloudk.click,1.0
xprvcfmy.page.link,1.0
bca6a43d9179409e9cd431e3048a4ebf.fp.measure.office.com,0.0
healthcareprofessionals.ca,1.0
luly728.home.news.cn,0.0
a4f8079f6a8e45b66d978ec3ed5e12ec3.profile.nrt12-c5.cloudfront.net,0.0
jw.graduate.sysu.edu.cn,0.0
outin-5e311df938a111ec9df100163e12ac16.oss-cn-shenzhen.aliyuncs.com,0.0
iee.sysu.edu.cn,0.0
jamesshullcustomstairs.com,1.0
aeudxxjb.page.link,1.0
992943d4c8094a3da2b5ce3945c76c0d.fp.measure.office.com,0.0
application-form.ca,1.0
shells.nesco-alkes.com,1.0
www.xiaomai5.com,0.0
knoxwestern.com,1.0
wing.edu.my,1.0
www.graduate.sysu.edu.cn,0.0
9c1c7d19f6ec8bb3303603ecd64e4b77.safeframe.googlesyndication.com,0.0
e97rid.tdum.alibaba.com,0.0
18.155.23.14.sbl.spamhaus.org,0.0
sacomp.com.mk,1.0
oceanicservices.in,1.0
e.buaa.edu.cn,0.0
web-api.okjike.com,0.0
photosuite.in,1.0
mxaqenkh.page.link,1.0
acount.pchouse.com.cn,0.0
kplanet-ext.oss-cn-beijing.aliyuncs.com,0.0
rbdlsby.sysu.edu.cn,0.0
fejxjeek.page.link,1.0
bw89file.oss-accelerate.aliyuncs.com,1.0
kxbeahzc.page.link,1.0
bdkrwojlahpid.sysu.edu.cn,0.0
pbt1920.files.wordpress.com,0.0
mylivewallpapers.b-cdn.net,0.0
mrngtcliva.sysu.edu.cn,0.0
clyeducation.com,1.0
etharrelief.org,1.0
hostyfly.com,1.0
hrpg.sync.oystergardens.club,1.0
67.151.225.13.sbl.spamhaus.org,0.0
acd0181f53c84d9262f3a1c7ac3a910f7.profile.yvr50-c1.cloudfront.net,0.0
myikigai.hu,1.0
tecnologiesline.com,1.0
alasrindustries.com,1.0
b1f5466f48fb8619c206b8e10d22c7c8.safeframe.googlesyndication.com,0.0
activerbd.com,1.0
d275ulocoqb183.cloudfront.net,0.0
nero.wsbc.warwick.ac.uk,0.0
snngxwvmik.sysu.edu.cn,0.0
mixologa.com,1.0
wdgjixdn.page.link,1.0
gepvkdgq.page.link,1.0
ns4.hn.chinamobile.com,0.0
secure-iphone-xml.booking.com,0.0
wordlife.in,1.0
akinzemin.com,1.0
stdown.dinju.com,1.0
eodkijuu.page.link,1.0
shangetu6.map.bdimg.com,0.0
nexccjttus.sysu.edu.cn,0.0
pepetoys.co,1.0
seansassenrath.gallerycdn.azure.cn,0.0
alaskaalconcord.credito800.com,1.0
72k6ns9akjb4as6jevuug6gs45qgehf7uzywvmp4be87e0304edcd357sac.d.aa.online-metrix.net,0.0
rr2---sn-a5mlrnez.googlevideo.com,0.0
meconta.digital,1.0
portviewcityhotel.com,1.0
androidlog.cn-hangzhou.sls.aliyuncs.com,0.0
twintrick.com,1.0
addfddd4868a9942fe42d64fb6b28aaf9.profile.cph50-c1.cloudfront.net,0.0
150ab3690ee14949804cb919bfb2129f.fp.measure.office.com,0.0
canalesparga.cl,1.0
accident.lv,1.0
detectportal.firefox.com,0.0
srirgroup.in,1.0
a5ad7eeb7e7acb8fbb48765ea7c16051f.profile.nrt57-p1.cloudfront.net,0.0
appygrfqvuq5891.h5.xiaoeknow.com,0.0
congareeegroupsc.com,1.0
dhjnmffh.sysu.edu.cn,0.0
84f7b8470f7a430292f4f3c6b84eb93e.fp.measure.office.com,0.0
mqzgidbm.page.link,1.0
baipin-external-display.bj.bcebos.com,0.0
hey-video-1251524319.cos.ap-shanghai.myqcloud.com,0.0
roncluv.com,1.0
oxstduqfv.sysu.edu.cn,0.0
gsslofxh.page.link,1.0
88b688d62e7db909fec3c83ecb2fcf88.safeframe.googlesyndication.com,0.0
0.0.0.0.1.0.0.4E.dztvdcb7euul5i3q5tceha1zub.avqs.mcafee.com,0.0
dol.sah.com.pk,1.0
trekhighnepal.com,1.0
morajtravel.com,1.0
w4dasvaxfdy2syu6z4da-f-9c32f543f-clientnsv4-s.akamaihd.net,0.0
b05061d503607dffb8cdf8a2c91c238c.dlied1.cdntips.net,0.0
corpzuniga.com,1.0
zj2fdlixfqz3eyu6qtza-f-2f8761573-clientnsv4-s.akamaihd.net,0.0
okgpywldstbux.sysu.edu.cn,0.0
BRWD80F995BF2A3.sysu.edu.cn,0.0
hjktkzoe.page.link,1.0
www.xxxsthebagsxxx.mywire.org,1.0
british-shorthair.es,1.0
apollo2.dl.playstation.net,0.0
kidneychronicles.in,1.0
facturial.es,1.0
c108c40bf8a28d1bbc785c329fd4a920.safeframe.googlesyndication.com,0.0
iniofer.com,1.0
finance.hnr.cn,0.0
api.cms.cztv.com,0.0
wpad.uni-wuerzburg.de,0.0
sukava.com,1.0
campus.weixiao.qq.com,0.0
rc10-fc08.oray.com,0.0
isamu.co.tz,1.0
adliran.duia.ro,1.0
keenanholding.com,1.0
cehoca.co,1.0
0cf3ccd1efa9417b827eb6132431fabd.fp.measure.office.com,0.0
yedyed.tn,1.0
hia-aiml.com,1.0
aeeipytnlbz.sysu.edu.cn,0.0
zljyrpwg.page.link,1.0
img.cinemablend.com,0.0
w4dasvax2cgcgyu7obsq-f-388e090d6-clientnsv4-s.akamaihd.net,0.0
360coffeemaker.com,1.0
kzypakgj.page.link,1.0
media.discordapp.net,1.0
zj2fdlixfqz3eyu6lc6a-f-81a712def-clientnsv4-s.akamaihd.net,0.0
qaafdesign.com.sa,1.0
blank.ey.com,0.0
gunjancabindia.com,1.0
phylab.nenu.edu.cn,0.0
w4dasvdimj2seyu7mcta-f-48808258d-clientnsv4-s.akamaihd.net,0.0
ussgfjdi.page.link,1.0
babzenata.ma,1.0
vinatora.com,1.0
www.fly63.com,0.0
elblogdelingles.sysu.edu.cn,0.0
adl-qps.fartit.com,1.0
lotrtldn.sysu.edu.cn,0.0
careersit.co.za,1.0
surplz.com,1.0
pt44s.com,1.0
sheepangroup.com,1.0
emba.hit.edu.cn,0.0
static.shangri-la.com,0.0
static.enlisted.net,0.0
harmonyworldtech.com,1.0
gsewvbgz.page.link,1.0
saf.faqserv.com,1.0
members.sina.com.cn,0.0
wkdqzqzgdso.sysu.edu.cn,0.0
accounts.ft.com,0.0
achave.es,1.0
infolombok.net,1.0
rnskabcm.page.link,1.0
maryamhospital.org,1.0
zqhoalvp.page.link,1.0
tkk.2023.ebeenj.com,1.0
eaaqeubqajchajqacqlxqaaaabrj6ylb-f-db0eaffa1-clienttons-s.akamaihd.net,0.0
plane.chinagames.net,0.0
fastupload.io,1.0
92i432.tdum.alibaba.com,0.0
onlineandon.com,1.0
xueshu1.80599.net,0.0
myekisan.com,1.0
www.avrfreaks.net,0.0
85edd474607742328b17ed71fb956964.fp.measure.office.com,0.0
kanipajooh.ir,1.0
qsptmejr.page.link,1.0
uscreditfixers.com,1.0
3442725624.docs.qq.com,0.0
oitmnlbh.page.link,1.0
hotelseansand.com,1.0
zhuxianjuqing93283.lofter.com,0.0
081a7abe4bee5fb49750025ed1babe99.safeframe.googlesyndication.com,0.0
www.critlcalriver.com,1.0
www.gxigroup.com,1.0
a496a83a833e8098cf000b8f2ee490f77.profile.nrt51-c2.cloudfront.net,0.0
dl.getchu.com,0.0
fastdubairepair.com,1.0
jhinstitute.com,1.0
news.rambler.ru,0.0
7e3c12e7918742e3ab8840fc1a9b1b52.fp.measure.office.com,0.0
cjh-house.cdn.bcebos.com,0.0
talhaislam.com,1.0
search.windows.microsoft.com,0.0
saham-gh.faqserv.com,1.0
adl-irna.fartit.com,1.0
tc.icnsh.pro,1.0
dzt.hr,1.0
tch952452.tch.quora.com,0.0
otpa.settings.oysterfloats.org,1.0
kayehtrb.page.link,1.0
kamigame.jp,0.0
NPIE8625A.umd.edu,0.0
comediantes.org,1.0
jawaitsolutions.com,1.0
image100.360doc.com,0.0
goodhealth.fitness,1.0
adlks.fartit.com,1.0
522ed3c7981bba54f832c8370145595b.safeframe.googlesyndication.com,0.0
ebb2e21767fbecb9743a862fb4436a16.safeframe.googlesyndication.com,0.0
florotek.com,1.0
tea.whu.edu.cn,0.0
GPhRR_dZlwQzcb9z9JuGSRcak5zLgU.dbl.spamhaus.org,0.0
vnzicaaf.page.link,1.0
zjbdrmse.page.link,1.0
ssnkfbotdj.sysu.edu.cn,0.0
a180b89c999c4536a88de7f0ce30f73a.fp.measure.office.com,0.0
bravemc.info,1.0
thieuhoa.com.vn,1.0
nmkutiyomy.sysu.edu.cn,0.0
www.agies.org,1.0
yingu.coding.net,0.0
pdwk5uixhjkvayu7cpaa-poj7ba-8d4d0a7b2-clientnsv4-s.akamaihd.net,0.0
m3ntalz.net,1.0
xympfvhi.tendawifi.com,0.0
oqyupsli.page.link,1.0
download.jumpw.com,0.0
chengdu06522.11467.com,0.0
02696dae1dd04342a12c103b97361351.fp.measure.office.com,0.0
pr.getchu.com,0.0
indexinfo.cdn.bcebos.com,0.0
b-0.19-a7000809.10081.16a8.c13.3ea5.210.0.9swtbl5l2j8ibpj5bkzbgc4j4q.avts.mcafee.com,0.0
aakashfertilitycentre.in,1.0
thiago-medeiros.com,1.0
fishkeeping.com,1.0
only-858232-112-97-63-39.nstool.netease.com,0.0
709862671.docs.qq.com,0.0
yashoda.brandwizz.in,1.0
powerexfire.com,1.0
gentzhull.co.uk,1.0
apns-api.kdanmobile.com,0.0
www.bidartrepuestos.com,1.0
zhiyuan.edu.sina.com.cn,0.0
241.203.217.52.sbl.spamhaus.org,0.0
discourse.ros.org,0.0
fbe601354e2247a6859ba8041df481d6.fp.measure.office.com,0.0
yxehuwru.page.link,1.0
web.uri.edu,0.0
dl67.yunpan.360.cn,0.0
gqpwqfuivgxelj.www.tendawifi.com,0.0
7.73.67.172.sbl.spamhaus.org,0.0
solazone.ph,1.0
jeenbjhctbza.www.tendawifi.com,0.0
kyrqarzr.page.link,1.0
w4dasvaxfdy2syu65fxq-f-115034641-clientnsv4-s.akamaihd.net,0.0
kaooriginal.com,1.0
zhangyuhan.coding.net,0.0
robottaeducation.com,1.0
alaskaflboise.heliuswax.com,1.0
bierner.gallery.vsassets.io,0.0
cw-sycdn.kuwo.cn,0.0
adl-irm.fartit.com,1.0
zj2fdlixfqzxuyu6ua6a-f-9543f83c2-clientnsv4-s.akamaihd.net,0.0
r-0.19-20000000.800.170c.d2c.3ea5.214.0.gbq6vumpz4cnj75u9jriqe933i.avts.mcafee.com,0.0
71.164.210.18.sbl.spamhaus.org,0.0
img.fam-ad.com,0.0
80.206.21.72.sbl.spamhaus.org,0.0
odax.ci,1.0
skdigitalmediaa.com,1.0
dcb6907b4674444ba6f48af90eb857d7.fp.measure.office.com,0.0
1f065d35bdb2c4f8a5b1ed4e5f34f1be.safeframe.googlesyndication.com,0.0
irhsh.faqserv.com,1.0
rr3---sn-i3belnl6.googlevideo.com,0.0
railway.tongji.edu.cn,0.0
64c71d58d57b45b5aacf7d58d68f4bf8.fp.measure.office.com,0.0
ohringenieria.net,1.0
badgeglow.com,1.0
adllhs.itsaol.com,1.0
old-releases.ubuntu.com,0.0
skmuhibbahraya.net,1.0
cr-p1.ladsp.com,0.0
tastequery.com,1.0
csc.m.kuaishou.com,0.0
d2mrbrl85k1st6.cloudfront.net,0.0
ns389251.ovh.net,0.0
252.66.34.117.sbl.spamhaus.org,0.0
erpsolutions.asia,1.0
dualstack-mpsapi.amap.com,0.0
zpxx9kasaadw.n4.adsco.re,0.0
dcnetwork.in,1.0
only-731907-223-104-63-66.nstool.netease.com,0.0
9w5v3i.tdum.alibaba.com,0.0
dom.daf.free.fr,1.0
kejriwalyojana.com,1.0
78ff08c97e451399ceccb9d9a2246234.safeframe.googlesyndication.com,0.0
ksxcowon.page.link,1.0
lixingminlvshi.66law.cn,0.0
element5.mx,1.0
smmpanelwallah.online,1.0
a101edaf4ecec82871687de9f401d75ea.profile.bom50-c1.cloudfront.net,0.0
boonsiewdesign.com,1.0
yojanaindia.co.in,1.0
efoimoov.sysu.edu.cn,0.0
3f7a5ddc684d975b7d3c910ef940a91a.safeframe.googlesyndication.com,0.0
i207.photobucket.com,0.0
propertyshopofthecarolinas.com,1.0
avature.net,0.0
nebo.prismic.io,0.0
b955c94fe31048f2b38bb6a6744af6c2.fp.measure.office.com,0.0
tdm.faqserv.com,1.0
2405083432.docs.qq.com,0.0
339de4dd6a87c113ab571956eb4c248c.safeframe.googlesyndication.com,0.0
79c7dcccf0685c462b2d5f3d6816256d.safeframe.googlesyndication.com,0.0
metrowestcorporation.com,1.0
lroxsobbnpy.sysu.edu.cn,0.0
saluteindia.in,1.0
qwtlkqfl.page.link,1.0
w4dasvgm5xt5iyu7cnea-f-c06c94285-clientnsv4-s.akamaihd.net,0.0
eachonefeedone.org,1.0
nkjxhawr.page.link,1.0
thenextafricanchefs.com,1.0
faq.library.upenn.edu,0.0
magazine.enterprise.co.uk,0.0
cinecreativofilmschool.com,1.0
8dda495f4b9369babaa5-5a2ddc523de0fa402602d66c923dc49b.r71.cf1.rackcdn.com,0.0
wb25f.oss-accelerate.aliyuncs.com,1.0
ed.sahamiru.hair,1.0
emprotel.net.bo,1.0
35-160-146-56-pushcl.np.communication.playstation.net,0.0
ws126-dx.netease.com,0.0
18b0ba9cb08fc67ca531ad21dbd255a9.safeframe.googlesyndication.com,0.0
41e4142c9deae17b581525e55d07ce1b.safeframe.googlesyndication.com,0.0
dcd0c4e1ebad9b02c38eee8efc1d4789.safeframe.googlesyndication.com,0.0
rosysgroup.com,1.0
e0efa6e3edfb49688e371d4b42139ec3.fp.measure.office.com,0.0
vcsp.ifeng.com,0.0
bohncugx.page.link,1.0
rr3---sn-i3b7knzs.googlevideo.com,0.0
wheatfieldsmu.lofter.com,0.0
adb.qq.com,0.0
talkbali.com,1.0
miracle-mgmt.com,1.0
tcdbjftr.page.link,1.0
nahitahukuk.com,1.0
zato.or.tz,1.0
gvxsaowr.sysu.edu.cn,0.0
ptlogin2.y.qq.com,0.0
9d7db20c8f25428783b126c79f7eca7f.fp.measure.office.com,0.0
adir.faqserv.com,1.0
defendamazon.org,1.0
cache.dga.jp,0.0
shopnochurarooftop.com,1.0
p209-escrowproxy.icloud.com.cn,0.0
m.v.dxsbb.com,0.0
gons34cl.top,1.0
synagoguecityministries.org,1.0
supereconomias.com,1.0
dmjzaycl.page.link,1.0
kolu.novelty.akibacreative.com,1.0
abrfitness.com,1.0
frey2.com,1.0
w4dasvax373ssyu6j37q-f-a5baebb25-clientnsv4-s.akamaihd.net,0.0
kilongainvestment.com,1.0
pbjxbvps.page.link,1.0
ecad2.cebbank.com,0.0
montanasdspringfield.sugartreegardens.com,1.0
itruuoavyj.sysu.edu.cn,0.0
lzvxqcnn.page.link,1.0
9.158.16.199.sbl.spamhaus.org,0.0
whqtrdnwe.sysu.edu.cn,0.0
galandskiyher4.com,1.0
5ux8ysej2l.execute-api.us-east-1.amazonaws.com,0.0
blog.marketresearch.com,0.0
aestheticscc.com,1.0
d33be0e29f510e8c4ae100af6937665c.safeframe.googlesyndication.com,0.0
vukltrxo.page.link,1.0
chapterconstruction.com,1.0
tosundokum.com,1.0
yule.dndndh.com,0.0
kyeqovnf.page.link,1.0
www.hnticai.com,0.0
kwc0w2swkhofmytkto7zud7uydsu81654591081.nuid.imrworldwide.com,0.0
7keuet.haiertelevisao.sa.com,1.0
125.24.169.185.sbl.spamhaus.org,0.0
hifi2007reviews.com,1.0
touch.travel.sct.glbs.qunar.com,0.0
www.hollywoodreporter.com,0.0
xycy-file.zhaopin.com,0.0
56cf6044b93450c33f40eda515132cdd.safeframe.googlesyndication.com,0.0
onelink-basic-app.onelink.me,0.0
atndelnorte.mx,1.0
iran-hz.mrface.com,1.0
imkimqvr.page.link,1.0
newsnarayan.com,1.0
qjhbfnqo.page.link,1.0
08a00f1a969990de42d4713a88c5c60b.dlied1.cdntips.net,0.0
rxmedicos.in,1.0
42.134.159.162.sbl.spamhaus.org,0.0
static.livescore.com,0.0
g.youxi369.com,0.0
uc-file.airdroid.com,0.0
fuelrescue.ie,1.0
nsdvzzkp.page.link,1.0
rr2---sn-aigl6n7s.googlevideo.com,0.0
lobggtre.page.link,1.0
6c757b5269f0435e81510c021c6ce281.fp.measure.office.com,0.0
sayeman.com,1.0
wap.xbiquge.la,0.0
music.suda.edu.cn,0.0
www.blackmvgo.cc,1.0
suvbvtbkfr.sysu.edu.cn,0.0
oceanprezentow.pl,1.0
5gmcsip03.hdb.rcs.chinamobile.com,0.0
adl-xxc.vizvaz.com,1.0
restsdk.amap.com,0.0
120-236-174-240_s-23-48-201-33_ts-1654605565-clienttons-s.akamaihd.net,0.0
12bffeda04f77535937a9d43b6acc577.safeframe.googlesyndication.com,0.0
e6194ffcd57dcade05a8eb392355d5f8.safeframe.googlesyndication.com,0.0
vwigohqbagrnirq.sysu.edu.cn,0.0
ingematchile.cl,1.0
p109-escrowproxy-china.icloud.com,0.0
wfolkvaqydhdb.www.tendawifi.com,0.0
ufznmkapo.www.tendawifi.com,0.0
caldav.163.com,0.0
u78dctxzc6ed.s4.adsco.re,0.0
chiphiduhoc.com,1.0
www.ist.sysu.edu.cn,0.0
pzbvizaibatute.sysu.edu.cn,0.0
transfacsaltsoluciport.francecentral.cloudapp.azure.com,1.0
ingoroyayezunyirimpuhweruhango.org,1.0
b6.office.cmbchina.com,0.0
adl.isasecret.com,1.0
agroinsumoslameseta.com.co,1.0
photos.fleetmon.com,0.0
d11aq2m0u2xbd0.cloudfront.net,0.0
pic.news.sohu.com,0.0
vpnfortres.online,1.0
redcocoonpottery.com,1.0
toneladas.sysu.edu.cn,0.0
banglara.com,1.0
vkvd18.mycdn.me,0.0
nail.sysu.edu.cn,0.0
zj2fdlixfqzxuyu6kjra-f-3ce099b1e-clientnsv4-s.akamaihd.net,0.0
b477cd5f66c146409d61734243512f39.fp.measure.office.com,0.0
static202106.cooco.net.cn,0.0
uploads2.wikiart.org,0.0
thumb.re-hentai.com,0.0
243.92.214.34.sbl.spamhaus.org,0.0
hvvnwhupjazx.sysu.edu.cn,0.0
cldjdrhavdccn.sysu.edu.cn,0.0
adl-w.faqserv.com,1.0
pqheckt.sysu.edu.cn,0.0
photo.cnnb.com.cn,0.0
p4-gqyie5dizagac-ylteuisdp67j5yai-if-v6exp3-v4.metric.gstatic.com,0.0
carp4.yuanfudao.com,0.0
coynmvoljrttkj.sysu.edu.cn,0.0
msdebbie2u.files.wordpress.com,0.0
lawanderlust.files.wordpress.com,0.0
nqjdzqjpecyzzq.sysu.edu.cn,0.0
hamlekundekari.com.tr,1.0
mastiff.ext.hp.com,0.0
olajideabiola.com,1.0
program.ert.gr,0.0
only-185784-223-104-66-128.nstool.netease.com,0.0
03955d13cb91678fa1fa64f4aa8b9547.rdt.tfogc.com,0.0
dhdhjqzm.page.link,1.0
zfcg.sz.gov.cn,0.0
torna.ydns.eu,1.0
snapify.space,1.0
natta.org.np,1.0
yuxiulinger35615.lofter.com,0.0
yondszcc.page.link,1.0
d2mdw063ttlqtq.cloudfront.net,0.0
szjaqupt.page.link,1.0
sonic301-21.consmr.mail.ir2.yahoo.com,0.0
b378.photo.store.qq.com,0.0
mystyle.si,1.0
jxb.shisu.edu.cn,0.0
tradeexprodmd.95516.com,0.0
cadcom.co,1.0
report.em.sandai.net,0.0
72k6ns9axv7yo6k42udvrwk2marh7bjcgvkrbwm4458530eec64940a6sac.d.aa.online-metrix.net,0.0
adriaevolution.com,1.0
weiyupeixun.oss-cn-beijing.aliyuncs.com,0.0
kuwalla.band,1.0
cityups.net,1.0
mancogroup.com,1.0
benderhidrolik.com,1.0
akbarmappiare.com,1.0
harlenhomeimprovementcorp.com,1.0
codermoyv.gitee.io,0.0
luoyang.58.com,0.0
context.monu.delivery,0.0
hzjmdluy.page.link,1.0
sobzliza.page.link,1.0
waterproofing24.pk,1.0
office.hust.edu.cn,0.0
mps.rfstaging.co.uk,1.0
kpajpurm.page.link,1.0
w4dasvdimj2leyu7bndq-f-b275e9146-clientnsv4-s.akamaihd.net,0.0
fetoyuxy.page.link,1.0
pe-ydaccount.100bt.com,0.0
d3n77xmtjhxevl.cloudfront.net,0.0
ucgavylj.page.link,1.0
jdvxgrzi.page.link,1.0
xirconhomes.com.au,1.0
8f782888ea4208c2e3e4dfb705b2cd90.safeframe.googlesyndication.com,0.0
cmmconsultant.co.uk,1.0
vwqwqmxw.page.link,1.0
sh.bi-xenon.cn,0.0
chanchalsoft.com,1.0
72k6ns9a3dai7kzykp44puoug2fxwbx6basrhfja77c7d206df604ee7sac.d.aa.online-metrix.net,0.0
lifelab.hust.edu.cn,0.0
rfqzerwc.page.link,1.0
svcawzlb.page.link,1.0
quhfydamhooaehm.sysu.edu.cn,0.0
viraldata.com.ng,1.0
w4dasvax2cgcgyu6vcna-f-fe825a352-clientnsv4-s.akamaihd.net,0.0
mycorance.sysu.edu.cn,0.0
illinoisidpierre.tranzactioneaza.ro,1.0
kdteqsfr.page.link,1.0
api.globaltimes.cn,0.0
unbug.gallerycdn.vsassets.io,0.0
arbitribe.com,1.0
78ed9f6644c8eac7f673472a0d3242a1.safeframe.googlesyndication.com,0.0
h.clarity.ms,0.0
muralis.ro,1.0
wpad.rice.edu,0.0
only-172329-14-150-165-221.nstool.netease.com,0.0
w4dasvaxh7zvgyu62uta-phqp54-44736fc6c-clientnsv4-s.akamaihd.net,0.0
fnqqwwdv.page.link,1.0
beatingtracks.files.wordpress.com,0.0
thefortivpn.com,1.0
yongkang.vn,1.0
15minbeauty.sysu.edu.cn,0.0
8b1bb5c15347d1a1ae70825676247ef5.safeframe.googlesyndication.com,0.0
w4dasvaxhxbggyu6uueq-f-cd6b058ef-clientnsv4-s.akamaihd.net,0.0
allbase.energy,1.0
bdsyifsl.page.link,1.0
31180.website,1.0
only-721163-117-136-40-137.nstool.netease.com,0.0
antarperu.com.pe,1.0
fusecontent.education.vic.gov.au,0.0
jx.news.163.com,0.0
watchsports.wine,1.0
adl-iq.vizvaz.com,1.0
adl-irn.itsaol.com,1.0
mkemasze.page.link,1.0
ac0aa1cbdc2e8ab31897aa199eb55fc9.safeframe.googlesyndication.com,0.0
d2ff52bb6926c08bc76626f921ba7a92.safeframe.googlesyndication.com,0.0
vmblmylk.page.link,1.0
yxounorr.page.link,1.0
moto-expert.gr,1.0
RS-BEG-ANX-R004.teamviewer.com,0.0
xmcheng.users.sgg.whu.edu.cn,0.0
83e46fe35d814eda844a3c80b97a0493.fp.measure.office.com,0.0
www.sunglassesninja.com,1.0
zglxuvob.page.link,1.0
digithub.co.uk,1.0
b3a94d0e1a9c0d3f476d31f95e65312d.safeframe.googlesyndication.com,0.0
rr3---sn-oguelnsr.gvt1.com,0.0
y6jn8c31uj2zxrcxlctidfrsl45ipqvc2qricppi86a1856cefd265e2sac.d.aa.online-metrix.net,0.0
qianchang998.lofter.com,0.0
w4dasvax3mtcuyu7chzq-pz488s-6beb911b2-clientnsv4-s.akamaihd.net,0.0
e5fn6p.tdum.alibaba.com,0.0
zkdyzplmjzmru.www.tendawifi.com,0.0
wap-59shuku-com.sm-tc.cn,0.0
beaconsfieldmortgages.ca,1.0
extreme-enduro.ro,1.0
notesfromabigworld.files.wordpress.com,0.0
www.accaglobal.com,0.0
reco.ebay.com,0.0
dessur.mx,1.0
w4daszaxzndsqyu6ysfa-f-f20c7519f-clientnsv4-s.akamaihd.net,0.0
ganp.ng,1.0
ineibmhv.page.link,1.0
twafcreative.com,1.0
msurmilarathore.in,1.0
wgcps-asia.wargaming.net,0.0
0a73b59612949b486901d7a403cee81d.dlied1.cdntips.net,0.0
dns3.whut.edu.cn,0.0
in-jerusalem.net,1.0
vaddahyb.page.link,1.0
pfpdusu.sysu.edu.cn,0.0
2r1a17.tdum.alibaba.com,0.0
53f8f549022442279986381067bce261.fp.measure.office.com,0.0
jt.xiangtan.gov.cn,0.0
c3d90c36c6f4f3e7af73e0d97e6af57b.safeframe.googlesyndication.com,0.0
692998f0b2572a1df840c19645b4cf58.safeframe.googlesyndication.com,0.0
rdbaiihl.page.link,1.0
deltastores.co.uk,1.0
vkvd234.mycdn.me,0.0
ssvrurdwcbikuu.sysu.edu.cn,0.0
72k6ns9akngmnd3yfn65jtbqwuo5jcor2bzo443q08246f03dcbe7234sac.d.aa.online-metrix.net,0.0
adshine.io,1.0
zjzj.wenming.cn,0.0
abtomzktrvmaax.sysu.edu.cn,0.0
api.vip.iq.com,0.0
adloir.vizvaz.com,1.0
9524abce8fb842c7a00b2be6ac8d3b20.fp.measure.office.com,0.0
alcatrazsecurity.co.za,1.0
wendyllc.com,1.0
dingzi-jsfile-test.oss-cn-shanghai.aliyuncs.com,0.0
c4.szu.edu.cn,0.0
244.101.206.193.sbl.spamhaus.org,0.0
173.180.63.69.sbl.spamhaus.org,0.0
profassistance.com,1.0
mt.chinaz.com,0.0
ueomrixu.page.link,1.0
67ed5b732a59c93eda1aa0f49731a55b.safeframe.googlesyndication.com,0.0
eaff4071069b598c11b645db0132a8d8.safeframe.googlesyndication.com,0.0
bulkwine.org.ar,1.0
eoi5m0.tdum.alibaba.com,0.0
nhqlxhek.page.link,1.0
bcf040a2bfd24298850465320832ec4f.fp.measure.office.com,0.0
bzbgyvzv.page.link,1.0
opesjk.ug,1.0
bi.taoguba.com.cn,0.0
6a28fc743a2d48f4b24bbc03529ac564.fp.measure.office.com,0.0
anapa-zarya.ru,1.0
kjcx.yzu.edu.cn,0.0
nathicharamimatrimony.com,1.0
delawarencolympia.icaesa.com,1.0
www.pinterest.ru,0.0
nisyn1.10010.com,0.0
yntcbalr.page.link,1.0
yebofrnbduitu.sysu.edu.cn,0.0
shop43665090.m.youzan.com,0.0
liceojar.cl,1.0
zj2fdlixfqz3eyu6llaa-f-94c33c362-clientnsv4-s.akamaihd.net,0.0
ranpjqvi.page.link,1.0
nnak.or.ke,1.0
jeffdahlke.com,1.0
cdf.faqserv.com,1.0
cfu.twr.mybluehost.me,1.0
mmcctechnology.com,1.0
captcha.tiancity.com,0.0
sirinatpetrol.com,1.0
appstpxjhg74573.h5.xiaoeknow.com,0.0
biolankaagrifoods.com,1.0
donhallsprimerib.com,1.0
bxzeyicp.page.link,1.0
jrljbyis.page.link,1.0
w4dasvfygoo5syu6hava-f-964a38fb5-clientnsv4-s.akamaihd.net,0.0
pcqhqkwh.page.link,1.0
infocuankerajaan.xyz,1.0
unlbsl.com.np,1.0
office.iask.com,0.0
buyshyhub.com,1.0
vgulvsdf.page.link,1.0
cemp.sf-express.com,0.0
kepm.corp.kuaishou.com,0.0
spacetechnasa.site,1.0
kmcpokhara.edu.np,1.0
ec2-18-142-253-203.ap-southeast-1.compute.amazonaws.com,0.0
rollsbeer.com,1.0
c7453b3c42c70389ddec8d0bcad83dc2.safeframe.googlesyndication.com,0.0
gons31cl.top,1.0
homeparadz.com,1.0
e.ximalaya.com,0.0
awana.co.zw,1.0
unoolo.com,1.0
4peaks.en.softonic.com,0.0
creativeignite.com,1.0
totaltaxi.org.br,1.0
www.smu.edu.cn,0.0
zj2fdlixfqz3eyu6ktrq-f-a4ce350d3-clientnsv4-s.akamaihd.net,0.0
cuxiao.m.suning.com,0.0
d988fb04ee1e041019bf11c3bbdef4a1.safeframe.googlesyndication.com,0.0
7f70664ccb3a4f8b8e2cb202555d986c.safeframe.googlesyndication.com,0.0
www.ciomp.cas.cn,0.0
kameleonprinting.com,1.0
a-0.19-a3000801.0.170c.c6b.3ea5.210.0.625q9289jdn42dvrzu7gz1afut.avts.mcafee.com,0.0
jiubai369.lofter.com,0.0
mmxwogivlusebw.sysu.edu.cn,0.0
masterassociates.co.in,1.0
c45cad69a105460f987a2d3d8a99ba20.fp.measure.office.com,0.0
globalapi.ad.xiaomi.com,0.0
brqkyvfiafadgh.sysu.edu.cn,0.0
ec2-107-20-44-207.compute-1.amazonaws.com,0.0
srg.az,1.0
ozkillikvinc.com,1.0
ujayvslb.page.link,1.0
emicom.pe,1.0
cabex.dz,1.0
erc.europa.eu,0.0
battlefieldtracker.com,0.0
iran-hg.itsaol.com,1.0
static.a.upc.ubisoft.com,0.0
rr5---sn-npoeened.gvt1.com,0.0
thedailyreel.com,1.0
www.ynuip.ynu.edu.cn,0.0
drknscob.page.link,1.0
m2csm.oss-cn-hangzhou.aliyuncs.com,0.0
w4dasznm5awbuyu6wl6q-pitd7b-5cc718d0d-clientnsv4-s.akamaihd.net,0.0
sahmsa.dns05.com,1.0
sywpqzsf.page.link,1.0
elaichiwala.com,1.0
pictopara.com,1.0
sslv6.wlogin.qq.com,0.0
42.lac.sysu.edu.cn,0.0
fst.oiu.edu.sd,1.0
d1.udashi.com,1.0
vdztnaas.page.link,1.0
1xadi.betulsasa.sa.com,1.0
esteticaeros.cl,1.0
vdafinanceandcapital.com.au,1.0
uwtemvhy.page.link,1.0
torrentbay.to,0.0
smechannels.com,1.0
sdxw.iqilu.com,0.0
voxqrmny.page.link,1.0
cdn1.frocdn.ch,1.0
webstockreview.net,0.0
saham-g.itsaol.com,1.0
m.zzvips.com,0.0
cas.criteo.com,0.0
windmillgardens.com.au,1.0
farm-1251006671.file.myqcloud.com,0.0
dsrtc-chanka.gob.pe,1.0
atualkjsrlogqth.sysu.edu.cn,0.0
zj.stream.tencentmusic.com,0.0
tsoumpasphotogallery.sysu.edu.cn,0.0
jdycrqgv.page.link,1.0
p70-mailws.icloud.com,0.0
38.199.229.23.sbl.spamhaus.org,0.0
jaya-chain.com,1.0
rereal.pk,1.0
707b307d8d194a4a9b35305a8ae262ec.fp.measure.office.com,0.0
kstylfhn.page.link,1.0
shihtzudog.life,1.0
facepic.qidian.com.tc.qq.com,0.0
hash8.cdn.kugou.com,0.0
mathewwill.com,1.0
xowbdlqalvzia.sysu.edu.cn,0.0
28fd5f0072a694f2366334c1dd053362.safeframe.googlesyndication.com,0.0
69780a4ea29c3dc7af8acff844715666.safeframe.googlesyndication.com,0.0
esxmxdth.page.link,1.0
houssemeddine.com,1.0
entermarket.co.th,1.0
dsbn.co.th,1.0
local.silly-beer.com,1.0
alc0zj.tdum.alibaba.com,0.0
tianqin.qq.com,0.0
2a0c7e2bd44a4cb3b73fb8a19ab421a6.fp.measure.office.com,0.0
pagamento.afya.com.br,1.0
bcysa.org,1.0
f7e7b0bc3f4ed56cd5158053ead057af.safeframe.googlesyndication.com,0.0
www.carrozzeriatrieste.net,1.0
a910.casalemedia.com,0.0
orgsaojorge.com.br,1.0
comoinvertir.pe,1.0
smpn3petarukan.sch.id,1.0
lucknowcakes.in,1.0
4mupax.tdum.alibaba.com,0.0
lehyztnu.page.link,1.0
derryhealthwellness.com,1.0
ihbyrqlpoapp.sysu.edu.cn,0.0
basilplast.md,1.0
energiait.com.br,1.0
mariaworlds.com,1.0
remar.com.co,1.0
srfsh.baidu.com,0.0
irmaosaobra.com.br,1.0
55510f3cf0db44f292969ac9987820c3.fp.measure.office.com,0.0
ghsartex.com.br,1.0
mbgrm.com,1.0
giltaz.ir,1.0
campovalepet.com.br,1.0
presence.services.sfb.trafficmanager.net,0.0
scgroupsrl.com,1.0
digitalsafecertificadora.com.br,1.0
soyandfq.rz.uni-wuerzburg.de,0.0
filwelreg.pw,1.0
maxcelulares.com.br,1.0
eship.cndhl.com,0.0
5d08aceef9234054b577285a3813c057.fp.measure.office.com,0.0
dgcomputer.com.br,1.0
adldfs.isasecret.com,1.0
eiaoomoojqggt.sysu.edu.cn,0.0
expeditionarystories.co,1.0
e560cc3d61948888b3c5a75e86ea6f27.safeframe.googlesyndication.com,0.0
cqahxjgk.page.link,1.0
architecterp.com,1.0
wbonfdmr.page.link,1.0
fetyma.com,1.0
partner.hp.com,0.0
vyxcqbzuvsmghec.sysu.edu.cn,0.0
www.alliancegold.com.ec,1.0
lapetitesansebastian.com,1.0
panipan.ro,1.0
emailmarketing.locaweb.com.br,1.0
www.4sync.com,1.0
hptest.ro,1.0
daowxyyz.page.link,1.0
only-281463-112-96-48-141.nstool.netease.com,0.0
84b37c2ccb9f4a7aa7723845b2fc1244.fp.measure.office.com,0.0
689e6ea591734194b6c810d7d64bfadf.fp.measure.office.com,0.0
a-0.19-a7000801.c960082.16a8.b7f.3ea5.210.0.3q3isp9mzcpd145zlqp7satj76.avts.mcafee.com,0.0
cutt.ly,1.0
54c9b709e56341c4b8d8db3854be4efb.fp.measure.office.com,0.0
solucionespits.com,1.0
expliqji.page.link,1.0
3d0dc9da26b44751b3cae99f0575fba4.pages.ubembed.com,0.0
qrwlntlw.page.link,1.0
844daf1e724542596c28abaed852d1b2.rdt.tfogc.com,0.0
cf3c4e94c9e948b9b55632e0fea8e0f4.fp.measure.office.com,0.0
8bagi.sharptelevisao.sa.com,1.0
vbglimited.com,1.0
www.reifenquick.de,1.0
8xxqdf.tdum.alibaba.com,0.0
img.llgal.xyz,0.0
migracionexpress.com,1.0
michiganmebatonrouge.ashleycollinsdesigns.com,1.0
bestbabycamp.com,1.0
update.eternitystresser.xyz,1.0
jomsapotlokal.com.my,1.0
img33.picshick.com,0.0
w4dasvfygoo5syu6hdaq-f-39b290023-clientnsv4-s.akamaihd.net,0.0
taijimenusa.org,1.0
m.dzsc.com,0.0
cos.99.com,0.0
baytelhekma.com,1.0
nevadacafrankfort.moreinless.com,1.0
teakwd.com,1.0
www.fda.gov,0.0
connectww.net,1.0
60e65d296863402887719dbafb5cfb54.fp.measure.office.com,0.0
paragonprinting.co.uk,1.0
maullinspa.cl,1.0
rnjteqbjduvglnj.sysu.edu.cn,0.0
gHnzv5DZ.dbl.spamhaus.org,0.0
sivashekimevi.com,1.0
uploaddeimagens.com.br,1.0
cbt.faqserv.com,1.0
2022060500-1311572556.cos.ap-shanghai.myqcloud.com,0.0
w4dasvax2ll2syu6gtoa-f-246a64307-clientnsv4-s.akamaihd.net,0.0
br-360.com,1.0
odreports.com,1.0
72k6ns9a5dr7aerkvuzbi2u2cfijkfdfkwbbacca442e386fa2439075sac.d.aa.online-metrix.net,0.0
9570874b6986b5b336778c1a859d418a.safeframe.googlesyndication.com,0.0
support.aidemy.net,1.0
minainn.com,1.0
lelivrepourarreterdefumer.com,1.0
72k6ns9a6uz72vsdgi63taq6eilmnwguaegppusva7dfb11722b84996sac.d.aa.online-metrix.net,0.0
tesscastleman.com,1.0
sdigoxtm.page.link,1.0
nasws.org.np,1.0
fs03n4.sendspace.com,1.0
702f21c20178923370799bda01f79976.safeframe.googlesyndication.com,0.0
inverex.com.pk,1.0
72k6ns9aauodsk3tbtpgqp66e4wt5vwstyxu5wvl651f4aaba94e7a8fsac.d.aa.online-metrix.net,0.0
c90efa587f164ca68e6880851fd84829.fp.measure.office.com,0.0
wsxy.mnu.cn,0.0
owtbsqruvcyml.sysu.edu.cn,0.0
test.earborist.com,1.0
kcpjsxuyrwfelka.sysu.edu.cn,0.0
zs-au1-lc1-h2.zoho.com.au,0.0
pa-yogyakarta.net,1.0
1551232783.docs.qq.com,0.0
7d8bcd70641a45838084e7c2c7dc2e60.fp.measure.office.com,0.0
sqmmagnv.page.link,1.0
w4dasvdildgkayu7orca-f-8be7c83e2-clientnsv4-s.akamaihd.net,0.0
getmega.net,1.0
iqlmvoiet.sysu.edu.cn,0.0
vgwozvcm.page.link,1.0
iscnvoyyore.sysu.edu.cn,0.0
qmul-ac-uk.zoom.us,0.0
egocom.com.mx,1.0
sujanto.id,1.0
bo0king.blogspot.com,1.0
alasar.com.pk,1.0
auseal.com.au,1.0
resutanur.blogspot.com,1.0
a289d20ed6ca9a720aba5033a0ae256b6.profile.fra2-c1.cloudfront.net,0.0
dekomtezgah.com,1.0
beiyllxh.page.link,1.0
padlet-uploads.storage.googleapis.com,1.0
dulcettieolic.com.br,1.0
celebtribune.com,1.0
baitangmeigui.taobao.com,0.0
dimelabs.io,1.0
westcommerce.com.br,1.0
medicalsoft.ec,1.0
srdm.in,1.0
hongking542-1321530550.cos.ap-hongkong.myqcloud.com,1.0
penaindonesia.net,1.0
fifa20.service.easports.com,0.0
cmacked.com,0.0
baladikas.com.br,1.0
proalsa-sa.com,1.0
gsmis.nuaa.edu.cn,0.0
ifijkcul.page.link,1.0
zxmee.com,0.0
speednettelecom.com.br,1.0
senticorpsale.com,1.0
focusgene-app-1257647777.file.myqcloud.com,0.0
naturessupplementsusa.com,1.0
powerthruconsulting.com,1.0
consulting-dms.com,1.0
forextradings.net,1.0
mcqzfufb.page.link,1.0
tenshimarketing.com,1.0
uc2785eef775b6a9355a2f0073ea.dl.dropboxusercontent.com,1.0
tpwrr.nieer.cas.cn,0.0
hpiflogistics.com,1.0
yimo123495.lofter.com,0.0
trevcoproductions.com,1.0
www.saltwire.com,0.0
dracmarecords.com,1.0
iacademy.fit,1.0
vietsportscience.com,1.0
doubleclick.ctfile.com,0.0
ldqxxszy.page.link,1.0
telefonteknik.se,1.0
conecthosting.top,1.0
only-848923-183-6-9-101.nstool.netease.com,0.0
mywinthropcondo.com,1.0
plastifikacijametala.com,1.0
179527.com,1.0
cedixperu.com,1.0
m.sfacg.com,0.0
w4dasvfydozewyu65hoa-f-100109b92-clientnsv4-s.akamaihd.net,0.0
lamda.nju.edu.cn,0.0
kjc.hunnu.edu.cn,0.0
famesa.com.ar,1.0
8ba0f7260332471ab08851fda0fec4a6.fp.measure.office.com,0.0
nsicon2022.com,1.0
125.21.216.52.sbl.spamhaus.org,0.0
po.csrcpall.com,1.0
scholarship.richmond.edu,0.0
c37864a548d8414994d2f7bfdce6b239.fp.measure.office.com,0.0
dearninsurance.in,1.0
www.buddhismuskunde.uni-hamburg.de,0.0
sfulinzi.gva.co.tz,1.0
cragency.net,1.0
ekitag.com,1.0
a-rpetroleservice.com,1.0
sel.pcauto.com.cn,0.0
nejm.com.sa,1.0
gardening.guide,1.0
ircftp.net,1.0
crlisozc.page.link,1.0
lgincdnmsftuswe2.afd.azureedge.net,0.0
b0ce23232ba594c244cf7deaf69dc82d.safeframe.googlesyndication.com,0.0
b03fc088ddedd08ec464a52aea09ad8d.safeframe.googlesyndication.com,0.0
samacademia.com,1.0
hightaste.net,0.0
ahinfotechusa.com,1.0
duadzfrh.page.link,1.0
melinternationalschool.co.za,1.0
appointcenter.com,1.0
xragracini.com.ng,1.0
rwxwrlv.sysu.edu.cn,0.0
kasxvfgq.page.link,1.0
copainbar.com,1.0
shzuni.com,1.0
ebaeuropacontrol.com,1.0
katsuamber.site,1.0
vrbt-yrjy.oss-cn-chengdu.aliyuncs.com,0.0
cfv.faqserv.com,1.0
d3275068113442628968-t7886798658369965327.id.amgdgt.com,0.0
rtcprojects.ie,1.0
mesonrisa.com,1.0
wagonslearning.net,1.0
bnmghzvigteejv.sysu.edu.cn,0.0
nevadahiindianapolis.clicktocall.us,1.0
adleh.mrface.com,1.0
ais-npr-p-edgeload-10zklk4a8us5s-2005110604.us-west-2.elb.amazonaws.com,0.0
4c90f68a3b0cfdf8bb85a6a4c777d4b6.safeframe.googlesyndication.com,0.0
techrootsweb.in,1.0
84cf2e82e8c89684dbea459b427300b7.safeframe.googlesyndication.com,0.0
first7starhotelsrilanka.com,1.0
constructorarise.com,1.0
adlsfa.mynetav.org,1.0
adl-a.vizvaz.com,1.0
dikwsuqq.page.link,1.0
ab.oiu.edu.sd,1.0
seeprime.tv,1.0
nevadaartopeka.ezon.uk,1.0
want2beme.com,1.0
nexcreations.com.sg,1.0
bestbondcleaning.com.au,1.0
fortclean.net,1.0
cynshare.com,1.0
constrowins.eng.br,1.0
31.sysu.edu.cn,0.0
native.cnr.cn,0.0
jivkiltica.sysu.edu.cn,0.0
w4dasvfygntbgyu6ibfq-f-032d08958-clientnsv4-s.akamaihd.net,0.0
forum.worldoftanks.asia,0.0
www.contact.nespresso.com,0.0
zj2fdlixfqz3eyu6sxkq-f-abeace34f-clientnsv4-s.akamaihd.net,0.0
m.bz.bendibao.com,0.0
uaqetpkz.sysu.edu.cn,0.0
adl-bbs.vizvaz.com,1.0
sahmnl.faqserv.com,1.0
hsrqjwum.page.link,1.0
landscapersindubai.com,1.0
jt.ximalaya.com,0.0
long-term-investments.sysu.edu.cn,0.0
zrzyghj.ahsz.gov.cn,0.0
sahmn.faqserv.com,1.0
centremedicalmorepont.ch,1.0
gvhpgkzs.page.link,1.0
f104c672e5da13e765021734ab693caa.safeframe.googlesyndication.com,0.0
bb64a51540fa9a79af48f34cdc2018ed.safeframe.googlesyndication.com,0.0
oese.suda.edu.cn,0.0
trademark.iglesiaelarca.com,1.0
JDqNTiLoMH4.dbl.spamhaus.org,0.0
120-236-174-209_s-23-215-101-33_ts-1654567201-clienttons-s.akamaihd.net,0.0
p4-fgijxwmdrydu2-lhkua67vvcz25yya-if-v6exp3-v4.metric.gstatic.com,0.0
atlanticlineshipping26.com,1.0
www86.hattrick.org,0.0
pngtssp.com,1.0
hooverrepairservicecenterauthorized.com,1.0
alexboatsrental.com,1.0
917598a72c14b3c4233d6aff51edaf68.safeframe.googlesyndication.com,0.0
2bc308828a19a6d8faca0ffbc9b0e030.safeframe.googlesyndication.com,0.0
dawnlineltd.com,1.0
mafuliyadevimm.in,1.0
dfgkmtiqiopi.sysu.edu.cn,0.0
0ffcf9a80b0840ee9838f0473a3b6661.fp.measure.office.com,0.0
oxhfhnrehab.sysu.edu.cn,0.0
f09cf50eb88f459c81344f8ddb80381f.fp.measure.office.com,0.0
zoomiadlu213zc.iad.zoom.us,0.0
jcpaintingcompanyllc.com,1.0
essentagro.com.br,1.0
thejojostores.com,1.0
pva.layout.oystergardens.us,1.0
znjeprwj.page.link,1.0
97.138.166.83.sbl.spamhaus.org,0.0
191566-ipv4e.farm.dprodmgd105.aa-rt.sharepoint.com,0.0
24437af7d6e844718d7c882c30b6ba1d.fp.measure.office.com,0.0
maps.google.com.mx,0.0
tditjuva.page.link,1.0
elsantotomesino.com.ar,1.0
bornomalaschool.org,1.0
um.hd.sohu.com,0.0
subirat.net,1.0
lippi-space-sg.oss-accelerate.aliyuncs.com,0.0
autodiscover.nus.edu.sg,0.0
autumnagedcare.com.au,1.0
onlinequranforkids.com,1.0
tht13.gallerycdn.azure.cn,0.0
vioxgkpr.page.link,1.0
boosterjp.co,1.0
ukwestcns-prod-36.ukwest.cloudapp.azure.com,0.0
kreedcssg3.temp.swtest.ru,1.0
telusgroup.co,1.0
lenkang.com,1.0
sxdqhntzpxezyy.sysu.edu.cn,0.0
securecashapp.com,1.0
natapp.cn,0.0
pennynext.com,1.0
8dbfe7adce90b3c2b5165f0c14851796.safeframe.googlesyndication.com,0.0
bobkelsofan.com,1.0
jpkc.qust.edu.cn,0.0
norcantec.com.ar,1.0
drl.com.mx,1.0
ads.fartit.com,1.0
75f84a70b92840b3b0af2552fbaee533.fp.measure.office.com,0.0
3244287687.docs.qq.com,0.0
lv.game.qq.com.tcdn.qq.com,0.0
bcymbaun.page.link,1.0
700fd776f066c0a9f45c5ba9742c09f8.rdt.tfogc.com,0.0
hunan.ifeng.com,0.0
api.panzend.xyz,0.0
xcx.koolearn.com,0.0
yyqebgqkagbpl.sysu.edu.cn,0.0
img.it610.com,0.0
uimtbd.com,1.0
taxntax.in,1.0
microsecurityupdate.com,1.0
88877d3a988800779d0d35c0967ceab8.safeframe.googlesyndication.com,0.0
jaimemcgee.top,1.0
omal.in,1.0
w4dasvaxfdy2syu7d2ka-f-7a705aa50-clientnsv4-s.akamaihd.net,0.0
muyplyep.page.link,1.0
perfectwheels.com.sg,1.0
adl-aq.mrface.com,1.0
98cd66124e382f0627092b1eb156b142.safeframe.googlesyndication.com,0.0
apk-1251952132.file.myqcloud.com,0.0
peoplestechpark.com,1.0
paste.ee,1.0
rkpiimya.page.link,1.0
w4dasvfydh7hqyu63sda-f-bb5f55bd1-clientnsv4-s.akamaihd.net,0.0
aarzu.com.pk,1.0
thswjoveyn.sysu.edu.cn,0.0
44a8e18015d04cfd8d3ef90585562ed7.fp.measure.office.com,0.0
holyangelskhandala.com,1.0
rangebd.com,1.0
dubovoy.news,1.0
dmhcrlxw.page.link,1.0
360vr-amyade.com,1.0
c956ac52e2549b9a0b5f96bc37272bf2.safeframe.googlesyndication.com,0.0
9op3rj1ksp5i3hvu3gfzwixpmwpe21654597296.nuid.imrworldwide.com,0.0
w4dasvfydj7usyu6sdpa-f-6e108c8d6-clientnsv4-s.akamaihd.net,0.0
e41ea94994e84305b4eae9b7c47c0f97.fp.measure.office.com,0.0
smtp.mial2.sysu.edu.cn,0.0
blue-digital.net,1.0
olxshop.com,1.0
d1bvpoagx8hqbg.cloudfront.net,0.0
pdwk5wixedwtwyu6usaa-pirufo-92c560a0e-clientnsv4-s.akamaihd.net,0.0
b092173d23f84209bc15278fb7e6acce.fp.measure.office.com,0.0
ninapodiatry.co.uk,1.0
games-database.com,0.0
w4dasvcninkvqyu7dpba-f-b8492a9b5-clientnsv4-s.akamaihd.net,0.0
nggproxy.3g.qq.com,0.0
fundapp.com.ng,1.0
pg88pastimenang.com,1.0
fca03e425cbc4135ac9ede5110ca288c.fp.measure.office.com,0.0
jbsa111.oss-accelerate.aliyuncs.com,1.0
r1---sn-h5ugpm-jb36.gvt1.com,0.0
ioscdn.kugou.com,0.0
d-28762735791137830482.ampproject.net,0.0
damnafricawhathappened.sysu.edu.cn,0.0
manhua.weibo.com,0.0
hqdouyil.page.link,1.0
liputan68.com,1.0
hanbichnepal.com,1.0
m.amoad.com,0.0
modatrends.nl,1.0
289220c6ab5325e4ec38854db52716f9.safeframe.googlesyndication.com,0.0
roexperts.in,1.0
www553.ff-02.com,0.0
ieltspreparationbd.com,1.0
bellebutik.com.tr,1.0
lsszqmail.sysu.edu.cn,0.0
sadldh.mrface.com,1.0
nittyonotun.com,1.0
updates.ultimate-fakkers.co.network,1.0
w4dasvaxemniqyu6f3ca-f-fd20016b8-clientnsv4-s.akamaihd.net,0.0
yiceqemi.page.link,1.0
bafybeif7wcmkkzbhbj6a7ssytkb6t35kh25brs3amtfck6qk4vkwhvoldq.ipfs.infura-ipfs.io,0.0
download.asyncfox.xyz,1.0
6546795e142d1cc6b667017e15c158ac.safeframe.googlesyndication.com,0.0
spenden.procamp.org,1.0
gppcloud.com,1.0
mercyconsultancyhq.com,1.0
lfuqeinfpo.sysu.edu.cn,0.0
xlzpckdc.sysu.edu.cn,0.0
adlihh.itsaol.com,1.0
eaaqeubqairyajqacql6qaaaabrj5i4x-psyo85-c406f5780-clienttons-s.akamaihd.net,0.0
greentechelectric.eu,1.0
litter.catbox.moe,1.0
acesseinfo.com.br,1.0
ootojvxy.page.link,1.0
c5222aaed1a44d98b321c810c2fa6531.fp.measure.office.com,0.0
ejsqmejgqbd.sysu.edu.cn,0.0
aedmfgpq.page.link,1.0
e9a1f8c9a89aced35aaf98771c95c84f.safeframe.googlesyndication.com,0.0
357494490519f85afec6569f5a7ea0d4.safeframe.googlesyndication.com,0.0
alumni.hnu.edu.cn,0.0
eco.cctv.com,0.0
fivlatam.com,1.0
ithembatrainingcollege.co.za,1.0
jekinformatica.com.br,1.0
tcnj.edu,0.0
abcomunicacionesperu.com,1.0
link001.wo1wan.com,0.0
I7WsQD9sSdMDmj84_my.dbl.spamhaus.org,0.0
moj.gjzwfw.gov.cn,0.0
11d7b96387a34290a932d357383f1bf7.fp.measure.office.com,0.0
clt.ixd.dmm.com,0.0
hypospray.com,1.0
viewhome.com.vn,1.0
angga-weblog.sysu.edu.cn,0.0
eksad.com,1.0
alipay-os.oss-cn-hangzhou-zmf.aliyuncs.com,0.0
gateway-front.nio.com,0.0
partotaprayan.ir,1.0
wzfqirvc.sysu.edu.cn,0.0
sqnhzswq.page.link,1.0
mediatrends.live,1.0
7.191.51.210.sbl.spamhaus.org,0.0
law.iask.com,0.0
vivafitnessgym.com,1.0
berriesgroupofhotels.com,1.0
divaitfaiye.com,1.0
w4dasvax2cgcgyu7mwxa-f-ed145b537-clientnsv4-s.akamaihd.net,0.0
cf3f366a7714509e439805517d02a3ae.safeframe.googlesyndication.com,0.0
fundatiispeciale.ro,1.0
skin.browser.qq.com,0.0
pms.obo.co.ke,1.0
jciewmj.sysu.edu.cn,0.0
en.hsss.ustc.edu.cn,0.0
dst.faqserv.com,1.0
w4dasvfygoo5iyu66l7q-f-ff22fb71b-clientnsv4-s.akamaihd.net,0.0
w4das2limhndeyu6wuza-f-199171558-clientnsv4-s.akamaihd.net,0.0
rsmfactsolutionescolegiofin.eastus2.cloudapp.azure.com,1.0
only-700428-112-96-179-189.nstool.netease.com,0.0
bndw.atlasvpn.com,0.0
mspconstructions.com,1.0
infocuankerajaan.co,1.0
moba.fp.ps.netease.com,0.0
rr1---sn-q4flrnlz.googlevideo.com,0.0
w4dasvax2cgcgyu7fwaq-f-38581aeb6-clientnsv4-s.akamaihd.net,0.0
whitehouseline.com,1.0
coadymarine.com,1.0
indianaarmadison.m-a-i-l-l-o-t.com,1.0
www.lotuskshetri.com.np,1.0
dwi-survey.stb.web.id,1.0
kyxfpvas.page.link,1.0
homed.snssdk.com,0.0
ultimaterewardspoints.chase.com,0.0
s5agencyworld.co.uk,1.0
5d19c0e10626b59ef7c125905a9efd73.safeframe.googlesyndication.com,0.0
labs.zol.com.cn,0.0
kdvitywizlbvg.tendawifi.com,0.0
rokket.space,1.0
1711535360.docs.qq.com,0.0
imperialsociety.co.ke,1.0
flashnewsbensedira.com,1.0
promenade.com.my,1.0
onxctpgo.sysu.edu.cn,0.0
img-hw.xnxx-cdn.com,0.0
vietlegal.us,1.0
short.pay.weixin.qq.com,0.0
cxpmbxrueo.sysu.edu.cn,0.0
nmcmm.wmu.edu.cn,0.0
chashni.co,1.0
themars.pk,1.0
biz-deal.net,1.0
jmai.com.na,1.0
zwfwdt.tobacco.gov.cn,0.0
72k6ns9ahw3mkmke3yshlnoxgsiqnsjjazdepcle809abcb506f5f539sac.d.aa.online-metrix.net,0.0
cnom.sante.gov.ml,1.0
mqrybqck.page.link,1.0
fcc5e36a1147526c4d0962f475359709.safeframe.googlesyndication.com,0.0
5cc2ab83b059aaa2f071dbee824e285e.safeframe.googlesyndication.com,0.0
accacn.custhelp.com,0.0
f19ffa5933544f90a0a5b56c27c1c080.fp.measure.office.com,0.0
miyaru.co.ke,1.0
sst.dell.com,0.0
mailg.sysu.edu.cn,0.0
5ce0510f07ba4c889c7558388ce20bab.fp.measure.office.com,0.0
fa.sah.com.pk,1.0
preprod.lelit.fr,1.0
pc.grpc.xnet.sandai.net,0.0
34-214-162-221-pushcl.np.communication.playstation.net,0.0
www.iir.titech.ac.jp,0.0
fz.lianjia.com,0.0
dksi.co.id,1.0
zugusvxm.page.link,1.0
xe2larebelde.com,1.0
132xz-1319111867.cos.ap-beijing.myqcloud.com,1.0
cnt.sync.oystergardens.club,1.0
5e21d1c0fd93b62cce8d2660558c2671.safeframe.googlesyndication.com,0.0
s0.cp.360.cn,0.0
dcaeec78101c55db05bfced9e52c40209994c170.ime.galileo.baidu.com,0.0
ctisupplies.co.ke,1.0
ayrintiyapi.com,1.0
verotools.com,1.0
lvumu.novelty.akibacreative.com,1.0
berndgillich.sysu.edu.cn,0.0
adhiusahakencanalestari.com,1.0
59877fa9ed5361b72ba4fc7b2a2056ec.safeframe.googlesyndication.com,0.0
gorgeous-gorgeouslady.sysu.edu.cn,0.0
portmarine.co.tz,1.0
kompromat1.press,1.0
z.dangdang.com,0.0
static.nd.edu,0.0
2047837033.docs.qq.com,0.0
lightdigital-consult.cd,1.0
93c9a635b89449559a176704078faf13.fp.measure.office.com,0.0
jrmavqbnky.sysu.edu.cn,0.0
cjgqhbrtrwbdnxw.sysu.edu.cn,0.0
primlypremiumsolutions.com.ng,1.0
abhiyandainik.com,1.0
napi.xdf.cn,0.0
sempresophia.com,1.0
f0904b6ace5c443da7b65d31275c285a.fp.measure.office.com,0.0
cmtllogistics.co.tz,1.0
8ad5252237f14e9792b5a9ce9f6fe3c4.fp.measure.office.com,0.0
pax-anders.de,1.0
pbqqzupt.page.link,1.0
snsps.suning.com,0.0
domiposao.com,1.0
www.wajuejin.com,0.0
sparrowsport.in,1.0
122e3a83c01d460dd2ac3d26cf3b955f.safeframe.googlesyndication.com,0.0
uiyakbyu.page.link,1.0
pqzedteh.page.link,1.0
e8c8fbeb82d249cbbbdd878787fbdeb4.fp.measure.office.com,0.0
only-894132-120-236-174-218.nstool.netease.com,0.0
jetpack.wordpress.com,0.0
bestpricesa.com,1.0
usa-puravive-official.com,1.0
u.lingnan.sysu.edu.cn,0.0
abdulkhaleque.in,1.0
2883299191-server.va.huya.com,0.0
t3460756475078588869.id.amgdgt.com,0.0
events.apple.com,0.0
cmzzdasm.page.link,1.0
www.airbnb.com.ar,0.0
rxsibje.sysu.edu.cn,0.0
hik-us-dc3.hikvision.com,0.0
1251542705.vod2.myqcloud.com,0.0
technopark.com.pk,1.0
13940g40.secure0119.hubspot.net,0.0
michaelcoleman.icu,1.0
cas.faqserv.com,1.0
maxsave.cfd,1.0
yare.africa,1.0
themarijuanashow.com,1.0
myfaithcare.com,1.0
squarespace-cdn.com,0.0
tengface-live-user.oss-cn-shenzhen.aliyuncs.com,0.0
webtv24.org,1.0
a8299f3c4fd6a38be1b71764c0044e58.safeframe.googlesyndication.com,0.0
bingemail2.azureedge.net,0.0
zj2fdngm5xghoyu7bxna-f-8f35ef572-clientnsv4-s.akamaihd.net,0.0
apps.saintsoporte.com,1.0
rtpptbola.com,1.0
coopec-2sftogo.com,1.0
wtcfvhia.page.link,1.0
bc87c7a9646f3cc196cf1062a16bae42.safeframe.googlesyndication.com,0.0
58.193.92.52.sbl.spamhaus.org,0.0
tsmedia.id,1.0
ea.sycdn.kuwo.cn,0.0
a-0.19-a3000081.0.170c.c6b.3ea5.210.0.33ukir4mjebf9bw7tcertvdu7v.avts.mcafee.com,0.0
pmcpak.com,1.0
mobile.covid-alzawraa-lab.com,1.0
eaaq3kbacyzeajqacqlxqaaaabrj5lx7-pgh2gs-fd890e524-clienttons-s.akamaihd.net,0.0
celiklergoldtasarim.com,1.0
tesanopalacehostel.com,1.0
img.proxies.world,1.0
ekajxaqmuzpihl.sysu.edu.cn,0.0
gapernas.com,1.0
rfqgc.2023.ebeenj.com,1.0
greenglobalbenefittrade.com,1.0
dqwwmgyuerwb.sysu.edu.cn,0.0
hwbfyw.dm.files.1drv.com,0.0
maalaminkemiling.com,1.0
97fc01f4e5b7c68f35ded46c01e16e63.safeframe.googlesyndication.com,0.0
a97d2d08ae482aaf0dd917356b36d8a0.safeframe.googlesyndication.com,0.0
weather-data.apple.com,0.0
codoorcdn.oss-cn-hangzhou.aliyuncs.com,0.0
jornalnovaepoca.com.br,1.0
na-ab47.marketo.com,0.0
oosrhctijgtw.sysu.edu.cn,0.0
articblue.eu,1.0
formalsports.com,1.0
a3c1336c8327455fbef5d95fba3c0f7a.fp.measure.office.com,0.0
hseferi-ks.com,1.0
iwanttoknow.live,1.0
agenzia.servebeer.com,1.0
points.115.com,0.0
m.xhsz.news.cn,0.0
psyperceive.com,1.0
27.74.92.182.sbl.spamhaus.org,0.0
72k6ns9aufqwscbwahcxbhyslzk6gwb7wfpm5ng68c670e31f038c535sac.d.aa.online-metrix.net,0.0
support.clz.kr,1.0
b891237b1e7b4d649ab40f4ec4a205dd.fp.measure.office.com,0.0
080336e8f869cd86c3d8111cceff7939.safeframe.googlesyndication.com,0.0
186.229.152.61.sbl.spamhaus.org,0.0
cbade.hkbu.edu.hk,0.0
saudevip.com,1.0
srb.faqserv.com,1.0
btdavidclinic.rw,1.0
35-155-239-199-pushcl.np.communication.playstation.net,0.0
gobo11fc.top,1.0
zhlylawyer.66law.cn,0.0
outlook-prod-westeurope-1-1.westeurope.cloudapp.azure.com,0.0
p39-calendars.icloud.com,0.0
polisci.mit.edu,0.0
pentasupplies.com,1.0
qhkj-release.oss-cn-hangzhou.aliyuncs.com,0.0
igpastpapers.com,1.0
vinhos.grandcru.com.br,1.0
tgcinternational.net,1.0
twuvawnh.page.link,1.0
7c04d99c2a2f054d8a9a3cbfae82a448.safeframe.googlesyndication.com,0.0
moeve-schmelz.de,1.0
esd.faqserv.com,1.0
www.wsi.uni-tuebingen.de,0.0
gcxogcbuz.sysu.edu.cn,0.0
labour.gov.za,0.0
jmbordados.com.br,1.0
poa.2023.ebeenj.com,1.0
55426fc4220f4d3f8ec7138a66c9d4cc.fp.measure.office.com,0.0
dh.360kan.com,0.0
newcareerconsultancy.in,1.0
flexoz.com.au,1.0
taxnewmon.blogspot.com,1.0
w4dasvax373seyu6jvca-f-f461ff82f-clientnsv4-s.akamaihd.net,0.0
ufozilyjxqbfwi.sysu.edu.cn,0.0
sector7.fun,1.0
72k6ns9akyc2qqmndli4m32xfhd4lsckrsid7rgeef7d50fa11f0a8c7sac.d.aa.online-metrix.net,0.0
0b38abb016a1c7654d46770c0d77d2bc.safeframe.googlesyndication.com,0.0
c86ec2becb6ceeb410a77c227b741c01.safeframe.googlesyndication.com,0.0
ubezpieczeniawalczyk.pl,1.0
rnpn.result.garrettcountygranfondo.org,1.0
ad18b456c21844ddb289c5a657a63d43.fp.measure.office.com,0.0
va.cmbc.com.cn,0.0
privateproxy.scut.edu.cn,0.0
menhu.cnki.net,0.0
pardoselprado.com,1.0
spacetrack.co.tz,1.0
r1---sn-i3belnl7.c.2mdn.net,0.0
azo-freeware.sysu.edu.cn,0.0
ppbahqpa.page.link,1.0
d9y2r2msyxru0.cloudfront.net,0.0
ipikm7.com,1.0
growrichs.com,1.0
98025d75e101b34b4ba5b54fcaa03a32.safeframe.googlesyndication.com,0.0
sublimelogistics.com.pk,1.0
korayustundag.com,1.0
albaraka.com.bd,1.0
h171713.srv22.test-hf.su,1.0
adloi.mrbasic.com,1.0
tmkkdknmylvja.sysu.edu.cn,0.0
www.bcmnursing.com,1.0
businesscest.com.ng,1.0
esdac.jrc.ec.europa.eu,0.0
cbg-dh2.res.netease.com,0.0
pdwk5nixjspoayu6wsxa-pt2zlj-122fe6993-clientnsv4-s.akamaihd.net,0.0
only-428311-183-9-195-24.nstool.netease.com,0.0
hoqvqilh.page.link,1.0
p42-fmip.icloud.com.cn,0.0
rsmwaterproofing.com,1.0
a876302bf6c749598e7ccb0ec86b01cb.fp.measure.office.com,0.0
qizhixin.monday.com,0.0
ngaa1w.lavacelullares.pro,1.0
portawest.com,1.0
external-media59.public.wnrtm-a-1.prod.infra.webex.com,0.0
stcvalue.co.uk,1.0
naflqml.gov.np,1.0
ot-xhx.61.com,0.0
rereeti.files.wordpress.com,0.0
sahmanb.dns05.com,1.0
beqweb.com,1.0
3a30111c6798422ab9c502a939e48495.fp.measure.office.com,0.0
files5.uludagbilisim.com,1.0
marrakechchoralmeeting.ma,1.0
thecadd.in,1.0
productupdate.net,1.0
480fc15e8dd44c73830713be6add8e56.fp.measure.office.com,0.0
crainys.com.au,1.0
powercomputer.net.co,1.0
sz2.fcloud.store.qq.com,0.0
microstrong.blog.csdn.net,0.0
p33-quota.icloud.com,0.0
lb1.platformio.org,0.0
dcb96aba4c62854253d784a08f29a9fa.safeframe.googlesyndication.com,0.0
5f0c3fd7e8184c0be463f8eee39af35d.safeframe.googlesyndication.com,0.0
usmile.zhaopin.com,0.0
bf9276680cf0427297070f1c2a18b5ae.fp.measure.office.com,0.0
qgnk.cloudid.coffeeonboard.com,1.0
wudnzxro.page.link,1.0
wstatic.dcinside.com,0.0
nehkvrts.page.link,1.0
profile.ngpvan.com,0.0
1f2d335323984ecb83597208c9265773.fp.measure.office.com,0.0
temes-tw.co,1.0
cycling-today.live,1.0
m.zuowen.yjbys.com,0.0
fortunechina.oss-cn-hangzhou.aliyuncs.com,0.0
7788cw.997788.com,0.0
bursalambiri.com,1.0
grupomotobel.com.br,1.0
onxcfjkd.page.link,1.0
mmredc.com,1.0
bsfrtgrb.page.link,1.0
uxrrnqkh.page.link,1.0
creativekiwi.lk,1.0
paintbrush.sourceforge.net,0.0
ladymarine.com,1.0
40760be1afe64dad8876ba99524a7486.fp.measure.office.com,0.0
6b536cad2d987a01bba5cfe55bdb274c.dlied1.cdntips.net,0.0
fastandeasypilotcarinsurance.com,1.0
pic.coserbox.net,0.0
londonmart-noida.com,1.0
baytarim.com,1.0
72k6ns9aiclsjr7cmgks6m2hiiqi7p5antahfaxfb02b07d55c425b9bsac.d.aa.online-metrix.net,0.0
startvideoedition.com,1.0
jjgklkrc.page.link,1.0
72k6ns9afkxxmuucjh356mfbhysl573ijezlrrxu118573def394d94fsac.d.aa.online-metrix.net,0.0
naturalfa.pt,1.0
wccbnuqe.page.link,1.0
16545925959265acfc0ee8a8c5f143758697281a669e06792aeae23d.tmptrk.sensic.net,0.0
cn.taobao.com,0.0
kkidanap.page.link,1.0
westeuroper-notifyp.svc.ms,0.0
ccs.play.king.com,0.0
cid-121e0419085ef55f.users.storage.live.com,0.0
ipv6.www.so.com.tendawifi.com,0.0
73383eb3f6be40235f8cdaae7b706289.safeframe.googlesyndication.com,0.0
987818b8e101c65a2379af40a7ff265b.safeframe.googlesyndication.com,0.0
eead6113c59e4d38f111e12573bc139d.safeframe.googlesyndication.com,0.0
bfjczcpe.page.link,1.0
hrd.jkb.co.id,1.0
onlinegratuitycalculator.com,1.0
savers24.com,1.0
ws-na.amazon-adsystem.com,0.0
urn.org.pk,1.0
virginiaiajackson.billsfamily.us,1.0
cest-carre.fr,1.0
kgufewvstuw.sysu.edu.cn,0.0
zoomiadlr54mmr.iad.zoom.us,0.0
salarut.com,1.0
apissl.gifshow.com,0.0
app-down.fp.ps.netease.com,0.0
ns-pd.online.sh.cn,0.0
zedok.com.bd,1.0
sahidserpong.com,1.0
7816f63e882d4da9870bde73421e7616.fp.measure.office.com,0.0
trinetrapetroleum.com,1.0
30.107.162.52.sbl.spamhaus.org,0.0
lcyx.utibet.edu.cn,0.0
temptmag.com,1.0
w4dasvaxij5gayu6ofxq-f-d1695655e-clientnsv4-s.akamaihd.net,0.0
69a8fcec7ade4999a074913e624322b8.fp.measure.office.com,0.0
manfredfohringer.de,1.0
adls.vizvaz.com,1.0
tvyteujzvlou.sysu.edu.cn,0.0
v3-cold.douyinvod.com,0.0
theselfcompassionproject.files.wordpress.com,0.0
884499841-a8ebs1f113e74.rc03.oray.com,0.0
marcocarola.uk,1.0
outworktech.com,1.0
gobo18cl.top,1.0
atipakistan.org,1.0
93ed9a5e8c7149a9a5b6575972ae08f0.fp.measure.office.com,0.0
graphics.stanford.edu,0.0
amanet-sector-6-zeus.ro,1.0
lkwh.sync.oystergardens.club,1.0
202-43-232-182_s-23-200-218-168_ts-1654586687-clienttons-s.akamaihd.net,0.0
solarselling.com.br,1.0
r1eu01.visualwebsiteoptimizer.com,0.0
fromthetrenchesworldreport.com,1.0
theonlinepharmacy.ae,1.0
w4dasvax2ll2syu6ezia-f-20e16fb43-clientnsv4-s.akamaihd.net,0.0
technoscience-egy.com,1.0
bid-web.casmart.com.cn,0.0
assuredservice.co.in,1.0
orthodentrics.com,1.0
1219144838.docs.qq.com,0.0
ifcconstructions.com,1.0
f2yj36d.baiducom.vqu4698.com,0.0
ayk-pvp111.mo.konami.net,0.0
smtp21.cnrs.fr,0.0
w4dasvaxfpylayu6fdwa-f-fbacaeb71-clientnsv4-s.akamaihd.net,0.0
blackptechnology.co.za,1.0
4b0350eca4584a8ca3b7a2e4a863251c.fp.measure.office.com,0.0
royalrich.ro,1.0
syj168.taobao.com,0.0
sc.cma.gov.cn,0.0
artmediastudio.ro,1.0
2455812267.docs.qq.com,0.0
js.smi2.ru,0.0
abrtp2-cdn.marketo.com,0.0
cyvzglubln.sysu.edu.cn,0.0
gmas.oiu.edu.sd,1.0
serviss.com.mx,1.0
pcxzo.pluto.sogou.com,0.0
elevenexpress.com.co,1.0
linvite.life,1.0
parmaradvisory.in,1.0
guboh2p.top,1.0
asociatiaimunis.ro,1.0
zj2fcdtimj2leyu7atna-f-a896526fd-clientnsv4-s.akamaihd.net,0.0
kontaktowodrinkowo.sysu.edu.cn,0.0
zjc-cuit-edu-cn.webvpn.cuit.edu.cn,0.0
kayad.org.tr,1.0
cigaretteelectroniqueparis.fr,1.0
xxfzjcny.page.link,1.0
izlidemi.github.io,1.0
aliandcompany.pk,1.0
kentuckynyalbany.nepatakeout.com,1.0
spt.2023.ebeenj.com,1.0
vpzutsd.sysu.edu.cn,0.0
uxdlwcbdazxufrs.sysu.edu.cn,0.0
jdpipimb.page.link,1.0
4ece5678550448b09a2a3d2cbeda2ced.fp.measure.office.com,0.0
hw-game.flv.huya.com,0.0
ecosolutionsbd.com,1.0
old.med.wanfangdata.com.cn,0.0
c-0.19-a7000081.ca50081.16a8.c13.3ea5.210.0.aagmdhthdlaed6v46j1nm2jflb.avts.mcafee.com,0.0
r5-crossplay-sub-15.r5prod.stryder.respawn.com,0.0
olivehr.co.za,1.0
marketingelephants.com,1.0
hypotheques438.ca,1.0
caodangdaiviet.edu.vn,1.0
tzhodi.tmall.com,0.0
sscentry.geekbang.org,0.0
cruzrojareanima.cl,1.0
d7ee85be1adf43e5acc4ff58bc0efbe8.fp.measure.office.com,0.0
other-player-nf01-sycdn.kuwo.cn,0.0
ace1105526f7e1cdf26469e43065bb4eb.profile.lhr62-c3.cloudfront.net,0.0
183-6-9-94_s-23-56-4-26_ts-1654598343-clienttons-s.akamaihd.net,0.0
drpf-n10.proxima.nie.netease.com,0.0
jge.cl,1.0
glowgeniusshop.com,1.0
uwegqgs.sysu.edu.cn,0.0
feeneysbathrooms.com.au,1.0
datahunter.mx,1.0
itea-rwanda.com,1.0
puodexytze.sysu.edu.cn,0.0
sdkserver-dra.op.hicloud.com,0.0
pdwk52tilncsqyu6fysa-p0d72l-ef6ebf8c2-clientnsv4-s.akamaihd.net,0.0
app.feishu.cn,0.0
chatserver12.comm100.io,0.0
pittsburghbizpage.com,1.0
www-baozimh-com.cdn.ampproject.org,0.0
82.161.11.141.sbl.spamhaus.org,0.0
63581dbe074c4be58978e59b86abbb8b.fp.measure.office.com,0.0
cdd3cd5475e949d79ee03cd99b625c6e.fp.measure.office.com,0.0
kzgcdpzd.page.link,1.0
pubsapp.acs.org,0.0
b4fd5f40e48846e296acb63e7f650751.fp.measure.office.com,0.0
alnahyantrust.com.bd,1.0
manzanillaygordaldesevilla.es,1.0
shop67913540.taobao.com,0.0
sdc.faqserv.com,1.0
c0b308a6d6b24c3c8a7ef3ed4602dc53.fp.measure.office.com,0.0
eitfewhk.page.link,1.0
power.zol.com.cn,0.0
w4dasvfydozfeyu625cq-f-b503764e9-clientnsv4-s.akamaihd.net,0.0
bax.eliyahost.ir,1.0
stjohnsdamoh.co.in,1.0
swamini.in,1.0
kcvsonxq.page.link,1.0
bbugliyrp.sysu.edu.cn,0.0
only-81911-58-249-112-76.nstool.netease.com,0.0
edge-087.hkhkg.icloud-content.com,0.0
wenawenkosi.co.za,1.0
ptcoyzyokafyvrg.sysu.edu.cn,0.0
105.sysu.edu.cn,0.0
dsktlkhv.page.link,1.0
apex.tracker.gg,0.0
ntl.scheme.corycabana.net,1.0
adclick.g.doubleclick.net,1.0
phil-zh.sysu.edu.cn,0.0
jpxurduf.page.link,1.0
www.baicizhan.com,0.0
nques-recording-uat.s3.us-east-2.amazonaws.com,0.0
rr2---sn-i3bssn7e.gvt1.com,0.0
11236s.oss-cn-beijing.aliyuncs.com,0.0
azurasuperheroes.co.id,1.0
globaldream.ro,1.0
metrofood.mk,1.0
ft.com,0.0
ditu.bajiu.cn,0.0
shop261926401.taobao.com,0.0
ncedcloud.online,1.0
leticiamc.com.br,1.0
mgtvwfla.files.wordpress.com,0.0
training.iarc.who.int,0.0
40bd9540f77e4dae9aadbdd694982eac.fp.measure.office.com,0.0
crafteon.xyz,1.0
krv.edu.my,1.0
cvauqyiy.page.link,1.0
thoibaodulich.com,1.0
zgepikqf.page.link,1.0
dentistajundiai.app.br,1.0
d1sg0z51b6xwn8.cloudfront.net,0.0
westvirginiacohonolulu.sarahmichellenpreviews.online,1.0
bodegaycocina.co,1.0
thewildlife.ca,1.0
img01.bjx.com.cn,0.0
w4dasvaxgurbgyu64keq-f-61037089c-clientnsv4-s.akamaihd.net,0.0
yslcpvvu.page.link,1.0
pfsense.org,0.0
specialsolution.org,1.0
www.fgw.sysu.edu.cn,0.0
zj2fdlixfqzxuyu6reva-f-d1ea24771-clientnsv4-s.akamaihd.net,0.0
srplisrmk.sysu.edu.cn,0.0
6d84a64c77714f7b88a714b09ad905bd.fp.measure.office.com,0.0
c-0.19-a7000081.d0481.16a8.c13.3ea5.210.0.e2ttkgjrwk88u2nvr7z1agk62i.avts.mcafee.com,0.0
w4dasvaxij5gayu6occa-f-619e47c5c-clientnsv4-s.akamaihd.net,0.0
sydxb.upc.edu.cn,0.0
mohd-akram.gallerycdn.vsassets.io,0.0
hauli.co.tz,1.0
dqzdflibacjxp.sysu.edu.cn,0.0
healthylivingdiet.us,1.0
tc.etest8.com,0.0
odpjyqpb.page.link,1.0
download.bitdefender.com,0.0
pusxlqdipt.sysu.edu.cn,0.0
imhansen.com,1.0
api.famobi.com,0.0
gbres.dfcfw.com,0.0
atuelvnrr.sysu.edu.cn,0.0
tanjin.tk,1.0
omwmxagn.page.link,1.0
test.i.meituan.com,0.0
sugg.search.yahoo.net,0.0
doodlesz.app,1.0
loltw.verizon.gpipe.garenanow.com,0.0
aaslab.org,1.0
ssupjupw.page.link,1.0
green.workercn.cn,0.0
z.shavsl.com,1.0
www.myquark.cn,0.0
external-media75.public.wbomm-a-1.prod.infra.webex.com,0.0
kf074fm01.s3.cn-north-1.amazonaws.com.cn,0.0
db7bb41ff5294c6fbaea524032f1a9d3.fp.measure.office.com,0.0
amab-entornodf.org.br,1.0
8b05cbea878143c3956d721a66b56d07.fp.measure.office.com,0.0
dev.njc.gov.ng,1.0
successfactors.eu,0.0
xdream-frontend.cn-shanghai.log.aliyuncs.com,0.0
b925162782004727a90807dfafd46b6b.fp.measure.office.com,0.0
wpsdocs.sankuai.com,0.0
112.118.72.148.sbl.spamhaus.org,0.0
smancydata.com.ng,1.0
pooldist.17173.com.o.sohu.com,0.0
static.ocecdn.oraclecloud.com,0.0
laptop-pnn4i8l6.sysu.edu.cn,0.0
pidsttzrolww.sysu.edu.cn,0.0
wkhmchwqcdin.sysu.edu.cn,0.0
hxqpxlnn.page.link,1.0
hkmvjmnv.page.link,1.0
isme.sustech.edu.cn,0.0
uniquemanufacture.co.in,1.0
taskmills.com.au,1.0
51.23.11.106.sbl.spamhaus.org,0.0
0d053f9c5dcd41178b459fc5ac01e7de.fp.measure.office.com,0.0
zn6dnadlopjlkfylz-dnv.siteintercept.qualtrics.com,0.0
9472b4d7bfc3dae1ae21c5257b0b865e.dlied1.cdntips.net,0.0
canadianmuseumofnature.files.wordpress.com,0.0
constitutionalsanctuarycity.org,1.0
mdspro.my.id,1.0
jamesjordan.top,1.0
tufaulupamojardc.org,1.0
helpuc.org,1.0
hl4xaltilncdwyu7biga-pu0tic-894910fad-clientnsv4-s.akamaihd.net,0.0
hitstation.nl,1.0
hzfzoasipl.sysu.edu.cn,0.0
una.settings.oysterfloats.org,1.0
onedscolprdfrc05.francecentral.cloudapp.azure.com,0.0
w4dasvaxfdy4syu6435q-f-822360e1e-clientnsv4-s.akamaihd.net,0.0
h170811.srv22.test-hf.su,1.0
d2zrgfbvbus6yo.cloudfront.net,0.0
famylisouth.canadacentral.cloudapp.azure.com,1.0
assetstorage196.azureedge.net,0.0
ce492a0a50544c45ae1d0c2329c224e4.fp.measure.office.com,0.0
afriski-holimo.co.za,1.0
1000415.hybrid.miniapp.taobao.com,0.0
k.t.qq.com,0.0
cjzgkgiz.page.link,1.0
w4dasvax373seyu6jtoq-f-0ab88225e-clientnsv4-s.akamaihd.net,0.0
d2388136104602157581-w-t8800980499001033229.id.amgdgt.com,0.0
net.sjtu.edu.cn,0.0
securehosting.vip,1.0
xn--2022-ec5fnb290ds4bow8bkoa536ad8n6jdpt9d243ai42cii8b.sysu.edu.cn,0.0
dobyriml.page.link,1.0
tbilgi.com,1.0
battlegroundmobileindia.link,1.0
bolidare.beget.tech,1.0
w4dasvfygntbgyu6ibyq-f-463a5e530-clientnsv4-s.akamaihd.net,0.0
www.cs.stir.ac.uk,0.0
wsapi.xfyun.cn,0.0
plvhuclaa.wid.wisc.edu,0.0
chennaimetco.co.in,1.0
jbwejhpa.page.link,1.0
tcnboso.com,1.0
images.hothardware.com,0.0
20.192.84.99.sbl.spamhaus.org,0.0
ftktmqax.page.link,1.0
zj2fdlixfqz3eyu6llhq-f-ebde4bc11-clientnsv4-s.akamaihd.net,0.0
tech101nepal.com,1.0
pdwk5qg7oegtsyu7mr7q-f-dd771b094-clientnsv4-s.akamaihd.net,0.0
mastersofsites.com,1.0
p30-keyvalueservice.icloud.com.cn,0.0
appmall-prd-1258960627.file.myqcloud.com,0.0
0354e70f6df74019a837f174fd06b8fc.fp.measure.office.com,0.0
lanqhfgk.page.link,1.0
memphisthrive.com,1.0
lgincdnmsftuswe2.azureedge.net,0.0
adl-fot.faqserv.com,1.0
rmzbdvul.page.link,1.0
microturners.co.in,1.0
biogreenwholesalers.co.ke,1.0
44eaaf5dc2f643609cd904c5d5775432.fp.measure.office.com,0.0
static.bysjy.com.cn,0.0
rmnfyprf.page.link,1.0
dbpub-cnki-net-443.webvpn.sysu.edu.cn,0.0
tiemvangngoctham.com,1.0
mffvsgkh.page.link,1.0
r2---sn-bvn0o-ju0l.gvt1.com,0.0
tvelwithseth.com,1.0
edusys.hrbeu.edu.cn,0.0
9-0.19-a3000081.81b0033.170c.d2e.3ea5.210.0.mmqnrrm9vabahq3bm54jqk5gbv.avts.mcafee.com,0.0
oniplast.com.br,1.0
injemotors.com.br,1.0
9418370.fls.doubleclick.net,0.0
kahqyxw.sysu.edu.cn,0.0
wenlwdjcscmym.sysu.edu.cn,0.0
tipthara.com,1.0
ezsq.caching.oysterfloats.com,1.0
veijziyf.page.link,1.0
87e46d7064d34cd49cdc77a31bd44c41.fp.measure.office.com,0.0
cmsmed.med66.com,0.0
atlanticosystems.com,1.0
enfyhub.com,1.0
diagnosticamoreno.com,1.0
girls.bqrdh.com,0.0
goingtoasia.org,1.0
toenchen-und-herrschmidt.de,1.0
mwwsxrlp.page.link,1.0
dingyijianlvshi.66law.cn,0.0
upkvqwjk.page.link,1.0
zuriwave.com,1.0
nawaz.pk,1.0
galleryrasa.com,1.0
yeslifeindia.in,1.0
pifyqpigmqapr.sysu.edu.cn,0.0
intodental.info,1.0
mcgcpiucin.sysu.edu.cn,0.0
docs.djangoproject.com,0.0
darkenergysurvey.slack.com,0.0
kceloqda.page.link,1.0
connectivity-check.linkpc.net,1.0
travelinghouse.pk,1.0
databank.tmall.com,0.0
facultyprofiles.hkust.edu.hk,0.0
yeswellindia.in,1.0
peadtrej.page.link,1.0
uscorporation.com.pk,1.0
dblljjvzb.sysu.edu.cn,0.0
r5---sn-i3b7knsd.gvt1.com,0.0
english.e23.cn,0.0
pc.weixin.qq.com,0.0
wwwklmhf33-1322353970.cos.ap-guangzhou.myqcloud.com,1.0
jextoban.com,1.0
thatcookeveryday.com,1.0
d1733e8sbsn3o.cloudfront.net,0.0
bigkuma.com,1.0
ezrwvv.tdum.alibaba.com,0.0
9xf374.tdum.alibaba.com,0.0
fdl0h6.tdum.alibaba.com,0.0
3fizn0.tdum.alibaba.com,0.0
5bmz80.tdum.alibaba.com,0.0
840c6d.tdum.alibaba.com,0.0
8gfcvu.tdum.alibaba.com,0.0
apply.grad.rochester.edu,0.0
moscow-post.ru.com,1.0
cid-aa92849d2268e78a.users.storage.live.com,0.0
e9uevr.daewootelevisao.sa.com,1.0
edb.faqserv.com,1.0
ewizardz.com,1.0
jm6yr52ps8x5iz9gf4eyvgywgoy6z1654541347.nuid.imrworldwide.com,0.0
94af5d62bdbca13d3b178af0eab82285.safeframe.googlesyndication.com,0.0
75587e1cd44b7d7ed6ddf1f1170a196f.safeframe.googlesyndication.com,0.0
296218384f29c4bc9c4ccac6047a36f2.safeframe.googlesyndication.com,0.0
e503c98d54f922067c507bb2b0abc3d4.safeframe.googlesyndication.com,0.0
e0e9389932b7b6bd4e74b9feb41ccd99.safeframe.googlesyndication.com,0.0
5f1af7cf3e829bdfff65fbcd3bc45311.safeframe.googlesyndication.com,0.0
b68d4998995376708ae56ebdc48e6b3c.safeframe.googlesyndication.com,0.0
aaa87c9f8bda9512c59ddbe55c0334b5.safeframe.googlesyndication.com,0.0
42b9c27832f9fe55c7eb59d57c02f181.safeframe.googlesyndication.com,0.0
0c50e97035f35b811ee16b5a4af08c27.safeframe.googlesyndication.com,0.0
fa76dafc3ef6cd2ff936c747b2809f39.safeframe.googlesyndication.com,0.0
5cbba679507921c31806740457059bd3.safeframe.googlesyndication.com,0.0
133dd62902f55196c463d55a1ad70705.safeframe.googlesyndication.com,0.0
5a59ee6525f146e644c253a155763866.safeframe.googlesyndication.com,0.0
1e1d2393e3fad7b9daaa8ba0a1d20164.safeframe.googlesyndication.com,0.0
842eae626baaba3f3c69e912afcca072.safeframe.googlesyndication.com,0.0
5326ebfeb7c00c845f0ea40364139718.safeframe.googlesyndication.com,0.0
tdmail.gz.1251001122.clb.myqcloud.com,0.0
pna24.faiasa.sa.com,1.0
serviciosintegralesdelcaribe.com,1.0
slmmihrr.page.link,1.0
cvgm.ar,1.0
5718e19b-1140-4664-afc7-5b4d13f9c976.t.ssp.hinet.net,0.0
tybjdeqe.page.link,1.0
www.pinkoi.com,0.0
msch.b.qianxin.com,0.0
skylinemetrics.com,1.0
desdeelsentir.cl,1.0
cyuxqkrheoeoolr.sysu.edu.cn,0.0
help-ol.bj.bcebos.com,0.0
bolandraf.com,1.0
3ba6558c0b490fe85cbb66dadb836d40.safeframe.googlesyndication.com,0.0
t3777821816628571437.id.amgdgt.com,0.0
aocsmfer.page.link,1.0
1069boys.net,0.0
biop.scnu.edu.cn,0.0
crtstrack.spdbccc.com.cn,0.0
medicena.pk,1.0
72k6ns9aihsrutyr7x2axq67gyoiifn7jk5ip74fba4f473eb4e7d725sac.d.aa.online-metrix.net,0.0
e-h-r-a-z-i-61.mynetav.org,1.0
adlv.mrface.com,1.0
adk-iran.mrface.com,1.0
eblag.mrface.com,1.0
vladferoiu.com,1.0
encurtador.com.br,1.0
smartdisplay.lenovo.com,0.0
ibhldqmh.page.link,1.0
1912154273.docs.qq.com,0.0
codelimd.com,1.0
supporttrust.org.nz,1.0
tech-learning.in,1.0
883ef09ba04241b49d5e361e17faec78.fp.measure.office.com,0.0
p208-ckdatabasews.icloud.com.cn,0.0
bittraderfx.com,1.0
synokzcc.page.link,1.0
vqbnodwn.page.link,1.0
rastawholesale.com,1.0
p4-eq32vglumscvc-6v5m27oicxia25f2-if-v6exp3-v4.metric.gstatic.com,0.0
retro-golf.com,1.0
theconsulting.io,1.0
mta.qq.com,0.0
imtcp1.weidian.com,0.0
dl.dropboxusercontent.com,1.0
hzproxy.split.netease.com,0.0
eda.mrbasic.com,1.0
ejqxcvvp.page.link,1.0
neuidmsso.neu.edu,0.0
sgkoi.dev,0.0
carsinsu.com,1.0
searleivsolutions.com,1.0
trouter-azsc-uswe-0-a.trouter.skype.com,0.0
m.js.zgsydw.com,0.0
web-yunz.yahoo.co.jp,0.0
ujjqpcusuutoro.sysu.edu.cn,0.0
hyjvpbfi.page.link,1.0
msljelwg.page.link,1.0
cdan.gov.co,1.0
checkblacklistwords.eu,1.0
rypwlyks.page.link,1.0
shg.ph,1.0
rqxvziql.page.link,1.0
vmolzzov.page.link,1.0
gitghana.com,1.0
latale.autopatch.sdo.com,0.0
historiasdelescarabajo.com,1.0
mistydeblasiophotography.com,1.0
oflazevdenevenakliyat.com.tr,1.0
teiacs.com.br,1.0
wordpress.ductai.xyz,1.0
megalista.com.br,1.0
zj2fdlixfqz3eyu6pnva-f-d363b4031-clientnsv4-s.akamaihd.net,0.0
bioengineeringcommunity.nature.com,0.0
icg-egy.net,1.0
ipsdusakawi.com,1.0
leads-tiancheng.oss-cn-beijing.aliyuncs.com,0.0
cfe2094efc574048b9fe590c358923a4.fp.measure.office.com,0.0
login.bigcommerce.com,0.0
ibpsguny.page.link,1.0
d2kmcmu63umnlw.cloudfront.net,0.0
sonic306-20.consmr.mail.gq1.yahoo.com,0.0
midad-adv.com,1.0
gnncoautoparts.com,1.0
vdcuwfntjp.sysu.edu.cn,0.0
sfashion.com.mx,1.0
mailserve.aks.ac.kr,0.0
qseqegkd.page.link,1.0
bazcqosjifadqaz.sysu.edu.cn,0.0
www.educity.cn,0.0
5ui5x4.tdum.alibaba.com,0.0
af5174ca57195242c49480674be850c5452a87a8.ime.galileo.baidu.com,0.0
stateoftheart-2020.allergycongress.gr,1.0
test.openapi.starbucks.com,0.0
jxkukeitqlhp.sysu.edu.cn,0.0
wcdn.17win.com.x.fb7d1bbf0e32f04e570afba00c181b8f5fa2.9270ed45.id.opendns.com,0.0
gybin6gz.beget.tech,1.0
8b67b89cd7eefee2e797dbe98195bb29.safeframe.googlesyndication.com,0.0
hawari.pk,1.0
ffed.instance-hungry.net,0.0
www.age.tv,0.0
rgtracker.rivergame.net,0.0
us.pdc.micloud.xiaomi.net,0.0
bharatakonstruksi.com,1.0
chuckozeas.com,1.0
roberthamilton.top,1.0
ptbolaterbaik.com,1.0
clinicametropolitana.com.co,1.0
m.mingpao.com,0.0
dosaenterprise.com,1.0
sambhavtv.com,1.0
45.198.7.8.sbl.spamhaus.org,0.0
a1.azg168.cn,0.0
screeninghive.com,1.0
rr5---sn-oguelnsy.googlevideo.com,0.0
rr5---sn-i3b7knsd.googlevideo.com,0.0
c92af8d6084ad600e219ac3d44ee1c25.safeframe.googlesyndication.com,0.0
c48abb71f0034c489b371924b5b11b45.fp.measure.office.com,0.0
izpxoil.domain.name,0.0
arxeologiya.az,1.0
w4dasvaxij5asyu6qq4q-f-ee979d969-clientnsv4-s.akamaihd.net,0.0
amaxtravel.com,1.0
fashuo.wendu.com,0.0
srwzyeus.www.tendawifi.com,0.0
543e39d196314047b8f427177e92a809.fp.measure.office.com,0.0
upecmygh.page.link,1.0
zj2fdlixfqz3eyu6qsjq-f-4ee24123a-clientnsv4-s.akamaihd.net,0.0
20ee7d41e329368fa36b093ead216ccb.safeframe.googlesyndication.com,0.0
aram24.ir,1.0
jorgechavezimagenes.com,1.0
cdorchestra.org,1.0
bbdqbdew.page.link,1.0
dojq4kt8ws9iq.cloudfront.net,0.0
gsa.apple.com,0.0
www.jibei.sgcc.com.cn,0.0
e10.whatsapp.net,0.0
tpvfclopvovfvz.tendawifi.com,0.0
mbservingenieria.com,1.0
www.iaea.org,0.0
gestionhqse.com,1.0
vodkgeyttp9c.vod.126.net,0.0
w4dasvfydj7tsyu6sreq-f-520551de5-clientnsv4-s.akamaihd.net,0.0
mastertiresgroup.com,1.0
skomad.com,1.0
sharethatbiz.com,1.0
machineexpert.ae,1.0
injury-lawyers-attorney.com,1.0
w4dasvax2ll5eyu6owza-f-416ba3ec4-clientnsv4-s.akamaihd.net,0.0
sawalsha.com,1.0
adwords.sysu.edu.cn,0.0
mensi-ip.com,1.0
cerodamed.com,1.0
4161ce70018949e89f06116d6c5a85b9.fp.measure.office.com,0.0
carseatscomparison.com,1.0
w4dasxixilaz4yu7hakq-f-bd41d88e1-clientnsv4-s.akamaihd.net,0.0
mvz-ansbach.de,1.0
hprbhibq.page.link,1.0
ssn.fartit.com,1.0
iran-vb.fartit.com,1.0
www.newpaper.dahe.cn,0.0
zseftjeueethcm.sysu.edu.cn,0.0
ems.nwu.edu.cn,0.0
uniquecolleges.com,1.0
d7442163284736349975-t4332103829628097105.id.amgdgt.com,0.0
symbolscopy.net,1.0
playervisual.com,1.0
ftp.graduate.sysu.edu.cn,0.0
bse.faqserv.com,1.0
awdtechnologies.com,1.0
gyowcsix.page.link,1.0
bagelsonthemain.com,1.0
120e652cb121415a2a3077cfbedd0e33.safeframe.googlesyndication.com,0.0
jltwmwgs.sysu.edu.cn,0.0
pnaapvnl.page.link,1.0
72k6ns9agtm356daahgoljksnzjjenmnz3owzxee7f6ffb4563b4792fsac.d.aa.online-metrix.net,0.0
newsaero.info,1.0
mediatum.ub.tum.de,0.0
xvfdckgt.page.link,1.0
eurologistic.am,1.0
blueberry-tech.com,1.0
sarkerrentacar.com,1.0
altunminyum.github.io,1.0
sixdegreescreative.co.ke,1.0
www.parallels.com.cdn.cloudflare.net,0.0
gurukulexpress.com,1.0
samuelbimo.sysu.edu.cn,0.0
amahumbezi.com,1.0
waresagroup.org,1.0
hotelaromakalaw.com,1.0
maxximbrasil.com,1.0
portonesautomaticosbolivia.com,1.0
5ecd4cfcd209b7e29a8a2e2603ef5052.safeframe.googlesyndication.com,0.0
b845cdd2ec6cf4a2cea189f4f4cbf3b9.safeframe.googlesyndication.com,0.0
mail.aliyun.com,0.0
krishnajwellery.com,1.0
globalvillage.pk,1.0
ojvwyrgeqd.sysu.edu.cn,0.0
newheightsoverseas.com,1.0
insposuma.org.br,1.0
aspensiesta.com,1.0
kameltarinyek.monster,1.0
xsc-cuit-edu-cn.webvpn.cuit.edu.cn,0.0
gbxtmxnc.page.link,1.0
72k6ns9aiusnrihsb3k47oqqkmyk3dovhps7zzxe0e25ee0ba752e9b2sac.d.aa.online-metrix.net,0.0
buildermediasolutions.com,1.0
hagwzvzj.page.link,1.0
sadrate.skin,1.0
2731720cd10dad6551acec17be553213.safeframe.googlesyndication.com,0.0
trysupplements.online,1.0
ivouch.com.au,1.0
tidvkfjkox.sysu.edu.cn,0.0
almadarfortrading.com,1.0
regisschool.co.ke,1.0
yasuo.360.cn,0.0
mmgamevideo.qpic.cn.tcdn.qq.com,0.0
fazalengineering.com,1.0
waeijisho.net,0.0
articlecontentplanet.com,1.0
ernestmcleodkanchi.com,1.0
7fo7ey.tdum.alibaba.com,0.0
051a4b5b693712dc53a48512b37726da.safeframe.googlesyndication.com,0.0
9c1f061b00d73012633345ad0f1c55c4.safeframe.googlesyndication.com,0.0
aslangrup.com.tr,1.0
sintracespadm.org.br,1.0
w4dasvfyde4qeyu62srq-f-3ddc7047c-clientnsv4-s.akamaihd.net,0.0
villasore-solta.com,1.0
torrentkitty.app,0.0
arosalmasayif.com,1.0
lacasayelcampoinmobiliaria.com,1.0
smv.faqserv.com,1.0
alharajmarket.com,1.0
medigest.in,1.0
w4dasvax373seyu6jwda-f-3cf4d010d-clientnsv4-s.akamaihd.net,0.0
0bd4ef9fb19e11b89c59793be9620158.safeframe.googlesyndication.com,0.0
stat.oiu.edu.sd,1.0
stshy.helsinki.fi,0.0
fouredgefm.com,1.0
furfabulousmobilepetspa.com,1.0
cdn3-adb1.online,1.0
noam.presence.teams.live.com,0.0
closebit.com,1.0
dnojbkodgvjwsu.sysu.edu.cn,0.0
zj2fcdqxfdy2syu6ytiq-f-fbb5d21be-clientnsv4-s.akamaihd.net,0.0
shoppingrf.com,1.0
socket.pan.baidu.com,0.0
cjxpbapu.page.link,1.0
genyda.com,1.0
wallhere.com,0.0
smartbusinessfirm.com,1.0
k380344865-ac52s90d13772.rc03.oray.com,0.0
ashersland.com,1.0
sbudufbe.page.link,1.0
1149927291.docs.qq.com,0.0
apkmirror.memberful.com,0.0
drumvalesecondary.com,1.0
strongpg.xyz,1.0
imp.control.kochava.com,0.0
generationsholdings.com,1.0
cdog01.alibaba-inc.com,0.0
californianhfrankfort.smekonect.com,1.0
855174ca1ddd99bc3d4babc638723031f719a405.ime.galileo.baidu.com,0.0
wwoanswi.page.link,1.0
api.mojang.com,0.0
sam.faqserv.com,1.0
xn--mgbtf4g.com,1.0
latimesphoto.files.wordpress.com,0.0
genean-static-master.oss-cn-shenzhen.aliyuncs.com,0.0
pglgdvfkxckksjw.ucl.ac.uk,0.0
klrvviaxhtmqvrn.tendawifi.com,0.0
w4dasvfydplqsyu7cgfa-f-dcab47e63-clientnsv4-s.akamaihd.net,0.0
youmediachicago.tumblr.com,0.0
sridgeauto.co.za,1.0
amzpro.com.br,1.0
dqgc.gxu.edu.cn,0.0
sepima.com,1.0
ycgzhltlipzn.s4.adsco.re,0.0
3f13df015e2fae38e3ba5baebbdf321a.safeframe.googlesyndication.com,0.0
a111864f3bb7397d0b1e4493a6bd9ec3.safeframe.googlesyndication.com,0.0
d1db1f97f5167071d5c09187571c3a4e.safeframe.googlesyndication.com,0.0
d4f6750a151545a3a459f82f2e4cb463.fp.measure.office.com,0.0
skenlidd.page.link,1.0
lv-everphoto.ulikecam.com,0.0
adysfrenchbulldogs.com,1.0
m.api.dianping.com,0.0
tse1.explicit.bing.net,0.0
xnzs.cbpt.cnki.net,0.0
f9966861c7cc66303c4bd63384ab89ef.safeframe.googlesyndication.com,0.0
23279b96c9029f9ec24387c2cc1176c8.safeframe.googlesyndication.com,0.0
polkcountydumpsterrentals.com,1.0
tvceojma.page.link,1.0
elcumple.de,1.0
romancehotel.net,1.0
china.resmed.com,0.0
adl-sd.fartit.com,1.0
sahgs.faqserv.com,1.0
indohcf.com,1.0
engcss.sysu.edu.cn,0.0
stsbd.org,1.0
5.139.75.110.sbl.spamhaus.org,0.0
228648e579237981aebfb9d6b4401c51.safeframe.googlesyndication.com,0.0
owmhndwh.page.link,1.0
fanfou.com,0.0
trackingshipment.apple.com,0.0
mce.la,1.0
binaries.soliditylang.org,0.0
suitesobispado.com,1.0
siqlbzlndalctls.sysu.edu.cn,0.0
mcnamaratowing.com,1.0
fortunehills.in,1.0
zkgdyimc.page.link,1.0
openai.weixin.qq.com,0.0
akhtarweb.com,1.0
johlfnvt.page.link,1.0
6cb4f9f89bac427d21c5fe4b5b0d34f9.safeframe.googlesyndication.com,0.0
f8f71fcfcbde8b3dff5af0e547ba1c64.safeframe.googlesyndication.com,0.0
www.pleumeurbodou.com,1.0
balletstudiobogota.com,1.0
intercambiocristiano.com,1.0
meiracontadores.com.br,1.0
wenlantrading.com,1.0
iteckcursos.com.br,1.0
entergospel.com,1.0
philxz.whu.edu.cn,0.0
anksearch.com,1.0
zj2fdlixfqz3eyu6mv7a-f-f814ad576-clientnsv4-s.akamaihd.net,0.0
demo.nessotechbd.com,1.0
yeni-dad.az,1.0
ylmtomhi.page.link,1.0
a50d9678c658e12bf6e9fb08aa5f4a1f.safeframe.googlesyndication.com,0.0
instream.casalemedia.com,0.0
sre-vn.com,1.0
itfolkstechnology.com,1.0
jagrukmumbainews.com,1.0
asahm.itsaol.com,1.0
patrialand.com,1.0
simnasfikpunhas.com,1.0
zhlgd.whut.edu.cn,0.0
archive.yunpan.360.cn,0.0
waresagroup.com,1.0
7ff09425279045b19652006b3c57c04b.fp.measure.office.com,0.0
cloud.mindmanager.com,0.0
content22.citibank.com.cn,0.0
assetstorage122.azureedge.net,0.0
earnmore.bik.co.ke,1.0
inverex.net,1.0
whitevivid.com.my,1.0
uniquepainters.in,1.0
ahlollah.com,1.0
p45-quota-china.icloud.com,0.0
keramatfarm.net,1.0
sentry.xiaoeknow.com,0.0
agemn.co.za,1.0
mrsouk.com,1.0
clinicaferrazsp.com.br,1.0
3068d2c1068ef5886617cdbe853cfc04.safeframe.googlesyndication.com,0.0
cursoamigurumipassoapasso.com.br,1.0
ad-sh-sz-zb.wagbridge.tanx.alimama.com,0.0
achcdn.com,0.0
zj2fdlixfqzxuyu6kmxq-f-99d1646e7-clientnsv4-s.akamaihd.net,0.0
procretestructures.co.ke,1.0
p114-quota-china.icloud.com,0.0
chinarhospitalanddailysiscenter.com,1.0
rr2---sn-npoeen7d.googlevideo.com,0.0
music.iqiyi.com,0.0
costarica-traveltours.com,1.0
creativoagencia.pe,1.0
www.tiobe.com,0.0
misryoum.com,1.0
cn-fjqz-cmcc-v-01.bilivideo.com,0.0
ttt.com.bo,1.0
ab0d1d13802d447dad7e7d5d82ebb532.fp.measure.office.com,0.0
nsdayan.com,1.0
6d2a7b1a1e984690bff24235b5eeafd1.fp.measure.office.com,0.0
dnasweln.cn1.global.ctrip.com,0.0
ed-rv.vizvaz.com,1.0
magic-nails.net,1.0
venatusmedia-d.openx.net,0.0
goldorart.com,1.0
smashcomunicaciones.com,1.0
my.statcounter.com,0.0
cityups.com.pk,1.0
jindaodao.blog.sohu.com,0.0
diskete.com.br,1.0
pusadurbanbank.com,1.0
cje4r.ulefonecelullares.motorcycles,1.0
pv-ic.com,1.0
hhgs.sync.oystergardens.club,1.0
036234516af78f5731b79335c980194e.safeframe.googlesyndication.com,0.0
ab7dd41380432b56ba195085651fb88c.safeframe.googlesyndication.com,0.0
hwgrlehj.page.link,1.0
myzmpxvx.page.link,1.0
xcx.qcc.com,0.0
sandiegoloanpro.com,1.0
iowakydesmoines.fachei.com,1.0
afjaopdq.page.link,1.0
htc.dns05.com,1.0
30e07d3844f44c0e9e5fc4036565b83c.fp.measure.office.com,0.0
w4dasvfygoo5iyu66nga-f-79636074e-clientnsv4-s.akamaihd.net,0.0
sakis.id,1.0
lingyuanhanshuang.lofter.com,0.0
quantlet.wordpress.com,0.0
dapproid.com,1.0
forwardskitchen.com,1.0
market.wapa.taobao.com,0.0
icdn02.gayporno.tv,0.0
digistorm.pk,1.0
img12.jiwu.com,0.0
186.194.172.61.sbl.spamhaus.org,0.0
homeproservices.org,1.0
jsglpt.gdedu.gov.cn,0.0
wst.ahzwfw.gov.cn,0.0
andal-pinal.org,1.0
streann.com,1.0
8248ccd2987e712874de2fb48db3fb70.safeframe.googlesyndication.com,0.0
159.23.47.198.sbl.spamhaus.org,0.0
bvewiryxvsseg.sysu.edu.cn,0.0
cautivo.wik.com.mx,1.0
aquafresh-ro.com,1.0
allsealservices.com.au,1.0
7f8389e961b349b2b5da8f3b49dc2c08.fp.measure.office.com,0.0
flashapp.top,1.0
72k6ns9avtloyjagfndnfngvd2g7q623l3cdxxr473c2f17bd2d33a85sac.d.aa.online-metrix.net,0.0
fr.1lib.to,0.0
affim.baidu.com,0.0
kathmanducentral.com,1.0
catasevilla.es,1.0
dcdeezfu.page.link,1.0
104545e4fcea42d08b3e25aec0647d23.fp.measure.office.com,0.0
nked.result.garrettcountygranfondo.org,1.0
img.activityjapan.com,0.0
omp-img.lrts.me,0.0
moreroom-me.com,1.0
rebrickable.com,0.0
routemart.co.in,1.0
mhideals.com,1.0
avpfikvp.page.link,1.0
8waewa.alcatelcelullares.quest,1.0
f9fa4d02705a1b09e456d445b5b85ae2.safeframe.googlesyndication.com,0.0
ec591ab95bb075f04d3bdc27948054f8.safeframe.googlesyndication.com,0.0
yushanmedia.com.np,1.0
konyapetektemizligitemizleme.com,1.0
i-62.b-46124.ut.bench.utorrent.com,0.0
007edciededild.jumpkj.chuairan.com,0.0
bagsrad.com,1.0
adpggf.faqserv.com,1.0
fd4902c81ae942399a57fa063a54afef.fp.measure.office.com,0.0
di-revol.com,1.0
mnxjfnqx.page.link,1.0
cs.berkeley.edu,0.0
eaaq3kbacyq7ajqacqlqa5qerrrj5nh3-f-645320117-clienttons-s.akamaihd.net,0.0
asc.itsaol.com,1.0
ems.youku.com,0.0
qdixyqhe.page.link,1.0
7b74d91fcb353c70952b0c5c12c7fed1.safeframe.googlesyndication.com,0.0
ovgrvpse.page.link,1.0
yfdsnfy.sysu.edu.cn,0.0
4.155.160.217.sbl.spamhaus.org,0.0
infinity-private.infinitynewtab.com,0.0
pmsarkarijob.com,1.0
jivxwirz.page.link,1.0
adl-gh.fartit.com,1.0
news.tju.edu.cn,0.0
c.nbwz.com,0.0
slotinternasional.vip,1.0
cpabulld.com,1.0
akaplanners.com,1.0
199.121.60.45.sbl.spamhaus.org,0.0
kansasintrenton.staticoin.com,1.0
tflzwxlh.page.link,1.0
proativa.konkisti.com.br,1.0
ongoing.website,1.0
luterlab.com.br,1.0
aa1885d11f922ec74b28597477ab23a4b.profile.sin52-c3.cloudfront.net,0.0
mahaseelinvestment.com,1.0
hijactive.net,1.0
uniim1.shutterfly.com,0.0
5wu1jn.tdum.alibaba.com,0.0
buckstile.co.zw,1.0
acwzdwza.page.link,1.0
nascardigitalmediallc.demdex.net,0.0
madeinchinajournal.us6.list-manage.com,0.0
santaritasjc.org.br,1.0
worker-images-9.ws.pho.to,0.0
ygeswzbycny.sysu.edu.cn,0.0
mall.cngold.org,0.0
zj2fdlixfqzxuyu6n2nq-f-546fc8e15-clientnsv4-s.akamaihd.net,0.0
cayfiltresi.com,1.0
b96923593bb3467785a354355f32f38f.fp.measure.office.com,0.0
116e2232ec5b48b8ad22b452aff04f8c.fp.measure.office.com,0.0
dypay.douyin.com,0.0
xvpmgcusz.domain.name,0.0
wrightway.ae,1.0
rgbyvpao.page.link,1.0
av-identity.s3.amazonaws.com,0.0
wlwallid.page.link,1.0
b257508de3fc278451ae9a470ee57fa9.safeframe.googlesyndication.com,0.0
4d75d862979abcd7bf11cd5a7286dc61.safeframe.googlesyndication.com,0.0
ondrejklicpera.cz,1.0
beegolang.com,1.0
deine-bewerbung.com,1.0
elaphonline.com,1.0
work.infoflow.baidu.com,0.0
jehbldkl.page.link,1.0
omniacafe.com,1.0
bebczofh.page.link,1.0
frodo.wi.mit.edu,0.0
xn--80acujtctd.xn--p1ai,1.0
disturbnot.com,1.0
dbdorg.slack.com,0.0
e3f31cfc294642b085f8aeb65bdf21d3.safeframe.googlesyndication.com,0.0
corporatefinanceinstitute.com,0.0
tyabji.net,1.0
www.ylmfu.com,0.0
8ddb0839c490480ab4053fca12c94e58.fp.measure.office.com,0.0
brokrbindr.ca,1.0
detail.i56.taobao.com,0.0
t8923916258045084145.id.amgdgt.com,0.0
08100de9fce16274d62880825f08f09d.safeframe.googlesyndication.com,0.0
9eb5ca818857b1218894a03640e368e5.safeframe.googlesyndication.com,0.0
lanccmxmfbcq.sysu.edu.cn,0.0
qhucqguewrgrhwr.sysu.edu.cn,0.0
nobsteendriver.com,1.0
mishal.be,1.0
earthmattersmusic.com,1.0
meekoppelen.klimaatadaptatie.nl,1.0
tradepay.com.ng,1.0
fullcalendar.io,0.0
bidbur.com,1.0
lensclicker.com,1.0
cnbjgizs.page.link,1.0
jmrxdnxf.sysu.edu.cn,0.0
cyydxhed.page.link,1.0
bernalpliego.com,1.0
72k6ns9ainvwxwrtp4at4w4dx27kkacc3yqsoway7e61d226b471bd20sac.d.aa.online-metrix.net,0.0
medallia.s3.amazonaws.com,0.0
21jingji.com,0.0
kadmos.com.ng,1.0
ljxpenl.sysu.edu.cn,0.0
yedict.com,0.0
w4dasvaxfdy4syu6fpxq-f-3556b8dbf-clientnsv4-s.akamaihd.net,0.0
list.dhedge.eth.link,0.0
ca722e7015a24f5bbd43cacd45ad19de.fp.measure.office.com,0.0
alb-rbo80zctiuvcqjkfrh.cn-hangzhou.alb.aliyuncs.com,0.0
behrangmusic.com,1.0
ec9b761c60b1c6e06084d49d8c4d5d45.safeframe.googlesyndication.com,0.0
4f6834feb6837b5f5ca0beb4327e78c6.safeframe.googlesyndication.com,0.0
bf58341inw.bf.dynatrace.com,0.0
fuchsia-sa.com,1.0
080df2e57f1642d996d51cd681674433.fp.measure.office.com,0.0
wewashclothes.com,1.0
92f21fba33ee4bb6a68269690051ba5a.fp.measure.office.com,0.0
iowaakdenver.thedragan.com,1.0
lfd-www.lfd.uci.edu,0.0
img.mingyantong.com,0.0
themefisher.com,0.0
youneedlavu.com,1.0
sah-adl.my03.com,1.0
gyjjifzcc.domain.name,0.0
inflowingagency.com,1.0
texstudio.sourceforge.net,0.0
conventionalservices.com,1.0
kidsneedsbd.com,1.0
w4dasvdimj2seyu67xqq-f-674cd74ce-clientnsv4-s.akamaihd.net,0.0
3943adbbd01df60a55cfe0541bd74df4.safeframe.googlesyndication.com,0.0
gfixnwkx.page.link,1.0
bo.sogou.com,0.0
prodamp.com.au,1.0
cuhk.edu.hk,0.0
kttibnwc.page.link,1.0
w4dasvfydj7scyu7nqva-p5wfvd-4e404245c-clientnsv4-s.akamaihd.net,0.0
sunudigicom.com,1.0
w4dasvfydj7tsyu6sn2a-f-45260d1fc-clientnsv4-s.akamaihd.net,0.0
0119039e070b3b3ea17c9b0997519231.safeframe.googlesyndication.com,0.0
gkaaa.lanzoub.com,0.0
enqukocr.page.link,1.0
worldfantasticgifts.com,1.0
southcarolinaneatlanta.hcunleashed.com,1.0
pdwk523ilnctuyu7eyta-pxa66h-d86b25cf9-clientnsv4-s.akamaihd.net,0.0
mittaa.com,1.0
d9fc08a0bd124cd3a4b9c358c7c690f1.fp.measure.office.com,0.0
woopazar.com,1.0
v.titan007.com,0.0
highlandofpeace.com,1.0
1e6ead.tdum.alibaba.com,0.0
a900472fc26e1c6224e16b16e120aa24.safeframe.googlesyndication.com,0.0
739a18bacd9dfa5619af9919b32dc529.safeframe.googlesyndication.com,0.0
4861af84f9f350d567ad04eb2772c0f8.safeframe.googlesyndication.com,0.0
act-mx.csiro.au,0.0
a02331cf677f8f9abd16a97c614802c4e.profile.fra56-p4.cloudfront.net,0.0
tempfiles.ninja,1.0
concreteprinciplesdesign.com,1.0
amarfoods.com,1.0
gf4wzo.tdum.alibaba.com,0.0
w4dasvaxzhmecyu7amhq-ptl4iv-02f67471f-clientnsv4-s.akamaihd.net,0.0
b2b-news.10jqka.com.cn,0.0
ggservice.lagou.com,0.0
a0df431393fd4e388e34459e9a9b0ac5.fp.measure.office.com,0.0
hl4xagdilnccuyu7glia-p824u1-761b7b5d7-clientnsv4-s.akamaihd.net,0.0
www.rittal.com,1.0
dw.c4kdeliver.top,1.0
lodoschart.com,1.0
dl.qishia.com,1.0
init.itunes.apple.com,0.0
28.55.47.104.sbl.spamhaus.org,0.0
celestialthaispa.com,1.0
noscftmcv.www.tendawifi.com,0.0
ora-dental.com,1.0
cshms.kp.gov.pk,1.0
183-6-9-84_s-23-48-214-147_ts-1654590180-clienttons-s.akamaihd.net,0.0
art.alphacoders.com,0.0
215848a76f5b4127a8d3677e59caa815.fp.measure.office.com,0.0
72k6ns9abf2jzaoqxi5oaqy2avmtwtca24c6b5ci9c3d3a904c23aa2asac.d.aa.online-metrix.net,0.0
account.wiley.com,0.0
annualpost.com,1.0
kk-kz.facebook.com,0.0
hl4xaxdilnccuyu6wjva-p1n48l-e56b7f2e0-clientnsv4-s.akamaihd.net,0.0
soapap.gob.mx,1.0
gilghxpj.page.link,1.0
aipccoaching.com,1.0
ncjkujsm.page.link,1.0
rutube.ru.xx3.kz,0.0
informaticatrapani.com,1.0
ckojlwor.sysu.edu.cn,0.0
designideation.tech,1.0
4am.health,1.0
betabooru.donmai.us,0.0
oycldztf.page.link,1.0
ardesia.ph,1.0
interface.blog.sina.com.cn,0.0
report.appmetrica.yandex.net,0.0
static-xesapi.speiyou.com,0.0
e.hust.edu.cn,0.0
sahg.itsaol.com,1.0
rutgersconnect-my.sharepoint.com,0.0
rdeditingjobs.co.in,1.0
beyondmedical.co.id,1.0
c8b490d4646a9fe631f07f00f3d80bfd.safeframe.googlesyndication.com,0.0
www.upyun.com,0.0
ed1vacbmm30.webex.com,0.0
hikaku-sitatter.com,0.0
history.ecnu.edu.cn,0.0
mayesuperior.com,1.0
virradat.hu,1.0
lh-tingshu-business.lizhiweike.com,0.0
vcdn01.freegaytube.xxx,0.0
only-408414-223-104-67-14.nstool.netease.com,0.0
wywh.cbpt.cnki.net,0.0
modack.com,1.0
gate.lsn.edu.dz,1.0
pps.whatsapp.net,0.0
t-a-a.org,1.0
ttvfbdyx.sysu.edu.cn,0.0
lakerestaurant.co.za,1.0
czkxappplmcg.sysu.edu.cn,0.0
goh.org.au,1.0
e86fb0b1648bf01671ce568343212ca9.safeframe.googlesyndication.com,0.0
ibchhfrz.sysu.edu.cn,0.0
ohlkfclk.page.link,1.0
adlv.my03.com,1.0
computermdsolutions.com,1.0
www.vishay.com,1.0
upworkapi.changba.com,0.0
zabeelmall.com,1.0
zj2fdlixfqz3eyu6q2da-f-859a98706-clientnsv4-s.akamaihd.net,0.0
6lr2fy.tdum.alibaba.com,0.0
w4dasvaxgurbqyu64hkq-f-d41deb9c7-clientnsv4-s.akamaihd.net,0.0
5fe02f02a212fc5aba8461d82317ba08.safeframe.googlesyndication.com,0.0
mindset-4-success.com,1.0
3t5fmdirx7fxxfe6s7e5p3wi2o3e2wq37urrzdys25c5615816b68c49sac.d.aa.online-metrix.net,0.0
cb79b88bf81b443da1d8773931648247.fp.measure.office.com,0.0
airoutlaw.com,1.0
rmdiq.com,1.0
student.tongji.edu.cn,0.0
devises-dz.com,1.0
surenarora.com,1.0
6957adfc57d0d1418e4890ffc862dd32.safeframe.googlesyndication.com,0.0
musicaondemand.com,1.0
oregonnvolympia.sydneynews24.com,1.0
journal-inflammation.biomedcentral.com,0.0
staticfile.golue.com,0.0
accounts.taylorfrancis.com,0.0
athadnw.com,1.0
texon.io,0.0
www.shenzhenair.com,0.0
dynamicindustries.com.pk,1.0
button.flattr.com,0.0
vr.sina.com.cn,0.0
vnrevents.com,1.0
cufe.bbs.kaoyan.com,0.0
worldaz.tr.skype.com,0.0
tingolazodeportes.com,1.0
96ztj6.tdum.alibaba.com,0.0
e70747e17d1d4676b7f0dd7147ee4944.fp.measure.office.com,0.0
9e696097bd31d4186c91077496bad248.safeframe.googlesyndication.com,0.0
dqqzfw.by.files.1drv.com,0.0
ota-baidu.cdn.bcebos.com,0.0
594581955-ad76s0d5a6f2f.rc03.oray.com,0.0
w4dasvaxfdy2syu6z4ja-f-c92b64109-clientnsv4-s.akamaihd.net,0.0
dzjkbqrpfes.sysu.edu.cn,0.0
mpigjpcc.page.link,1.0
www.mfa.gov.bn,0.0
c014707fc3334152896c86be0d4f7f42.fp.measure.office.com,0.0
ismailagace.com,1.0
03dc80dd74334f41b6a31be85c402187.fp.measure.office.com,0.0
smartcommtech.com,1.0
www.steadyrun.com,1.0
goyaclinics.com,1.0
epiphany.gaodun.com,0.0
adl-qqu.fartit.com,1.0
dev-demo.info,1.0
3dprintingkenya.com,1.0
bluelabelpharma.com,1.0
evqmoifg.page.link,1.0
632432.space,1.0
www.mbalib.com,0.0
ljqhzdpk.page.link,1.0
destinyrestorationassociation.org,1.0
zxqwsynt.page.link,1.0
92fbd22fcc3be6c528613ee00bc579b4.safeframe.googlesyndication.com,0.0
w4dasvaxhp6icyu6hpfa-f-687e54fec-clientnsv4-s.akamaihd.net,0.0
starnet.lk,1.0
smpn41.semarangkota.go.id,1.0
austerra.org,1.0
capacitacionsos.com,1.0
livetrafficfeed.com,0.0
72k6ns9aizgcrvfqsxr6mk7yn7suyuiqjuxnhp7p4474029ac7995cb2sac.d.aa.online-metrix.net,0.0
globalknitfair.com,1.0
mvdiuqro.page.link,1.0
flcjkvlw.page.link,1.0
p-cnhk00.kxcdn.com,0.0
dc89c4d59a2042f3b361ac5a608f8106.fp.measure.office.com,0.0
3ef88025b3c7eb1c675d49da8cb0bb15.safeframe.googlesyndication.com,0.0
fjthmxiw.page.link,1.0
weeo1g.haiertelevisao.sa.com,1.0
englishnet.com.mx,1.0
feunimas.net,1.0
vahzugyqpbgm.sysu.edu.cn,0.0
baliinside.id,1.0
uslpmaut.page.link,1.0
72k6ns9ahyqubs335smdx6j6orvuzofxcp5lcbfg9103465bd9bfad1esac.d.aa.online-metrix.net,0.0
ggic08.miguvideo.com,0.0
s.opoxv.com,0.0
p-dc294-mainserver-466283660.us-west-2.elb.amazonaws.com,0.0
syzs-logbuket-china-1258344701.cos.ap-guangzhou.myqcloud.com,0.0
daughtersofkenya.org,1.0
nksonstravel.com,1.0
bb3d32b2a479bc54e41ba32659558775.safeframe.googlesyndication.com,0.0
953a550527bc4571aff2526cf75d0402.fp.measure.office.com,0.0
img7-build.jiwu.com,0.0
meonhanong.com,1.0
qqsgdir.qq.com,0.0
p69-availability.icloud.com.cn,0.0
e7ca01de640f42e28ad2af841a894683.fp.measure.office.com,0.0
casagilapizaco.mx,1.0
zj2fdlixfqz3eyu6k6bq-f-d80567e5e-clientnsv4-s.akamaihd.net,0.0
pan.tenire.com,1.0
timejs.game.163.com,0.0
w4dasvaxfdy4syu6troq-f-6e78d4220-clientnsv4-s.akamaihd.net,0.0
eecf029e52b3409292cd159489024d12.fp.measure.office.com,0.0
megabrand.com.pk,1.0
thomashoneycombfoundation.org,1.0
motorrad-tours.com,1.0
huattiong.com,1.0
ad-l.mrface.com,1.0
uca876cbd2b81be1744f1f02aead.dl.dropboxusercontent.com,1.0
only-399793-112-96-195-51.nstool.netease.com,0.0
w4dasvfygoo5iyu66kna-f-6a8aa38eb-clientnsv4-s.akamaihd.net,0.0
5oakd.wileyfoxcelullares.motorcycles,1.0
corporacioncatverde.org,1.0
vipbg.vcu.edu,0.0
6a96026a17085176ed6928a9b6aa687d.safeframe.googlesyndication.com,0.0
898a7d34c6464d67aad0c3eb51adf156.fp.measure.office.com,0.0
wwsvf.layout.oystergardens.us,1.0
baydevs.com,1.0
techgreeds.com,1.0
neonorm.com.tr,1.0
binislamglobal.ae,1.0
baramode.com,1.0
bbs-quantclass-cn-1253788117.file.myqcloud.com,0.0
currylounge.ca,1.0
4b1310bfc5774408b9b208c5a9fc9e27.fp.measure.office.com,0.0
41.180.80.54.sbl.spamhaus.org,0.0
qxikmxrj.page.link,1.0
c6be5abaa29911463638dcc04b1e520f.safeframe.googlesyndication.com,0.0
adl-gid.otzo.com,1.0
zcc.nenu.edu.cn,0.0
shadowlogo-1309110856.cos.accelerate.myqcloud.com,0.0
review-with-alam.xyz,1.0
front-gate-api-from-cn-449940069.ap-northeast-2.elb.amazonaws.com,0.0
tamskitchentorbay.co.uk,1.0
barakohypermarket.co,1.0
27958e1f427be24e5faf7e1cae85e36c.rdt.tfogc.com,0.0
comfybeautysecret.com,1.0
rr2---sn-3pm7dne6.googlevideo.com,0.0
943z3a.tdum.alibaba.com,0.0
escharts.com,0.0
sightvape.com,1.0
zwgqmtumj.sysu.edu.cn,0.0
69f11a04644b530a186be8ee1753a5b2.safeframe.googlesyndication.com,0.0
voliamo.uk,1.0
w4dasvaxfdy4syu7bbyq-f-ebe1aa374-clientnsv4-s.akamaihd.net,0.0
prism-report-mtlive.dreport.meituan.net,0.0
bhjasd183.oss-accelerate.aliyuncs.com,1.0
ieqzdmjzoywlziu.sysu.edu.cn,0.0
circuitech.ae,1.0
photopea.com,0.0
fakhryfoundation.org,1.0
ddvvsvkn.page.link,1.0
uobmnlxsrcjclu.sysu.edu.cn,0.0
78jlmbtlu4wbrroncdzy6btqs7loexbs6vwahvui1fef60b33bd6bdcasac.d.aa.online-metrix.net,0.0
1fda190afcc7e2654dfad4064012efdf.safeframe.googlesyndication.com,0.0
54b5ab80dfa911198def1214a568a9f4.safeframe.googlesyndication.com,0.0
dokumentasoluciones.com,1.0
www.systemrequirementslab.com,0.0
lichess.org,0.0
device.io.mi.com,0.0
aknewshd.com,1.0
epsol.cl,1.0
druggarden.sakura.ne.jp,0.0
dlcdnamaxcntwinapps.asus.com.cn,0.0
ioqmjhpj.page.link,1.0
mmjs.csai.cn,0.0
semergygroup.com,1.0
b35fc9c1b31c2b4ea6ab12dea101b55e.safeframe.googlesyndication.com,0.0
bafybeicbios74vxqwiwqj2lwuvzfctdxnoi6utudavogwgv3hh5ptlnsni.ipfs.infura-ipfs.io,0.0
jigeqxnh.page.link,1.0
pacificgroup.co,1.0
live.offcn.com,0.0
fawezi.org,1.0
atechelectricalengr.com,1.0
ip230614527.ahcdn.com,0.0
zj2fdlixfqz3eyu6pfxa-f-d670f506d-clientnsv4-s.akamaihd.net,0.0
25e6bf5008ff4410b77438f1711b46bd.fp.measure.office.com,0.0
video3.mingpao.com,0.0
nypixie.com,1.0
mashang98-other-1257986007.cos.ap-beijing.myqcloud.com,0.0
2afb0b5c6ddc4a84a05937a391fe4775.fp.measure.office.com,0.0
polinets.sysu.edu.cn,0.0
35670931d825b26c421c22697dc639eb.safeframe.googlesyndication.com,0.0
hotshortlet.com,1.0
nwifuqdi.page.link,1.0
a-0.19-a3000411.0.170c.d2e.3ea5.210.0.w79v5b2zmjrrmdcmldeui6tfwb.avts.mcafee.com,0.0
geseguridadsocial.com,1.0
aplicacionesrdm.com,1.0
www.download.windowsupdate.com,0.0
FX0CD6AE.tendawifi.com,0.0
oximedbolivia.com,1.0
buahati.com,1.0
volleyball-muenchen.de,1.0
feceb4ec6f02dea4ba51dfa67c115146.safeframe.googlesyndication.com,0.0
only-412786-112-96-48-122.nstool.netease.com,0.0
icing808.lofter.com,0.0
tntevent.vn,1.0
nseafqnrqtit.sysu.edu.cn,0.0
w4dasvdimj2seyu7mcdq-f-56df2f73a-clientnsv4-s.akamaihd.net,0.0
qsbjpxar.page.link,1.0
kayserialarmuydu.com,1.0
knhslpwl.page.link,1.0
dsbahmgppc0j4.cloudfront.net,0.0
36e6c148d06b4aac91df21374033f834.fp.measure.office.com,0.0
aqtvopknlnab.sysu.edu.cn,0.0
marseilleprotech.com,1.0
smtpu.uvic.ca,0.0
wesender.shop,1.0
gogebsqn.page.link,1.0
agencymediasosial.com,1.0
sahln.vizvaz.com,1.0
jvvymhytm.www.tendawifi.com,0.0
datacamp.pxf.io,0.0
oesvcrgb.sysu.edu.cn,0.0
c876ab3775b34d669f5b425b47d231e0.fp.measure.office.com,0.0
8fe356179cde45baab39974a6de26bcb.fp.measure.office.com,0.0
netpifir.page.link,1.0
dispatchweekly.com,1.0
danmoror.page.link,1.0
8bhzrk.tdum.alibaba.com,0.0
83k3r1.tdum.alibaba.com,0.0
w4dasvfyde4ieyu652ua-ppmw5v-9b5f3bd9b-clientnsv4-s.akamaihd.net,0.0
ladl.isasecret.com,1.0
cokemv.me,0.0
weidown-my.sharepoint.cn,0.0
ghsujwa.sysu.edu.cn,0.0
fnmrdfmbgrdyk.sysu.edu.cn,0.0
starsful.com,1.0
w4dasvfygjme6yu6x6pq-f-23f34edb0-clientnsv4-s.akamaihd.net,0.0
a5a2d18aec4d4a3096bf839e25b3ed2d.fp.measure.office.com,0.0
images.springer.com,0.0
gjyj.gdufe.edu.cn,0.0
mohsho.image.coocan.jp,0.0
32.16.2.23.sbl.spamhaus.org,0.0
e8b704a761aec7abffb2e280fab845622daa5b201ce1a95b.dlied1.cdntips.net,0.0
kxouamxw.page.link,1.0
soxzzynpgit.sysu.edu.cn,0.0
grtgroup.com.pk,1.0
blog-imgs-105.2nt.com,0.0
tvugetlv.tendawifi.com,0.0
donordrive.com.cdn.cloudflare.net,0.0
online.factsmgt.com,0.0
kaprat.com,1.0
drmikeexposervices.com,1.0
dsfa.fartit.com,1.0
hypnotherapytrainingcollege.com.au,1.0
kxndguvsxrizr.sysu.edu.cn,0.0
agcgalleria.com,1.0
iexbmebt.page.link,1.0
driqwelelrh.sysu.edu.cn,0.0
cdn.xgroovy.com,0.0
6b1e24c94742d0444a8788173f91b443.safeframe.googlesyndication.com,0.0
lesp.pku.edu.cn,0.0
jyoftcgn.page.link,1.0
luxurynclassic.com,1.0
pictogram.mx,1.0
i-0.19-a3600009.10483.16a8.b8a.3ea5.210.0.m58i3jnpqe29dwvqubz26kupr6.avts.mcafee.com,0.0
saleshomes.vn,1.0
only-333740-67-198-130-119.nstool.netease.com,0.0
pjychjkb.page.link,1.0
pepelu-staging.01staging.site,1.0
ir-ir.faqserv.com,1.0
igpmanzanillaygordaldesevilla.org,1.0
bwc1.cau.edu.cn,0.0
pgodcadk.page.link,1.0
9a3e95a7a9e246b5830d30a4e444e796.fp.measure.office.com,0.0
gxrpwhyt.page.link,1.0
luziania.go.gov.br,1.0
1c4ede0e949800875fe54138487c292a.safeframe.googlesyndication.com,0.0
ff9047430e760b4419c1e862fd43e61c.safeframe.googlesyndication.com,0.0
trustpub.bj.bcebos.com,0.0
cn.blizzard.com,0.0
ofhiqfbylewtbq.sysu.edu.cn,0.0
mt-vod.smzdm.com,0.0
emersonmerrick.sysu.edu.cn,0.0
dcfsdfds2fdhfgj.sbs,1.0
www.mpa.zju.edu.cn,0.0
109810-android-ds.metric.gstatic.com,0.0
dentistasaocarlos.com.br,1.0
crisfaria.com.br,1.0
334bcb569da6785bccf63e94901af21c.safeframe.googlesyndication.com,0.0
update-wanou1.oss-cn-hangzhou.aliyuncs.com,0.0
mindspacesolution.in,1.0
amali-maison.com,1.0
dentarayclinic.com,1.0
mhdcr.com,1.0
chaleaframe.com.br,1.0
avitamedicina.com.br,1.0
rtpslotdewi.com,1.0
alibabashop.pk,1.0
code-jquery-com-443.webvpn.sysu.edu.cn,0.0
8l2d6l.tdum.alibaba.com,0.0
knnejlxt.page.link,1.0
784f179b76c84f42a9a165ee2169bb00.fp.measure.office.com,0.0
w4dasvfygphbgyu6w6aq-f-67a916f9b-clientnsv4-s.akamaihd.net,0.0
265c597750b542c185ae34e50e88e8d1.fp.measure.office.com,0.0
bop6k1.tdum.alibaba.com,0.0
1012315801.docs.qq.com,0.0
gjwfsxxs.page.link,1.0
03c4d6b4c74507294a700bf5ccbd98fd.safeframe.googlesyndication.com,0.0
uxswolbzivua.sysu.edu.cn,0.0
vsniq.result.garrettcountygranfondo.org,1.0
canlarevdeneve.com,1.0
a-0.19-a7000801.c010081.1644.885.3ea3.210.0.chegmu8rfbawvvmz2g3p7vnml5.avts.mcafee.com,0.0
perdana.com.my,1.0
cakapriau.com,1.0
bayezovv.page.link,1.0
bluedreamsschools.com,1.0
plvidn19.com,1.0
helm.traefik.io.sysu.edu.cn,0.0
crucialpsicologia.cl,1.0
iemagreen.com,1.0
NO-OSL-ANX-R017.teamviewer.com,0.0
aqarsharjah.com,1.0
archivovivopaulofreire.org,1.0
rtt.com.co,1.0
sd-1684625-h00001.ferozo.net,1.0
fdeffc8d29854228b3c86e50ef64ef5c.fp.measure.office.com,0.0
wtrace.sx.chinamobile.com,0.0
lgzswswykdjuy.domain.name,0.0
gkfyokfl.page.link,1.0
www.itp.cas.cn,0.0
certhis.us,1.0
705150ff51df468c98d3245a0e085b99.fp.measure.office.com,0.0
ricc.in,1.0
hacc.com.sa,1.0
fdoqvkkk.page.link,1.0
wcokdw.dm.files.1drv.com,0.0
google-document.org,1.0
55159e3a177766831e18f00d8ea5a6f7.safeframe.googlesyndication.com,0.0
a2318.casalemedia.com,0.0
shop42495260.m.youzan.com,0.0
456a237cf664a8eba026865e0c1b2625.safeframe.googlesyndication.com,0.0
saham-d.skcarriages.com,1.0
hotelsunplaza.in,1.0
psorientalmarket.com,1.0
ue.818ps.com,0.0
pdwk5paxzirruyu7ltba-pwzef4-67f3823d2-clientnsv4-s.akamaihd.net,0.0
qnjrtectvlxy.sysu.edu.cn,0.0
ensalud.com.co,1.0
crwpojkb.page.link,1.0
pgvpwefclt212.ccr.corp.intel.com,0.0
yqyjfrwisldc.sysu.edu.cn,0.0
avender.store,1.0
my.gxrczc.com,0.0
d3465517926203281572-t3681690708317065380.id.amgdgt.com,0.0
world.people.com.cn,0.0
padrwfak.page.link,1.0
api.bt.cn,0.0
c5b7f80d6adc1319ce758d5b7e7c088e.safeframe.googlesyndication.com,0.0
c85506d00de2744b61f5642ca3657dc3.safeframe.googlesyndication.com,0.0
nasuhbeyakademi.com,1.0
itr.works,1.0
ieshmechmaa.site,1.0
348811246.docs.qq.com,0.0
res-onxce.oss-accelerate.aliyuncs.com,0.0
bbs.okaoyan.com,0.0
rr3---sn-o097znsk.googlevideo.com,0.0
r3---sn-npoldn7s.googlevideo.com,0.0
30c753144997fc9dbe70aac8cf0d0926.rdt.tfogc.com,0.0
aierjuna.lofter.com,0.0
sheva.vn,1.0
stream.binance.me,0.0
passport.1905.com,0.0
birulaut.id,1.0
my-lynk.com,1.0
bfacilityservice.com,1.0
eblaghs.fartit.com,1.0
click.updates.cambridge.org,0.0
xtbg.zfsg.gd.gov.cn,0.0
puntograficobb.com,1.0
bcurve.net,1.0
itpathshalaa.com,1.0
familyws.icloud.apple.com,0.0
c-0.19-a7000489.2.170c.c6b.3ea5.210.0.8t8v8mq412slkf36fnutc63b4v.avts.mcafee.com,0.0
yfeqqsy03mvt.com,1.0
firstrepairsltd.com,1.0
ekiciitfaiye.com,1.0
davidsuclea.ro,1.0
91a820dbf635b78c3632e2010067bbfb.safeframe.googlesyndication.com,0.0
actamicro.ijournals.cn,0.0
8714cdbef906170b5fe7bd7cd4d9d680.safeframe.googlesyndication.com,0.0
arsiteku.com,1.0
w4dasvaxhxbggyu6vwuq-f-336977dab-clientnsv4-s.akamaihd.net,0.0
download.skycn.com,1.0
rohanapparels.com.pk,1.0
w4dasvaxfdy4syu6flnq-f-2cb836b66-clientnsv4-s.akamaihd.net,0.0
60bdfbda488e473d8102cce4a95003e1.fp.measure.office.com,0.0
wzxjtbdf.page.link,1.0
dc0f7b41070bf7d65f6877d051210de9.safeframe.googlesyndication.com,0.0
df8bdd5335b4aebcdcce70444328c02a.safeframe.googlesyndication.com,0.0
3f199571b8b51e3490bc2a121aea712d.safeframe.googlesyndication.com,0.0
rileyfalconsecurity.co.ke,1.0
8054b6850bf2407eaf3269ce457f4061.fp.measure.office.com,0.0
cqtljhyo.page.link,1.0
core2.gsfc.nasa.gov,0.0
learnxeducation.com,1.0
adls.mrface.com,1.0
sansadkhelspardha.in,1.0
ismartsolulab.com,1.0
zupo.zju.edu.cn,0.0
ad36bd3c6eb9b2d05dcf21a23dc84b07.safeframe.googlesyndication.com,0.0
mahmoodsadeghi13.com,1.0
esteticasiemprelindas.com,1.0
gqaqqvkrpbtvs.sysu.edu.cn,0.0
events.bugsnag.shopbop.amazon.dev,0.0
salvagepirate.com,1.0
wukvjyly.page.link,1.0
f739735c4db2470480fba9b47e9b8df9.fp.measure.office.com,0.0
www.ingonherbal.com,1.0
rsums.co.id,1.0
stun1.l.google.com,0.0
iogbpyv.sysu.edu.cn,0.0
n4291289.vps18.u.avcdn.net,0.0
bioelectronics.eng.cam.ac.uk,0.0
usenata.com,1.0
adl-sahml.fartit.com,1.0
xnl1f6ultkg2jyb4mi8iczv0rfdfg1654585009.nuid.imrworldwide.com,0.0
unisono.band,1.0
madicon.co.za,1.0
zenithdentaire.com,1.0
vjcdggbupsji.sysu.edu.cn,0.0
drugsideeffectchecker.com,1.0
nithiacapital.com,1.0
34-214-202-81-pushcl.np.communication.playstation.net,0.0
ismartsocial.com,1.0
foladmarkazi.com,1.0
sapansahu.com,1.0
vbdm.settings.oysterfloats.org,1.0
df45ay5pw60dy.cloudfront.net,0.0
www.baike.baidu.com,0.0
only-762200-117-136-31-255.nstool.netease.com,0.0
zj2fdlixfqz3eyu6rapq-f-87f60760b-clientnsv4-s.akamaihd.net,0.0
wcgi.jianke.com,0.0
mpns-intel.api.mgtv.com,0.0
cafedesmots.com,1.0
osam.org.ar,1.0
d3l9fju211jpzs.cloudfront.net,0.0
19.163.190.20.sbl.spamhaus.org,0.0
1081-ipv4e.clump.dprodmgd106.aa-rt.sharepoint.com,0.0
fwx.perrier.ffm.qq.com,0.0
jlbrajgl.page.link,1.0
clearwooddesigner.com,1.0
fancyshoppingcenter.pk,1.0
solutionforum.au,1.0
3t5fmdir7rwcu7jblrg5bzcdwkctzigyvqawl2f641e972157a65e8e7sac.d.aa.online-metrix.net,0.0
2pmg8.tdum.alibaba.com,0.0
osal-sa.com,1.0
a-0.19-a7000011.c0e0081.170c.d78.3ea5.210.0.rm9mf9g8ffwn61sm8a2w1da2e6.avts.mcafee.com,0.0
fzeqizwn.page.link,1.0
c152ad4a5bc945f081f89a7a704c02d1.fp.measure.office.com,0.0
healthads.shop,1.0
waiub.betulsasa.sa.com,1.0
fhpyjjxsyxgs.qiyukf.com,0.0
bzixrgpe.page.link,1.0
mfs.msn.com,0.0
partotaprayan.com,1.0
madaraschool.org,1.0
lesecolesatlas-gn.org,1.0
70d834f5de37459b85d3d8ea96ad561d.fp.measure.office.com,0.0
wap.cztv.com,0.0
posicionamientonatural.es,1.0
vdownload-4.sb-cd.com,0.0
monitor.music.qq.com,0.0
hacker.548848.xyz,1.0
8c2411c7377a4dae99b9a34e7951fd1f.fp.measure.office.com,0.0
samathaspupusas.com,1.0
kimcamacademy.net,1.0
qicxhorh.page.link,1.0
be974b864b6b9c4b5715b2bd60b051dd.safeframe.googlesyndication.com,0.0
pseventer.com,1.0
159.2.101.151.sbl.spamhaus.org,0.0
piodeachiniot.com,1.0
only-924285-223-104-67-81.nstool.netease.com,0.0
meetup.com,0.0
bilibqimg.cdn.bcebos.com,0.0
biwntlwl.sysu.edu.cn,0.0
ustb.id.ustb.edu.cn,0.0
mitoohwgnby.sysu.edu.cn,0.0
sxllyj.cass.cn,0.0
pvweamdp.sysu.edu.cn,0.0
www.szfty.net,0.0
adz.app.br,1.0
wevovcnmjisxvpf.www.tendawifi.com,0.0
lider.fm,1.0
lpexpert.site,1.0
silverytips.com,1.0
www.inkscape.org,0.0
css.znzmo.com,0.0
bs.nenu.edu.cn,0.0
72k6ns9auf2usbm36dvnpfteetetkj7hodzhfskgd0ee558c1857ae2esac.d.aa.online-metrix.net,0.0
finmanage.gdufe.edu.cn,0.0
202-116-81-14_s-23-196-47-91_ts-1654567582-clienttons-s.akamaihd.net,0.0
humanbenchmark.com,0.0
shibboleth.ebscohost.com,0.0
sms.sina.com.cn,0.0
zurnnvlu.page.link,1.0
bafybeid5rstj6jemz2pf6acgm6gpkvv6ytwy56xteavf2xu4zwgkammst4.ipfs.infura-ipfs.io,0.0
encore5.jig.media,1.0
topone.al,1.0
knqwwbpk.page.link,1.0
a2453c10-ce3f-4b7b-af2d-911672da2ed7.t.ssp.hinet.net,0.0
a19c0f74c0dbc166b59d19dec9861092.safeframe.googlesyndication.com,0.0
trumnapgame.online,1.0
only-233274-223-104-72-235.nstool.netease.com,0.0
xmkoyton.page.link,1.0
eqhvjyir.page.link,1.0
tbgroop.ir,1.0
grupocardo.com.mx,1.0
hema.highway.alibaba-inc.com,0.0
jggsznxu.page.link,1.0
rishraff.com,1.0
1727071816.docs.qq.com,0.0
2f99f331a86b408aa5e708bac5401430.fp.measure.office.com,0.0
qianquanlanjing.lofter.com,0.0
ozkarahafriyat.com,1.0
css.sohu.com,0.0
srm.faqserv.com,1.0
abb8c91b-cfd2-4ae6-ba53-16579fe1acb1.usrfiles.com,1.0
rjkjfgzd.page.link,1.0
imp9.bidgear.com,0.0
alb.www.tendawifi.com,0.0
client-server4.safedog.cn,0.0
touchenexus.com,1.0
voguetales.com,1.0
195.16.219.52.sbl.spamhaus.org,0.0
sadrate.hair,1.0
ortopediawong.pe,1.0
pkrsqmjl.page.link,1.0
c860a754844921069160d5b9b6e5c5b8.safeframe.googlesyndication.com,0.0
4d95f3cd27cb4e482c274abd2dfb9a65.safeframe.googlesyndication.com,0.0
nxqaw.baiducom.randyandtheresa.com,0.0
vjudge.csgrandeur.cn,0.0
shop562962350.taobao.com,0.0
gons19cl.top,1.0
f3.3dwhere.com,0.0
upcyclestitches.com,1.0
saudesomnis.com.br,1.0
sbszizsf.page.link,1.0
cdn.nbcb.com.cn,0.0
csvnwcjebpxi.sysu.edu.cn,0.0
greenrootslandscaping.ae,1.0
vihaninternational.com,1.0
4b8c92b0915d4a8aaf136210ca1939cd.fp.measure.office.com,0.0
p208-keyvalueservice-china.icloud.com,0.0
0fe7854f4b564defbd191f59860d3e0b.fp.measure.office.com,0.0
bzepwhqo.page.link,1.0
meinkleinesseminarhaus.it,1.0
b113.photo.store.qq.com,0.0
netspeedmeter.com,1.0
chasecarhire.com.au,1.0
miradamaga.cl,1.0
multitenantzpprodstorage.blob.core.windows.net,0.0
celloxwatches.com,1.0
mirrors.bloomu.edu,0.0
sondoscamisas.com,1.0
live-a-epic7-gate-906043832.ap-northeast-1.elb.amazonaws.com,0.0
connecticutmasantafe.m-a-i-l-l-o-t.com,1.0
wishisland.pk,1.0
nen.layout.oystergardens.us,1.0
fxhh.jd.com,0.0
handmaidscatholicschoolibadan.com,1.0
lucreindia.com,1.0
indico.phy.ornl.gov,0.0
p4-hn6fwrwuvb35m-yyn6j6ztlzlzkz2e-if-v6exp3-v4.metric.gstatic.com,0.0
ejkwalvshwqo.sysu.edu.cn,0.0
dno.settings.oysterfloats.org,1.0
liokinch.com,1.0
etumaxgulf.com,1.0
ncyjyvud.page.link,1.0
c8kum9.tdum.alibaba.com,0.0
choicewzp1.eastmoney.com,0.0
api.twilio.com,0.0
zj2fdlixfqz3eyu6pmvq-f-728d3083d-clientnsv4-s.akamaihd.net,0.0
dynamic-principles.linkpc.net,1.0
rishish.com,1.0
lady.people.com.cn,0.0
tumail.org,1.0
ta-nk.co.jp,1.0
smpneqeb.www.tendawifi.com,0.0
arcrosarquitectura.com,1.0
a98hnw.tdum.alibaba.com,0.0
ahudag.ahu.edu.cn,0.0
0795.jxpta.com,0.0
mtrack.rayjump.com,0.0
rhpsupplychain.com,1.0
cvnhbceq.page.link,1.0
supervagas.online,1.0
vyetkwzi.page.link,1.0
w4dasvaxfdy4syu7a5qq-f-5271bea1b-clientnsv4-s.akamaihd.net,0.0
es.mathworks.com,0.0
freewifi.360.cn,0.0
posmicrosystems.com,1.0
rtynlcvs.page.link,1.0
plandeplanes.com,1.0
dfbc064953ece00cffa50cd6536d6ad4.safeframe.googlesyndication.com,0.0
toolstechs.com,1.0
dgssoftware-pa.com,1.0
traque.co,1.0
jysujlwyeccjtuq.sysu.edu.cn,0.0
whiqvznd.page.link,1.0
4cd7a5804914445aa6b0d2d1ec63a9eb.fp.measure.office.com,0.0
classic-construct.com,1.0
gypixjqb.page.link,1.0
mediaassets.airbus.com,0.0
console-platform-pt-1252317822.image.myqcloud.com,0.0
allonlinenewz.com,1.0
nshboeec.page.link,1.0
newwoodsrl.it,1.0
pexels.com,0.0
zj2fdlixfqz3eyu6mwra-f-73cb4d39f-clientnsv4-s.akamaihd.net,0.0
ypcanjcf.page.link,1.0
a4c636d8fb1274444901d42f16fa8bfe.safeframe.googlesyndication.com,0.0
sandboxdataminegroup.com.au,1.0
wplriqhtr.sysu.edu.cn,0.0
01f75c81c85b734b4d6165995ccc8cb1.dlied1.cdntips.net,0.0
ghsqchkd.page.link,1.0
ptbolaaman.com,1.0
timbuktu.co.id,1.0
egyfarm.com,1.0
szkolenia-ms.pl,1.0
www.bi.undp.org,0.0
monday.com,0.0
zj2fdlixfqz3eyu6q7ea-f-64a20663f-clientnsv4-s.akamaihd.net,0.0
72k6ns9afyz32um5gvxirqw4cqsppj7qacil3mure5ac317169ed811fsac.d.aa.online-metrix.net,0.0
boaboca.pt,1.0
c39f64348cbb4f569d6a49eb8e50f5b7.fp.measure.office.com,0.0
ezeuba.me,1.0
peach.paheal.net,0.0
www.boohee.com,0.0
ssc.fartit.com,1.0
lfgeahag.page.link,1.0
my-wechat.mdnice.com,0.0
w4dasvdimj2tayu67ria-f-b0e79e737-clientnsv4-s.akamaihd.net,0.0
digitalpinki.com,1.0
xgc.ncu.edu.cn,0.0
yfbdpgixpytlixy.sysu.edu.cn,0.0
722771903-a87cs5217c779.rc03.oray.com,0.0
radium-audio.com,1.0
lolatag.com,1.0
hunggiang.vn,1.0
dr-tamar.pro,1.0
sslapi.jrj.com.cn,0.0
ar2shop.com,1.0
auth.vmware.com,0.0
3m5t0ggsq4t6.l4.adsco.re,0.0
wxpublic-1251448646.file.myqcloud.com,0.0
26.88.13.31.sbl.spamhaus.org,0.0
vladowiki.fmf.uni-lj.si,0.0
gbstaohe.page.link,1.0
t10img.yangkeduo.com,0.0
abhijayaspices.com,1.0
wndnpakx.page.link,1.0
irtsqpsm.page.link,1.0
mycalltaxi.com,1.0
westeurope1-0.pushnp.svc.ms,0.0
assadara-group.com,1.0
35-164-18-226-pushcl.np.communication.playstation.net,0.0
deukhurimultiplecampus.edu.np,1.0
hitechhomes.ca,1.0
8113885aa7f0a2cd28b321c5a25f3571.dlied1.cdntips.net,0.0
yamaclis.com,1.0
furrytalesdogwalker.co.uk,1.0
dcb8ae41fabb48a08456b8b544dffa27.fp.measure.office.com,0.0
2979d1213f4ac048b6b52fa7e3e19dbd.safeframe.googlesyndication.com,0.0
e678824ffab39afee2f514f7ff4c4c58.safeframe.googlesyndication.com,0.0
onedrive.live.com,1.0
gprddata.sysu.edu.cn,0.0
www.zaih.com,0.0
yjsb.ciac.cas.cn,0.0
api16-core.tiktokv.com,0.0
parafusacos.com.br,1.0
fmgw.scu.glbs.qunar.com,0.0
tattoocapilar.com,1.0
smd.agency,1.0
miateknik.com,1.0
6c383ca2282d473e9674cb763866810c.fp.measure.office.com,0.0
tumusicaapp.com,1.0
adsqe.fartit.com,1.0
www.getbeamer.com,0.0
adlgs.itsaol.com,1.0
urbanrecords.buzz,1.0
txpmyhlca.sysu.edu.cn,0.0
www.downdetector.com,0.0
abodeclime.com,1.0
drive.google.com,1.0
europlanet-society.us20.list-manage.com,0.0
fuiwfjld.page.link,1.0
4c4e41df2113410c95bc82f6ad2701c4.fp.measure.office.com,0.0
gofly.id,1.0
injewtkx.page.link,1.0
www.chevrolet.ca,0.0
www.wisecleaner.com,0.0
follow.co.za,1.0
hurdacikonya.com,1.0
gblue.eu,1.0
adsqq.vizvaz.com,1.0
vuedell.co.uk,1.0
zsyklicy.page.link,1.0
500000wordswithpictures.com,1.0
c120930aadcb6c1872b30eca0b6cc114.safeframe.googlesyndication.com,0.0
76f8b65744e956872389020a488d10bf.safeframe.googlesyndication.com,0.0
b9ccc237749411cc1c9a4b7af667be66.safeframe.googlesyndication.com,0.0
5c37144ffe62491aa1889e35cb843b9d.fp.measure.office.com,0.0
telihlup.page.link,1.0
f6b69285a56a49e3bfdf0147034787c9.fp.measure.office.com,0.0
empiricalbusiness.co.zw,1.0
xivmmyxmcb.sysu.edu.cn,0.0
tribunadeparnaiba.com,1.0
adl-sam.itsaol.com,1.0
c56493c062a14dd8b019c39cea937dbd.fp.measure.office.com,0.0
res.cnsrc.org.cn,0.0
pcnonline.ng,1.0
nbachuuv.sysu.edu.cn,0.0
drqwihzg.page.link,1.0
almost4x4.com,1.0
testgbsdk.nie.netease.com,0.0
scheiff.eu,1.0
gwngroup.id,1.0
dartagnan-capitals.com,1.0
colegiodelsol.info,1.0
mtsnurulkamalsambirejo.com,1.0
ngitzupvj.sysu.edu.cn,0.0
logconf.iflytek.com.www.tendawifi.com,0.0
499-ipv4e.clump.prod.aa-rt.sharepoint.com,0.0
oxtflnaw.page.link,1.0
maker-cnki-net-s.webvpn.sysu.edu.cn,0.0
mayanmexico.travel,1.0
15ab18efb29048d5b12267115348d2d7.fp.measure.office.com,0.0
4c1c6c2c-3624-42cb-a147-0b3263050851.usrfiles.com,1.0
groupersgame.com,1.0
rhbcscirfosdqq.sysu.edu.cn,0.0
marquesvogt.com,1.0
i9t5qw.db.files.1drv.com,1.0
35dbbee073656a5077410aa79d7f3f2d.safeframe.googlesyndication.com,0.0
7a94a1a2cde4c1eb3edb112f566d4e62.safeframe.googlesyndication.com,0.0
384e9b96c50036df9e9c5fb671dfd654.safeframe.googlesyndication.com,0.0
8cc4761f60e55e24eb489d3c405fe815.safeframe.googlesyndication.com,0.0
nunoecristinawellnesscoachs.com,1.0
xplwelshffpkvx.sysu.edu.cn,0.0
appgongyu.58.com,0.0
waorm.hisensetelevisao.sa.com,1.0
mqtt-web.zhihu.com,0.0
zamzamhotelbatu.com,1.0
virginiagahonolulu.aimeeburnett.info,1.0
swarf.pk,1.0
servipolares.com,1.0
101.147.166.143.sbl.spamhaus.org,0.0
0e95eec57ce54333813d8df40e071f37.fp.measure.office.com,0.0
urbanhood.pk,1.0
undergroundnyc.com,1.0
ahagroup.in,1.0
hrhxmdliypzor.sysu.edu.cn,0.0
2565.replace.favo.rew65.com,0.0
recomandat.com,1.0
weysnigs.page.link,1.0
7mat2.faiasa.sa.com,1.0
parsnikanco.com,1.0
customer.crm.1688.com,0.0
w4dasvaxfdy4syu67veq-f-527a11d68-clientnsv4-s.akamaihd.net,0.0
www.royalroad.com,0.0
atlacomulco.gob.mx,1.0
koqwxjog.page.link,1.0
www.hostingcloud.racing,1.0
cuneiformtest.com,1.0
sa-dn.vizvaz.com,1.0
2ebbd5150d214c598ac6a9fb4a0cc786.fp.measure.office.com,0.0
thehighestinstitut.com,1.0
photos-sony-res.flyme.com,0.0
cdn3-adb1.ru,1.0
w4dasvax2cgiayu6ukdq-f-d7b7568cb-clientnsv4-s.akamaihd.net,0.0
wecanmph.wjx.cn,0.0
ndpt.layout.oystergardens.us,1.0
birkelseeds.com,1.0
sayapparels.com,1.0
a818dd13888f4542b0d639bd5f2596f0.fp.measure.office.com,0.0
jjbpo.com.co,1.0
rr3---sn-3pm7dn7r.googlevideo.com,0.0
timfall.files.wordpress.com,0.0
amr.shandong.gov.cn,0.0
pakpersian-carpets.com,1.0
kkqoygrp.page.link,1.0
roseslandfarm.com,1.0
s1.d.meituan.net,0.0
pgpdl.biligame.com,0.0
news.soxo.bet,1.0
6966534d90924e49a717048aae7288b4.fp.measure.office.com,0.0
item.damai.cn,0.0
e7a0f904656f47dd93e837f6ef6a79ac.fp.measure.office.com,0.0
zgcgw.beijing.gov.cn,0.0
globalzonetoday.com,0.0
ablink.mail.memrise.com,0.0
jsj.result.garrettcountygranfondo.org,1.0
hospitalvirgendefatima.gob.pe,1.0
dsyhgzljlm.domain.name,0.0
qpnfswly.page.link,1.0
vozimx.site,1.0
sfqlbxfj.page.link,1.0
58a36fc5fc5ec618d9a94fc913c2cafc.safeframe.googlesyndication.com,0.0
45df09d1efb80adec092417f286c8c76.safeframe.googlesyndication.com,0.0
marvelouswriters.com,1.0
greenlane.co.za,1.0
mentoriamaia.com,1.0
idsjlizj.page.link,1.0
eahbmedia.in,1.0
only-149859-183-46-20-109.nstool.netease.com,0.0
xjrwpwoh.page.link,1.0
adsh.vizvaz.com,1.0
oomsvtoc.page.link,1.0
senpaicontent.com,1.0
zxmdkpsbzmkgei.sysu.edu.cn,0.0
dacsandongthapmuoi.vn,1.0
sites.ed.gov,0.0
2f5770b1c94d4f2ebb055d6fbabebbf4.fp.measure.office.com,0.0
t4374758623503446373.id.amgdgt.com,0.0
nsairoet.kozow.com,1.0
officialshop.oss-cn-beijing.aliyuncs.com,0.0
techcloudes.com,1.0
mx2.mail.139.com,0.0
classicroverstravel.com,1.0
jjjbros.com.au,1.0
mmjagzeebixcs.sysu.edu.cn,0.0
www.security.online-banking.hsbc.com.hk,0.0
app.api.sj.360.cn,0.0
v27-cold.douyinvod.com,0.0
zj2fdlixfqz3eyu6mziq-f-172f417aa-clientnsv4-s.akamaihd.net,0.0
radio-services.itunes.apple.com,0.0
saham-w.itsaol.com,1.0
arpatex.ch,1.0
cleangreenva.com,1.0
needzsolutions.com,1.0
offerselecter.com,1.0
284828-android-ds.metric.gstatic.com,0.0
ctc.i.gtimg.cn,0.0
a-0.19-24097801.c8d0082.1838.1c44.410a.400.9d.pllvtvqpa2dvnugppd97kwdg5i.avqs.mcafee.com,0.0
meritodigital.com,1.0
topazlabs.com,0.0
tutorialadda.com,1.0
gqegkbvq.page.link,1.0
mecsekenergetika.hu,1.0
tqrvuzqv.page.link,1.0
a-0.19-a7000801.0.170c.c6b.3ea5.210.0.h2k365ifkbdjddbz3zrdebe9mi.avts.mcafee.com,0.0
peanutlab.net,1.0
nonexist.sdo.com,0.0
ekbjonrk.page.link,1.0
califholdings.com,1.0
vlwgbgtxdz.sysu.edu.cn,0.0
fms.dns05.com,1.0
denisspedition.ro,1.0
1ae2526e0ff85f8f1705e6e5cf3e80ca.safeframe.googlesyndication.com,0.0
f9c8129f1ed145b08fab29752589499b.safeframe.googlesyndication.com,0.0
w4dasvc4po6vayu6g2oq-f-37ea9633e-clientnsv4-s.akamaihd.net,0.0
72k6ns9a4hfj4qdzgkvnh7bogrh5ajgwyiwav6ru674f35990acbca0asac.d.aa.online-metrix.net,0.0
bd3b3c42b8c8423cbb7e3eb4524f56a7.fp.measure.office.com,0.0
1380575.s4.udesk.cn,0.0
m.wei2008.com,0.0
thestandpoint.ca,1.0
www-google-analytics.l.google.com,0.0
zyyrs-003-1307933473.cos-website.ap-chengdu.myqcloud.com,0.0
tyjrswt.jiangxi.gov.cn,0.0
f3256d9d4164cd8f8570c3aa55b92138.safeframe.googlesyndication.com,0.0
clinicileardeleanu.ro,1.0
ccmr.sppm.tsinghua.edu.cn,0.0
lloydfedder.com,1.0
jobly.pk,1.0
www.my.oschina.net,0.0
19.offcn.com,0.0
trans-proxy.api.xiaomi.net,0.0
zj2fdlixfqzxuyu6p3aa-f-70ca16a7b-clientnsv4-s.akamaihd.net,0.0
w0oa5m.bluboldlikeuscelullares.motorcycles,1.0
pifmedia.ro,1.0
ak.hetaruwg.com,0.0
static2.chatrandom.com,0.0
sgw-de.c.huawei.com,0.0
washingtonmaalbany.nexusbd.us,1.0
maternarse.com.uy,1.0
madamsdara.com,1.0
a4bcd8be56584b88a067e4188b35c645.fp.measure.office.com,0.0
p104-ckdatabase-china.icloud.com,0.0
ns2.wlfdle.rnc.net.cable.rogers.com,0.0
clients.browser.qq.com,0.0
6a4eecba71a14e91924cc8ecfe6ffb8a.fp.measure.office.com,0.0
digioff.co,1.0
j28.joovideo.cc,0.0
ji.fhauiehgha.com,1.0
cbqohfnm.page.link,1.0
meliuscapitalhumano.com,1.0
p115-ckdatabase-china.icloud.com,0.0
a9f1ff015cb9f78c64100d38f019657e.safeframe.googlesyndication.com,0.0
gconsultores.com.co,1.0
a-0.19-24099801.c190082.1838.1c44.410a.400.9d.dlivbazzwu9iltzu6ns9q3bfuj.avqs.mcafee.com,0.0
bzphlwkscthqw.sysu.edu.cn,0.0
africanempowermenthubuganda.org,1.0
blueseapalinuro.it,1.0
jko.result.garrettcountygranfondo.org,1.0
183-6-9-99_s-23-56-4-26_ts-1654606702-clienttons-s.akamaihd.net,0.0
zomradio.com,1.0
monsterlyrics.sysu.edu.cn,0.0
organicsynthesis.univie.ac.at,0.0
bf5ffc7f6d084d75bfe4f99ceaed1d6b.fp.measure.office.com,0.0
w4dasvaxacrsqyu64alq-f-364a381b0-clientnsv4-s.akamaihd.net,0.0
zodbercbw.sysu.edu.cn,0.0
65407c6676fd8e54f5bcb0313f9569ef.safeframe.googlesyndication.com,0.0
sounds.bl.uk,0.0
fsfevngaewsibwv.www.tendawifi.com,0.0
a6f625476ff74a9598ece1ae0e19580e.fp.measure.office.com,0.0
e-amwaj.com,1.0
cheaptravelservice.us,1.0
forest.himanfast.com,1.0
internetareal.net.br,1.0
spa.sysu.edu.cn,0.0
botfusion1-8f4913f37609.herokuapp.com,1.0
lastimaners.ug,1.0
lucaspena.com,1.0
trackking.co,1.0
specnaznachenie.ru,1.0
mhrmpcoop.com.ph,1.0
cdn.gamerant.com,0.0
locksmithalberton.com,1.0
zj2fdlixfqz3eyu6s2ea-f-14c1faddb-clientnsv4-s.akamaihd.net,0.0
mn.sina.cn,0.0
update.grammarly.com,0.0
sahame.fartit.com,1.0
seccliprod.alipay.com,0.0
elcantererorestaurante.com,1.0
peckhamplumbingandheating.co.uk,1.0
usmanahmad.com,1.0
8118f449515064b1c8aeda9ab3eb34a3.safeframe.googlesyndication.com,0.0
qpgpbnyu.page.link,1.0
image.space.rakuten.co.jp,0.0
zj2fdlixfqzveyu6gkyq-f-069418a8f-clientnsv4-s.akamaihd.net,0.0
trimblesoft.com,1.0
aiicomultishield.com,1.0
58a654b1e7a8459daebf1b9f4e819e05.fp.measure.office.com,0.0
axioworldwide.com,1.0
growthxmedia.co,1.0
frqaaoquqfj.sysu.edu.cn,0.0
only-764630-183-46-140-55.nstool.netease.com,0.0
b-114137.oss-accelerate.aliyuncs.com,0.0
hciqtoggjqu.sysu.edu.cn,0.0
spitalcfpascani.ro,1.0
lapigua.mx,1.0
vlsi.ce.titech.ac.jp,0.0
startup-guyane.tech,1.0
thehumilityproject.files.wordpress.com,0.0
foodvixen.files.wordpress.com,0.0
6r92l3.tdum.alibaba.com,0.0
hl4xaltiksysoyu6vhlq-f-4326aff41-clientnsv4-s.akamaihd.net,0.0
utahilfrankfort.porradelfavosto.com,1.0
login.kleientertainment.com,0.0
www.ee.sdu.edu.cn,0.0
otilonaija.com,1.0
archive.cnx.org,0.0
dggpaddc00049.china.huawei.com,0.0
webvpn.jxutcm.edu.cn,0.0
1c7600a78c7ff415def1768f3bd25592.safeframe.googlesyndication.com,0.0
tsmtransporte.com,1.0
www.qiaopisjk.sysu.edu.cn,0.0
72k6ns9aiuywlh2bx7vxvstxkvtmva2m4ldkkfaee85af48c0240a78csac.d.aa.online-metrix.net,0.0
palpa.ps,1.0
byra24.no,1.0
silveracre.com,1.0
gtech.com.co,1.0
tevcat2.uchicago.edu,0.0
finesseplates.co.uk,1.0
une3.net,1.0
zj2fdlixfqzxuyu6rfaq-f-9283c7829-clientnsv4-s.akamaihd.net,0.0
atrvek.tdum.alibaba.com,0.0
baskego.com,1.0
r2---sn-npoeenll.googlevideo.com,0.0
DE-FRA-ANX-R038.teamviewer.com,0.0
neurips.cc,0.0
setiadental.center,1.0
shalife.in,1.0
7-1311377069.cos.ap-beijing.myqcloud.com,0.0
vijayawadasrajugariruchulu.com,1.0
bec.faqserv.com,1.0
ci27.actonsoftware.com,0.0
du0gal.tdum.alibaba.com,0.0
lamirandehoteltchad.com,1.0
shijiezhizui86464.lofter.com,0.0
rr1---sn-i3co-i3bee.gvt1.com,0.0
lvcsac.com.pe,1.0
7f3e9f7bc2b245f0af29f10b2a8dc2e6.fp.measure.office.com,0.0
logging-server.turing.com,0.0
0c5209eb14896e290716f9c6f41065ca.safeframe.googlesyndication.com,0.0
xqtr.result.garrettcountygranfondo.org,1.0
medcar.com.tn,1.0
donkeytourscroatia.com,1.0
xbtjhedlm.sysu.edu.cn,0.0
kyc.hzu.edu.cn,0.0
adscookie.com,1.0
lsspjournal.biomedcentral.com,0.0
orchidcuratedtravel.com,1.0
mat1.qq.com,0.0
sblzdxsu.page.link,1.0
charlie.student.csu.edu.au,0.0
lionaiassistant.com,1.0
372224685b93f7ac3aa15d04ea8073e6.safeframe.googlesyndication.com,0.0
a-iran.fartit.com,1.0
lojcowal.page.link,1.0
mvyulfqzrcv.www.tendawifi.com,0.0
sentrex219.xyz,1.0
juntadeconfrariesdese.live-website.com,1.0
husk.ro,1.0
californialuxuryhotel.ng,1.0
55.graduate.sysu.edu.cn,0.0
kapuupal.page.link,1.0
madhavbelbase.com.np,1.0
grad.sdu.edu.cn,0.0
bearcatpumps.com.cn,1.0
tsa.faqserv.com,1.0
public.19x19.com,0.0
emeklihaber.com,1.0
dastkarfoundation.com,1.0
ridgemedicalcentre.com,1.0
6588448b64a84b5cbebe3292a82b0cc1.fp.measure.office.com,0.0
lwlezhfeaaz.sysu.edu.cn,0.0
sxuqdyxe.page.link,1.0
cynorix.com,1.0
3t5fmdirt4aalxzrkfpkatpdq2ooctehfexmjxny86c7a7d113bbf7e7sac.d.aa.online-metrix.net,0.0
w4dasvaxfdy4syu7babq-f-b21c71c0b-clientnsv4-s.akamaihd.net,0.0
72k6ns9azuokrewr7ygyxdmw6x2n2enjfh4jezw788df3c81e9706d07sac.d.aa.online-metrix.net,0.0
files-ld.s3.us-east-2.amazonaws.com,1.0
educakolping.cl,1.0
sjjnxuuk.page.link,1.0
k-sharq.com,1.0
bioinfo.life.hust.edu.cn,0.0
w4dasvc4po6vayu6gykq-f-d1d9b64ca-clientnsv4-s.akamaihd.net,0.0
yitxiaozjk.sysu.edu.cn,0.0
f6f31594deb74b1c96196f9aa1ed2bec.fp.measure.office.com,0.0
vozvlutmoiyyc.sysu.edu.cn,0.0
p4-cvv7ux3skwk3u-wiud5kwjodnlzhfm-if-v6exp3-v4.metric.gstatic.com,0.0
864525-android-ds.metric.gstatic.com,0.0
m.zhtjdemo.youth.cn,0.0
blanchecatfight.com,1.0
0f25af7a2c944b67ad1b0366364797e5.fp.measure.office.com,0.0
fe06e586a7da400196532104f6b26f81.fp.measure.office.com,0.0
a842.casalemedia.com,0.0
www.TradeInsights.net,1.0
panaderialaoncevalpo.cl,1.0
my.gxu.edu.cn,0.0
palmtreeacademy.org,1.0
wolsale.com,1.0
onlygist.com.ng,1.0
cjpl.jnu.edu.cn,0.0
cmcc1.netq.qq.com,0.0
208.62.90.64.sbl.spamhaus.org,0.0
ultuarc.cl,1.0
only-82607-223-104-68-4.nstool.netease.com,0.0
chsebppq.page.link,1.0
lostheaven.com.cn,1.0
p71-escrowproxy.icloud.com,0.0
mhpropertiesltd.com,1.0
axuyrdlw.page.link,1.0
tyc0e5d6tuwb.l4.adsco.re,0.0
gz.jiwu.com,0.0
iabcsbh.com,1.0
www.theopendao.com,0.0
krea.com.py,1.0
ssv.fartit.com,1.0
eds.ydns.eu,1.0
f93.workupload.com,1.0
vdrone.ro,1.0
lhrztzja.page.link,1.0
qcbzdoac.page.link,1.0
dm5hs9apmyjqo.cloudfront.net,0.0
gormanbechard.files.wordpress.com,0.0
idealleisureholiday.com,1.0
1e20dfbb9444deefa423beb3c81cb4ad.safeframe.googlesyndication.com,0.0
j-sentry.jd.com,0.0
jppsgefo.page.link,1.0
70iibl.tdum.alibaba.com,0.0
e-theral.com,1.0
wirkaleufu.cl,1.0
trekcdnprod.azureedge.net,0.0
laundrywk.com,1.0
ral.layout.oystergardens.us,1.0
kizpcyiv.page.link,1.0
urdupoint98.com,1.0
dedog-server-sec.futunn.com,0.0
thesomamind.com,1.0
parlinfo.aph.gov.au,0.0
allenlaw.my,1.0
buguceshi.oss-cn-shenzhen.aliyuncs.com,0.0
net-vg-cdn.rayjump.com,0.0
cfs13.tistory.com,1.0
kreonsoccer23.hu,1.0
europe-garage-automobile.com,1.0
120-236-174-217_s-223-119-50-222_ts-1654540090-clienttons-s.akamaihd.net,0.0
soiti.com.co,1.0
kelgsjfq.page.link,1.0
delisheatsblog.files.wordpress.com,0.0
francais-english-arabic.com,1.0
sacfyf.com.mx,1.0
vbt.novelty.akibacreative.com,1.0
exclusive-inter.com,1.0
rcwxnrdl.page.link,1.0
hotelkiwi.gr,1.0
christypaul2013.files.wordpress.com,0.0
3d8be322e8d0319e716398bc33004392.safeframe.googlesyndication.com,0.0
1843387b04e18ee62c3afcf187f71bb3.safeframe.googlesyndication.com,0.0
cp-algorithms.com,0.0
shamsuddeensparepartsenterprise.com.ng,1.0
kghealthtech.com,1.0
bjifyzq.sysu.edu.cn,0.0
a4011537c6beec1209a1e688fca7dc303.profile.iah50-c4.cloudfront.net,0.0
ulqldrzuti.sysu.edu.cn,0.0
fffnfcxk.page.link,1.0
lf.hebnews.cn,0.0
kwey3.salgueirosa.sa.com,1.0
aa192c32d0774a519084f834c28c70df.fp.measure.office.com,0.0
1n6ckf.tdum.alibaba.com,0.0
comtexaco.com.co,1.0
5cf98df02c76777260666aeafbbf21fc.safeframe.googlesyndication.com,0.0
d4a81ca19eef7db7d0975d2bb1f6e103.safeframe.googlesyndication.com,0.0
konyaotogaz.com,1.0
52b9c79ad08d49c48ea035339255def1.fp.measure.office.com,0.0
vollfisioterapia.com.br,1.0
graduate.prod.dpcms4.sysu.edu.cn,0.0
leaf.as.pptv.com,0.0
judomogimirim.com.br,1.0
ohmoryll.sysu.edu.cn,0.0
syncskuq.page.link,1.0
duizhiri.lofter.com,0.0
lambda.sysu.edu.cn,0.0
nsmlab.com,1.0
channeldistribution.net,1.0
sherchans.com,1.0
structuredatabase.files.wordpress.com,0.0
2206f02456566e1d4a002495932093fa.safeframe.googlesyndication.com,0.0
omalworldwide.net,1.0
gurgle.mashable.com,0.0
gnsys.com.br,1.0
creatixacademy.com,1.0
gfs208n119.userstorage.mega.co.nz,0.0
elecsaconsas.com,1.0
dl.gj.tc.qq.com,0.0
cantorpeninha.com.br,1.0
brunolemes.com.br,1.0
bemmequerartes.com.br,1.0
marykeventer.co.za,1.0
parladonna.com.br,1.0
a1e91d60166c8a62112c6a74f144feb6b.profile.bom78-p6.cloudfront.net,0.0
vip.szx.ifanr.com,0.0
tigersproductos.com,1.0
desktop.parallels.com.cdn.cloudflare.net,0.0
ranthambhoresafaribooking.in,1.0
wdespachante.com.br,1.0
doutoravanessaramos.com.br,1.0
eiderdowns.co.nz,1.0
oaajzumz.page.link,1.0
1qwqewrewqweqwrqe.sbs,1.0
kqrsywya.page.link,1.0
polyu.zoom.us,0.0
photonupstudio.com,1.0
fdztmru.sysu.edu.cn,0.0
jointings.org,1.0
vbnexcod.co.in,1.0
www.szsonaw.com,0.0
images.connected.arrow.com,0.0
mrbusinessadvertiser.com,1.0
lenguae.com,1.0
prd-tnm.s3.amazonaws.com,0.0
eblagh.my03.com,1.0
archives.hainan.gov.cn,0.0
plantix-eg.com,1.0
quizlet.onelink.me,0.0
www.gduf.edu.cn,0.0
motionislife.co.uk,1.0
d0ac5be49b60fb843e33cea78bea6dc8.safeframe.googlesyndication.com,0.0
64d5182af02ae929bc723a59f9d9536f.safeframe.googlesyndication.com,0.0
fdfik.sync.oystergardens.club,1.0
circle-1256420804.file.myqcloud.com,0.0
bhatetravels.com,1.0
autooutletllc.com,1.0
washingtonscnashville.ecorally.ng,1.0
fashionmanya.com,1.0
goldentelecommunication.com.ng,1.0
itbgqvyntodgv.sysu.edu.cn,0.0
zj2fdlixfqz3eyu6rtfq-f-47300d2dc-clientnsv4-s.akamaihd.net,0.0
r9---sn-ni57rn7s.c.2mdn.net,0.0
partyschool.hnu.edu.cn,0.0
hzbuismv.page.link,1.0
tplifeweixin-public.oss-cn-shanghai-finance-1-pub.aliyuncs.com,0.0
mxb-0019ad02.gslb.pphosted.com,0.0
tbldxdjndzhlb.sysu.edu.cn,0.0
35d1fe34d9e84a4da28b67f356c5717b.fp.measure.office.com,0.0
oneclickbuy.pk,1.0
gons17cl.top,1.0
zj2fdlixfqzxuyu6khya-f-72e801d4c-clientnsv4-s.akamaihd.net,0.0
hdjs.bigda.com,0.0
cetineraluminyum.com,1.0
pabbly.com,0.0
cos.image.joox.com,0.0
www.weasyl.com,0.0
NUC-YUANYUAN.sysu.edu.cn,0.0
bongomin.com,1.0
konyakayahurdacilik.com,1.0
toss.is,1.0
pdwk5uaxjspowyu62x3q-f-9c71697a3-clientnsv4-s.akamaihd.net,0.0
configpatch.xunyou.com,0.0
api.lbs.yandex.ru,0.0
maquinadenegocios.com.br,1.0
kapinga.co.tz,1.0
mhuzlpwu.page.link,1.0
5c02cba33ccc4c6393fbf794badf179a.fp.measure.office.com,0.0
a3ed4d35d764aca1d268dbe943a8c471.safeframe.googlesyndication.com,0.0
haxqe5kcslgqhgqacvgl5777qma8y1654561620.nuid.imrworldwide.com,0.0
5f7565400660a1abe2e4518cb0ede959.safeframe.googlesyndication.com,0.0
centreon.net,1.0
ishzbjqf.page.link,1.0
northshoregreencare.co.nz,1.0
txadkbsy.page.link,1.0
www.casemine.com,0.0
bellepreviews.com,1.0
ata2-img.oss-cn-zhangjiakou.aliyuncs.com,0.0
finance.upc.edu.cn,0.0
zhenai4pm-1251661065.cos.ap-beijing.myqcloud.com,0.0
vbkjeqzzias.sysu.edu.cn,0.0
1084334462.docs.qq.com,0.0
ceramikaydekorados.com,1.0
www.ba.scu.edu.tw,0.0
shop.travisscott.com,0.0
srizonyerp.com,1.0
louisianaazsantafe.windsorsouthcorp.com,1.0
11zigv.tdum.alibaba.com,0.0
webhonlines.za.com,1.0
fcckjahu.page.link,1.0
adsco.re,0.0
geolocation-onetrust-com-443.webvpn.sysu.edu.cn,0.0
s0-static.jjwxc.net,0.0
luxjay-group.com,1.0
kolibrinijare.com,1.0
cdndownloadins.21wecan.com,0.0
learn.tsinghua.edu.cn,0.0
medialive.stream,1.0
fclmex.com,1.0
crudeoiltrader.sysu.edu.cn,0.0
santamariaviajesyturismo.com,1.0
keyvigilant.com.mx,1.0
ablink.sender.skyscanner.com,0.0
login-obd.3g.qq.com,0.0
pre.aps.org,0.0
unospresso.com,1.0
www.ningde.gov.cn,0.0
6uijie.tdum.alibaba.com,0.0
somosmejortv.com,1.0
xtremefrenchbulldogs.com,1.0
laksambarta.com,1.0
estudiointegraldearte.com,1.0
aprfc.rw,1.0
legalny.com.pl,1.0
tzcktpyqnvb.sysu.edu.cn,0.0
twcsgs5003.game-beans.com,0.0
okeoldhl.page.link,1.0
siparisler.github.io,1.0
kyliemartin.com.au,1.0
parrotbay.net,1.0
oceanite.in,1.0
jaideemenu.com,1.0
goodfurnitureworks.com,1.0
fr.stripchat.com,0.0
mindfully.vn,1.0
rr6---sn-nx57ynls.googlevideo.com,0.0
lead42.info,1.0
codeload.github.com,1.0
janeriver.lofter.com,0.0
medicalsoft.cl,1.0
zopte221.xyz,1.0
econintech.org,1.0
w4dasvfydplqsyu7g5va-f-0a7f179c5-clientnsv4-s.akamaihd.net,0.0
qcffojoe.page.link,1.0
tardimed.com,1.0
b.bst.126.net,0.0
dkugbhea.page.link,1.0
deputadoevandroaraujo.com.br,1.0
hd-sms-01.sysu.edu.cn,0.0
rpmxihwcjrh.sysu.edu.cn,0.0
equippedbeings.com,1.0
transmilez.com,1.0
a4f2a8dcf85a8a1bf7a19721ad9b3db8b.profile.kix56-c2.cloudfront.net,0.0
dinamicus.com.br,1.0
iconaatamaker.in,1.0
tipstar-recycling.com,1.0
leapfrogstrategy.com,1.0
w4dasvdimj2seyu67yxa-f-9fa302ef7-clientnsv4-s.akamaihd.net,0.0
v5-f-gzcm06.douyinvod.com,0.0
fviktrsbafpt.sysu.edu.cn,0.0
3c91034cfa494085aed9ae9411d10696.fp.measure.office.com,0.0
38296fbbf0e979da3063f41e82e0afb8.safeframe.googlesyndication.com,0.0
pros.cm,1.0
trackgeneral.com,1.0
normacsales.com,1.0
d2edv2ftesbs3e.cloudfront.net,0.0
smpitbu.sch.id,1.0
tmuwunsn.page.link,1.0
abb87b07f48837a577735e6183dbc0c2.safeframe.googlesyndication.com,0.0
79b1be58baccf290c47eaaacc6bc3503.safeframe.googlesyndication.com,0.0
api.tuisong.baidu.com,0.0
qoyynwzg.page.link,1.0
hkyolduhasijr.sysu.edu.cn,0.0
4yohjm.tdum.alibaba.com,0.0
top360digitalmedia.com,1.0
update.polarisoffice.com,0.0
gsdfe.cc,1.0
c-pathways.com,1.0
zzxx.gdhrss.gov.cn,0.0
satsacademy.in,1.0
nortproperties.se,1.0
tatthopunzo.com,1.0
services.chess.com,0.0
03a9f974fd708a0e20e12795eeeee3bb.safeframe.googlesyndication.com,0.0
nintendoswitch.jd.com,0.0
af277e9853781210daf188413722afb20.profile.blr50-c1.cloudfront.net,0.0
update.filezilla-project.org,0.0
a9e169f62b9e2e7dbd2a0843d462542e3.profile.kix56-c1.cloudfront.net,0.0
zj2fdlixfqzxuyu6lxtq-f-7ff338a45-clientnsv4-s.akamaihd.net,0.0
news.ecommerce.qq.com,0.0
agnisurakshas.com,1.0
genetics.wustl.edu,0.0
rgdk16.kuaishang.cn,0.0
pdwk5zqxedwrcyu7d76a-phjndu-1280bb8b3-clientnsv4-s.akamaihd.net,0.0
rechtsanwalt-wucherpfennig.de,1.0
ec.walkme.com,0.0
a34b5f809e6340c2bc08f696ff340821.fp.measure.office.com,0.0
redatas.oss-cn-beijing.aliyuncs.com,0.0
kjkxcfeu.page.link,1.0
sonmycotoxin.com.ng,1.0
ed-sd.vizvaz.com,1.0
bfb903985150657baba8eb86713ce8ce.safeframe.googlesyndication.com,0.0
52c471c639cb943fcb30356c7bcb279f.safeframe.googlesyndication.com,0.0
forbangladesh.com,1.0
igaaexportsltd.co.tz,1.0
rr5---sn-i3b7kns6.gvt1.com,0.0
euik1r.tdum.alibaba.com,0.0
xttmcgmm.page.link,1.0
caxc.sync.oystergardens.club,1.0
91.zssom.sysu.edu.cn,0.0
adl-vvs.mrbasic.com,1.0
paldiengineering.com,1.0
ime-service.vivo.com.cn,0.0
backstory.ebay.co.uk,0.0
9d9704314e9dcb7125ed4ea178ae4c76.safeframe.googlesyndication.com,0.0
8c780f8c1dd65d427697dde56f9f9475.safeframe.googlesyndication.com,0.0
flhomebuyerkit.com,1.0
mediaroutes.com,1.0
easyfotovoltaico.it,1.0
rucfd.ruc.edu.cn,0.0
a-0.19-a7000011.80e0081.1644.885.3ea3.210.0.cualnm915za3renfgrals649sq.avts.mcafee.com,0.0
www.solidworks.com,0.0
kangarookids.ae,1.0
goastudios.com,1.0
adl-irnh.fartit.com,1.0
soikbmoqxyu.sysu.edu.cn,0.0
72k6ns9awndiy4vrzp5lsfuo7vd3djczdna4nxmfc21f84f9fc1058a2sac.d.aa.online-metrix.net,0.0
w4dasvcfydneuyu7mjba-f-d1513a0c3-clientnsv4-s.akamaihd.net,0.0
auth-mgate.woa.com,0.0
adl-q.faqserv.com,1.0
zh.bendibao.com,0.0
88092b74-56c9-4547-93b1-8955582ef70c.t.ssp.hinet.net,0.0
delivery156.akamai-cdn-content.com,0.0
a5fe5981c65aa8fbcd8100fad98d951b.safeframe.googlesyndication.com,0.0
cel9collection.auone.jp,0.0
richterhi-tech.com,1.0
scm.dns05.com,1.0
opeyemitelecoms.com.ng,1.0
sokht24.com,1.0
teyrdwtt.page.link,1.0
liegefelicio.com.br,1.0
kuwi.layout.oystergardens.us,1.0
wpacindia.com,1.0
63be6d07301f6c8da2bcd60ce754825d.safeframe.googlesyndication.com,0.0
baovevieta.com,1.0
inverexsolar.com.pk,1.0
passport.mahjongsoul.com,0.0
media.shdc.abchina.com,0.0
external-sso.wiley.com.cdn.cloudflare.net,0.0
event.fanli.com,0.0
only-691397-112-97-84-114.nstool.netease.com,0.0
shiyan.lanzoui.com,0.0
elorait.com,1.0
arquitectosdca.com,1.0
trueecard.com,1.0
172161115.docs.qq.com,0.0
zemax.zendesk.com,0.0
-IbvUHF2CyJK8QWz.dbl.spamhaus.org,0.0
bu1y31d.baiducom.vqu4698.com,0.0
impeccableafricatour.com,1.0
dowbqeom.page.link,1.0
mucaddam.pk,1.0
emmanuelandrachel.org,1.0
aidomain.in,1.0
a6ffa3cdf57ce2c0be9db0fae18df680f.profile.vie50-c1.cloudfront.net,0.0
socialnap.com,1.0
only-86620-112-97-245-217.nstool.netease.com,0.0
shhpqkwq.page.link,1.0
file.xmpush.xiaomi.com.tendawifi.com,0.0
demosite.name,1.0
fvksfjbssqq.sysu.edu.cn,0.0
iarista.com,1.0
amzfix.com,1.0
marketstrategiesmgmt.com,1.0
perfectpowersystem.com,1.0
moradadapraia-bombinhas.com.br,1.0
konyapelet.com.tr,1.0
maestrohealthafrica.com,1.0
cms.mpi.univie.ac.at,0.0
malikironstore.com,1.0
hcnsjkqg.page.link,1.0
nvis-it.com,1.0
file.qq.com,0.0
icmcargo.com,1.0
www.broward.org,0.0
webvpn.jyu.edu.cn,0.0
9jaflaverstore.com,1.0
madele.bi,1.0
sinhalese.cri.cn,0.0
www.sellersprite.com,0.0
lti.cs.vt.edu,1.0
akestech.com,1.0
msfxg.3g.qq.com,0.0
eaaqeubqaijeajqacqlxqaaaabrj6r4k-f-eec94b085-clienttons-s.akamaihd.net,0.0
kr.newyork-english.edu,1.0
p44-ckcoderouter-china.icloud.com,0.0
shop.10086.cn.c.cdn.chinamobile.com,0.0
onedriveclucprodbn20008.blob.core.windows.net,0.0
mzt.jiangxi.gov.cn,0.0
htsolusi.com,1.0
xcr8j9mthev8.s4.adsco.re,0.0
suad.group,1.0
dynomia.ca,1.0
cid-003e0c03138058af.users.storage.live.com,0.0
type-o-matic.sysu.edu.cn,0.0
f008729b5f7dd1f0667e9cfe6d8239c6.safeframe.googlesyndication.com,0.0
elceymixkids.online,1.0
w4dasvdildgkayu7ovpq-f-ad8b152e5-clientnsv4-s.akamaihd.net,0.0
people-privacy.oss-cn-beijing.aliyuncs.com,0.0
mymedfile.us,1.0
w4dasvfm5awkayu63n4a-f-ef56ba322-clientnsv4-s.akamaihd.net,0.0
gloucestertaxicompany.com,1.0
revanth.com,1.0
khyyril.com,1.0
87fb64d51d6a425faf974e8472c454b4.fp.measure.office.com,0.0
kjtupxzu.page.link,1.0
berkeley.edu,0.0
enzomatencio.com,1.0
suac-jp.academia.edu,0.0
crnvnhii.page.link,1.0
istbi.fudan.edu.cn,0.0
uxvrewmq.page.link,1.0
72k6ns9aktwcs4yfuvuevqbfhirwt4xzlv35tkxld2c4aa66cd7f8c4bsac.d.aa.online-metrix.net,0.0
synergy-pos.com,1.0
mktrading.co.za,1.0
spd-haltern-am-see.de,1.0
w4dasvfm5awkayu63l5a-f-a99ecd590-clientnsv4-s.akamaihd.net,0.0
a.c-0.19-a7000081.c1c0081.16a8.c13.3ea5.210.0.36mmblv1jvbhhmar16b78lfh4i.avts.mcafee.com,0.0
qej.settings.oysterfloats.org,1.0
shardastationery.com,1.0
gw-lt-hbsjz-02.cg.163.com,0.0
member.pixnet.cc,0.0
fdgdgd.su,1.0
sogemad.net,1.0
squarechapel.co.uk,1.0
atefehataollahi.com,1.0
crecs.ruc.edu.cn,0.0
zeepaard.com,1.0
iota205.rtb.appier.net,0.0
img-1251840830.cos.ap-beijing.myqcloud.com,0.0
media-msp1-1.cdn.whatsapp.net,0.0
kondisioner.az,1.0
wlzb.zhku.edu.cn,0.0
trakyagunesteknik.com,1.0
asl.fartit.com,1.0
sogovpbazycs.sysu.edu.cn,0.0
spcmvnnwvaosx.sysu.edu.cn,0.0
movingtonewzealand.org,1.0
azharconstruction.com,1.0
user.58.com,0.0
469fd278162bbd973cc55ded3b9c9ef6.safeframe.googlesyndication.com,0.0
2a41f3bae7391273c26a2b2bec2222bb.safeframe.googlesyndication.com,0.0
legendhero.persiangig.com,1.0
8248.co.uk,1.0
lesamisduvelo.fr,1.0
wisdom.www.sogou.com,0.0
dailylivechat.com,1.0
ybponby.sysu.edu.cn,0.0
poloseducacionais.com.br,1.0
sona2.music.126.net,0.0
kheg.sync.oystergardens.club,1.0
sia.dz,1.0
jc-print.oss-cn-hangzhou.aliyuncs.com,0.0
tecnoyar.com,1.0
nyolyyryqewotp.sysu.edu.cn,0.0
sandbox-87-1.reactblade.portal.azure.net,0.0
khdhmszxonfl.sysu.edu.cn,0.0
wagonslearning.org,1.0
kemalak.com.my,1.0
firebasestorage.googleapis.com,1.0
jqtgqbivmn.sysu.edu.cn,0.0
quickie.com.do,1.0
novostiua.info,1.0
eea5850a0b12015edcfb7f754a7e6dca.safeframe.googlesyndication.com,0.0
935a802dfd5013669decfdc90c52822f.safeframe.googlesyndication.com,0.0
2505204706.docs.qq.com,0.0
maths.hust.edu.cn,0.0
khabarfarsi.com,0.0
e36adc97ec84466e87f917652821ef24.fp.measure.office.com,0.0
highcare-bucuresti.com,1.0
site-6403370-9082-2967.mystrikingly.com,0.0
ytgz5.sa.com,1.0
w4dasvaxfdy4syu7kzea-f-a136ad782-clientnsv4-s.akamaihd.net,0.0
demande-hypothecaire.ca,1.0
zj2fdlixfqz3eyu6piya-f-fdafef4c2-clientnsv4-s.akamaihd.net,0.0
zslxcmmtafcexzt.rz.uni-wuerzburg.de,0.0
a2572.casalemedia.com,0.0
agenciadigital.app.br,1.0
rajamuhammadali.com,1.0
englishvideolessons.sysu.edu.cn,0.0
dub130.mail.live.com,0.0
180plan.com.au,1.0
vclrendering.co.uk,1.0
industriastornometaljr.com,1.0
fountainofvictory.org,1.0
26b65b34acfb65cbd82cf1e3ebfe0e85.safeframe.googlesyndication.com,0.0
e0d14fb18ea01591305160834c404cdd.safeframe.googlesyndication.com,0.0
safe.2345.cc,0.0
zncuzzs2uwzfdac0b-hydroonecx.siteintercept.qualtrics.com,0.0
c3ec25357bd74b3fb675f62a2fd313ac.fp.measure.office.com,0.0
interpol.edu.pl,1.0
ald-lamp-us.alicdn.com,0.0
www.ruijie.com.cn,0.0
pan-lamoderna.com,1.0
premierfl.mx,1.0
thetechstore.pk,1.0
www.repanso.com,0.0
btddohlx.page.link,1.0
m0.dreport.meituan.net,0.0
taking-care.us,1.0
db0b790923c844359f991af0d13b73f8.fp.measure.office.com,0.0
doku.pub,0.0
xnlnzqmlp.sysu.edu.cn,0.0
ffcaca9887b695c06f7a40d0128d7446.safeframe.googlesyndication.com,0.0
pufa.southcn.com,0.0
cursodeparapsicologia.org,1.0
socialwiki.com.br,1.0
f-mall.jd.com,0.0
vextwobl.page.link,1.0
abf0e708addac80e1dc14b7c610ae288a.profile.mel50-c2.cloudfront.net,0.0
aviyana.lk,1.0
des.mrbasic.com,1.0
adlsj.dns05.com,1.0
globaldream.events,1.0
ofipzrmwr.sysu.edu.cn,0.0
thrombosisjournal.biomedcentral.com,0.0
najocelfwklyop.sysu.edu.cn,0.0
snowluwu.ru,1.0
ah.weather.com.cn,0.0
dhkrziln.page.link,1.0
inavco.com,1.0
22.236.127.185.sbl.spamhaus.org,0.0
amolmolas.com.br,1.0
wpjiang.users.sgg.whu.edu.cn,0.0
yvdg6bxr3rboqr9zjsrnrdadaq2ic1654583433.nuid.imrworldwide.com,0.0
p72-keyvalueservice.icloud.com,0.0
graydepellet.cl,1.0
mdisk.spdb.com.cn,0.0
zujdpkvkmdi.sysu.edu.cn,0.0
37.151.225.13.sbl.spamhaus.org,0.0
agencybig.bs2dl.yy.com,0.0
c657f3e119a63438c7e5197824ef4de4.safeframe.googlesyndication.com,0.0
07e29108a6f3a14e696ba7ecfe6939f9.safeframe.googlesyndication.com,0.0
www.moonshinephilly.com,1.0
dnsc5f9a60d-0446-429f-9a87-9212764f105f-azurebatch-cloudservice.westus.cloudapp.azure.com,0.0
ai4fs.com.ng,1.0
megatrustinc.com,1.0
ed-cons.com,1.0
c-0.19-a3100011.29400c3.16a8.b69.3ea5.210.0.hjdjns8jw2g9i1qutpb7svweii.avts.mcafee.com,0.0
damai-item.oss-cn-beijing.aliyuncs.com,0.0
h171459.srv22.test-hf.su,1.0
fms.oiu.edu.sd,1.0
vod1446-aliyun06-vip-lixian.xunlei.com,0.0
wafh.caching.oysterfloats.com,1.0
generalsmart.com.br,1.0
svmougcr.page.link,1.0
drive.usercontent.google.com,1.0
primetechnologies.net.pk,1.0
duushxffcigswi.sysu.edu.cn,0.0
bqubfrbzhvlz.sysu.edu.cn,0.0
santara.site,1.0
r1---sn-nv47lnsr.googlevideo.com,0.0
71a8ffc794221e2d88d5a22be231ecac.safeframe.googlesyndication.com,0.0
c95f7f767ea7ec191de42112e186a6ea.safeframe.googlesyndication.com,0.0
975cf1628691b8277813681bee9cef03.safeframe.googlesyndication.com,0.0
img.jsly001.com,0.0
udupoytr.page.link,1.0
efeceweb.com,1.0
perfect-itsolutions.com,1.0
klive-play.kaochong.com,0.0
myartfric.media,1.0
ftuoxitgczdgpmn.sysu.edu.cn,0.0
6fb51f6d7b77461ea8831fdc821df9c0.js.ubembed.com,0.0
doorbell.api.net.bd,1.0
www.apps.webofknowledge.com,0.0
s3.dualstack.ap-southeast-1.amazonaws.com,0.0
brilliant-solutions.ae,1.0
milanoboutique-gruppo.com,1.0
fkfleagues.com,1.0
okdeaqio.page.link,1.0
myoldcountryhouse.com,1.0
zj2fdlixfqz3eyu6lcoq-f-394d7d101-clientnsv4-s.akamaihd.net,0.0
444ce613810d4716806c5bf7175b479b.fp.measure.office.com,0.0
hackspace.raspberrypi.com,0.0
sisi.shmtu.edu.cn,0.0
21c12d414bc44b4e947b98b56e765bea.fp.measure.office.com,0.0
nuxctuu.sysu.edu.cn,0.0
55d4a3ebc78cd26c014f45c16d363962.safeframe.googlesyndication.com,0.0
vtuzwuhz.page.link,1.0
8c2c5833318a8eb27ea79f9b2738bba9.safeframe.googlesyndication.com,0.0
diuetgeo.page.link,1.0
ykwv.caching.oysterfloats.com,1.0
thetimesbharat.com,1.0
obolpxnr.page.link,1.0
jmqfitxi.sysu.edu.cn,0.0
premiumwellpro.com,1.0
raqfndgw.page.link,1.0
160.3.78.140.sbl.spamhaus.org,0.0
rsazicblct.sysu.edu.cn,0.0
i-2000.b-2-6-1.sync.bench.resilio.com,0.0
fr.api.net.bd,1.0
dl90.zlibcdn.com,0.0
qydwuett.page.link,1.0
wmuyjylpkpge.sysu.edu.cn,0.0
a-0.19-a7000081.c1e0082.170c.c6b.3ea5.210.0.kwbqhwfdfugj6jbncnaek8fenb.avts.mcafee.com,0.0
evolve-adv.com,1.0
tramaartetextil.com.mx,1.0
remvenie.page.link,1.0
almaseka.com.sa,1.0
ee33d6ca7aeb48c1a7751c25b3a7ffd3.fp.measure.office.com,0.0
colantari.info,1.0
jeakimphotography.co,1.0
synergyconsulting.us,1.0
izuvgzio.page.link,1.0
konyacagdasevdeneve.net,1.0
93e8095ad0c44f268612923b7e8035a0.fp.measure.office.com,0.0
uzpcljmy.page.link,1.0
gruporosagoncalves.com.br,1.0
dichvuphanmem.net,1.0
basehealthcare.com,1.0
surfrote.com,1.0
60a8b5de952843028cf18bf268516dcd.fp.measure.office.com,0.0
agitel-formation.net,1.0
radim-vpn.org,1.0
68b26c64cf93429298ff3fafe7314585.fp.measure.office.com,0.0
1a3ce7c5728c4884b9f7ec325de55244.fp.measure.office.com,0.0
oytejtia.sysu.edu.cn,0.0
kaytkaytv.com,1.0
w4dasvfydj7usyu6sdaq-f-d07df5597-clientnsv4-s.akamaihd.net,0.0
eunqises20220607.oss-cn-shenzhen.aliyuncs.com,0.0
xnuhpmhw.page.link,1.0
npskudlu.com,1.0
pdwk5wixzbficyu66ama-f-21caff9f8-clientnsv4-s.akamaihd.net,0.0
affaires.co.in,1.0
hasinamart.com,1.0
bf89c2d0c23a14f95263a29f9d96d1db82deb529649de321.dlied1.cdntips.net,0.0
prosatecperu.com,1.0
dailygoldsignals.com,1.0
63e7e41d8d6e43f98651f06fa545f447.fp.measure.office.com,0.0
gobesitysurgery.com,1.0
tomcat.apache.org,0.0
pm-law.co,1.0
www.harpersbazaar.com.hk,0.0
t8522690597362483137.id.amgdgt.com,0.0
2e8d93e60040e2850b9175e85a4b366ee1b0ce8895d5a5d5.dlied1.cdntips.net,0.0
usokbvvsatlwtk.sysu.edu.cn,0.0
youunis.net,1.0
linksumuthokirtp.info,1.0
mataranibio.com,1.0
118.graduate.sysu.edu.cn,0.0
2ff684772e42e28a016c86bc6601708c.safeframe.googlesyndication.com,0.0
img.beckett.com,0.0
mil.iqiyi.com,0.0
w4dasvfyd4ameyu6vtka-f-adc3f570c-clientnsv4-s.akamaihd.net,0.0
a-0.19-a7000801.c050081.16a8.c13.3ea5.210.0.tl3367ffpkif13j73mwrz6bevi.avts.mcafee.com,0.0
brandworks.com.au,1.0
assets.zabbix.com,0.0
8b463d2ad0194c53a57bac22fa716afe.fp.measure.office.com,0.0
4e978b1d73bdf3cbf19aa08a618bb745.safeframe.googlesyndication.com,0.0
static.tenable.com.cdn.cloudflare.net,0.0
lhtgw391643972.files.wordpress.com,0.0
140ce3ad910e462ba5ebb277fba70972.fp.measure.office.com,0.0
wavefront.pe,1.0
serviaseo.com,1.0
diversesa.co.za,1.0
www.thurrott.com,0.0
fextralife.com,0.0
nurin.ug,1.0
120-236-174-226_s-23-48-201-42_ts-1654612720-clienttons-s.akamaihd.net,0.0
138.190.51.121.sbl.spamhaus.org,0.0
183.163.226.159.sbl.spamhaus.org,0.0
gslbali.ximalaya.com.www.tendawifi.com,0.0
villalaconcepcion.com,1.0
uneraemb.page.link,1.0
tgkijweq.page.link,1.0
tropiclean.vn,1.0
e88ffbb1-dfb7-4d70-8b9a-9c458bf52611.t.ssp.hinet.net,0.0
120-236-174-245_s-184-26-91-30_ts-1654594675-clienttons-s.akamaihd.net,0.0
i.quotev.com,0.0
auto.bus.sysu.edu.cn,0.0
pmc1201.com,0.0
pzxxotkb.page.link,1.0
pu.guitarworld.com.cn,0.0
p31-ckdevice-china.icloud.com,0.0
mapwo.org.af,1.0
qdardcx.sysu.edu.cn,0.0
2yyoe.img.ag.d.sendibm3.com,0.0
external-relay.indiana.edu,0.0
cenb.sync.oystergardens.club,1.0
xalh.sync.oystergardens.club,1.0
nndbyvkqp.sysu.edu.cn,0.0
www.hn.xinhuanet.com,0.0
xps.phub.sandai.net,0.0
ottimg.cdn.pandora.xiaomi.com,0.0
sz.ktrmr.com,0.0
walkindrivetoday.com,1.0
d59033beb3454fc5b4eaba29417c624f.fp.measure.office.com,0.0
bluskyglobal.com,1.0
sirvankolan.com,1.0
nkbshipping.com,1.0
smarttravelsolutions.in,1.0
3a2aed2e2ebf450887fcf2672ae81488.fp.measure.office.com,0.0
sapid.net.au,1.0
maddoctech.com,1.0
dxtkeubje.sysu.edu.cn,0.0
adl-a.mynetav.org,1.0
protectstudio.com,1.0
edge-101.hkhkg.icloud-content.com,0.0
shopnovinplus.com,1.0
dns2fa54e13-8184-4fba-92f6-f556ec2a9cc7-azurebatch-cloudservice.westus.cloudapp.azure.com,0.0
yac.org.pk,1.0
m.zige.eol.cn,0.0
3aadf34d497030f08a579c50ebaa005e.safeframe.googlesyndication.com,0.0
1f9ab22c580d4b62b57b34831fc12f42.fp.measure.office.com,0.0
ledsun-eg.com,1.0
smartgate.changsha.gov.cn,0.0
oxyxmfqv.page.link,1.0
filmkaku.com,1.0
adlrs.dns05.com,1.0
cdn-ws.content.steamchina.com,0.0
dzmuaynn.sysu.edu.cn,0.0
4a5ec9dcbe203a7c1a87eadb3dec8428.dlied1.cdntips.net,0.0
optradigital.com,1.0
htcnphmk.page.link,1.0
192.60.84.184.sbl.spamhaus.org,0.0
6qdf3j.tdum.alibaba.com,0.0
hl4xajaxfdy2syu6zxcq-f-e71c30a79-clientnsv4-s.akamaihd.net,0.0
mobilelog.kugou.com,0.0
p26-ckdevice-china.icloud.com,0.0
frioborges.com.ve,1.0
guiacontactobcn.com,1.0
20.126.250.203.sbl.spamhaus.org,0.0
mscat.pe,1.0
r2---sn-un57sn7y.gvt1.com,0.0
mobile2.10jqka.com.cn,0.0
secasan.info,1.0
91images20210911.oss-accelerate.aliyuncs.com,0.0
baae.sard.ruc.edu.cn,0.0
9bd2dc6b39d57562d57b35a73c53f9c4.safeframe.googlesyndication.com,0.0
bca18372a7d2b5b873c37d55e290bfa6.safeframe.googlesyndication.com,0.0
siscofashion.com.ng,1.0
smkpgri2pasuruan.sch.id,1.0
zj2fdlixfqzxuyu6lqnq-f-21d16955c-clientnsv4-s.akamaihd.net,0.0
adt.faqserv.com,1.0
a2010.casalemedia.com,0.0
elenaprem.com,1.0
aptinverex.net,1.0
qmcdxmbd.page.link,1.0
brxt.mendeley.com,0.0
647o33baidu.s.3jdh.com,0.0
ujii.sync.oystergardens.club,1.0
daughtersofmotherindia.com,1.0
torfxkskvb.sysu.edu.cn,0.0
2cebc5d0d81cc259646708cba6a5aac2.safeframe.googlesyndication.com,0.0
desirelandscapes.com.au,1.0
globalhunttechnologies.in,1.0
baisoya.com.pk,1.0
5d9b637550878670ef7882ec50dc357e.fp.measure.office.com,0.0
4c10f5f80e6b4d78abe196af8aad8844.fp.measure.office.com,0.0
35-166-175-91-pushcl.np.communication.playstation.net,0.0
mxzex322.xyz,1.0
tceducn.com,1.0
dtccsf.org,1.0
hs.nufe.edu.cn,0.0
9d3f8049478a42b5b4c094256190fd17.fp.measure.office.com,0.0
hotword.kuwo.cn,0.0
chattanpvc.com,1.0
empresape.com,1.0
36d49807164243a48c56ff9b602a3a9f.fp.measure.office.com,0.0
jtafp.cloudid.coffeeonboard.com,1.0
imanifestnow.net,1.0
server.toeicswt.co.kr,1.0
foreverus.in,1.0
195858-ipv4.gr.global.aa-rt.sharepoint.com,0.0
pxhxllym.page.link,1.0
gelsynergysolutions.com,1.0
transledger.io,1.0
mymobiletoolsandtrades.com,1.0
ahpbxmuw.page.link,1.0
2585ec189ee6fc21e56f7913a9f74589.safeframe.googlesyndication.com,0.0
smartsbee.co,1.0
thelocationgold.com,1.0
dadouexport.com,1.0
zj2fdlixfqzxuyu6l3vq-f-b53fc08d7-clientnsv4-s.akamaihd.net,0.0
downloadly.net,0.0
zozovideo.com,0.0
foxfilehost.fun,1.0
almpcest.page.link,1.0
cdn.brandpa.com,0.0
www1486.ff-03.com,0.0
nmkhvonyfttzst.www.tendawifi.com,0.0
hbn42414.beget.tech,1.0
3monkeysthrift.f2f.org,1.0
d310a9hpolx59w.cloudfront.net,0.0
105de05774b14d66a4cc0163b83445d4.fp.measure.office.com,0.0
bonitgames.com,1.0
www.mingyantong.com,0.0
xxd2vifwvbfdzkkjmxhpxtxmsks181654578761.nuid.imrworldwide.com,0.0
gbuarts.com,1.0
poonamcoatings.com,1.0
sodef-sl.com,1.0
server72.dosya.co,1.0
dznnuj.tdum.alibaba.com,0.0
app6wf7nmsr4708.h5.xiaoeknow.com,0.0
ecvgparr.page.link,1.0
urd183.analysys.cn,0.0
jtunpaah.page.link,1.0
playstation.com,0.0
2a05ef636b3caa39bf10680ffd133909.safeframe.googlesyndication.com,0.0
ee64ea6ed9634479b258529719ba5783.fp.measure.office.com,0.0
media.newyorker.com,0.0
takayuki-office.inotaka.com,1.0
statics.ys7.com,0.0
forest-china-1415829784.cn-northwest-1.elb.amazonaws.com.cn,0.0
imgs.dlads.cn,0.0
benjamin-simmonds.gallerycdn.azure.cn,0.0
973694016.docs.qq.com,0.0
c-0.19-240f2081.f240000.1838.1c44.410a.400.9d.wmtg38umibvswra5g6gfw3s6ft.avqs.mcafee.com,0.0
d1tha5yds2obwc.cloudfront.net,0.0
vicantres.com,1.0
lwbypaagwohccq.sysu.edu.cn,0.0
syedahmad.me,1.0
mochilaeasas.com,1.0
3c10a432f59248839c941587b9b3f3f5.safeframe.googlesyndication.com,0.0
ea9a96b6526f0c9480e15a34bd619953.safeframe.googlesyndication.com,0.0
wiki.acervolima.com,0.0
68.95.153.160.sbl.spamhaus.org,0.0
wt1-cloud-acs.lol.qq.com,0.0
federalenterprisebd.com,1.0
zj2fdlixfqzxuyu6t3ca-f-d500a1991-clientnsv4-s.akamaihd.net,0.0
p4-gjxh7w47l37ps-a2cobs3jaijnrakc-if-v6exp3-v4.metric.gstatic.com,0.0
tw.torrentkitty.app,0.0
clearplate-server-buff-test.oss-cn-beijing.aliyuncs.com,0.0
wubshetbekele.com,1.0
railway.net.tw,1.0
hm.k618.cn,0.0
starpointedu.com,1.0
grovv.ru,1.0
www.blphoto.net,0.0
aqbira.tdum.alibaba.com,0.0
d7db1b5784f74b0c8f93f1831496025b.fp.measure.office.com,0.0
w4dasvcapstwayu6g2ya-pgih0k-08989645e-clientnsv4-s.akamaihd.net,0.0
arcconstructora.cl,1.0
yuzhi54207.lofter.com,0.0
olxdeal.com,1.0
092b3c8f152f42ceb9499a346fa39914.fp.measure.office.com,0.0
76aae2.sharpcelullares.quest,1.0
adl-vv.mrface.com,1.0
grupotrespro.com,1.0
aceitunasevillana.com,1.0
bibasgautam.com.np,1.0
cace.zju.edu.cn,0.0
f96081f15c287d33801b66f1dfc86db5.safeframe.googlesyndication.com,0.0
static5.cdn.yestone.com,0.0
qqpzlhme.page.link,1.0
w4dasvaxfdy4syu643ta-f-e45d831c2-clientnsv4-s.akamaihd.net,0.0
knkfcmnq.page.link,1.0
nt.e23.cn,0.0
drmurtazashomoeopathy.in,1.0
p41-fmfmobile.icloud.com,0.0
test.nie.163.com,0.0
yvxoyouscqn.sysu.edu.cn,0.0
gpepzlra.page.link,1.0
c7c972611e5e461ea214e192e1b7f908.fp.measure.office.com,0.0
rasadnik-vocne-sadnice.rs,1.0
1bb85ba9876c4717a83c2d3f836860c4.fp.measure.office.com,0.0
adfq-a.vizvaz.com,1.0
ydhzsxktkwco.sysu.edu.cn,0.0
remdiswap.com,1.0
www.sec.or.th,0.0
fp.sysu.edu.cn,0.0
wooplr.sysu.edu.cn,0.0
signin.ebay.com,0.0
www.fj.msa.gov.cn,0.0
gnzybxok.page.link,1.0
digitalconsultants.com.pk,1.0
dwaorg.grundigtelevisao.sa.com,1.0
centurionperu.com.pe,1.0
www.tt1069.com,0.0
mts-natrevearthenviron.nature.com,0.0
www.nx.news.cn,0.0
rebuild.mk,1.0
71d227ae459442a5b12cd586fdb0dd4a.fp.measure.office.com,0.0
pkwgooqot.sysu.edu.cn,0.0
sah.vizvaz.com,1.0
legaltransportes.cl,1.0
zj2fdlixfqz3eyu6pdna-f-1b435b61c-clientnsv4-s.akamaihd.net,0.0
free.360totalsecurity.com,1.0
faculty.dlut.edu.cn,0.0
primptania.fr,1.0
bafybeifntdamo3k6f2oijpgxka65c7tjd5wcyw3zehgiqpdwxv55nnlfoe.ipfs.infura-ipfs.io,0.0
fingerimpression.in,1.0
atechairsystems.ca,1.0
lamoeaag.page.link,1.0
tklcailx.page.link,1.0
getamericanclasshelp.com,1.0
WW10KRBUS01DSKO.bureauveritas.com,0.0
cfb.faqserv.com,1.0
qbypcupk.page.link,1.0
ponizinny.nl,1.0
nstqb.org,1.0
ashishinfracon.com,1.0
emsqxygufqbxbd.www.tendawifi.com,0.0
glumotrustfinance.io,1.0
cid.org.ng,1.0
mail.alphaassessoriato.com.br,1.0
colombianbarbers.com,1.0
emelsabanpsychotherapy.co.uk,1.0
orderedami.com,1.0
penzion-bawaria.cz,1.0
citycentredubai.com,1.0
maxfieldwalker.gallerycdn.vsassets.io,0.0
asdz.faqserv.com,1.0
columbine.ir,1.0
www.ck180.net,0.0
rubiomoveis.com.br,1.0
pecatonicabeer.com,1.0
notify.aescripts.com,0.0
viptowerspanama.com,1.0
sa-de.vizvaz.com,1.0
portal.lpp.org.pk,1.0
bwc.zuel.edu.cn,0.0
w4dasvfygntjwyu6isuq-f-56f63f0a6-clientnsv4-s.akamaihd.net,0.0
share.zight.com,1.0
dba6a2f29c03864de4558fed5ecca382.safeframe.googlesyndication.com,0.0
olhnzghw.page.link,1.0
zentrem39.xyz,1.0
adl-vq.vizvaz.com,1.0
bacspceb.page.link,1.0
nexusfm.uk,1.0
passport-global.reg.ntes53.netease.com,0.0
reuqoynw.page.link,1.0
boegqqwml.sysu.edu.cn,0.0
serchmonkeyboss.com,1.0
27.184.248.162.sbl.spamhaus.org,0.0
bigwigbiography.com,1.0
sig.hbzb666.com,0.0
cbstailgatefan.files.wordpress.com,0.0
eds.faqserv.com,1.0
cb-invoice-logos-prod.s3.us-east-1.amazonaws.com,0.0
hrsxplfoej.sysu.edu.cn,0.0
biz.esnai.com,0.0
fenbi-android.cn-beijing.log.aliyuncs.com,0.0
35-164-215-98-pushcl.np.communication.playstation.net,0.0
w4dasvaxfdy2syu67dnq-f-8e1b9d398-clientnsv4-s.akamaihd.net,0.0
balustradeinox.info,1.0
eljennsolutions.com,1.0
cn-jlcc-cu-03-06.bilivideo.com,0.0
browserbookmark.taobao.com,0.0
chaucatotoursperu.com,1.0
tstore.tn,1.0
cdn.findamasters.com,0.0
bodrumprofesyonel.com,1.0
adventuristacorner.files.wordpress.com,0.0
120-236-174-177_s-23-48-201-42_ts-1654615144-clienttons-s.akamaihd.net,0.0
purimaju.com,1.0
kb-render.cn-shanghai.log.aliyuncs.com,0.0
dcut.top,1.0
weohnspclnml.sysu.edu.cn,0.0
ecofloorcorp.com,1.0
c7c4c00354ac40db9533dbbdd2425c26.fp.measure.office.com,0.0
data.gingersoftware.com,0.0
iskillsjr.com,1.0
ikazuqgxn.sysu.edu.cn,0.0
vptriathlon.com,1.0
72k6ns9av5d2c74ka2skssr6wg6z4w64hvghlo2af423484c6c2c8180sac.d.aa.online-metrix.net,0.0
smartpencentral.ca,1.0
apktotis.page.link,1.0
6244c57a66cb4b3e90d0b071ee22ed2a.fp.measure.office.com,0.0
bionicengineering.pk,1.0
only-693076-223-104-68-40.nstool.netease.com,0.0
genena.me,1.0
acf5b63b0de374a7744a7269c12b94129.profile.nrt51-c3.cloudfront.net,0.0
ugzamdat.page.link,1.0
2b5a527b3f624ae789001e0417eb1af2.fp.measure.office.com,0.0
ce959eebdda9fd5ef4acc9659c54fd9e.safeframe.googlesyndication.com,0.0
abtwgwfblzsp.sysu.edu.cn,0.0
w4dasvaxfdy2syu7eyta-f-e6581696b-clientnsv4-s.akamaihd.net,0.0
f581b9b3b64341a5ae3f8ef6a5bc8fc5.fp.measure.office.com,0.0
crevinut.com,1.0
redlineevents.co.uk,1.0
focusystems.com,1.0
qos.189.cn,0.0
hnl.com.pk,1.0
ipf.sustech.edu.cn,0.0
m.xitongtiandi.net,0.0
almonanhijama.com,1.0
techwizz.co.za,1.0
powermustangclub.cl,1.0
andiraya.com,1.0
ad8ef8797be4470898d492a162fc6d39.fp.measure.office.com,0.0
c-0.19-a7000489.2.16a8.c13.3ea5.210.0.1k1uzbgmwwhm4u33ra8ln965z5.avts.mcafee.com,0.0
jardintreehouse.cl,1.0
www.74j.net,0.0
muzzumilruheel.com,1.0
bnlrixvp.page.link,1.0
yi6hs.tdum.alibaba.com,0.0
f4ead801dea34360b5529839e3a4afde.fp.measure.office.com,0.0
92a553c54f49843d762773803858143d.safeframe.googlesyndication.com,0.0
kgauwmulceexso.sysu.edu.cn,0.0
prod-frs.content.classy.org,0.0
nebraskamoharrisburg.customizemyname.com,1.0
vmhealthassist.com,1.0
urlebird.com,0.0
screenshotscontent-d4002.xboxlive.com,0.0
www.lookae.com,0.0
w4dasxqxggboqyu7hxgq-f-e8fd89206-clientnsv4-s.akamaihd.net,0.0
exilum.com,1.0
e6786c9c1ae441c491174d3df6ea53e8.fp.measure.office.com,0.0
b141.photo.store.qq.com,0.0
ceoadvisory.my,1.0
c414dd3af1e84f8b9131a80ac5dc9e56.fp.measure.office.com,0.0
exnenizb.page.link,1.0
f0d39da4df46f6656d422597be76b017.safeframe.googlesyndication.com,0.0
zhlr.2023.ebeenj.com,1.0
d1yprpojhqvser.cloudfront.net,0.0
h171741.srv22.test-hf.su,1.0
9fb0f14e-kong-kongproxy-066b-2032067591.us-east-1.elb.amazonaws.com,0.0
1004d4883d3a439485ebada67c42152f.fp.measure.office.com,0.0
unicomg.com,1.0
hzxarvah.page.link,1.0
torkleader.com,1.0
gons11fc.top,1.0
file.garden,1.0
prkbhuru.page.link,1.0
ditto-ershou.ke.com,0.0
hfc17-s3store-bucket-223.s3.nie.netease.com,0.0
bplp-aintemouchent.dz,1.0
vlpzcrzs.page.link,1.0
h-p.mall.cnki.net.fafu.vpn358.com,0.0
55757e26f09c5561032e40b73508ad04.safeframe.googlesyndication.com,0.0
atm-fp-vnext.office.com,0.0
tyresonlinestore.com,1.0
188.226.107.39.sbl.spamhaus.org,0.0
sonic302-19.consmr.mail.sg3.yahoo.com,0.0
qrpay.co.id,1.0
cn-hk-eq-bcache-02.bilivideo.com,0.0
yacht-rentalm.com,1.0
ljkuvafieq.sysu.edu.cn,0.0
mkdsbhrj.page.link,1.0
littlecoveresort.com,1.0
72k6ns9anin4hbvv7ywfax5vjumbjqigr7fhpbocd1b0f025c1f543a0sac.d.aa.online-metrix.net,0.0
ufe-section-indonesie.org,1.0
w4dasvaxeqh5qyu7kfbq-f-e7b415e2e-clientnsv4-s.akamaihd.net,0.0
g.task.weibo.com,0.0
ssjfoundation.com,1.0
catinadingradina.ro,1.0
piqiytk.sysu.edu.cn,0.0
adls.dns05.com,1.0
i-38.b-46248.ut.bench.utorrent.com,0.0
vzx.result.garrettcountygranfondo.org,1.0
sxdofcom.shaanxi.gov.cn,0.0
tch983221.tch.quora.com,0.0
rrclassic.in,1.0
tijxpfpm.page.link,1.0
rowtyiwg.page.link,1.0
file.icve.com.cn,0.0
indmed.in,1.0
log.getadblock.com,0.0
svoy.pro,1.0
7adea1fc7a9c5594bb16cb40273384f84cab9ce1e62664b3.dlied1.cdntips.net,0.0
1c99030db098b0056afad94402459207.safeframe.googlesyndication.com,0.0
demirsan.com,1.0
9275a673e2154d2ab34b1dd640fede86.fp.measure.office.com,0.0
tsfzptkc.page.link,1.0
badlanderssc.fp.ps.easebar.com,0.0
colegiucriminologie.md,1.0
we7-oss.oss-cn-hangzhou.aliyuncs.com,0.0
ae8a158ed4564d42a180238cd956486d.fp.measure.office.com,0.0
auth.changyou.com,0.0
www.ppshu8.com,0.0
sigma.baidu.com,0.0
c-0.19-24094041.90083.1838.1c44.410a.400.9d.86db5td47jn84zujun8szhdb9j.avqs.mcafee.com,0.0
geiselmed.dartmouth.edu,0.0
autodiscover.sysu.edu.cn,0.0
www.fossil.com,0.0
webrtc2-ap-web-1.agora.io,0.0
monitorperkaraktp.id,1.0
10559438.fls.doubleclick.net,0.0
thre03bb.top,1.0
abeseguros.com,1.0
w4dasvax2cgiayu6vffq-f-f7f531357-clientnsv4-s.akamaihd.net,0.0
moucecore.org,1.0
restaurangfolkparken.se,1.0
hxtqvudd.page.link,1.0
118ad2d999e540b8ba801c3ae256a6b8.fp.measure.office.com,0.0
1.0.0.0.sbl.spamhaus.org,0.0
thekeyboard.co.in,1.0
daewooservicecentreauthorized.com,1.0
tyj.gansu.gov.cn,0.0
support.dji.com,0.0
chengdu.customs.gov.cn,0.0
72k6ns9ackhr4cbvsfgdwspdicgh5kujencshal33c7ff3ae59c6d798sac.d.aa.online-metrix.net,0.0
timondoo.com,1.0
26qewsdz.oss-accelerate.aliyuncs.com,1.0
iili.io,1.0
jyxy.tynu.edu.cn,0.0
ozzminu.sysu.edu.cn,0.0
flgaqnjp.page.link,1.0
weverseshop.io,0.0
74.bus.sysu.edu.cn,0.0
futurefibered.com,1.0
6d7b81a1812248f9b2406d7d3df6cb13.fp.measure.office.com,0.0
rsc.dns05.com,1.0
ambalaje-cerasela.ro,1.0
d7430721548835670781-t6998375984608103165.id.amgdgt.com,0.0
movieshouse.in,1.0
www.sky-mobile.eu,1.0
usfraudreport.com,1.0
mittmexico.com,1.0
s-wanfangdata-com-cn-s.webvpn.sysu.edu.cn,0.0
dsg.dns05.com,1.0
dgmda.org,1.0
en.wikivoyage.ahau.cf,0.0
adlriran.com,1.0
31014a245eef4bcf953a9e32df786a7e.fp.measure.office.com,0.0
6d60cc16dd16435cbefd8c308d45e1db.fp.measure.office.com,0.0
ufshop.mx,1.0
ncljktpp.page.link,1.0
domusnostra-studio.ro,1.0
profit.3stepsprofit.com,1.0
aef3484fe976458d9cf67697b400408c.fp.measure.office.com,0.0
tienda.hst.com.ec,1.0
adl-mf.mrface.com,1.0
b9gt7r.tdum.alibaba.com,0.0
70e2015464c34704a204d73b915010c9.fp.measure.office.com,0.0
ohxibveb.ucl.ac.uk,0.0
gtu-c01.m.alicdn.com,0.0
53b3c52fb6de4755bf23e0403f3918dd.fp.measure.office.com,0.0
assets.coursehero.com,0.0
vivekwp.com,1.0
wynaclick.baidu.com,0.0
41a6a66bf085483d99d21039e0a3f9dc.fp.measure.office.com,0.0
zueem.com,1.0
res.superqqshow.qq.com,0.0
markgov.id,1.0
qiom.center,1.0
sd.189.cn,0.0
39e27aaceec24e898f760e2c1e46491d.fp.measure.office.com,0.0
f8449823f0ac49028560abe05791399e.fp.measure.office.com,0.0
secure.constellation.iqvia.com,0.0
zj2fdlixfqzxuyu6ltja-f-ff90f2032-clientnsv4-s.akamaihd.net,0.0
c15b981292fc75ab6de6f1293a243c5f.rdt.tfogc.com,0.0
minidoctor.org,1.0
us.weibo.com,0.0
briezkalni.lv,1.0
254c445d7d5cfea5c3c3d2217f7f0738.safeframe.googlesyndication.com,0.0
b3fa712ddd76cacac65f5b2ace9ea521.safeframe.googlesyndication.com,0.0
ncu-tokyo-live-thirdpartyweb-1723006515.ap-northeast-1.elb.amazonaws.com,0.0
polls.zaobao.com,0.0
i9fqe.com,1.0
c-iran.dns05.com,1.0
law.whu.edu.cn,0.0
wx-008.blog.163.com,0.0
enicon.mx,1.0
hst.com.ec,1.0
822f3bcefc9eab89733c1e7baeb2598e.safeframe.googlesyndication.com,0.0
a579159eb2ce01d51ca09e9e890b4b21.safeframe.googlesyndication.com,0.0
ey.sycdn.kuwo.cn,0.0
mfijkcum.page.link,1.0
pqdaydxh.page.link,1.0
tedsbrain.com,1.0
3.rlb.router.teamviewer.cn,0.0
6753f71bb91a47378bc13616142dc3ca.fp.measure.office.com,0.0
suitesmonterrey.mx,1.0
chatmob.fanxing.kugou.com,0.0
grupocartagena.info,1.0
wvkztnfhu.sysu.edu.cn,0.0
p-g-technology.com,1.0
w4dasvfygjme6yu6x4xq-f-45900ab48-clientnsv4-s.akamaihd.net,0.0
6c366ccb5b4b88a4b8e70f7b436f3f78.safeframe.googlesyndication.com,0.0
adl-shd.mrface.com,1.0
9jxki2.tdum.alibaba.com,0.0
fivestareducational.com,1.0
dswhq.layout.oystergardens.us,1.0
blazer-magazine.com,0.0
adl-itn.itsaol.com,1.0
idealdabsters.com,1.0
xfftyieo.page.link,1.0
usllpic0ew5aek5xd5xolryxnuibo5lfnws24xwp349276e5b40bd1fcsac.d.aa.online-metrix.net,0.0
1f6bdda25277441083fd6d6f87336f59.fp.measure.office.com,0.0
bj.ke.com,0.0
jandjtowingliverpool.com.au,1.0
c0b1336eb7d2419e899b029e5c388d45.fp.measure.office.com,0.0
supportlights.com,1.0
jrcpalladio.com,1.0
clalontechs.co.tz,1.0
funletters.net,1.0
spsiphil.com,1.0
zj2fcdtiojgbeyu7b3ba-pxvznj-fadd40cef-clientnsv4-s.akamaihd.net,0.0
a8ab9c861dac47408b29acbf9fa2b25b.fp.measure.office.com,0.0
b0aabefe41633439299e933dfc1a5ff2.safeframe.googlesyndication.com,0.0
petstation.co.in,1.0
cdn.jsdelivr.net,0.0
effect.douyin.com,0.0
gaci.ge,1.0
a1cfGLc0VMQ.iot-as-mqtt.cn-shanghai.aliyuncs.com,0.0
zj2fdlixfqzxuyu6ooka-f-f29eebf5c-clientnsv4-s.akamaihd.net,0.0
2jcw8g.tdum.alibaba.com,0.0
uu.update.netease.com,0.0
rr1---sn-i3belnll.googlevideo.com,0.0
zj2fdlixfqz3eyu6ltsq-f-c1cf5ac82-clientnsv4-s.akamaihd.net,0.0
elasimson.com,1.0
hq1.jrj.com.cn,0.0
portaldeuniao.com.br,1.0
adl-vb.mrbasic.com,1.0
dgsmoxxfcfa.sysu.edu.cn,0.0
5196vy.tdum.alibaba.com,0.0
smalltown.in,1.0
flittosg.s3.amazonaws.com,0.0
mamazgroupbd.com,1.0
w4dasulimj2kgyu7bifq-f-eb29e318b-clientnsv4-s.akamaihd.net,0.0
guizhou.gov.cn,0.0
phobos.apple.com,0.0
alexafurnitech.com,1.0
josemiguelescribano.com,1.0
lsa.2023.ebeenj.com,1.0
bikehatbd.com,1.0
uglknfxj.page.link,1.0
test.thepearlrecovery.org,1.0
friendstivity.id,1.0
shuiguopai.cowtransfer.com,0.0
jayabhushanagroindustries.com,1.0
connectivitycheck.cbg-app.huawei.com.sysu.edu.cn,0.0
koyjcjn.sysu.edu.cn,0.0
a50034b2c5bf15390d90d15b865521250.profile.fra60-p1.cloudfront.net,0.0
sheyap.com,1.0
outdooremarati.com,1.0
w4dasvaxfdy2syu7e2kq-f-f5e919cd2-clientnsv4-s.akamaihd.net,0.0
drive.google.com.it-barcelona.com,1.0
w4dasxixfdy4syu7bvrq-f-7d611695c-clientnsv4-s.akamaihd.net,0.0
tpnfwjxc.page.link,1.0
eaaqeubqaijeajqacql6qaaaabrj5ide-pz4j6r-4c3ba9526-clienttons-s.akamaihd.net,0.0
hs.lib.tsinghua.edu.cn,0.0
konfo-content.opintopolku.fi,0.0
voto-telematico.com,1.0
rictqloh.page.link,1.0
zj2fdlixfqz3eyu6kpxq-f-fb7f72e37-clientnsv4-s.akamaihd.net,0.0
skuxubbk.sysu.edu.cn,0.0
constantinscarpentry.co.uk,1.0
ontechrio.com,1.0
damned-2024.com,1.0
only-297357-112-96-65-205.nstool.netease.com,0.0
vmi1159541.contaboserver.net,1.0
aimdaddy.com,1.0
shinebytanzila.com,1.0
fmzxnajp.g02.ign.com,0.0
ed-rf.vizvaz.com,1.0
www.cub.ynu.edu.cn,0.0
titikakamining.pe,1.0
m.jiaochengzhijia.com,0.0
adl-hg.faqserv.com,1.0
wahseaharowana.com.my,1.0
gueveadehumboldt.gob.mx,1.0
bodrumilanver.com,1.0
glfibjsb.page.link,1.0
decatoria.com,1.0
ecosing.com,1.0
ed06b9a1154545cfa71d826fcfb7e04b.fp.measure.office.com,0.0
1146508792.docs.qq.com,0.0
www.qingyuan.sjtu.edu.cn,0.0
secure.eloqua.com,0.0
g1.163.com,0.0
p4-hicn5todnsifw-lep4hd62eagpxbkb-if-v6exp3-v4.metric.gstatic.com,0.0
shrimamashri.com,1.0
6837c412c8c1752254291d4bd2604b87.safeframe.googlesyndication.com,0.0
c-0.19-a7000801.30081.170c.d0f.3ea5.210.0.6lmq5hfrvqklspck77l3kfcs1t.avts.mcafee.com,0.0
www.cn2an.top,1.0
www-pm.larc.nasa.gov,0.0
u27255768.ct.sendgrid.net,0.0
badbull.pro,1.0
www.wits.ac.za,0.0
umolvkuq.page.link,1.0
img.tgl.qq.com.cloud.tc.qq.com,0.0
72k6ns9ahs4p2trjnxzccph6y7ej7wprjiipecdxf836782e9fb3b8ddsac.d.aa.online-metrix.net,0.0
m.comic.naver.com,0.0
logv3.shanbay.com,0.0
127.124.196.91.sbl.spamhaus.org,0.0
creatify.co.in,1.0
www.fileconvoy.com,1.0
linearcomunicacao.com,1.0
72k6ns9arshml4cbzbyoi64337ukmyh7llba2pvi99624f35068ccfe1sac.d.aa.online-metrix.net,0.0
wingstime.com.mx,1.0
asilkfdo.page.link,1.0
widgixeu-library.s3.amazonaws.com,0.0
analytics.ff.avast.com,0.0
fmclog.co.uk,1.0
upkxafiq.page.link,1.0
wagonslearning.in,1.0
zhangmeilvshi.66law.cn,0.0
27c11554deb8ecd5cfb3f67880dada95.safeframe.googlesyndication.com,0.0
472633997c0caac6d4206d3e1b4e93af.safeframe.googlesyndication.com,0.0
rgcapital.com.mx,1.0
77ce4d34a59c47e5869e1e7088d360cf.fp.measure.office.com,0.0
www.esunbank.com.tw,0.0
wallpapercave.com,1.0
youyanmail.sysu.edu.cn,0.0
gbsbgmwo.page.link,1.0
w4dasvaxeqh4eyu7krjq-f-0b26ea921-clientnsv4-s.akamaihd.net,0.0
dornelesassessoria.com.br,1.0
reisebloggerwelt.de,1.0
onlinejournalism.pk,1.0
w4dasvaxgyjlqyu64oqq-f-e8f196900-clientnsv4-s.akamaihd.net,0.0
d123yxywqx9ajm.cloudfront.net,0.0
sgnec.sgcc.com.cn,0.0
rr4---sn-oguesn6y.googlevideo.com,0.0
javaseven.co.id,1.0
queqiao.suning.com,0.0
24aa895d087546b6953209d0a1168120.fp.measure.office.com,0.0
tyj.zj.gov.cn,0.0
allemania.ro,1.0
fbbazar.com,1.0
synpqpwz.page.link,1.0
inovtecautomacao.com.br,1.0
web.dangqun.ccb.com,0.0
onxowdv.sysu.edu.cn,0.0
intro.sohu.com,0.0
code-workshop-kit.gallerycdn.azure.cn,0.0
cb49.dic.cool,0.0
sg.jobomas.com,0.0
w4dasvax2cgiayu6umdq-f-719113192-clientnsv4-s.akamaihd.net,0.0
logout.miwifi.com,0.0
new.ob.ae,1.0
achvsystems.ro,1.0
ucce.com.mx,1.0
cdn-tcp.online,1.0
scottlivinghome.com.br,1.0
349k8mlylz5x5s.graduate.sysu.edu.cn,0.0
tdjgs6048.zlongame.com,0.0
vikdokav.page.link,1.0
nlefygzk.page.link,1.0
e5868e8359fca34b79a9f17608209ba7.dlied1.cdntips.net,0.0
rhvauqxh.page.link,1.0
s3-eu-west-2.amazonaws.com,0.0
stars.library.ucf.edu,0.0
balzac.com.mx,1.0
76dbbc2918ddb025d7683610e20a5417.safeframe.googlesyndication.com,0.0
static.ahzwfw.gov.cn,0.0
r-0.19-20000000.800.170c.d2c.3ea5.214.0.5ge229fntueeg8jefsj85z2nqb.avts.mcafee.com,0.0
yatdevfd.page.link,1.0
nado.ca,1.0
dualstack.readpeakloadbalancer-production-126343442.eu-central-1.elb.amazonaws.com,0.0
accesorioswc.com,1.0
c7.trafficdeposit.com,0.0
notifications-api.datacamp.com,0.0
cabinetstomatologic-brasov.ro,1.0
ev10mgmt.oss-accelerate.aliyuncs.com,1.0
m.fs.bendibao.com,0.0
korinthix.sysu.edu.cn,0.0
tuzlanskimaraton.com,1.0
553d995f96db4d528756e0cf8f9ffa18.fp.measure.office.com,0.0
litestudios.us,1.0
nativafmtubarao.com,1.0
6c7nbh.tdum.alibaba.com,0.0
plex.tv,0.0
kimyen.net,1.0
xfdrtxdz.page.link,1.0
edge-016.hktko1.icloud-content.com,0.0
user.qunar.com,0.0
finaxio.co,1.0
image.newsletter.2k.com,0.0
metalfiber.com.pe,1.0
np.lostsoulsuk.com,1.0
gons30cl.top,1.0
pattoverascienza.com,1.0
zj2fdlixfqzxuyu6nvrq-f-1bd7d595b-clientnsv4-s.akamaihd.net,0.0
thecountlab.com.py,1.0
i.openshop.com.hk,0.0
xuvbdnio.page.link,1.0
rr1---sn-30a7yn7k.googlevideo.com,0.0
sahum.itsaol.com,1.0
humaurapp.com,1.0
forums.intel.com,0.0
svkhyzvw.page.link,1.0
test980ti.s3.ap-northeast-2.amazonaws.com,0.0
www.refinery29.com,0.0
72k6ns9as7df5eleraoltblvpz2ckf7tgflspolhb4108b94f8cc0840sac.d.aa.online-metrix.net,0.0
admin.bus.sysu.edu.cn,0.0
pscuscdnmars.azureedge.net,0.0
232.lingnan.sysu.edu.cn,0.0
vcxsrv.sourceforge.net,0.0
cembec.pics,1.0
nexskill.com,1.0
bricknerplumbingllc.com,1.0
tda-events.inq.com,0.0
ucapi.duia.com,0.0
p4-bu6tzyvj3pidg-rvgqqlnk4bheus6x-if-v6exp3-v4.metric.gstatic.com,0.0
dellhp369-my.sharepoint.com,0.0
zhengkang.blog.csdn.net,0.0
restauracekup.cz,1.0
yaxmdefr.page.link,1.0
ice.settings.oysterfloats.org,1.0
ozkantasimacilik.com,1.0
gjc.ccsu.cn,0.0
fbahevgl.page.link,1.0
sovereignadventures.co.ke,1.0
chaperito.edu.pe,1.0
apilayer.us11.list-manage.com,0.0
wt1-cloud-feapp.lol.qq.com,0.0
t-tester.bulog.jp,1.0
e37934f1bb9f50ab7cfaee59e51ae543.safeframe.googlesyndication.com,0.0
092774a5358b0c890be6ec5268b66f2d.safeframe.googlesyndication.com,0.0
vjatbkvt.page.link,1.0
smeneiad.page.link,1.0
nkhavcdr.page.link,1.0
fmiryruy.page.link,1.0
d2dzjyo4yc2sta.cloudfront.net,0.0
hoanggiadoor.com,1.0
colectar.ro,1.0
fxareba.com,1.0
jc-yk-static.oss-cn-shanghai.aliyuncs.com,0.0
platform.mcafee.com,0.0
afilix.tech,1.0
dsp.whu.edu.cn,0.0
todoistproject.com,1.0
r2.sn-j5o76n7s.gvt1.com,0.0
1796998120.docs.qq.com,0.0
only-144749-223-104-66-93.nstool.netease.com,0.0
isc.bit.edu.cn,0.0
qjbrragmiml.sysu.edu.cn,0.0
sivall.pe,1.0
la4-c2-ia5.ia5.r.salesforceliveagent.com,0.0
m.ddxs.cc,0.0
a7bfc069f2f13c21eb21023d51d1ac562.profile.maa51-p1.cloudfront.net,0.0
africatrendtrading.com,1.0
fhlstitching.files.wordpress.com,0.0
jdkjjoxn.page.link,1.0
01e2b9e81714d3857db07f6766a4e5a7.safeframe.googlesyndication.com,0.0
cdn2.ghostery.com,0.0
superstar.tibolts.co.uk,1.0
TrHY1o4QYXHlUqObKTdZWt.dbl.spamhaus.org,0.0
dbfyq.settings.oysterfloats.org,1.0
statics.eoffcn.com,0.0
ispamazozo.com,1.0
aquatickidsglobalschool.com,1.0
eabmzvhtictavd.sysu.edu.cn,0.0
igp-educa.es,1.0
suarapamong.com,1.0
cmgstatesmanparenting.files.wordpress.com,0.0
154.249.124.192.sbl.spamhaus.org,0.0
w4dasvaxemnjmyu6fxqa-f-0c0e08405-clientnsv4-s.akamaihd.net,0.0
gyngojuice.com,1.0
cnzimnyo.page.link,1.0
c275d71984239ee4993203b3398e50bd.safeframe.googlesyndication.com,0.0
97cd92ab6c8cc6210033f7156ff6b1e3.safeframe.googlesyndication.com,0.0
uwm.edu,0.0
jiankang.xkyn.com,0.0
mweimall.co.ke,1.0
w4dasvaxfpylayu6faza-f-9638b067b-clientnsv4-s.akamaihd.net,0.0
gew3.badoo.com,0.0
zrz.sync.oystergardens.club,1.0
uxkaxqea.page.link,1.0
poziwcct.page.link,1.0
w4dasyqxfdy4syu667ga-f-b0e239097-clientnsv4-s.akamaihd.net,0.0
2b1fbeca952b427f836f2ebdeead1a86.fp.measure.office.com,0.0
trekkrafrica.co.ke,1.0
pouya.blob.core.windows.net,1.0
252.47.251.34.sbl.spamhaus.org,0.0
sklodg.gyig.cas.cn,0.0
kqqidtvibmbb.sysu.edu.cn,0.0
zlkwahrsrh.sysu.edu.cn,0.0
www.yhdm9.com,0.0
excelon.co.ke,1.0
only-127829-223-104-60-200.nstool.netease.com,0.0
mail.rakishevkenes.com,1.0
ckynfaamsom.sysu.edu.cn,0.0
28d3af51b77736cbe8615ee9c4d3231b.safeframe.googlesyndication.com,0.0
shop43547114.youzan.com,0.0
a11083715786.cdn-pci.optimizely.com,0.0
gons26cl.top,1.0
w4dasvaxeqbfcyu6xufq-f-509875074-clientnsv4-s.akamaihd.net,0.0
view.e.iu.edu,0.0
4bc1719c969b41409aecb68343ff6c1d.fp.measure.office.com,0.0
agaavlapx.sysu.edu.cn,0.0
belgiumclubsstv.be,1.0
oqeoxgii.page.link,1.0
coachingcognition.sysu.edu.cn,0.0
keuangan.bkc.or.id,1.0
realpromotora.com.br,1.0
lmkconsulting.co.za,1.0
0.0.0.0.1.0.0.4E.4baje4dhu8jc11jjckzhut1ck6.avqs.mcafee.com,0.0
zj2fdlixfqzxuyu6lqra-f-f34cd3df8-clientnsv4-s.akamaihd.net,0.0
mtiba.co.ke,1.0
dgfao.dg.gov.cn,0.0
www412.ff-01.com,0.0
benzomod.online,1.0
gedu.fjnu.edu.cn,0.0
ygwpfpnk.page.link,1.0
ph-tk.oray.com,0.0
a3420d814d3155cd4b4750177031655b4.profile.mxp64-c3.cloudfront.net,0.0
mcm.sysu.edu.cn,0.0
jageshwarrayartibedcollege.org,1.0
mdanderson.influuent.utsystem.edu,0.0
physics.qdu.edu.cn,0.0
ipaplnpq.page.link,1.0
zj2fdjyxjtqsmyu7a2xa-f-ad1e2930b-clientnsv4-s.akamaihd.net,0.0
robot.czxy.com,0.0
chiroterapi.com,1.0
lqdoxkxd.page.link,1.0
stwmznenm.sysu.edu.cn,0.0
checkimage.neea.edu.cn,0.0
perniqfu.page.link,1.0
dninvervcl.sysu.edu.cn,0.0
was-col.com,1.0
whhly.shandong.gov.cn,0.0
b19043f527e18438e21da7eb196b8cdd.safeframe.googlesyndication.com,0.0
campus.seewo.com,0.0
d7.fajridemo.com,1.0
4237bd144f1845efa5804ff8cffe7306.fp.measure.office.com,0.0
itnsolution.co.in,1.0
eurora.es,1.0
majoziacademy.com,1.0
omejhmpw.sysu.edu.cn,0.0
p112-escrowproxy.icloud.com.cn,0.0
aksheraa.com,1.0
www.powerlanguage.co.uk,0.0
chessvalleyautos.co.uk,1.0
gordaleteymanzanilla.es,1.0
irr.fartit.com,1.0
www.websound.ru,1.0
assyafaah.sg,1.0
irowefrhvlypmoz.sysu.edu.cn,0.0
specials.jd.hk,0.0
hayav.com,0.0
frensterol.com,1.0
acs-maroc.org,1.0
ed-sr.vizvaz.com,1.0
carinhosomotel.com.br,1.0
adxstatic.vivo.com.cn,0.0
andersonassociates.co,1.0
xhkdpmjw.page.link,1.0
o74662.ingest.sentry.io,0.0
galerija-boja.hr,1.0
dj-david.ro,1.0
72k6ns9ahmkrvzlmn4sey5obebgqudvpckoq6b65f32f74458755e1d3sac.d.aa.online-metrix.net,0.0
proecompany.com,1.0
lalaviajera.sysu.edu.cn,0.0
sa-bi.otzo.com,1.0
rea-floor.com,1.0
wltx.12355.net,0.0
1253159997.vod2.myqcloud.com,0.0
whgs.edu.pk,1.0
vet2jet.xyz,1.0
en.cqvip.com,0.0
amrdcdata.ssec.wisc.edu,0.0
dn.ozy.com,0.0
tpplmbmh.page.link,1.0
vzywmlpy.page.link,1.0
ctec.xjtu.edu.cn,0.0
3t5fmdirkwupjptpg2iqhy4orggyvssmlzkesc4cdb0660930bd6a420sac.d.aa.online-metrix.net,0.0
aae-sgsip001-9.asuscomm.com,0.0
ideisren.page.link,1.0
5thpillarpakistan.com.pk,1.0
wwgsvkfzw.domain.name,0.0
cyycvzeg.page.link,1.0
xxitbfma.page.link,1.0
yeshen529shengkuai.lofter.com,0.0
vdavwbzw.page.link,1.0
dl.9xu.com,1.0
yxeppzistppqg.sysu.edu.cn,0.0
vulzxgn.sysu.edu.cn,0.0
cfe0028bc5f9250b39ee8238ccdd3419.safeframe.googlesyndication.com,0.0
026ea221c0944ea3a861421ff8aa7e69.fp.measure.office.com,0.0
gw2.178.com,0.0
hxdfzwiy.page.link,1.0
muaythaiboxingacademy.com,1.0
miracleinfotech.org,1.0
202-116-81-14_s-23-63-243-153_ts-1654589867-clienttons-s.akamaihd.net,0.0
lemorgandesigns.co.ke,1.0
supervisorpro.live,1.0
mfedeoy.sysu.edu.cn,0.0
irmakpanelcittelorgu.com.tr,1.0
factorycounter.com,1.0
b44465bbe29795a7f88f0c44e09d371c.safeframe.googlesyndication.com,0.0
781d0318f9a30d8aa9355243de2aee29.safeframe.googlesyndication.com,0.0
0113f005b82532cefdcb32416b26a027.safeframe.googlesyndication.com,0.0
mudratherapy.in,1.0
rejareja.store,1.0
m.xixiwg.com,0.0
brasigncertificacao.com.br,1.0
adlwh.itsaol.com,1.0
kidcocandy.com,1.0
marketplace.huaweicloud.com,0.0
zfjeonalk.sysu.edu.cn,0.0
1ae8ee9b6c6027f80b77f81f900086f8.safeframe.googlesyndication.com,0.0
w4dasvaxgluuqyu6weea-f-6cccbd5df-clientnsv4-s.akamaihd.net,0.0
gons18cl.top,1.0
74.110.145.61.sbl.spamhaus.org,0.0
thetestpage.39.net,0.0
mcithjjp.page.link,1.0
aranhaconstrutora.com.br,1.0
sigortagurmesi.com,1.0
192.32.141.43.sbl.spamhaus.org,0.0
p1.eqxiu.com,0.0
gnr-api.webapp.163.com,0.0
mauriciosuarezfotografia.com,1.0
qaehmptwou.sysu.edu.cn,0.0
apurnomo.com,1.0
salsadk.dk,1.0
kgugc.kugou.com,0.0
shahab.pk,1.0
gjvhost.com,1.0
tomwallner.icu,1.0
volleytip.com,1.0
v3.baidupcs.com,0.0
topitltd.com,1.0
8219e35875af7336b22d443eb78058c6.safeframe.googlesyndication.com,0.0
kform.innan.net,1.0
w4dasvaxeqh5qyu7j77q-f-71f67c6fe-clientnsv4-s.akamaihd.net,0.0
user.v2.meizu.com,0.0
sfc.faqserv.com,1.0
fpqxrhat.page.link,1.0
bracessorios-auto.pt,1.0
mbaby.cafe24.com,0.0
navimon.baidu.com,0.0
a-0.19-a7000801.d850083.16a8.b7f.3ea5.210.0.14ffbe2bpsd52nkdaaglkceseq.avts.mcafee.com,0.0
noujoumtounes.com,1.0
bafybeif2wc2xfx6ctem5oso5xmp4itayjxlbvtcefy5gtubotxqhdat324.ipfs.infura-ipfs.io,0.0
150.93.53.163.sbl.spamhaus.org,0.0
gssaude.pt,1.0
api.cupid.iqiyi.com,0.0
zolbr.novelty.akibacreative.com,1.0
api.qd.alibaba.com,0.0
sandbox.herzek.net,1.0
quizbn.com,1.0
upuginjn.page.link,1.0
w4dasvaxgyjlqyu64r5q-f-9d2cff78e-clientnsv4-s.akamaihd.net,0.0
b2e464154f2f48039489a6825f4753d0.fp.measure.office.com,0.0
wlzmtohrvkez.sysu.edu.cn,0.0
d2drpqns9yptw5.cloudfront.net,0.0
5493tblcr27iuf4ctgxvrenhpb5rfin5ypw6b7ne20f01d233529ffbfsac.d.aa.online-metrix.net,0.0
energyplanetdmcc.com,1.0
ex-yu.site,1.0
177.54.254.182.sbl.spamhaus.org,0.0
xvp.imgix.net,0.0
w4dasvaxeqh4eyu7kera-f-3867f32a4-clientnsv4-s.akamaihd.net,0.0
settings.picsart.com,0.0
xxgk.bjtu.edu.cn,0.0
mhusseinib.com,1.0
paradisestatic.vivo.com.cn,0.0
c-ie.2345.cc,0.0
dc5k8fg5ioc8s.cloudfront.net,0.0
ccforteza.com,1.0
vragubsakjuv.sysu.edu.cn,0.0
midtjjaz.page.link,1.0
pdiboss.in,1.0
2853af16338544b082562f4b10d11730.fp.measure.office.com,0.0
kopihitam.click,1.0
qusbec.com,1.0
d2eaurng5jd25h.cloudfront.net,0.0
aeujwyfp.page.link,1.0
bamboom.com.co,1.0
img147xs.cdn.bcebos.com,0.0
rdmvxpzlgotmkaw.sysu.edu.cn,0.0
icphs.edu.pk,1.0
w4dasvfyde4sqyu62qsq-f-d451f00ef-clientnsv4-s.akamaihd.net,0.0
38.243.60.45.sbl.spamhaus.org,0.0
resource.360dhf.cn,0.0
survey.euro.confirmit.com,0.0
0a332e0d982ec67d3e278c4928061d75.safeframe.googlesyndication.com,0.0
vawmax.com,1.0
techcusp.com,1.0
ics.autohome.com.cn,0.0
thre03sh.top,1.0
govdelivery.com,0.0
talentmashup.com,1.0
adl-sah.mynetav.org,1.0
pm123.taobao.com,0.0
c25a9ab0dac22a4a444f5900a4114a3e.safeframe.googlesyndication.com,0.0
03544ec52b054a78b2344e2aefff9fd7.fp.measure.office.com,0.0
sls-qdou-app.cn-hangzhou.log.aliyuncs.com,0.0
legalbeagle.com,0.0
dl91.yunpan.360.cn,0.0
iran-kjir.itsaol.com,1.0
33e0f04bcf104ad38fb3cf644c865219.fp.measure.office.com,0.0
inefa.cl,1.0
afebfmjr.page.link,1.0
460552949cf5d3693dbd14e89a8f8ca5.safeframe.googlesyndication.com,0.0
dms.mrface.com,1.0
gitlab.oiu.edu.sd,1.0
ttf.api.net.bd,1.0
bhagirathitv.com,1.0
midwayfun.client.dev.rocketeffect.com,1.0
becshapraknet-ir.tk,1.0
vilmas.digital-brands.de,1.0
shajaratlemon.com,1.0
attikanea.sysu.edu.cn,0.0
ns4-16-us-west-2.ec2-rdns.amazonaws.com,0.0
stoaer.abetoas.sa.com,1.0
theaurom.com,1.0
badj.baoan.gov.cn,0.0
link.edmodo.com,0.0
clinichealth.com.br,1.0
buzzbt.io,1.0
72k6ns9a6nnk62g2dfg4wkmmtlcgzoi5xuoxog7kd9dae4a51005167dsac.d.aa.online-metrix.net,0.0
vsa27.tawk.to,0.0
tva1.sinaimg.cn.tendawifi.com,0.0
ed-sa.vizvaz.com,1.0
0f3426742bed4891b90b3a988a54191c.fp.measure.office.com,0.0
77eayc.karbonncelullares.pro,1.0
a84237dea1a962d0b99075128decea9e.safeframe.googlesyndication.com,0.0
e4707755228d455f84bf09fa9844415a.fp.measure.office.com,0.0
976237-android-ds.metric.gstatic.com,0.0
w4dastqxfdy4syu6upxq-f-ab934cfb2-clientnsv4-s.akamaihd.net,0.0
ztocggof.page.link,1.0
t.hdhome.org,0.0
strongbooster.xyz,1.0
palanupal.in,1.0
72k6ns9acje2a7ae2cvnlttynfar7kyajsunmwhs2dd2187edd146a58sac.d.aa.online-metrix.net,0.0
taxi-moto-paris.net,1.0
cnews.chinadaily.com.cn,0.0
wrcevjtk.page.link,1.0
ravipatel.co.in,1.0
datasystembolivia.com,1.0
gknzgblvgemgkf.sysu.edu.cn,0.0
w4dasvaxij5asyu6qnzq-f-d24ea0c5a-clientnsv4-s.akamaihd.net,0.0
cid-f64a1ec2e90383dc.users.storage.live.com,0.0
levarrise.com,1.0
sed.my03.com,1.0
other-web-rd01-sycdn.kuwo.cn,0.0
sordcfbl.page.link,1.0
us-east-1.mmp-proxy.mshop.amazon.dev,0.0
a86b9efedc3286580c0f3df3f61d12fa76c2bb71da6a8c53.dlied1.cdntips.net,0.0
kaisasecurity.com,1.0
hseqinternational.com,1.0
edge-232.hkhkg.icloud-content.com,0.0
lwaeaz.teixosa.sa.com,1.0
variz.fartit.com,1.0
366e64345c82422b80d5dbb0199b677c.fp.measure.office.com,0.0
www.chem.zstu.edu.cn,0.0
coliturcusco.com.pe,1.0
69e5d59db15e201e35c39b190bcefb51.safeframe.googlesyndication.com,0.0
fee39ffe4c11e24194ced3d66639b684.safeframe.googlesyndication.com,0.0
carcodebd.com,1.0
bhalmaskin.com,1.0
bixolabs10.autodesk360.com,1.0
gervais.ma,1.0
rephrasesrv.gingersoftware.com,0.0
loganwritersfestival.com.au,1.0
clinicabenedicto.com,1.0
saham.fartit.com,1.0
carvan.app,1.0
dollarcontrols.online,1.0
www.chok8.com,0.0
download.sp.f-secure.com,0.0
zimbra.igpp.ucla.edu,0.0
succession.circle.ms,0.0
smartjayasolution.com,1.0
sapnokiyatra.live,1.0
ghqhlkf.sysu.edu.cn,0.0
indianaksdesmoines.virtualtutors.us,1.0
hnxnrtvf.page.link,1.0
lqjmzitq.page.link,1.0
c44106d2e1010522f9687bbe8144f622.safeframe.googlesyndication.com,0.0
oopszrqd.sysu.edu.cn,0.0
moidanpwvxvj.sysu.edu.cn,0.0
thumbnails.odycdn.com,0.0
wdb.life,1.0
cecan.org.br,1.0
modernprecast.com,1.0
karer.by,1.0
ZDYyX4_HTn5tgJh.dbl.spamhaus.org,0.0
bdfqsqgj.page.link,1.0
metro1500.com,1.0
08cb5ea46149aad7814d74d881fed8b6.dlied1.cdntips.net,0.0
c0ba79252ea54e6c98c370fa0a4e001d.fp.measure.office.com,0.0
playharam.sysu.edu.cn,0.0
ggrdgllb.page.link,1.0
ideamos.com.mx,1.0
hlg-zs.oss-cn-zhangjiakou.aliyuncs.com,0.0
nwsee.bond,1.0
shkdvgdjqffeit.sysu.edu.cn,0.0
softwaremaroc.com,1.0
portal.discover.com,0.0
opentrade.com.bo,1.0
inventory-proxy.gaijin.net,0.0
l-adl.faqserv.com,1.0
jcy.dg.gov.cn,0.0
angoraveteriner.com,1.0
kapaass.com,1.0
v2.zopim.com,0.0
konyaadak.org,1.0
letsjustsayyes.com,1.0
fc.yahoo.com,0.0
apluspestcontrolnj.com,1.0
r1---sn-a5m7zu76.googlevideo.com,0.0
wqjgjroq.page.link,1.0
d9e52269a51608b260ff87124ae08e6b.safeframe.googlesyndication.com,0.0
vallepal.cl,1.0
bmvmedia.net,1.0
comperiapr.com,1.0
blazest4ler.000webhostapp.com,1.0
dietchain.ai,1.0
cn.exchange-rates.org,0.0
www.uow.edu.au,0.0
rayyantechnology.com,1.0
addoxygenempowermentfoundation.org,1.0
crypticminer.cloud,1.0
fzzrwndx.page.link,1.0
rzjkfvgn.page.link,1.0
zj2fdlixfqz3eyu6llva-f-15909d35b-clientnsv4-s.akamaihd.net,0.0
e.kuaishou.com,0.0
quicknet.co.in,1.0
tkh.edu.pk,1.0
e82e9f76b447eb13936f0d6b5feb1505.safeframe.googlesyndication.com,0.0
7aceea3e85fe4b8eb67b1995c3b07291.fp.measure.office.com,0.0
www.scidown.cn,0.0
u12660497.ct.sendgrid.net,0.0
zkartgnl.page.link,1.0
vidurymisko.lt,1.0
dropincaredc.com,1.0
jetsalb.sysu.edu.cn,0.0
5ce8d02faed845e48bb5344e1b3d5474.fp.measure.office.com,0.0
breadwater.online,1.0
blalzafg.page.link,1.0
athiele.com.br,1.0
bmnnhntlz.sysu.edu.cn,0.0
smyofsbe.page.link,1.0
link.healthline.com,0.0
202-197-98-95-8080-p.webvpn2.hnu.edu.cn,0.0
almuaridin.com,1.0
all5joy-test.oss-cn-beijing.aliyuncs.com,0.0
sarekncsssd.sysu.edu.cn,0.0
adfs.kaust.edu.sa,0.0
smartsofalondon.uk,1.0
acpmpackers.com,1.0
sfhmlytt.page.link,1.0
1580521079.docs.qq.com,0.0
skyalarabia.com,1.0
cdh.epfl.ch,0.0
gsrwhyus.page.link,1.0
bullchallenge.io,1.0
jpbenterprise.com,1.0
coloros.wjx.cn,0.0
evoobio.it,1.0
guldtmzc.page.link,1.0
tv.ustc.edu.cn,0.0
hum-yummy.com,1.0
news.hit.edu.cn,0.0
shenlanxueyuan.com,0.0
heads4-ak-spotify-com.akamaized.net,0.0
36ff9f1a3a00ceabe8558d5ddf8413f0.safeframe.googlesyndication.com,0.0
782d7b25681281e43c59c968f8eb5dae.safeframe.googlesyndication.com,0.0
197926c8c3e6124923f6dfd5262877a2.safeframe.googlesyndication.com,0.0
sa-db.vizvaz.com,1.0
nadsoltechnolabs.com,1.0
pop.139.com,0.0
a18155fc794d4ca2967025ad7c8f4040.fp.measure.office.com,0.0
407902-android-ds.metric.gstatic.com,0.0
deangelisfilmes.com.br,1.0
thedreamdegree.com,1.0
ctest.oiu.edu.sd,1.0
govpam.sysu.edu.cn,0.0
focus2.minhacasa.tv,1.0
japanwestcns-prod-6.japanwest.cloudapp.azure.com,0.0
1c64acbf305a051195c158ae4c698a16.safeframe.googlesyndication.com,0.0
lawtosuccess.com,1.0
flipboard.com,0.0
olympicscientific.ca,1.0
ls-prod-alb-1962828899.cn-northwest-1.elb.amazonaws.com.cn,0.0
4ja64.hisensetelevisao.sa.com,1.0
demandehypothecaire.ca,1.0
dmteqcvz.page.link,1.0
vkmusicfix.com,1.0
aaltrakeqyy.sysu.edu.cn,0.0
asesoriascomex.cl,1.0
3065095309.docs.qq.com,0.0
sam.lanzouj.com,0.0
iee.aaaib.top,0.0
ipip.yy.com,0.0
72k6ns9abdbjaui42ucvgdxnzxgucintkdjd6xxjf6cf5a7140db1f81sac.d.aa.online-metrix.net,0.0
069f11ff56edf8e3f21c84356161c553.safeframe.googlesyndication.com,0.0
podiummarketresearch.com,1.0
hsgt.nl,1.0
svzpofzu.page.link,1.0
equipeoesteracing.esp.br,1.0
tfs.faqserv.com,1.0
haraki.co.id,1.0
1f500a909cc27b0ccf9255212876c33b.safeframe.googlesyndication.com,0.0
fundacionhectorlavarelloperu.org,1.0
sanggarklasik.com,1.0
arterecreiovidros.com.br,1.0
gobo14fc.top,1.0
vojvodina.co.rs,1.0
aciia.asia,1.0
aslgroup.ae,1.0
jisupbnl.page.link,1.0
market.live.com,0.0
8ae1b0d4f9b404e7412aa810a7de363f.dlied1.cdntips.net,0.0
starli.top,1.0
crs.cloudapps.cisco.com,0.0
pfhalaos.org,1.0
fb0fc46c66bc4be2af8ec3d75fa1718f.fp.measure.office.com,0.0
1cdcad6d1fb34e81a38c020f891d3fe0.fp.measure.office.com,0.0
carcharodon.trendmicro.com,0.0
54afbeae59d11a27f9bbd38948ad2502.safeframe.googlesyndication.com,0.0
gobs2or.top,1.0
mexicopostalcode.com,1.0
pic.tgp.qq.com,0.0
943e276705d84abcbc4c0091c79e3f3b.fp.measure.office.com,0.0
cdn.fbsbx.com,1.0
559ee39917e24cd1991bc753bf69f2f5.fp.measure.office.com,0.0
mg-navigation.eu,1.0
iskl.edu.pk,1.0
vmaj.com,1.0
click.dtiserv2.com,0.0
ywaaa.sync.oystergardens.club,1.0
zj2fdlixfqz3eyu6liza-f-74f224b52-clientnsv4-s.akamaihd.net,0.0
haris.in,1.0
lthaler.sysu.edu.cn,0.0
merceogrady.com.ar,1.0
wiki.open.qq.com,0.0
b4bb9c3577d43279b69ee6de1adbfaff.safeframe.googlesyndication.com,0.0
fcd80db4e4de5d47aae10a43cd310715.safeframe.googlesyndication.com,0.0
6f3f98f89b60a729fb76f9b584e03042.safeframe.googlesyndication.com,0.0
tiaokan.live,0.0
merchentusindiajute.com,1.0
ibhybbn.sysu.edu.cn,0.0
sso.tianditu.gov.cn,0.0
danaplay4d.com,1.0
s19.trafficdeposit.com,0.0
1eiaet.pinheirosa.sa.com,1.0
97ead4f1200c47f7929f6c43c9c1f02e.fp.measure.office.com,0.0
hncdbrqzynoxr.sysu.edu.cn,0.0
img.docin.com,0.0
qatarnikah.com,1.0
ilpiaidv.page.link,1.0
rajindevs.com,1.0
pzvfcdmq.page.link,1.0
graytoner.com,1.0
drhanneserasmus.co.za,1.0
mypricex.com,1.0
bafybeiaun5gm7zsh7qry2hy6nfaigk6lc6ss3z5mpv6piegchzinqiigpy.ipfs.infura-ipfs.io,0.0
adl-q.vizvaz.com,1.0
bebyjqnm.page.link,1.0
gons23cl.top,1.0
008c599aabfa4e6db8b2e81f7d7dead6.fp.measure.office.com,0.0
ca982ab9653f61bafabf2e7e641d2311.safeframe.googlesyndication.com,0.0
traveltoursexperts.us,1.0
zo5bsdfygntdgyu66qwa-f-217d64298-clientnsv4-s.akamaihd.net,0.0
wemod.beget.tech,1.0
beaiik.philipstelevisao.sa.com,1.0
studiopro.com.br,1.0
eaaqeubqai4majqacqlxqaaaabrj55p7-prmh3u-87244db88-clienttons-s.akamaihd.net,0.0
emoji.cdn.bcebos.com,0.0
ayamgolchajlx.sysu.edu.cn,0.0
nbsdevelopments.com,1.0
isquaretechnologies.com,1.0
crpao.ac.th,1.0
jingguan.yuanlin.com,0.0
sysuscrrc.wjx.cn,0.0
zfuneyxaoq.sysu.edu.cn,0.0
pantiwilasa.app,1.0
sindicaturadetecate.gob.mx,1.0
0-9u210edu12j-dj-1.xyz,1.0
zj2fdlixfqz3eyu6s3pq-f-af29cbc7b-clientnsv4-s.akamaihd.net,0.0
0f401220340e450ba38d2af115835282.fp.measure.office.com,0.0
cnxiqhnh.page.link,1.0
iiygtjp.sysu.edu.cn,0.0
efa.faqserv.com,1.0
joinvilleseguranca.com.br,1.0
entertainmentstation.biz,1.0
bravekonnect.com.ng,1.0
www.141jav.com,0.0
netpay.sysu.edu.cn,0.0
essayspanel.org,1.0
adl-aff.vizvaz.com,1.0
sada.my03.com,1.0
verticallis.com.br,1.0
lfsv.org,1.0
jamzugel.page.link,1.0
88a47cbc29c046f3b6a13995482a52d2.fp.measure.office.com,0.0
www.canadainternational.gc.ca,0.0
ir.xevcsau.wiki,1.0
advat.com.ng,1.0
afieldbook.files.wordpress.com,0.0
inspired-maintenance.co.uk,1.0
chidoqr.site,1.0
design-kerites.hu,1.0
jatel.co.ke,1.0
superiorairpurification.com,1.0
pdwk5pg7o7yaqyu7hmoa-f-07a4003bc-clientnsv4-s.akamaihd.net,0.0
sowhat.gdown.baidu.com,0.0
biosolutions.com.co,1.0
w4dasvax2ll5eyu6jpvq-f-6e2ebdeba-clientnsv4-s.akamaihd.net,0.0
research.bpcrc.osu.edu,0.0
p4-ebribmcekptwg-yszqdvqn6ryjzldd-if-v6exp3-v4.metric.gstatic.com,0.0
uk.qolsys.com,1.0
hunan.tousu.sina.cn,0.0
61e436c20f0672a0c39327452b5f4280.safeframe.googlesyndication.com,0.0
eb055345ea9cd3aa10d9ea7e86177251.safeframe.googlesyndication.com,0.0
m.kdslife.com,0.0
agri.tongji.edu.cn,0.0
20-courier2.push.apple.com,0.0
6381907dc6184ce88d366b68d6e28456.fp.measure.office.com,0.0
72k6ns9ahwgqcd3kv2kmjst6pbtswpb7dzuu7klu1d67db0d815172a8sac.d.aa.online-metrix.net,0.0
3527647aac7e421c911099e9d581e2a5.fp.measure.office.com,0.0
erkmwtszunhich.sysu.edu.cn,0.0
r2---sn-ab5szn7r.gvt1.com,0.0
newperspectivellc.com,1.0
jtapi.bendibao.com,0.0
ibszawal.page.link,1.0
c959a75a3e7c4ce982b728d9c944aaf5.fp.measure.office.com,0.0
46b887b460a0541673700593d59cb6f3.safeframe.googlesyndication.com,0.0
03e62f2350e3d67514f00f069d70c997.safeframe.googlesyndication.com,0.0
093d00ab001055c7fbe7922322693775.safeframe.googlesyndication.com,0.0
xwiqmixgwsavyi.sysu.edu.cn,0.0
b452w4.tdum.alibaba.com,0.0
yakislar.com,1.0
teachenglishonline.org,1.0
qb9xsq.by.files.1drv.com,0.0
washingtonnvcarsoncity.jensupports.online,1.0
uddoktasoftware.com,1.0
3ef27cca9af6474aad44162e57c710b6.fp.measure.office.com,0.0
yvfuueyn.page.link,1.0
enatcryi.page.link,1.0
da176f088580520509496ac28cb7708d.safeframe.googlesyndication.com,0.0
hxapp.10jqka.com.cn,0.0
754dnr.tdum.alibaba.com,0.0
enldkwln.page.link,1.0
mail.my.swjtu.edu.cn,0.0
ocy.result.garrettcountygranfondo.org,1.0
sghao.yilianmeiti.com,0.0
8ad02012550b46039e5403e0594a9528.fp.measure.office.com,0.0
seostatic.to8to.com,0.0
zhinan.sogou.com,0.0
defendamazon.com.br,1.0
alntech.com.br,1.0
eximiamedical.ro,1.0
2504639394.docs.qq.com,0.0
cdaonline.com.ar,1.0
2a60b5ca50ec4afbae52837367beee5d.fp.measure.office.com,0.0
spirituallake.com,1.0
lubdydmavadecz.sysu.edu.cn,0.0
kentuckymddover.vltlt.com,1.0
rtm-sa.co,1.0
196.214.186.35.sbl.spamhaus.org,0.0
fvuzp.settings.oysterfloats.org,1.0
mbt.jd.com,0.0
sattakingtv.in,1.0
dynamodb.ca-central-1.amazonaws.com,0.0
6490fa1ffb3c142d055954cfb649e31b.safeframe.googlesyndication.com,0.0
89f1988a69a95aa2e67681265716150c.safeframe.googlesyndication.com,0.0
6c8dfb7625c83963d062c6e22356de52.safeframe.googlesyndication.com,0.0
update.itopvpn.com,1.0
flatfeecorp.co,1.0
kxkjdpazmz.tendawifi.com,0.0
zoomva134-224-209-147zc.cloud.zoom.us,0.0
news.online.sh.cn,0.0
mechanical-valley.com,1.0
reviewofbooks.in,1.0
sabdankur.com,1.0
pdwk52qxfv7zqyu662ba-px7pfh-6048ae0a6-clientnsv4-s.akamaihd.net,0.0
zj2fdlixfqzxuyu6omda-f-d09e3a02f-clientnsv4-s.akamaihd.net,0.0
deeplearning.csail.mit.edu,0.0
evgenzow.beget.tech,1.0
file100fg.oss-accelerate.aliyuncs.com,1.0
only-758754-120-236-174-232.nstool.netease.com,0.0
wgtbgpfs.page.link,1.0
checki109.360doc.com,0.0
uztgqhlx.page.link,1.0
8cae614b660394abc46d61999a12c24c.safeframe.googlesyndication.com,0.0
vleofhodsvdtj.sysu.edu.cn,0.0
lsn.edu.dz,1.0
ageinggreen.com,1.0
jibaleysolution.com,1.0
120-236-174-209_s-23-48-201-42_ts-1654579278-clienttons-s.akamaihd.net,0.0
d3nevzfk7ii3be.cloudfront.net,0.0
pdwk5waxfv7zqyu6zgbq-p5vhsk-c7757b7fc-clientnsv4-s.akamaihd.net,0.0
www.encurtador.com.br,1.0
derekstadler.files.wordpress.com,0.0
qqoqfkstafu.sysu.edu.cn,0.0
baradweb.com,1.0
www.deporte.unam.mx,0.0
sonsik.org.np,1.0
w4dasvdimj2kgyu7d4ea-f-eb8b2df1b-clientnsv4-s.akamaihd.net,0.0
quangcaolcd.com,1.0
bettercumbria.files.wordpress.com,0.0
trezona.au,1.0
ddzvpbyu.sysu.edu.cn,0.0
eeaqilqe.page.link,1.0
capacbi.com.mx,1.0
vmxngdrg.page.link,1.0
sms.vbglimited.com,1.0
ahasso.heart.org,0.0
e6cbfa2331241553af28b939d420dd9e.safeframe.googlesyndication.com,0.0
izjddaqq.sysu.edu.cn,0.0
kwxfpisumwekn.sysu.edu.cn,0.0
distributoralquran.com,1.0
parsechelp.zendesk.com,0.0
oth.eve.mdt.qq.com.www.tendawifi.com,0.0
dominika.com.br,1.0
ejstowing.com,1.0
aaipi.or.id,1.0
izrzhvu.www.tendawifi.com,0.0
www.alfredapp.com,0.0
cckhp.edu.pk,1.0
ns2.bdm.microsoftonline.com,0.0
8f5015fc0336bd1dd7dffbcc2853fae3.safeframe.googlesyndication.com,0.0
egymelm.com,1.0
wpa.qq.com,0.0
alarko.com.ar,1.0
relianceeducation.net,1.0
reifenquick.de,1.0
peer.hebnews.cn,0.0
www.dnp.co.jp,0.0
183-6-9-102_s-23-196-47-105_ts-1654576471-clienttons-s.akamaihd.net,0.0
xevbihfsf.sysu.edu.cn,0.0
www.52doc.com,0.0
deadprawn.com,1.0
21f2c025654e47929b29b550a936a2c0.fp.measure.office.com,0.0
koyahtx.com,1.0
kuckste.de,1.0
myftychq.page.link,1.0
obikua.com,1.0
75197f18362648c88a50f7fce8e582fc.fp.measure.office.com,0.0
28.9.47.104.sbl.spamhaus.org,0.0
qqmail-70566.picnjc.qpic.cn,0.0
turkbilisim.org,1.0
sa.sde.sony.com,0.0
scontent-mxp1-1.cdninstagram.com,0.0
w4dasvaxij5gayu6ogga-f-6059e7cd0-clientnsv4-s.akamaihd.net,0.0
messdistr2-rdr2-prod.ros.rockstargames.com,0.0
starseedfx.com,1.0
d8d493e4e898ad473ef9b7b90ee1239a.safeframe.googlesyndication.com,0.0
liuc.pbcsf.tsinghua.edu.cn,0.0
pitt.com.br,1.0
kamproduction.us,1.0
electroking.com.mx,1.0
333de47343a8409c9259dabc41290f42.fp.measure.office.com,0.0
cnj.yiigle.com,0.0
xwxqw.settings.oysterfloats.org,1.0
beerfestthegoodone.f2f.org,1.0
2114cd1bf64a1f84f1a29d9a4cb0442b.dlied1.cdntips.net,0.0
vip.99box.com,0.0
yn.meituan.com,0.0
fauzshvb.page.link,1.0
unsaidwish.com,1.0
gqnooqsjlcnowo.sysu.edu.cn,0.0
waptv.2345.com,0.0
mti-scientific.com,1.0
statistic.zhaopin.cn,0.0
pctoolsbarrancabermeja.com.co,1.0
sivastblab.org,1.0
sahmnl.mynetav.org,1.0
72k6ns9a6pbldiblfievrryt2qgrstu2p5uqmbtbd372a358bae81ea7sac.d.aa.online-metrix.net,0.0
flycrystaluae.com,1.0
poki-gdn.com,0.0
rkzbeybe.page.link,1.0
ac88bb437bbc68f94a3a57c942ad0900.safeframe.googlesyndication.com,0.0
9df15277cc330ef8dfc5c8d44af51765.safeframe.googlesyndication.com,0.0
3df29ec6ef1e400ca7607cd02aba0cb0.fp.measure.office.com,0.0
api-ms.cobainaja.id,1.0
exsefbazar.com,1.0
cdrqra.sn.files.1drv.com,0.0
iowaidbatonrouge.tripledivasbathwerks.com,1.0
yqall02.baidupcs.com,0.0
blindsportssa.org.au,1.0
bunbahk.com,1.0
livework.in,1.0
zj2fdlixfqzxuyu6lmyq-f-3b222730a-clientnsv4-s.akamaihd.net,0.0
m-douguo-com.sm-tc.cn,0.0
MiWiFi-R3-srv.sysu.edu.cn,0.0
t20.pixhost.to,0.0
https.corp.qualcomm.com,0.0
r4.sn-j5o7dn7d.gvt1.com,0.0
344ed6554ef7485482b18930e953f3df.fp.measure.office.com,0.0
www.teknoarge.com,1.0
onlineearnway.com,1.0
chaohua.sinaimg.cn,0.0
alhanallc.com,1.0
renukaindustry.co.in,1.0
ae4c2bc9dff28c74666e92c29ea1f8440.profile.sea19-c2.cloudfront.net,0.0
ranifood.com.bd,1.0
api.chengdu.gov.cn,0.0
w4dasvc4po6vayu6g5dq-f-1d8f69e8c-clientnsv4-s.akamaihd.net,0.0
ocupwbfe.domain.name,0.0
koguri.org,1.0
biorxiv.s3.amazonaws.com,0.0
jambudwipa.in,1.0
zj2fdntiksysoyu6x2xa-f-e4d34d42e-clientnsv4-s.akamaihd.net,0.0
rrjkikjrdpp.sysu.edu.cn,0.0
public-10000230.image.myqcloud.com,0.0
17fbcb712b72413d9cd839ffde4e16a1.fp.measure.office.com,0.0
pdwk5qlijqcnuyu6v72q-f-0a31a2038-clientnsv4-s.akamaihd.net,0.0
shpilliwilli.com,1.0
ijeuwa.com,1.0
880721b6b5e3e219f9ca5f16e44ae324.safeframe.googlesyndication.com,0.0
starphonefix.com,1.0
drought.mssl.ucl.ac.uk,0.0
dorkarindustries.com,1.0
mengodinvestments.com,1.0
isaiahbenjamin.top,1.0
mrsmekgbm.sysu.edu.cn,0.0
ypaejpzm.page.link,1.0
jizmforcwq.sysu.edu.cn,0.0
g4aor6.jvctelevisao.sa.com,1.0
mdsbio-tech.com,1.0
support.illumina.com,0.0
justsafepay.com,1.0
484ad295ba3e49bc9004b39afbf6a719.fp.measure.office.com,0.0
vkvd132.mycdn.me,0.0
d5.sinaimg.cn,0.0
unicornmedialabs.in,1.0
phim18.co,0.0
zj2fdlixfqzxuyu6lqdq-f-aca9f1a92-clientnsv4-s.akamaihd.net,0.0
maconsulting.be,1.0
tdakaafg.page.link,1.0
dxbpaddc00003.china.huawei.com,0.0
nordics.qolsys.com,1.0
onesols.com,1.0
jokpmmhafhrtun.sysu.edu.cn,0.0
txnxbjav.page.link,1.0
classicgamer.com.mx,1.0
fishkeeping.store,1.0
olugun.co.za,1.0
cfhcezmt.page.link,1.0
shadedbsa.com.au,1.0
w4dasvaxgurbgyu64hfq-f-364d70982-clientnsv4-s.akamaihd.net,0.0
only-924306-117-136-32-218.nstool.netease.com,0.0
arigotechnologies.com,1.0
044bb927ccaf11b376b2859080d9f969.safeframe.googlesyndication.com,0.0
e9e749c4037021724ccf4201e4d58847.safeframe.googlesyndication.com,0.0
nmkdx-info.s3-ap-northeast-1.amazonaws.com,0.0
mrjlwbdb.page.link,1.0
voceslideres.org,1.0
beatingtracks.wordpress.com,0.0
y6jn8c31wr6agm2er45mkai5suuut4blkwmbv3uy8ef1512ee12431f9sac.d.aa.online-metrix.net,0.0
www.attsuppliers.com,1.0
kawaiikawaii.jp,0.0
ali.xmssdn.micloud.mi.com,0.0
www.dmxq.cc,0.0
orangeprint.pl,1.0
d4a91a4c9a093fa8df3090f31029133e.safeframe.googlesyndication.com,0.0
b5217af32c29ca6e9d1702c23dbc97e0.safeframe.googlesyndication.com,0.0
adlf-ir.mrface.com,1.0
shreekalastudioz.com,1.0
msjbfpaz.page.link,1.0
0921a4270da54a8d857278a72b5fc15c.fp.measure.office.com,0.0
ingerev.cl,1.0
7wj5l8.tdum.alibaba.com,0.0
dtgwgspq.page.link,1.0
cfs7.blog.daum.net,1.0
medfioytrkdkcodlskeej.net,1.0
deuxbdju.page.link,1.0
newideasec.com,1.0
xmsmqeqe.page.link,1.0
a-0.19-2409f081.c900082.1838.1c44.410a.400.9d.khslblbl224uw5ic867vv46gu5.avqs.mcafee.com,0.0
journals.bmj.com.cdn.cloudflare.net,0.0
mini-apk.com,1.0
rajapangansejahtera.com,1.0
cms-sh.de,1.0
402.isasecret.com,1.0
72k6ns9alca5ss7nt3mtsf4mcokniq3e6pewp42oc2e161203e136dbfsac.d.aa.online-metrix.net,0.0
f3298f73ff6b469fa8ff5e75584b89d5.fp.measure.office.com,0.0
03db2d5fa8963b91aeb4f965711d1832.safeframe.googlesyndication.com,0.0
1b4b3167dba50e6d5fdb299ee08d22e8.safeframe.googlesyndication.com,0.0
download-soft.fun,1.0
mangdo-1254073825.cos.ap-chengdu.myqcloud.com,0.0
bang-phinf.pstatic.net,0.0
uxwwvvau.page.link,1.0
e8759386c334490b88ef54f17d5f1a34.fp.measure.office.com,0.0
royalprinters.co.in,1.0
af1525048ef61a08ecae87a524ca5ca97.profile.bos50-c2.cloudfront.net,0.0
mlftirc.zju.edu.cn,0.0
live-midgard-mq-8d61988f9d6a4ceb.elb.us-east-1.amazonaws.com,0.0
obsessive.business,1.0
compuhost.org,1.0
ysy.novelty.akibacreative.com,1.0
modivaluxury.com,1.0
65d2cb2c3ba09d989565739defe6b4f2.safeframe.googlesyndication.com,0.0
2zlrbm.tdum.alibaba.com,0.0
sem.faqserv.com,1.0
fd460775e27849809bb3e33349a0cb03.fp.measure.office.com,0.0
kalos.com.ar,1.0
static.cnblogs.com,0.0
dl.zhushou.sogou.com,0.0
dns6c0705d6-931c-4e7c-8bf6-5c93ac6980b1-azurebatch-cloudservice.westus.cloudapp.azure.com,0.0
w4dasvaxemniqyu6gcla-f-ccda1732f-clientnsv4-s.akamaihd.net,0.0
LjyOeWiQ.dbl.spamhaus.org,0.0
dma24.com,1.0
bkz.oss-cn-beijing.aliyuncs.com,0.0
zkmbocpgtmgrv.sysu.edu.cn,0.0
logisticspierias.com,1.0
edificiocomercial.com.br,1.0
189f5d65f7084e2aaa6ee78e98ff545d.fp.measure.office.com,0.0
xrvgajuf.page.link,1.0
techavela.com,1.0
terelesterapia.hu,1.0
nh48.files.wordpress.com,0.0
2145432093.docs.qq.com,0.0
amtrakdeals.com,1.0
3285398417.docs.qq.com,0.0
njuaoywm.page.link,1.0
zj2fdnqxg4x3wyu7m36q-ptnhgn-50dac1f1d-clientnsv4-s.akamaihd.net,0.0
da.dxy.cn,0.0
2wcd3n.tdum.alibaba.com,0.0
actressskin.sysu.edu.cn,0.0
w4dasvdikbmbqyu6iomq-pf1epv-02b0e835c-clientnsv4-s.akamaihd.net,0.0
esellx.com,1.0
kaufman.conroeisd.net,0.0
201.7.28.119.sbl.spamhaus.org,0.0
ah-movers.com,1.0
skybeeglobal.com,1.0
kmsox815.xyz,1.0
shop36438612.taobao.com,0.0
6ac6a8a52a3043e18d743505ef92a1d5.fp.measure.office.com,0.0
86d9d981a77a6468a4aa1dca634b00dd.safeframe.googlesyndication.com,0.0
bankpinar.com,1.0
banyokazani.com,1.0
sso.cntaiping.com,0.0
i39.photobucket.com,0.0
isairsite.files.wordpress.com,0.0
carragheen.com,1.0
cmhfzerm.page.link,1.0
570433379-ad8ds779d2565.rc03.oray.com,0.0
today.line.me,0.0
assets-global.website-files.com,0.0
jannaty-charity.org,1.0
qdnest.pcs.baidu.com,0.0
sedcportal.com.my,1.0
pceanewgithurai.org,1.0
zeerush.com,1.0
chiroqueabogados.pe,1.0
zj2fdlixfqz3eyu6leba-f-6f58fce2d-clientnsv4-s.akamaihd.net,0.0
acnfdynd.page.link,1.0
ced672e9ddde4546bd156cffdf1f9198.fp.measure.office.com,0.0
singer.cn.b2b168.com,0.0
183-6-9-84_s-23-63-74-137_ts-1654556724-clienttons-s.akamaihd.net,0.0
book.ifeng.com,0.0
videoapi.vivo.com.cn,0.0
dnmtrzxa.page.link,1.0
w4dasyixiik5syu6yyhq-f-7f64b056d-clientnsv4-s.akamaihd.net,0.0
uzzifyjq.page.link,1.0
a0be0c46b06a377e30f0a4066473dbfb.safeframe.googlesyndication.com,0.0
now.qq.com,0.0
d1a8dioxuajlzs.cloudfront.net,0.0
downloads.media-talk.ru,1.0
accountsmall.in,1.0
w4dasvdimj2seyu672ra-f-beefa51f9-clientnsv4-s.akamaihd.net,0.0
x3kY1jQERCxh.dbl.spamhaus.org,0.0
35-165-117-112-pushcl.np.communication.playstation.net,0.0
senoritajulia.lofter.com,0.0
med-melem.com,1.0
gdgspx.gspxonline.com,0.0
183-6-9-84_s-104-123-154-43_ts-1654555956-clienttons-s.akamaihd.net,0.0
wos.58.com,0.0
w4dasvaxij5gayu6ofhq-f-e7486ed84-clientnsv4-s.akamaihd.net,0.0
52bd08b4883d7c419974a42adc80aaf4.safeframe.googlesyndication.com,0.0
e0511592e25d99c4f2aa48b1631e3246.safeframe.googlesyndication.com,0.0
visionlightscapes.com,1.0
asesoriasaldia.com,1.0
dyvqitnv.page.link,1.0
qjds.contest.chaoxing.com,0.0
keystargems.ca,1.0
csi-china.l.google.com,0.0
colegiojuanbernardone.com,1.0
perfectutilities.co.in,1.0
antaema.com,1.0
konyaikincielesya.com,1.0
parroquiajesuses.com,1.0
kcl.ac.uk,0.0
ir-edalat.my03.com,1.0
waresachemicals.com,1.0
edc88d9a2f154bcabeb51afb4c47aac0.fp.measure.office.com,0.0
zj.bi-xenon.cn,0.0
nbighdhzmipfspv.sysu.edu.cn,0.0
cdn-settings.segment.com,0.0
w4dasvax2ll2syu6ey2a-f-9516a53c6-clientnsv4-s.akamaihd.net,0.0
arcagroup.mx,1.0
k8vif92eusrr7spwkviywssyxgn7hgpgvzxjucyv2a6728a3dd2d2081sac.d.aa.online-metrix.net,0.0
pusdalops-bpbdsulteng.com,1.0
w4dasxvyde4nyyu6sv2q-peja6s-e1a7607aa-clientnsv4-s.akamaihd.net,0.0
sukgyyyf.page.link,1.0
lbe.co.ke,1.0
rwugt.com,1.0
ytfmuzwn.page.link,1.0
mgyt.xyz,1.0
spielsand-kaufen.com,1.0
neurosteo.net,1.0
sallybdran.co.il,1.0
fmjmcrwr.page.link,1.0
appcashier.95516.com,0.0
nifcqese.page.link,1.0
3ec0f86e33459c2419474790254e5e47.safeframe.googlesyndication.com,0.0
archives.fbi.gov,0.0
aquila-services.bg,1.0
w4dast5ydj7scyu6zl7a-psknd3-985ab7b30-clientnsv4-s.akamaihd.net,0.0
seekrtech-forest.s3-ap-southeast-1.amazonaws.com,0.0
hospitaldrlima.com,1.0
ahhsjcei.page.link,1.0
www.ccgp-sichuan.gov.cn,0.0
vlandvn.com,1.0
tungphamblog.com,1.0
dzh58cb2obdk1.cloudfront.net,0.0
supersyntheticsbd.com,1.0
assets-taylorfrancis-com-s.libproxy.xmu.edu.cn,0.0
u7eksa.ch.files.1drv.com,0.0
careermoguls.com,1.0
xian.customs.gov.cn,0.0
fegmckuxqknsnc.sysu.edu.cn,0.0
4be1a0783910764c7a9d8871131a3be0.safeframe.googlesyndication.com,0.0
w4dasyyxh4mt4yu6rcra-f-fd744eb72-clientnsv4-s.akamaihd.net,0.0
idahohicheyenne.branrozek.com,1.0
primeenterprise.us,1.0
konyagursoyevdenevenakliyat.com.tr,1.0
aamoriboutiquehotel.com,1.0
pic-finance.cctv.cn,0.0
vikingos.site,1.0
pdwk56g7o7yaqyu6w5la-f-cab2470d5-clientnsv4-s.akamaihd.net,0.0
aimhigh-global.com,1.0
danakildepressiontours.com,1.0
codingtestsforkids.com,1.0
fraa-raff.org,1.0
149.141.225.13.sbl.spamhaus.org,0.0
thesteampowered.help,1.0
cdn3-adb1.com,1.0
unhabvwpnt.sysu.edu.cn,0.0
oqettbrr.page.link,1.0
www.bioinformatics.ubc.ca,0.0
bgrjbxlg.page.link,1.0
r2---sn-vgqskne6.googlevideo.com,0.0
cannamed.org.za,1.0
qcollect.co.za,1.0
dl.nbminer.com,0.0
therealrealtor.lk,1.0
babaandsons.in,1.0
theredchickz.com,1.0
media.ilearning.unipus.cn,0.0
97e63e87ed3f4d46936f25630269163f.fp.measure.office.com,0.0
w4dasznyde4ieyu633ra-pir2mr-3f3c29df6-clientnsv4-s.akamaihd.net,0.0
dckrr5dz8ir9.s4.adsco.re,0.0
wntvofenvddzv.sysu.edu.cn,0.0
w4dasvax2cgiayu7fwnq-f-a48ee05d5-clientnsv4-s.akamaihd.net,0.0
ecefa26e53532881c367ef90eb983cf8.safeframe.googlesyndication.com,0.0
muilee.com.my,1.0
aydintelorgutelcit.com,1.0
www.kalp-s.com,1.0
protechasia.com,1.0
a-0.19-a7000081.c070081.170c.c6b.3ea5.210.0.scrfe4z8h54gu1653qlgpmfgwq.avts.mcafee.com,0.0
arwncpeiylma.sysu.edu.cn,0.0
TA-qR_yu.dbl.spamhaus.org,0.0
schleswig-flensburg.freifunk.net,1.0
p206-iwmb.icloud.com.cn,0.0
www.organ.su.se,0.0
rdmittifaqiah.com,1.0
onpyoqqm.page.link,1.0
www.tablesgenerator.com,0.0
6835f4aebe8049b6bb93b745cc22c0e4.fp.measure.office.com,0.0
axrphvkoog.sysu.edu.cn,0.0
trudumax.ukt.co.id,1.0
djqqoxyixezjjj.sysu.edu.cn,0.0
mixit-sound.com,1.0
ea03c093284064ef894d0dec9f3828f4.safeframe.googlesyndication.com,0.0
28bdf0f8f800edd94929addeb9f7b5f6.safeframe.googlesyndication.com,0.0
konr.settings.oysterfloats.org,1.0
u19.boys.2017.volleyball.fivb.com,0.0
llumarsaudi.com,1.0
vqzeilmc.page.link,1.0
botanicainternacionaldelamor.com,1.0
py.da.mgtv.com,0.0
mxmkvagu.page.link,1.0
hqzb.cau.edu.cn,0.0
a0bc05d578ab992ca0fb683ab6ecd6f4.safeframe.googlesyndication.com,0.0
hds.caching.oysterfloats.com,1.0
776042110-a82esf71c2879.rc03.oray.com,0.0
desktop-qgtbk0v.sysu.edu.cn,0.0
wppkg.baidupcs.com,0.0
1837069909.docs.qq.com,0.0
564e8d5c7f2344cd8107d00cd68ee8b0.fp.measure.office.com,0.0
chezetu.com,1.0
pcgaupgs.page.link,1.0
w4dasvdiotzsgyu7m7iq-f-df202857f-clientnsv4-s.akamaihd.net,0.0
8e6b2b90b75579885deaf3be92b8c0e4.dlied1.cdntips.net,0.0
frankmullers.duckdns.org,1.0
jrsa--0607101515.07-10.sepb--0912.g1jnmyj2yu.com,0.0
pdwk5pyxiosmeyu6gdrq-f-fd4b45da1-clientnsv4-s.akamaihd.net,0.0
addressusa.ca,1.0
winsumfashion.com,1.0
opendoors.com.ng,1.0
accountingnj.blob.core.windows.net,1.0
190a37d8ec5139331f58640d09a03c1e.safeframe.googlesyndication.com,0.0
wktvbroy.page.link,1.0
singerimg.tx.kugou.com,0.0
kivfpltgsvl.sysu.edu.cn,0.0
xtohaube.page.link,1.0
publichealth.jmir.org,0.0
justiceaing.my.id,1.0
tddbizan.page.link,1.0
engthuse.com,1.0
jmmthgn.lenovo.com,0.0
qu.sdo.com,0.0
grafana.com,0.0
advipickles.com,1.0
dyszyihi.page.link,1.0
a-0.19-a7000081.8110081.16a8.b69.3ea5.210.0.qdmg558riwzjb9gv9f5n81d976.avts.mcafee.com,0.0
coderscrowd.net,1.0
assecap.com,1.0
mavrosdrive.gr,1.0
apmt.co.in,1.0
ybortzza.page.link,1.0
help.alipay.com,0.0
sorvss.org.rs,1.0
d3e34545a35250b9aff62562ad408773.safeframe.googlesyndication.com,0.0
54e3446545e2c78e6b563e9b525a6319.safeframe.googlesyndication.com,0.0
xpertmedianews.com,1.0
a3tmed.com,1.0
9335ebe991d94923bc529d2f5463f1a5.fp.measure.office.com,0.0
tzzsuafz.page.link,1.0
WSHU00304.gmea.gad.schneider-electric.com,0.0
imdeslmi.page.link,1.0
mailman13.u.washington.edu,0.0
cpc.people.com.cn,0.0
423c0e7524e24bce9e2eb9f1f6e51179.fp.measure.office.com,0.0
withlovefromcassandra.files.wordpress.com,0.0
hbionline.live,1.0
sahm.mrface.com,1.0
tafsirerp.com,1.0
emandi.com.pk,1.0
uvvbxstd.page.link,1.0
electroblitz.ro,1.0
cvmalala.com,1.0
sisidb.co.uk,1.0
d360be3f68474a8ca9f5420e2faef2d1.fp.measure.office.com,0.0
intl-investholding.com,1.0
newsoffice.mit.edu,0.0
imap.mxhichina.com,0.0
e8a75577d76d123c457761442f0f5d92.safeframe.googlesyndication.com,0.0
d53281fad9ef435034f8746a697d2ad1.safeframe.googlesyndication.com,0.0
akdspmxr.page.link,1.0
cofetariefocsani.ro,1.0
ctr.hd.sohu.com,0.0
pjgilram.page.link,1.0
chamberlain.hk,1.0
browser-backup.vivo.com.cn,0.0
w4dasvdijw3rwyu6gqyq-f-51c608a78-clientnsv4-s.akamaihd.net,0.0
svjberlk.page.link,1.0
adlsgh.mrbonus.com,1.0
agenciasim.mx,1.0
ramawidi.com,1.0
www.press.jhu.edu,0.0
nguyenducduy.com,1.0
zuphfizpzs.sysu.edu.cn,0.0
sigmarespaldos.info,1.0
s.csc.edu.cn,0.0
zsb.qlu.edu.cn,0.0
sisfo.cgl.co.id,1.0
ac84d67f0af0fd821d411293be834047d.profile.zrh50-c1.cloudfront.net,0.0
aizanjyq.page.link,1.0
love-sms.in,1.0
walkinmyshoes.org.au,1.0
d14nm6jxhkwela.cloudfront.net,0.0
twio0t.vertucelullares.pro,1.0
redcross.sysu.edu.cn,0.0
nebo-trk.com,1.0
budgienation.net,1.0
catalog.uta.edu,0.0
petinstruct.com,1.0
oofvcajd.page.link,1.0
insidepitchxl.com,1.0
e6b699edf30353eb48930f9c2083a6b4.safeframe.googlesyndication.com,0.0
pakistanroof.com,1.0
prateektapes.com,1.0
dreport.sankuai.com,0.0
simplyvisit.co.uk,1.0
qgbzxbk.sysu.edu.cn,0.0
zdszmuki.page.link,1.0
chaturnarayanshastri.com,1.0
rfoeeiedeyc.www.tendawifi.com,0.0
ringkhodro.ir,1.0
housingphotography.com,1.0
am9hzq.tdum.alibaba.com,0.0
kailani6.one.microsoft.com,0.0
f8b4389e6e38ef5dd23cd5d02809fc71.safeframe.googlesyndication.com,0.0
9a8e670b934bff0dadd9547cbd9098ae.safeframe.googlesyndication.com,0.0
bonhomia-pa.com,1.0
cdntiku.oss-cn-shanghai.aliyuncs.com,0.0
theskyisthelimit.pl,1.0
mtsuswatunhasanahkpjawa.sch.id,1.0
wenzhen.jd.com,0.0
adl-qii.fartit.com,1.0
dsa.fartit.com,1.0
adl-lo.fartit.com,1.0
shop129193261.taobao.com,0.0
jagobulletin.com,1.0
gobo06fc.top,1.0
mamzxqmd.page.link,1.0
d4c69c8dde134092bfdfa2cde8307951.fp.measure.office.com,0.0
a2463.casalemedia.com,0.0
synagoguetv.org,1.0
ar.itr.works,1.0
ikirian.com,1.0
thekassia.co.uk,1.0
nbrennan.com,1.0
c4ku9n.tdum.alibaba.com,0.0
pinchmyself.files.wordpress.com,0.0
www.umetravel.com,0.0
blitsgames.zendesk.com,0.0
a-0.19-a7000081.c8b0081.16a8.b69.3ea5.210.0.65uts9lb9118ze1pes4elvfqbv.avts.mcafee.com,0.0
183-6-9-84_s-23-213-175-163_ts-1654580371-clienttons-s.akamaihd.net,0.0
shohetrc.com,1.0
orz.hupu.com,0.0
dif-santiagoixc.gob.mx,1.0
examcenter.ng,1.0
bd7pa.blog.163.com,0.0
encyclopedia.thefreedictionary.com,0.0
w4dasvaxacrsqyu63yrq-f-587411da4-clientnsv4-s.akamaihd.net,0.0
belk.scene7.com,0.0
w3.pku.edu.cn,0.0
2870005e8e274de790ce1173093c0aed.fp.measure.office.com,0.0
adlr.mrbasic.com,1.0
147.167.160.108.sbl.spamhaus.org,0.0
1fbb263121394653895582933b77fb87.fp.measure.office.com,0.0
pmgroyaloak.com,1.0
aiff.jo,1.0
astat.bugly.qq.com,0.0
metacdn.yangkeduo.com,0.0
3xyu01.tdum.alibaba.com,0.0
strublephotographic.files.wordpress.com,0.0
adlsh.fartit.com,1.0
w4dasx3iksysoyu6viua-f-3a9c35d9e-clientnsv4-s.akamaihd.net,0.0
cloud.restoro.com,1.0
nadhariclinic.co.ke,1.0
cdn1.17321.xyz,0.0
r5---sn-i3belne6.gvt1.com,0.0
fleexmobile.com,1.0
flevo.ma,1.0
kws1-1.web.telegram.org,0.0
lpggaztankeri.com.tr,1.0
www.dropbox.com,1.0
technopus.com,1.0
0c15371c1f7dce999941787341bffcfe.safeframe.googlesyndication.com,0.0
topclassenglish.com,1.0
haventowel.com,1.0
wendysabina.sysu.edu.cn,0.0
1.5.79.133.sbl.spamhaus.org,0.0
pmiarmdu.page.link,1.0
content.rconfig.qq.com,0.0
digitalgurug.com,1.0
shenshikexuejia.lofter.com,0.0
radonccase.com,1.0
334222438ee844828ef1220b5b40f3b6.fp.measure.office.com,0.0
p4-amxcx5il25mlw-zlbkd5efzdsh2dhl-if-v6exp3-v4.metric.gstatic.com,0.0
buif.settings.oysterfloats.org,1.0
moghullaw.com,1.0
feco.oiu.edu.sd,1.0
udvopssawbrehhf.sysu.edu.cn,0.0
omangraphicsco.com,1.0
weixin.aisoutu.com,0.0
cretabee.gr,1.0
vaqutauxfamily-fanclub.com,1.0
thcsphuongmai.edu.vn,1.0
content.garretttrails.org,1.0
herebestpriceoftheday.com,1.0
localssushi.com,1.0
w4dasvc4po6vayu6g62q-f-9088e03ae-clientnsv4-s.akamaihd.net,0.0
cinema-ws.hicloud.com.www.tendawifi.com,0.0
makeupuccino.com,1.0
974965377.docs.qq.com,0.0
rossettinigroup.com,1.0
atoz-cs.com,1.0
dl86-broomcleaner.icu,1.0
ecloset.pk,1.0
73555541363a51092228eb980264a99c.safeframe.googlesyndication.com,0.0
48520a5d95cce4557b4b50720a020404.safeframe.googlesyndication.com,0.0
static.makeamap.cn,0.0
shcm07.baidupcs.com,0.0
patisserie.co.ke,1.0
zenodo.org,0.0
faucetmeaning.com,1.0
limecom.pk,1.0
people-service-prod.trafficmanager.net,0.0
skylite.group,1.0
consignadoparatodos.com.br,1.0
livetectelecom.com.br,1.0
ezprocess.com.br,1.0
ttc.edu.sg,1.0
external-media55.public.wsydm-a-4.prod.infra.webex.com,0.0
hiwmfdpj.sysu.edu.cn,0.0
travelimages.com.br,1.0
flaviopavim.com.br,1.0
nezuthmzukt.sysu.edu.cn,0.0
store5.gofile.io,1.0
cercmag.ro,1.0
kest.com.pe,1.0
hmqcdmrhwmviwog.sysu.edu.cn,0.0
experience.ccb.com,0.0
83dc93fc9914685bab9ffd72c3bfe143.safeframe.googlesyndication.com,0.0
upny.layout.oystergardens.us,1.0
thanhlapweb.com,1.0
cdn.barscreative1.com,0.0
gons2cl.top,1.0
dl54-broomcleaner.icu,1.0
cheapvtu.ng,1.0
uapk.lenovomm.com,0.0
103.10.26.104.sbl.spamhaus.org,0.0
pzbxkslc.sysu.edu.cn,0.0
owae4k.razercelullares.motorcycles,1.0
dzezpebm.page.link,1.0
rsvpthedate.com,1.0
www.physio-performance.at,1.0
518868183162e4870575d0c2771bcfef.safeframe.googlesyndication.com,0.0
english.cnipa.gov.cn,0.0
tkjnetid.biz.id,1.0
img4.sj.qq.com,0.0
vockosip.com,1.0
ventanillaunicapalermo.com.co,1.0
alalifperfume.com,1.0
ncbcn.org,1.0
justplay.asia,1.0
suppliededucation.co.uk,1.0
bw5file1.oss-cn-hangzhou.aliyuncs.com,1.0
ssc.net.pk,1.0
static.machenike.com,0.0
adl-sahm.faqserv.com,1.0
fjnmfaw.sysu.edu.cn,0.0
a08ec6a70f414f939d459c656d6aa932.fp.measure.office.com,0.0
gons27cl.top,1.0
offer.hr.mioffice.cn,0.0
recoveryoptions.com.au,1.0
i1-pinimg-com-edgesuite-net-ion.pinimg.com,0.0
d0cda602c0175c22e7f99fd5ffcd8fde.safeframe.googlesyndication.com,0.0
preconcert.pw,1.0
88.178.92.52.sbl.spamhaus.org,0.0
a88a975991189fb0c288a508462e35c6d.profile.mad50-c1.cloudfront.net,0.0
thispointer.com,0.0
ilqgnpyd.page.link,1.0
v.qq.com.www.tendawifi.com,0.0
0f3f7bcfa0d741f48d5a155e29c6849e.fp.measure.office.com,0.0
nf27.sbc.rcs.chinamobile.com,0.0
zegaponsel.site,1.0
descuido-famosas-2.sysu.edu.cn,0.0
aquafixpropertymaintenance.co.uk,1.0
lehengascholi.in,1.0
blizzardgames.cn,0.0
sds.faqserv.com,1.0
ipc.com.pk,1.0
transforwarding.com.mx,1.0
219eb3dcf8ba92cadb6c7723a3c86a15.safeframe.googlesyndication.com,0.0
enviro-boise.com,1.0
gaa7r.lavacelullares.pro,1.0
www.vision.rwth-aachen.de,0.0
external-media12.public.wsjcm-a-7.prod.infra.webex.com,0.0
w4daszixzndsqyu6vmxq-f-02803af9e-clientnsv4-s.akamaihd.net,0.0
threadsvideodownloaders.net,1.0
cursoscesp.com.br,1.0
uvkmwzua.page.link,1.0
a78307843ba644b7ae8a107924d122d2.fp.measure.office.com,0.0
adl-v.mrbonus.com,1.0
dd1597b558d94f0082bfa30c584fc30d.fp.measure.office.com,0.0
ubplciod.sysu.edu.cn,0.0
avitechsolutionsltd.com,1.0
arkansasvtconcord.branrozek.com,1.0
orana.ca,1.0
nxtid.tv,1.0
attpk.com,1.0
watermark.com.pk,1.0
professorxavier.agr.br,1.0
gtms01.alicdn.com,0.0
fileoperate.wps.cn,0.0
moeaca.nat.gov.tw,0.0
udiab1.jianshu.com,0.0
d1mybsg2h91vjj.cloudfront.net,0.0
goglu.mx,1.0
dc69def1d6f44ba4ae5e04a68e65a132.fp.measure.office.com,0.0
evolutiopilates.com.br,1.0
dogkvfuf.page.link,1.0
cra.layout.oystergardens.us,1.0
intelligentmap.baidu.com,0.0
sthjj.wenzhou.gov.cn,0.0
neo4j.com,0.0
sphynxbeds.co.uk,1.0
powertools.nz,1.0
r13.sn-2x3eln7e.c.2mdn.net,0.0
bxzybukxl.sysu.edu.cn,0.0
thedovepartnership.co.uk,1.0
gtopakistan.org,1.0
adl-hjh.faqserv.com,1.0
stats.berkman.harvard.edu,0.0
3fafb3aada8ddf5f312114fd19f3cfb9.rdt.tfogc.com,0.0
tcaservices.net.au,1.0
c69efe7fe801c37bfd738f461177aaf6.safeframe.googlesyndication.com,0.0
0cu2pw.bn.files.1drv.com,0.0
bqguzmuzqzu.sysu.edu.cn,0.0
shuncai.100xuexi.com,0.0
rlpesoks.page.link,1.0
aoieanz.sysu.edu.cn,0.0
funterdent.com,1.0
nglhwyzr.page.link,1.0
fgwxveud.sysu.edu.cn,0.0
9502883dc730729c98a08e36bbbfdaee.safeframe.googlesyndication.com,0.0
bwngtccx.page.link,1.0
30c7492207964fcb82139e8cdfd9e7e2.fp.measure.office.com,0.0
caqsvso.sysu.edu.cn,0.0
gons14fc.top,1.0
navarro.am,1.0
open.alipay.com,0.0
asu.com.vn,1.0
api.net.bd,1.0
18c0e913e9964aa7a006cced0adeeb6b.fp.measure.office.com,0.0
e0cac6c05b784441b06c07ba678c42ba.fp.measure.office.com,0.0
23116277.com,1.0
lollyjayconcepts.com,1.0
lsf.lenovomm.com,0.0
167.16.126.40.sbl.spamhaus.org,0.0
vehrixmf.page.link,1.0
widget.jp2.vip.prod.criteo.com,0.0
taojin-his.cdn.bcebos.com,0.0
asiatriathloncup.com,1.0
ssl.ptlogin2.mail.qq.com,0.0
0694af2def8fec5c2bd33edd7e795abc.safeframe.googlesyndication.com,0.0
afa8b6998f6ba9e9165f0282c35baeb3.safeframe.googlesyndication.com,0.0
327e4e46397594221298cc3488f1e6ab.safeframe.googlesyndication.com,0.0
progusto.ro,1.0
ttdpixpq.page.link,1.0
ksup.univ-lyon1.fr,0.0
cache.a.market.xiaomi.com,0.0
bigsurlibros.com.ar,1.0
hong1kong.oss-cn-hongkong.aliyuncs.com,0.0
hu4k2g.sn.files.1drv.com,0.0
ndwkiktn.page.link,1.0
roynnxawjyoop.sysu.edu.cn,0.0
conway.co.in,1.0
bontiakhotel.net,1.0
hondamardan.com.pk,1.0
goldensports.tn,1.0
awmbvrvq.sysu.edu.cn,0.0
auth.emis.com,0.0
infectedchink.cat,1.0
floxen.xyz,1.0
plslijlmvzxptil.sysu.edu.cn,0.0
npay.vip.com,0.0
directradio.ml,1.0
85ce1ac252c64c0b97a1f06d6fbcaa18.fp.measure.office.com,0.0
alakheilizwe.org,1.0
ws22.hotjar.com,0.0
czpougpa.sysu.edu.cn,0.0
udettc.com,1.0
radiotuoeste.com,1.0
7c84035ac8454ec7bef2efd371bede36.fp.measure.office.com,0.0
cjxy.gxu.edu.cn,0.0
qfmkkqau.page.link,1.0
b8190dc4104d6d83d571c8a96c134b25.safeframe.googlesyndication.com,0.0
planetagea.sysu.edu.cn,0.0
qkatp.caching.oysterfloats.com,1.0
techfrisky.com,1.0
zmygcfan.page.link,1.0
nggw.sync.oystergardens.club,1.0
eatzapizza.in,1.0
ol.gamersky.com,0.0
w4dasvax2cgiayu7fxyq-f-73a6d38be-clientnsv4-s.akamaihd.net,0.0
wyzxwk.com,0.0
hvvkvddv.page.link,1.0
vipaco.vn,1.0
kayak.letsgojp.com,0.0
tidarayka.ir,1.0
sd-1093121-h00002.ferozo.net,1.0
zigkvexfqayt.sysu.edu.cn,0.0
rexlubs.com,1.0
bizhi.ludashi.com,0.0
95dcd5c91f4b4ad89ac9872722eaaff8.fp.measure.office.com,0.0
arquitecons.com.br,1.0
only-721820-223-104-67-83.nstool.netease.com,0.0
2007reklam.com,1.0
shop98803785.youzan.com,0.0
ce93646ba2f54593aa38310754eedd99.fp.measure.office.com,0.0
ej7ajw.bl.files.1drv.com,0.0
aryaninterior.co.in,1.0
oss.sfacg.com,0.0
yskawouodgctt.sysu.edu.cn,0.0
nestegglabs.com,1.0
wcqydasgqnblpfo.sysu.edu.cn,0.0
bsf.faqserv.com,1.0
nguyendinhchieudng.edu.vn,1.0
eecl.africa,1.0
cuhjcmfm.page.link,1.0
w4dasvax2ll5eyu6na4q-f-fd0c9972c-clientnsv4-s.akamaihd.net,0.0
vhylqvjknxzce.sysu.edu.cn,0.0
94191596f9624f53a2f7366b3296c144.fp.measure.office.com,0.0
compreakieali.com,1.0
productsinoffer.shop,1.0
1c62ba1d918c9ddb6c656cf78db764ec.safeframe.googlesyndication.com,0.0
alhuda-uae.com,1.0
greenserenity.ca,1.0
w4dastax2cgiayu6vjsa-f-8e081ae9b-clientnsv4-s.akamaihd.net,0.0
mastercleanlavaloucas.com.br,1.0
wmat.online,1.0
crg390.com,1.0
imap.mail.g.yahoo.co.jp,0.0
rhtbc.2023.ebeenj.com,1.0
closebit.co.uk,1.0
lindsays.net.au,1.0
xfqfkzzi.page.link,1.0
wi2.com.br,1.0
siharefile.blogspot.com,1.0
proxyid.huawei.com,0.0
ipanels.com.au,1.0
moontraffics.online,1.0
zj2fdlixfqzxuyu6nmnq-f-293263c52-clientnsv4-s.akamaihd.net,0.0
casemobilejapeto.ro,1.0
bygftu.tdum.alibaba.com,0.0
juanalbertoyaria.com.ar,1.0
72k6ns9a4aw7sokvqvbp6i47c6a5y2g5io6uvj2f285321891ce3a456sac.d.aa.online-metrix.net,0.0
delhicrimepressnews.com,1.0
380824683f854b6dac42f757fc9c9fab.fp.measure.office.com,0.0
salihogullari.com.tr,1.0
legacysurvival.fr,1.0
agritourismnetworkandtours.com,1.0
zj2fdlixfqzxuyu6n6ha-f-ae3d2be9a-clientnsv4-s.akamaihd.net,0.0
ucenter.zbj.com,0.0
ffoayywsy.sysu.edu.cn,0.0
zj2fdlixfqz3eyu6svwa-f-c6b861c28-clientnsv4-s.akamaihd.net,0.0
hackathons.uem.mz,1.0
empirewindowfurnishings.com.au,1.0
lb._dns-sd._udp.bytedance.net,0.0
c389a5032878430ba9fb325c1e883736.fp.measure.office.com,0.0
a2043.casalemedia.com,0.0
cmna.na.qualcomm.com,0.0
www.emoneyspace.com,0.0
dsg.images.harmony.epsilon.com,0.0
my.wanfangdata.com.cn,0.0
rifei.online,1.0
subject.wanfangdata.com.cn,0.0
image-prd.celine.cn,0.0
brandandbusiness.com.co,1.0
rpcvocec.page.link,1.0
res-health-heytapmobi-com.oss-cn-beijing.aliyuncs.com,0.0
mohasanteck.com,1.0
unlp.unlp.edu.ar,0.0
nertaos.com,1.0
medicalwellbeinggroup.com,1.0
yngmamr.sysu.edu.cn,0.0
colweb.publicvm.com,1.0
67bf0b797ad286d9e7aaad184d846c54.safeframe.googlesyndication.com,0.0
jixie.sjzu.edu.cn,0.0
clickfilmess.com.br,1.0
bokceehl.page.link,1.0
pdwk54yx2mhseyu64fbq-f-bf191ba1b-clientnsv4-s.akamaihd.net,0.0
tecno-mobile.co.ke,1.0
a0fa1518bcc446ef928c728dd2830a66.fp.measure.office.com,0.0
vknyjyit.page.link,1.0
supremeelevator.com,1.0
3900beb20d69465e829754c9b591db1f.fp.measure.office.com,0.0
lkfmdgyzyqff.sysu.edu.cn,0.0
taqwaprinters.com,1.0
theinternationalmls.cmail19.com,0.0
cfc.2023.ebeenj.com,1.0
w4dasvfm5aieuyu6p7mq-f-f6bde6968-clientnsv4-s.akamaihd.net,0.0
cearabomconforto.com.br,1.0
login.wolterskluwer.com,0.0
zdcyadmin.quickconnect.cn,0.0
misterbbqgalati.ro,1.0
walkingthecaminotogether.files.wordpress.com,0.0
ttps,1.0
connkas.gj.qq.com,0.0
dgfh.dns05.com,1.0
veqxevsw.page.link,1.0
zj2fdlixfqz3eyu6lfia-f-1fd06d540-clientnsv4-s.akamaihd.net,0.0
marnite.co,1.0
petkit.udesk.cn,0.0
content.iospress.com.cdn.cloudflare.net,0.0
dwuaoosf.www.tendawifi.com,0.0
gqsassessoria.com.br,1.0
latest-519482.funuzai.ru,0.0
copacee-ges21.mx,1.0
queens-hvac-service.com,1.0
mjmafixwblqnvn.sysu.edu.cn,0.0
live2016hls-encrypt.jstv.com,0.0
mrshake.com.br,1.0
rachabusinessgroup.com,1.0
d1d3cf8871ca8df33c5782ffe71e3293.safeframe.googlesyndication.com,0.0
m5mwfq.sn.files.1drv.com,0.0
swca.mx,1.0
cloud.chaoxing.com,0.0
ayoromre.sysu.edu.cn,0.0
siue.edu,0.0
120-236-174-229_s-23-32-236-105_ts-1654584325-clienttons-s.akamaihd.net,0.0
-JymB45h.dbl.spamhaus.org,0.0
www.mgmt.uestc.edu.cn,0.0
aavn-school.ac.th,1.0
epubserver-1252317822.file.myqcloud.com,0.0
bologna.epu.edu.iq,1.0
konyatesisat.com.tr,1.0
sagksa.com,1.0
yosoyunalfa.com,1.0
simrajfabricators.co.ke,1.0
bhfcdcda.page.link,1.0
nahdahypermarket.com,1.0
client-zxzy.oss-cn-shenzhen.aliyuncs.com,0.0
130.119.101.3.sbl.spamhaus.org,0.0
pmi.flowplayer.com,0.0
24ee35edadc247d98228f949b1f1f9d3.fp.measure.office.com,0.0
ouiyocpfqlp.sysu.edu.cn,0.0
63741b26ccc2467783f417ff98b5d6b4.fp.measure.office.com,0.0
giyotinmakasi.com,1.0
dentistalimeira.com.br,1.0
dentistaconchal.com.br,1.0
sonic309-14.consmr.mail.bf2.yahoo.com,0.0
naogaonagro.com,1.0
rxznzhfo.page.link,1.0
lrmoveis.ind.br,1.0
www.55yy.tv.cdn.cloudflare.net,0.0
gm3385dq6j.execute-api.us-west-2.amazonaws.com,0.0
www.pwccw.gd.gov.cn,0.0
215.141.75.185.sbl.spamhaus.org,0.0
120.0.62.178.sbl.spamhaus.org,0.0
27c2e22e278e4862b0341318cf27b1fd.fp.measure.office.com,0.0
sh.58.com,0.0
gwkumosy.page.link,1.0
f74e3caba10b4fa89ec45474311017a8.fp.measure.office.com,0.0
philo.nju.edu.cn,0.0
mchuijiyun-my.sharepoint.com,0.0
qyovackzwvu.www.tendawifi.com,0.0
183-6-9-103_s-23-63-243-153_ts-1654564225-clienttons-s.akamaihd.net,0.0
jahf.com.ar,1.0
m.yisell.com,0.0
dsa.itsaol.com,1.0
msrewards.azureedge.net,0.0
m.taobao.com,0.0
www.cngdwx.com,0.0
ameda-us.org,1.0
tgibrokers.com,1.0
titre-de-sejour.info,1.0
b0af92be76ed515bb3c1d327f8069413.safeframe.googlesyndication.com,0.0
de0a52403125ff217c83c4bd4a06ca7d.safeframe.googlesyndication.com,0.0
ucem.sf-express.com,0.0
harvesttyres.com.au,1.0
console.developers.google.com,0.0
acrglobe.com,1.0
cid-7ca76fc840aecf9a.users.storage.live.com,0.0
w4dasvax373seyu6j3fa-f-cff6b39a2-clientnsv4-s.akamaihd.net,0.0
286043-android-ds.metric.gstatic.com,0.0
clasitapua.com,1.0
winery39.wordpress.com,0.0
gap.com,0.0
14ba759c6d4487ea2415858e0bfb8809.safeframe.googlesyndication.com,0.0
edge-269.hkhkg.icloud-content.com,0.0
vrdufxns.page.link,1.0
d32jf5gjc44l9b.cloudfront.net,0.0
87.206.27.104.sbl.spamhaus.org,0.0
documentacionrav003483980903884833.blogspot.com,1.0
ouoou.com,0.0
autodiscover.ust.edu.ph,0.0
223eb49233c5d3598467ed463ef24c49.safeframe.googlesyndication.com,0.0
001eddcddddldk.jumpbc.chuairan.com,0.0
feedar.net,1.0
ycdtppvl.www.tendawifi.com,0.0
demo.devswire.com,1.0
romalimited.co.ke,1.0
bvkqqrak.page.link,1.0
dienmay01.maudemo.com,1.0
cimlglobal.us,1.0
viewcast.tv,1.0
shaffaf.pk,1.0
rt-m.kugou.com,0.0
403309715e11435d98fb14e84b81ed43.fp.measure.office.com,0.0
switch1.pcfg.cache.wpscdn.com,0.0
asclave.com.br,1.0
pizza10delivery.com.br,1.0
095c480a0df349a1a31db8ce5a2fa20a.fp.measure.office.com,0.0
zoomsjcgp213zc.sjc.zoom.us,0.0
lifeinsurancecompanions.com,1.0
samehelsadat.com,1.0
fabsxkox.page.link,1.0
g16.baidu.com,0.0
chorleyeyecare.co.uk,1.0
yogrwkzq.page.link,1.0
rezetennisclub.fr,1.0
AnJeqlkQsMVYHGWeeqp.dbl.spamhaus.org,0.0
drseddighi.ir,1.0
hudaibiahcollege.com,1.0
hbnursery.com,1.0
w4dasvfyd2liuyu7io3a-f-6596475e6-clientnsv4-s.akamaihd.net,0.0
umnukuxd.page.link,1.0
ycabxkwl.page.link,1.0
www.caimogu.cc,0.0
alzorahvipmassagespa.com,1.0
reg.tool.hexun.com,0.0
vkm.co.za,1.0
spice.ehero.es,1.0
apiproxy-device-prod-nlb-3-d601e17f0cb54f72.elb.eu-west-1.amazonaws.com,0.0
silverzone.pk,1.0
htingenieria.com.mx,1.0
7t931x.tdum.alibaba.com,0.0
homesdecorations.us,1.0
virallagency.com,1.0
melbournerollershutters.net.au,1.0
mirazbakery.com,1.0
zds.faqserv.com,1.0
guxogco.domain.name,0.0
sektorpolar.com,1.0
dfelyito.page.link,1.0
habbotips.free.fr,1.0
ns-931.amazon.com,0.0
azdkjp.tdum.alibaba.com,0.0
164aa790255a407aff4dbdbd51d95940.safeframe.googlesyndication.com,0.0
174ceb654cce501a7f9b65dcf69dfafe.safeframe.googlesyndication.com,0.0
f442ec8547fabefd726c657f3623fb04.safeframe.googlesyndication.com,0.0
jx3.178.com,0.0
projectboxmedia.com,1.0
finmen.in,1.0
rr5---sn-ntqe6n76.googlevideo.com,0.0
cawcndpwmfa.sysu.edu.cn,0.0
idjzidjsyjim.www.tendawifi.com,0.0
w4dasvcninkvqyu7dwqa-f-45edcf438-clientnsv4-s.akamaihd.net,0.0
rdc.dns05.com,1.0
kambohsoftec.com,1.0
rr1---sn-ogueln76.googlevideo.com,0.0
183-6-9-84_s-23-48-214-105_ts-1654599490-clienttons-s.akamaihd.net,0.0
hochiminh.mofcom.gov.cn,0.0
kalyan-city.sysu.edu.cn,0.0
tsm.faqserv.com,1.0
hareerinitiative.com,1.0
w4dasvax2cgcgyu7fvhq-f-50d9d7696-clientnsv4-s.akamaihd.net,0.0
kemppinen.sysu.edu.cn,0.0
yasinayvaz.com,1.0
9f12ceaf0978df10f8cc3f5f2d9e6aad.safeframe.googlesyndication.com,0.0
wsaws.okx.com,0.0
izejgnvo.page.link,1.0
pakbanks.com.pk,1.0
cc3001.r18.com,0.0
galleries.cdn.homemoviestube.com,0.0
acgsz.com,0.0
549db26b21544eae93e3880a7ce36e86.fp.measure.office.com,0.0
test.steampowered.com,0.0
asianet-tours.com,1.0
zgnmqgmlx.sysu.edu.cn,0.0
roraimastudios.com,1.0
wizzardz-solutions.com,1.0
ntc.net.np,0.0
sde.faqserv.com,1.0
newlinetechnical.com,1.0
degarmen.com,1.0
chrg4u.com,1.0
bridgingtherapists.com,1.0
purevitamina.com,1.0
arkinfonet.com,1.0
snopro.eu,1.0
www.manualslib.de,0.0
zamilcp.com,1.0
p48-keyvalueservice.icloud.com,0.0
31cd67c514b87b51d41c8c001595a482.safeframe.googlesyndication.com,0.0
fd08f6fe5efe44b1347dc197debbb142.safeframe.googlesyndication.com,0.0
2c935114befc4d0cb22bc9491220d6a7.fp.measure.office.com,0.0
xveqefylkipf.sysu.edu.cn,0.0
fundcomapi.eastmoney.com,0.0
yanisite.com,1.0
priorityhomewarranty.com,1.0
freelancehomewriter.sysu.edu.cn,0.0
adimogi.com.br,1.0
pinklittlenotebook.com,1.0
comfort.mk,1.0
dxbpaddc00001.china.huawei.com,0.0
adl-i-r.fartit.com,1.0
ssf.fartit.com,1.0
scv.fartit.com,1.0
adlh-sn.fartit.com,1.0
quind.de,1.0
creativemetaloem.com,1.0
krmrfnrk.page.link,1.0
3f15f.diary.lojjh.com,1.0
www.vw000287.ferozo.com,1.0
bestmixsweets.com,1.0
magicmotors-egham.co.uk,1.0
ljgzlxds.sysu.edu.cn,0.0
w4dasyoqxfzsgyu6565q-pql30r-a1c4cbc46-clientnsv4-s.akamaihd.net,0.0
e2d9a3b11ebe0140d976a0d78174b814.safeframe.googlesyndication.com,0.0
essentialservicesnsw.com,1.0
72k6ns9aieznua3h7smsd7l3fekvisijwsgpy2d731de26350816b605sac.d.aa.online-metrix.net,0.0
teknokarsogutma.com,1.0
trimonsa.mx,1.0
jklkcg.db.files.1drv.com,1.0
reallifecomics.com,1.0
www.teacherph.com,0.0
petrotec-eng.com,1.0
ankitsavaliya.com,1.0
ahencelik.com,1.0
www.www-springer-com-s.webvpn.sysu.edu.cn,0.0
zhaopin.cau.edu.cn,0.0
eca46f6a8b654488b4f08bd2b86a859a.fp.measure.office.com,0.0
72k6ns9ahaqwmbnitdwyk7xhrdrtjae5zhb4titj14bc35eba095bb87sac.d.aa.online-metrix.net,0.0
taxibonhommegstaad.com,1.0
hbkworld-8359431.hs-sites.com,0.0
ac808bd3de8612559075ec60ddc10c18.safeframe.googlesyndication.com,0.0
lashesbylittlesecret.com,1.0
w4dasvaxeqhvqyu7gvja-f-06d8e00aa-clientnsv4-s.akamaihd.net,0.0
sisic.com.co,1.0
gerrikymtravels.files.wordpress.com,0.0
appstore.corel.com,0.0
2474.new.favo.fengmeng.net,0.0
woohofzyc.sysu.edu.cn,0.0
glasslineoriental.com,1.0
FxJmBeTv.dbl.spamhaus.org,0.0
img.jandan.net,0.0
wt1-cloud-login.lol.qq.com,0.0
kashishguptafitness.com,1.0
jzemfrltjxyxlnf.sysu.edu.cn,0.0
5c85ec565b21844a65fb8f0823156332.safeframe.googlesyndication.com,0.0
213e377ec28af28166d761047f977400.safeframe.googlesyndication.com,0.0
swbhvlkzlk.sysu.edu.cn,0.0
ohiohiharrisburg.branrozek.com,1.0
softwareupdate.perkinelmer.com,0.0
foodremit.com,1.0
cid-e54efba7f69b4c16.users.storage.live.com,0.0
sikasonhiep.com,1.0
8sohkt.tdum.alibaba.com,0.0
sahdm.fartit.com,1.0
bananidecorator.com,1.0
789a1f0bbb6b499fa0a4f2cd49202d72.fp.measure.office.com,0.0
only-706531-183-9-227-250.nstool.netease.com,0.0
enterr10tv.com,1.0
jdgranite.us,1.0
sommexico.com.mx,1.0
apweslk.com,1.0
pay.cuhk.edu.cn,0.0
ec15315323245f361e8aaf59e21b2289.safeframe.googlesyndication.com,0.0
stocksamachar.com,1.0
zpguru.in,1.0
softwaresbuilders.com,1.0
jhgrqkok.page.link,1.0
yangpaling.com,1.0
eiednptg.page.link,1.0
brindiz.com,1.0
life.ecnu.edu.cn,0.0
adl-ir.faqserv.com,1.0
hl4xaltiksysoyu6vp7a-f-7a0b5d1d7-clientnsv4-s.akamaihd.net,0.0
adl-cc.vizvaz.com,1.0
vipysknik.by,1.0
6ecd737aadad4158952d8df933b787c2.fp.measure.office.com,0.0
liedlkcgeibrx.sysu.edu.cn,0.0
img.menww.com,0.0
onlines.3utilities.com,1.0
9d912935e72b4d40903e8201a99255d6.fp.measure.office.com,0.0
haskimlikmakina.com,1.0
img.designswan.com,0.0
myhijrah.com.my,1.0
jubao.fjsen.com,0.0
imruf.caching.oysterfloats.com,1.0
saderasi.pics,1.0
imtt.dd.qq.com,0.0
empreenda.vc,1.0
familyfontsview.mooo.com,1.0
beacon-eu.hosted.exlibrisgroup.com,0.0
contentdocks.com,1.0
6537ecfb4c7b1c982c35d9b29ea389e6.safeframe.googlesyndication.com,0.0
nrdzguh.sysu.edu.cn,0.0
manif-invitation.com,1.0
itwcqfqu.page.link,1.0
m.hetubook.com,0.0
vwizjjaroruvwsb.sysu.edu.cn,0.0
norwalkbaptist.com,1.0
etqslpkocv.sysu.edu.cn,0.0
kontaskesicitakimlar.com.tr,1.0
7vx2e8.tdum.alibaba.com,0.0
task.youku.com,0.0
square4dnb.com,1.0
cascade-wow.eu,1.0
oojfudecqxn.tendawifi.com,0.0
bm-preprod.sandbox.google.com,0.0
hunan.weather.com.cn,0.0
toaevents.al,1.0
smetrics.global.nba.com,0.0
ed-fe.vizvaz.com,1.0
eetiongmotorsports.com,1.0
monop-template.sysu.edu.cn,0.0
poemwfku.page.link,1.0
katsuyugen.online,1.0
w4dasvax2ll2syu6e3oq-f-ac318fa04-clientnsv4-s.akamaihd.net,0.0
121.56.80.114.sbl.spamhaus.org,0.0
adl-mm.fartit.com,1.0
irebofsfrvhm.sysu.edu.cn,0.0
2258198178.docs.qq.com,0.0
reliablerapidresponse.co.za,1.0
tng24.com,1.0
udaanfound.com,1.0
h171764.srv22.test-hf.su,1.0
cd4d3ceb0fe90027cfcc931c4fb87ad7.safeframe.googlesyndication.com,0.0
holyrosaryinternational.com,1.0
query.1234567.com.cn,0.0
invoice.starbucks.com.cn,0.0
vipmail-my.sharepoint.cn,0.0
kelidsazan.com,1.0
geocentric.co.in,1.0
gxrsfjah.page.link,1.0
venturesnepal.com,1.0
ilkyardimakademisi.net,1.0
vsndeportes.com,1.0
kuglvwky.sysu.edu.cn,0.0
seatao12465.lofter.com,0.0
zj2fdlixfqz3eyu6mxfq-f-49b96f83c-clientnsv4-s.akamaihd.net,0.0
music.pptv.com,0.0
shop1038615.m.youzan.com,0.0
saveyourcinema.ca,1.0
w4dasvaxeqh4eyu7kpta-f-8a50a677c-clientnsv4-s.akamaihd.net,0.0
uk-ua.facebook.com,0.0
eqyrxqe.sysu.edu.cn,0.0
lacetsneon.com,1.0
localhost.sangfor.com.cn,0.0
tawba.store,1.0
ifa9b.sanyotelevisao.sa.com,1.0
myfootball247.com,1.0
fltstore.pk,1.0
yshvneo.sysu.edu.cn,0.0
hfzeqfqv.page.link,1.0
advanceindia.in,1.0
p59-ckdatabase.icloud.com.cn,0.0
prottasabd.com,1.0
a18bde5ee0910fe7ce1ab97ad768d49d.safeframe.googlesyndication.com,0.0
file0.gofile.io,1.0
150.67.216.54.sbl.spamhaus.org,0.0
router11.teamviewer.com,0.0
wvartist.files.wordpress.com,0.0
202-116-81-14_s-184-26-127-51_ts-1654587156-clienttons-s.akamaihd.net,0.0
duolighting.co,1.0
e79763d19e3eb360dc68834144bf6b94.rdt.tfogc.com,0.0
pedrogarcialloret.com,1.0
ddfpnzll.page.link,1.0
ghzs-ios-web.cn-shenzhen.log.aliyuncs.com,0.0
bmfusinagem.com.br,1.0
atv.faqserv.com,1.0
hlkcnnsg.page.link,1.0
zj2fdlixfqz3eyu6peda-f-0921564b8-clientnsv4-s.akamaihd.net,0.0
api.wiz.cn,0.0
heal-thyself.sysu.edu.cn,0.0
3867f1334f76dc74ec76f4684ae1c789.safeframe.googlesyndication.com,0.0
rpbqaaj.sysu.edu.cn,0.0
www.limetorrents.to,0.0
pgmf.hust.edu.cn,0.0
texasmtboston.kasinoraha.com,1.0
d6e205a6e7824ec593fd563f4269925e.fp.measure.office.com,0.0
ods.lamp.cnrs.fr,0.0
mx3.sysu.edu.cn,0.0
tbxeqgrw.page.link,1.0
fixcellpc.com,1.0
vui.360kan.com,0.0
kingstoreperu.com,1.0
hassanacademy.edu.pk,1.0
eterapist.com,1.0
77286683664443e4cd6e8f280c83d187.safeframe.googlesyndication.com,0.0
ardownload2.adobe.com,0.0
cmc-nanchang-117-167-109-6.gensee.com,0.0
botdnwnzpeu.jnu.edu.cn,0.0
upload.vina-host.com,1.0
sukwismy.page.link,1.0
ns1.unibe.ch,0.0
qpreelqx.page.link,1.0
sayaq.pk,1.0
powertexmw.com,1.0
909daa9e3c170f8d892eabbd204e8727.safeframe.googlesyndication.com,0.0
hopelnew24.blogspot.com,1.0
8nvxdo.tdum.alibaba.com,0.0
monoblocked.com,1.0
zxubg.student.ust.hk,0.0
sta.faqserv.com,1.0
zqhd.eastmoney.com,0.0
api.support.sw.siemens.com,0.0
dmuysomva.sysu.edu.cn,0.0
jhizzisrjrqzl.sysu.edu.cn,0.0
royalbetwinner.in,1.0
nineplanetsolar.shop,1.0
fixdax.co.in,1.0
ygj.yn.gov.cn,0.0
lds.sync.oystergardens.club,1.0
mewham.com,1.0
assets3.lottiefiles.com,0.0
rodriyt.com,1.0
consulciap.com,1.0
32.72.74.160.sbl.spamhaus.org,0.0
codemark.co,1.0
richardhoefer.com,1.0
dfcitcou.page.link,1.0
images.canberratimes.com.au,0.0
8f20c2dc798f4d2e993cd5d57df61dd0.fp.measure.office.com,0.0
tj3rql9siwef.www.freecodecamp.org,0.0
unrld.cloudid.coffeeonboard.com,1.0
digitalworld27d.com,1.0
4e0c47796c754fd0b7c2c40205454d7f.fp.measure.office.com,0.0
hpcc.siat.ac.cn,0.0
inmobiliariasolucionurbana.com,1.0
f567b631cefa7675cd7893b7b7bdc5b5.safeframe.googlesyndication.com,0.0
aibk10.kuaishang.cn,0.0
masterclutchac.co.uk,1.0
dns.cic.tsinghua.edu.cn,0.0
5toft8or7on8tt.com,0.0
montereyclub.org,1.0
vffjeikp.page.link,1.0
keodiengineeringltd.co.ke,1.0
api-login.akspeedy.com,0.0
novostiua.io,1.0
777637397fd54271a162ff581d19c19b.fp.measure.office.com,0.0
jbjw31d.baiducom.vqu4698.com,0.0
dqthuhbb.page.link,1.0
hotelspaexcelsior.ca,1.0
iran-as.fartit.com,1.0
oscar500.rtb.appier.net,0.0
96ca4ff37b775742d976b041e22b11fa.safeframe.googlesyndication.com,0.0
abundarma.com,1.0
buscasa.com.mx,1.0
DE-FRA-ANX-R030.teamviewer.com,0.0
novostiua.media,1.0
9j1zpg.tdum.alibaba.com,0.0
eb10ae1f14582dac96c496a91fde1019.safeframe.googlesyndication.com,0.0
coupleofmisfits.com,1.0
www.bta.bg,0.0
groupehms.td,1.0
zh.pk1lib.org,0.0
fundaciongrillos.org,1.0
saeedalkarmi.com,1.0
winwinchapter.com,1.0
cartesrl.it,1.0
blanki.sysu.edu.cn,0.0
heitu-1253120569.file.myqcloud.com,0.0
5d98a67161e04edca3539b00ba5ad54d.fp.measure.office.com,0.0
open.nlc.cn,0.0
gnettecnologia.com.br,1.0
img2.sycdn.kuwo.cn,0.0
elevapark.com.mx,1.0
travelstarama.com,1.0
mip.shoujixs.com,0.0
ed-dl.vizvaz.com,1.0
41.192.114.17.sbl.spamhaus.org,0.0
futotarsakse.hu,1.0
cz.tj.gov.cn,0.0
dollar2023.com,1.0
eaa35d2a616a973ebad7115f344ba934.safeframe.googlesyndication.com,0.0
2657c0d5fb669da7cd3973b7a41dcc44.safeframe.googlesyndication.com,0.0
dbd3fb17d6ab47d4a7b16764af244bb4.fp.measure.office.com,0.0
rittal.com,1.0
csil.edu.pe,1.0
ad77efb761b74328bedcbfec62da670c.fp.measure.office.com,0.0
gba-angola.com,1.0
maxixeatelier.com,1.0
katespadeny.sysu.edu.cn,0.0
adl-qew.itsaol.com,1.0
beff960ec01f3540335196f1c5ae9222.safeframe.googlesyndication.com,0.0
93.64.64.45.sbl.spamhaus.org,0.0
qsizzijesvmsvq.sysu.edu.cn,0.0
mx03.sjtu.edu.cn,0.0
oohcykyt.page.link,1.0
matsandmore.net,1.0
skyguidefiles.sfo2.cdn.digitaloceanspaces.com,0.0
do0d35d.baiducom.vqu4698.com,0.0
todayallmatchprediction.com,1.0
spider.ws.126.net,0.0
037b9026da07944e6ed23c95cb26e1ec.safeframe.googlesyndication.com,0.0
gnreb.caching.oysterfloats.com,1.0
www.udrop.com,1.0
static.fibre2fashion.com,0.0
474fa58b3d634ee7a9161be59ee87e4a.fp.measure.office.com,0.0
nonpqzqhbx.sysu.edu.cn,0.0
esecentro1.gov.co,1.0
studentalpharotterdam.nl,1.0
email.o365.philips.com,0.0
crwhhhmw.page.link,1.0
sdt.fartit.com,1.0
msg.xcar.com.cn,0.0
82e2a333714c481f81a760c55226ea54.fp.measure.office.com,0.0
cl.sina.com.cn,0.0
nacolnist.edu.np,1.0
stat.aastocks.com,0.0
4965ae4a773e69da239801f733ae6743.safeframe.googlesyndication.com,0.0
ivx6n7Mi.dbl.spamhaus.org,0.0
cjubyardb.sysu.edu.cn,0.0
www.fallcoweb.it,1.0
cervecerosdecampeche.com,1.0
aiqonsb.com,1.0
nykterida.gr,1.0
apommel.gallerycdn.vsassets.io,0.0
wisconsinmdharrisburg.tazwilliams.com,1.0
sanctions-api.live.public.prod.orwell.fleet.ubi.com,0.0
cicol.pt,1.0
iffyixobvnvlu.sysu.edu.cn,0.0
beseen-bla.com,1.0
mediterraneanshippingllc.com,1.0
laststarblog.files.wordpress.com,0.0
w4dasvaxfpylayu6e7ma-f-d288ffb8f-clientnsv4-s.akamaihd.net,0.0
ouqdymj.sysu.edu.cn,0.0
cubanatravel.com.mx,1.0
adl-v.mrbasic.com,1.0
nwblockpavinglandscaping.co.uk,1.0
t4.chsi.com.cn,0.0
w4dasvcfydneuyu7mrhq-f-ffeceaecc-clientnsv4-s.akamaihd.net,0.0
audiroamaapp.com,1.0
sonic312-21.consmr.mail.sg3.yahoo.com,0.0
texasnewusa.com,1.0
183-6-9-84_s-23-63-243-177_ts-1654571560-clienttons-s.akamaihd.net,0.0
dentalartistry.co.nz,1.0
only-472879-58-249-112-49.nstool.netease.com,0.0
e690e745572e17ba4b86153b19fa4a8a.safeframe.googlesyndication.com,0.0
ada2u.com,1.0
kontarti.com.tr,1.0
fhnfile.oss-cn-shenzhen.aliyuncs.com,0.0
imglol.modskinpro.com,0.0
d7hftxdivxxvm.cloudfront.net,0.0
nmpsr.org.ng,1.0
fate.windada.com,0.0
dsf.faqserv.com,1.0
wrikfrnz.page.link,1.0
dymqu.sync.oystergardens.club,1.0
image.lceda.cn,0.0
report.upweb.qq.com,0.0
3t5fmdir6davlmhhdxalo5ogxackzhdfga6z3g6fd53780cc5c23242esac.d.aa.online-metrix.net,0.0
yevsaldz.page.link,1.0
obrecht.agentenpreview.com,1.0
edsd.my03.com,1.0
swm-tls-relay-prod-fluent-fawn-1161881867.us-west-1.elb.amazonaws.com,0.0
agatsyaspermbank.in,1.0
lhkpymgi.page.link,1.0
aahypnosis.com.au,1.0
savedbyhisgraceinc.org,1.0
boostyourimmune.co.za,1.0
gslb-op-us-west-02.v.fwmrm.net,0.0
91cc91008ce449e78af69ccc2613bd87.fp.measure.office.com,0.0
posbook.top,1.0
adl-il.vizvaz.com,1.0
hxopevba.page.link,1.0
haoovumyg.ap.qualcomm.com,0.0
w4dasvfygoo5syu66anq-f-2d7ad3c4a-clientnsv4-s.akamaihd.net,0.0
72k6ns9axg25xe5zmkmsxu32sxtc6qtfv6iu63kc423545dbd2148b3bsac.d.aa.online-metrix.net,0.0
lrefjviufewmcd.org,1.0
hs.cfed.cnki.net.yc.zslib.com.cn,0.0
zuhe.zxxk.com,0.0
pyrriycm.page.link,1.0
3t5fmdirg4cwexwk77f5v27xsapd476zj4ivuwzlb9e0a66925e60cb0sac.d.aa.online-metrix.net,0.0
windcomtechnologies.com,1.0
only-873056-14-24-146-106.nstool.netease.com,0.0
ide-parts.it,1.0
patos.mx,1.0
bitware.tec.br,1.0
refalalmadinah.com,1.0
country.cnr.cn,0.0
sell.foodmate.net,0.0
fitwithvik.com,1.0
piwik-sc.ccsd.cnrs.fr,0.0
partnerinfo.xunyou.com,0.0
wdc.iucr.org,0.0
79f578ed5b92e9a2229ad586e979f644.safeframe.googlesyndication.com,0.0
ffde2f5dcbfdda77b7dceb6bb082c918.safeframe.googlesyndication.com,0.0
mehjabeenairintlltd.com,1.0
flyhigroup.com,1.0
tkbfskdc.page.link,1.0
ukkfqoin.page.link,1.0
marylandscmontgomery.bonesdesigncompany.com,1.0
wakeup.baidu.com,0.0
ennystonschool.org.ng,1.0
jlkewoux.page.link,1.0
fermrock.com,1.0
instantdata.com.ng,1.0
226.189.67.172.sbl.spamhaus.org,0.0
alluponyarecords.com,1.0
zonguldakkaradenizmedikal.com,1.0
jaya-laser.com,1.0
35.169.219.52.sbl.spamhaus.org,0.0
zoomsgp30zc.sg.zoom.us,0.0
cimagtel.cl,1.0
hemgotfs.page.link,1.0
webapi.kuwo.cn,0.0
crz.de,1.0
vtqhowyh.page.link,1.0
dfjczeyj.page.link,1.0
p1.qpic.cn,0.0
sbc.gold-ichiba.com,1.0
omniblendaustralia.com.au,1.0
w4dasvaxfdy2syu67ioa-f-9d762f946-clientnsv4-s.akamaihd.net,0.0
aa86eb5ccdc9da40ce43422892278c12e.profile.sea-m.cloudfront.net,0.0
methodistchurchkenya.org,1.0
mlirlmps.page.link,1.0
3bec6e5ff5e7dd7df59ac8cbc79b0b30.safeframe.googlesyndication.com,0.0
booksnanny.com,1.0
60922c0c39a9c62a274e93269f4f4ff9.safeframe.googlesyndication.com,0.0
0428822d0f5e1887400089d5a867fe91.safeframe.googlesyndication.com,0.0
damightdata.com.ng,1.0
dgmobilewelding.co.uk,1.0
moorebanktowingservices.com.au,1.0
thobilem.co.za,1.0
bktrtwqc.page.link,1.0
egeuhzf.sysu.edu.cn,0.0
powerdatasub.com.ng,1.0
177.25.181.202.sbl.spamhaus.org,0.0
jhayesconsulting.com,1.0
mkakewcx.page.link,1.0
littlestarcasting.com,1.0
owhealth.com,0.0
5cac55afd9b2accab6265f234561bebd.safeframe.googlesyndication.com,0.0
sololicores.cl,1.0
cdn-media.prettylittlething.com,0.0
visionare.pk,1.0
ikhllhgs.page.link,1.0
bacfl.com,1.0
man2kotasmg.sch.id,1.0
ns1.koleso.tc,1.0
pwjspjqy.page.link,1.0
www.purevpn.com,0.0
only-982692-223-104-63-198.nstool.netease.com,0.0
gzny.cbpt.cnki.net,0.0
thenewthing.ro,1.0
naessships.com,1.0
jesmomdcare.co.uk,1.0
auth-unite-tts-audio.yuewen.com,0.0
c2construct.co.uk,1.0
pychrpui.page.link,1.0
projectdemo.xyz,1.0
bnnbee.com,1.0
books.google.com.py,0.0
infogrotech.com,1.0
putrarhodas.com,1.0
t3490655401086804910.id.amgdgt.com,0.0
qiche.mipang.com,0.0
t2551891483800878312.id.amgdgt.com,0.0
theJKinz.com,1.0
xrwoubnfsam.sysu.edu.cn,0.0
kmhmnqeh.page.link,1.0
www.voliamo.eu,1.0
ortoneves.pt,1.0
1.33.71.161.sbl.spamhaus.org,0.0
gorichemarketing.com,1.0
dsmedicalusa.com,1.0
70ad9ac2866b4ab98d89d98d26719a61.fp.measure.office.com,0.0
cc5762ed315c416692771cadf7dd8014.fp.measure.office.com,0.0
iran-ha.isasecret.com,1.0
cbcca.demdex.net,0.0
adli-ir.mrface.com,1.0
prnts.cc,1.0
arkeyo.com,1.0
amcolabora.or.id,1.0
416687139eb542d4a3ba4b8f4e2a8d52.fp.measure.office.com,0.0
appx-ng.sysu.edu.cn,0.0
ip266711491.ahcdn.com,0.0
ed-de.vizvaz.com,1.0
dropbox.database-files.com,1.0
pdlizuif.sysu.edu.cn,0.0
d4eab931d12f3ea35f01c7a03c86aa07.safeframe.googlesyndication.com,0.0
58ee701f324aa3c1f4230ce17c46437a.safeframe.googlesyndication.com,0.0
arambook.ir,1.0
160a395801d11d06160477bb0335af4e.dlied1.cdntips.net,0.0
istaffrecruits.com,1.0
pack.ma,1.0
drgourley.com,1.0
ff115f.oss-accelerate.aliyuncs.com,1.0
p4-evv6jvuhjkjs6-diaexakx26ebdk6w-if-v6exp3-v4.metric.gstatic.com,0.0
cqyacdcw.page.link,1.0
a4ae9b65eb9eb2d2bf4fc4a509ed875fb.profile.icn55-c1.cloudfront.net,0.0
99.89.237.183.sbl.spamhaus.org,0.0
hmymtvvcem.lenovo.com,0.0
agree.jd.com,0.0
cc.bjtu.edu.cn,0.0
palermoforever.eu,1.0
6c89e87a3d3a60c77c9303cb5b51aed5.safeframe.googlesyndication.com,0.0
jrlt.beacon.qq.com,0.0
henan.sina.cn,0.0
ferdartob.com.ng,1.0
vmmxztrm.page.link,1.0
sanmekglass.lk,1.0
rr4.sn-npoeened.googlevideo.com,0.0
flyawayaero.net,1.0
regionsarchery.com,1.0
cn-ucb-ali-r003.router.teamviewer.cn,0.0
pubs.acs.org,0.0
72k6ns9av4sqksx7kqwnk5jywuyg3nyshpr2kl6ya374d7af13a95128sac.d.aa.online-metrix.net,0.0
zj2fcdqx37b2gyu6yooa-pypbri-ef41293d5-clientnsv4-s.akamaihd.net,0.0
southdakotavtcolumbia.webarlington.com,1.0
xcfuudp.sysu.edu.cn,0.0
58dukkan.com,1.0
6cfdfe258ccf4bfeba73f3ca54d88575.safeframe.googlesyndication.com,0.0
9e365d6fbd1066a6eee81750bae6c274.safeframe.googlesyndication.com,0.0
t71.pixhost.to,0.0
alata.com.sa,1.0
signin.techsmith.com,0.0
pdwk5tyxiosmeyu7njxa-f-8a5992281-clientnsv4-s.akamaihd.net,0.0
saleorder-dish-pro.oss-cn-beijing.aliyuncs.com,0.0
d14fm7q9i1ewz3.cloudfront.net,0.0
emek.net.tr,1.0
radiola93.com,1.0
aakpeawp.page.link,1.0
gtzenterprises.com.np,1.0
q4.pdfdo.com,0.0
hogarentainversiones.com,1.0
mkbwindows.co.uk,1.0
imlp.baidu.com,0.0
w4dasvaxfdy2syu67gxa-f-b7978824d-clientnsv4-s.akamaihd.net,0.0
mail.mail.hust.edu.cn,0.0
98505198e297e39b69a639a7eb6090a8.safeframe.googlesyndication.com,0.0
uyjlldyjz.sysu.edu.cn,0.0
mail.qq.com,0.0
scholar.cnki.net.https.gzlib.proxy.chaoxing.com,0.0
hl4xau3ilnccuyu67kwq-pfz99x-1da04a406-clientnsv4-s.akamaihd.net,0.0
fundacion1555.com,1.0
clubul-tineretului.ro,1.0
roseleagarage.co.uk,1.0
cleanstyling.com.br,1.0
269e4949faeec3074e250b0e61f8a7b2.safeframe.googlesyndication.com,0.0
b79b21c638de792cb105814ae66efaab.safeframe.googlesyndication.com,0.0
zaakversneller.nl,1.0
www.dyhbhn.com,0.0
thewholenicole.files.wordpress.com,0.0
vyfbpqwn.page.link,1.0
scontent-ort2-1.cdninstagram.com,0.0
arigopay.com,1.0
ndllplna.page.link,1.0
quxvpxeq.page.link,1.0
w4dasvax373ssyu6kbdq-f-6e5ff07f1-clientnsv4-s.akamaihd.net,0.0
delivery217.akamai-cdn-content.com,0.0
aerotecbi.com.ar,1.0
duanshu-1253562005.picsh.myqcloud.com,0.0
alb-qfko4hso1rznintlbw.cn-shanghai.alb.aliyuncs.com,0.0
ubgeneym.page.link,1.0
rhfkw.com,1.0
f2f.org,1.0
radhagobindrefrigeration.com,1.0
crowbar.com.sg,1.0
175c6687446486f02f22072782328a1d.safeframe.googlesyndication.com,0.0
www.mpacc.bus.sysu.edu.cn,0.0
rsbudikemuliaan.id,1.0
ac4fa7708134a70c34d3-66da2307b23609a8f8a6d8a13d2f16e2.ssl.cf1.rackcdn.com,0.0
pharmacy.cvs.com,0.0
misfena.ro,1.0
aaronkaleeba.com,1.0
startrekconstrutora.com.br,1.0
orchidarchitect.com,1.0
m.kin.naver.com,0.0
only-284657-112-96-195-16.nstool.netease.com,0.0
xsj.699pic.com,0.0
limpromex.com,1.0
cnbj1.fds.api.xiaomi.com,0.0
clotsblimp-documents--online-pw.translate.goog,1.0
0caa56fcda8648a7b50089f6d1e9ba17.fp.measure.office.com,0.0
r3---sn-j5o7dn76.googlevideo.com,0.0
cache.marriott.com,0.0
petrolabindo.co.id,1.0
policytv.com.ng,1.0
kaplikayaadacafe.com,1.0
22c6ac5772509bab03597a47226c8e18.safeframe.googlesyndication.com,0.0
r3---sn-i3b7knzl.googlevideo.com,0.0
5908e47730ac4fc880433a782829149d.fp.measure.office.com,0.0
oidb.tim.qq.com,0.0
evcol.co,1.0
letsmanage.online,1.0
qianxi.baidu.com,0.0
obstetric-ultrasound.com,1.0
sm01.alicdn.com.danuoyi.alicdn.com,0.0
intellij-support.jetbrains.com,0.0
motigroup.net,1.0
doctordentistrebeca.ro,1.0
corpatlamaya.com.mx,1.0
xgufviiv.page.link,1.0
360a6c4f3cd4440596bdc70ea8728718.fp.measure.office.com,0.0
4bf20cdfaa274e298720315120e732a3.fp.measure.office.com,0.0
people.sina.com.cn,0.0
ekovel.ro,1.0
d2f8ksp3eu73s9.cloudfront.net,0.0
lakesidegarden.net,1.0
nn4rvq.sn.files.1drv.com,0.0
software.download.prss.trafficmanager.net,0.0
w4dasvfygntbgyu6ibiq-f-07ae11351-clientnsv4-s.akamaihd.net,0.0
swex.oss-cn-hangzhou.aliyuncs.com,0.0
lssxxpmail.sysu.edu.cn,0.0
a5531dba5d28997b79f34930a5cb51dcc.profile.osl50-p1.cloudfront.net,0.0
w4dasvaxgyjlqyu6hz2q-f-768087753-clientnsv4-s.akamaihd.net,0.0
kundagal.af,1.0
svgldnzn.page.link,1.0
ems.eastday.com,0.0
sevrage-tabagique-pratique.com,1.0
uxqlrccf.page.link,1.0
dkmtechsolution.com,1.0
24dc7b42919ac0979c3ef863f76c7b8f.safeframe.googlesyndication.com,0.0
sudmqtha.page.link,1.0
peoplebrand.co.ug,1.0
asdf-api.com,1.0
rw.sustech.edu.cn,0.0
krimpex.us,1.0
retghrtgwtrgtg.bounceme.net,1.0
artinicrash.com.au,1.0
elegantstudio.com.ng,1.0
marsansanayi.com,1.0
fanyi-doc.baidu.com,0.0
chasvoice.sysu.edu.cn,0.0
icsd.nist.gov,0.0
eoilimited.com.ng,1.0
lgame.tdm.qq.com,0.0
www.citydy.com,0.0
jznjzbdcppgma.sysu.edu.cn,0.0
demo.tcc.sa,1.0
zj2fcdvydozewyu65lrq-f-5d4672c8a-clientnsv4-s.akamaihd.net,0.0
creat-style.com,1.0
drugaosnovna.com,1.0
sogesta.cl,1.0
d6a14e669d0e45f88e46b0587dbad745.fp.measure.office.com,0.0
701f93cbd6fb0d4869bfdd9879e84812.safeframe.googlesyndication.com,0.0
tecnoconsulting.cl,1.0
social-garden.ro,1.0
bdimg.com,0.0
elevon.co,1.0
xtractis.us,1.0
m.youlai.cn,0.0
topaffiliates.live,1.0
only-976598-138-2-23-31.nstool.netease.com,0.0
ozitrainings.com,1.0
ppe-h5.ele.me,0.0
nat-detection.gog.com,0.0
gameon2.files.wordpress.com,0.0
robipower.com,1.0
fiyrtwit.com,1.0
bfa7763b495e8d4652907f55d2f4f51e.safeframe.googlesyndication.com,0.0
18f716773523b5efa521d5f5278a81cb.safeframe.googlesyndication.com,0.0
sigmaproducts.co.in,1.0
fun.sohu.com,0.0
player.xinpianchang.com,0.0
yandex.kz,0.0
download.pdf00.cn,1.0
userinforetry.kugou.com,0.0
d-land.pk,1.0
agukrfwv.page.link,1.0
search.fanruan.com,0.0
brainly.com,0.0
afcsm.2023.ebeenj.com,1.0
api.qoo-app.com,0.0
hl4xaeqxzirjcyu6xs7a-pyoh0w-0534d2405-clientnsv4-s.akamaihd.net,0.0
dfgttfglioa.sysu.edu.cn,0.0
fedgovt.sbs,1.0
pdwk54yxzbfmuyu66s2a-f-859ae1e68-clientnsv4-s.akamaihd.net,0.0
58bb206093c04a4431d2bf6fe72dc5c3.dlied1.cdntips.net,0.0
worldofwarcraft.com,0.0
8259d648610a89ce8f70319285a23a2a.safeframe.googlesyndication.com,0.0
7e885069b0f7823ffa4764affd6abc48.safeframe.googlesyndication.com,0.0
burhanabaci.com,1.0
wtplus.wetransfer.com,0.0
satnet.ma,1.0
vigsecol.com,1.0
zennajayaabadi.com,1.0
zachandmackenzie.files.wordpress.com,0.0
ponnerhut.com,1.0
baharat.ma,1.0
en14.forgeofempires.com,0.0
503604934-ad69sb17a1f76.rc03.oray.com,0.0
sge-sarlu.com,1.0
p4ear7.macieirare.sa.com,1.0
trimacinstallations.com.au,1.0
www.tjmu.edu.cn,0.0
baconredirects-elb-13l7gmlpd2vlb-517920148.eu-central-1.elb.amazonaws.com,0.0
you02446.lofter.com,0.0
120-236-174-234_s-23-48-201-33_ts-1654584963-clienttons-s.akamaihd.net,0.0
majunzhe.66law.cn,0.0
medadlawfirm.com,1.0
global-download.acer.com,0.0
zcat-mobile.zto.com,0.0
aa87cc4f0ba04d99993ef6d24c125638.fp.measure.office.com,0.0
yq.people.com.cn,0.0
b2af1c824ee949e8b3ef9b623f8c20bd.fp.measure.office.com,0.0
growth.ai.srv.tendawifi.com,0.0
fidywuva.page.link,1.0
neyr9a.bl.files.1drv.com,0.0
guffgpt.com,1.0
c069477917fa8d95d7ae912e6927ae5f.safeframe.googlesyndication.com,0.0
salem-gospel.org,1.0
primetv.online,1.0
4907d93297d34dd5940b88f520c3af25.fp.measure.office.com,0.0
zwtguhncd.sysu.edu.cn,0.0
243.zssom.sysu.edu.cn,0.0
gxt.hebei.gov.cn,0.0
202-116-81-14_s-23-196-47-105_ts-1654581791-clienttons-s.akamaihd.net,0.0
hwid.platform.hicloud.com.domain.name,0.0
yp.hnggzyjy.cn,1.0
vivdista.com,1.0
orianix.com,1.0
wfdlvwez.page.link,1.0
smf.dns05.com,1.0
dentalanalytics.co.uk,1.0
vbvvbxpkranallr.domain.name,0.0
api.codemao.cn,0.0
b6096c323bbbc585ffc94e50d274724b.safeframe.googlesyndication.com,0.0
www.xdgame.com,0.0
wg.360.cn,0.0
dlvuycvx.page.link,1.0
journals.asm.org,0.0
adliir.vizvaz.com,1.0
strongsuper.xyz,1.0
yasinallc.com,1.0
speedonline2u.com,1.0
admin.byte.in.ua,1.0
images-vod.wixmp.com,0.0
www.cn.yahoo.com,0.0
smkn1-manggar.sch.id,1.0
ns1-24-ap-northeast-1.ec2-rdns.amazonaws.com,0.0
yla.sync.oystergardens.club,1.0
ekswood.com,1.0
gaming.amazon.com,0.0
3f8dce31ca0a48759d0a62d9bc9dea03.fp.measure.office.com,0.0
coeadmin.xmu.edu.cn,0.0
1a2bee81cb7840e5be70d536e8d0dff3.fp.measure.office.com,0.0
a03779eaa2de46f08e73406f0d3227d3.fp.measure.office.com,0.0
downloads.mycloud.com,0.0
ssl-webplayer.unity3d.com,0.0
hankook.tmall.com,0.0
bno.layout.oystergardens.us,1.0
998ab10b54ccc6b4f421b1c23bd34c29.safeframe.googlesyndication.com,0.0
1c1fdb2624c0b5257fd03d5016ec75b3.safeframe.googlesyndication.com,0.0
jpkc.nwpu.edu.cn,0.0
zhongtai.cn-hangzhou.log.aliyuncs.com,0.0
kiezradler.de,1.0
w4dasvaxfdy4syu65e3q-f-66fd29040-clientnsv4-s.akamaihd.net,0.0
sunnyandscramble.com,1.0
adone.in,1.0
rr2---sn-j5o76n7d.gvt1.com,0.0
www.ferrari.com,0.0
emporchid.com,1.0
nicholasoflondon.co.uk,1.0
fdasfewmm26dsafdas.oss-ap-southeast-1.aliyuncs.com,1.0
vip-video1120-thumbnail2.fc2.com,0.0
www.feitsui.com,0.0
adl-aka.itsaol.com,1.0
dbtowing.ca,1.0
sstrade.mk,1.0
www.indycar.com,0.0
shramabhimani.org,1.0
a5b77b97858235fec4d6fc46397ded50a.profile.ams1-p2.cloudfront.net,0.0
arvtejiq.page.link,1.0
7d3c6de2f103447f8cea71e037cd5477.fp.measure.office.com,0.0
rbs-ali-gateway-dmzgray.paas.cmbchina.com,0.0
m.musicheng.com,0.0
cirtel.com.co,1.0
asipl.live,1.0
042106cecb07af2e669da9d1f9df2f74.safeframe.googlesyndication.com,0.0
5e05f24fd98f9130fb8353e73415e9f0.safeframe.googlesyndication.com,0.0
62bdff980bd42c5eb1f375553128d1e0.safeframe.googlesyndication.com,0.0
926431b2349f44a2a20d72de9838ba06.fp.measure.office.com,0.0
c-0.19-a7000081.ca50081.16a8.b69.3ea5.210.0.hp82tb5ghe3b1i7h5pv2bru2jv.avts.mcafee.com,0.0
fbc.dns05.com,1.0
qtvkifug.page.link,1.0
gons25cl.top,1.0
eivdnjmy.page.link,1.0
t2sevy5fw7lr.s4.adsco.re,0.0
apciwypb.page.link,1.0
864e66389a1a600bd8ec79ea294269d1.safeframe.googlesyndication.com,0.0
sxyckjbj.page.link,1.0
home.xbiao.com,0.0
jlookxwq.sysu.edu.cn,0.0
perfectplayer.online,1.0
jxau.fanya.chaoxing.com,0.0
feratkayamakina.com,1.0
adlir.fartit.com,1.0
netpro.africa,1.0
kurstjensballonvaarten.nl,1.0
CSC-DS1520.sysu.edu.cn,0.0
gobo25cl.top,1.0
qdpcarae.page.link,1.0
devbitssolutions.com,1.0
pydljhocix.sysu.edu.cn,0.0
padl-fms.oiu.edu.sd,1.0
xwbrqhap.page.link,1.0
pea227bf63-f44e-4a9d-a0fe-04b163161031-54-198-93-21.fastcast.semfs.engsvc.go.com,0.0
d82d99bc36ec42439d6bf8e14bf86e4c.fp.measure.office.com,0.0
onazkdmr.page.link,1.0
rvniyog.sysu.edu.cn,0.0
alwahacare.com,1.0
elvalledetarrazu.com,1.0
hotelava.ir,1.0
custom.gettyimages.com,0.0
bot-jo.fun,1.0
ebf.faqserv.com,1.0
ex.mail.10086.cn,0.0
gktzbfma.page.link,1.0
oneey.xyz,1.0
uczestnik3.devagroup.nq.pl,1.0
ufc.pptv.com,0.0
zoomff193-122-36-127zc.cloud.zoom.us,0.0
cwllqmwxr.sysu.edu.cn,0.0
matoshriiti.com,1.0
9ed0fa969a864453aa9d1d3b465334e7.fp.measure.office.com,0.0
fddhlmjtpzcn.sysu.edu.cn,0.0
alpscoating.com,1.0
jiandikie.com,1.0
sivasotoklimaelektrik.com.tr,1.0
losabuelos.com.mx,1.0
ea-platform.bytedance.com,0.0
camerazone.lk,1.0
sdhm.fartit.com,1.0
cyuovhhaiqyq.sysu.edu.cn,0.0
awjjlv.tdum.alibaba.com,0.0
6fb594bbf282442b8330786120c68930.fp.measure.office.com,0.0
g11v.prd.ads.aws.fwmrm.net,0.0
visothgroup.com,1.0
zamned5342.xyz,1.0
inputsuggestions.msdxcdn.microsoft.com,0.0
9llmds.tdum.alibaba.com,0.0
34d61f11de6c4c45aeec9f446376cfc1.fp.measure.office.com,0.0
firstelite-sa.com,1.0
minnesotanecharleston.seymourbrody.com,1.0
hjiaur.bluboldlikeuscelullares.motorcycles,1.0
jayantha.info,1.0
ywhzhmkl.page.link,1.0
gabioni.ge,1.0
4877becca7264a0cb96d7df0db9154a3.fp.measure.office.com,0.0
weyr.nogueirare.sa.com,1.0
expressionsofwood.ca,1.0
grapemundo.com,1.0
ywsbiouy.page.link,1.0
mygroman.com,1.0
shop366866300.taobao.com,0.0
image93.360doc.com,0.0
nmtest.bdstatic.com,0.0
vetaidbd.net,1.0
sitelco.net,1.0
airbnb.com,0.0
sofirefiesta.com,1.0
casavolt.com,1.0
srsorvete.com.br,1.0
carreraworxgarage.com,1.0
b55d07aedaa8005acb23c48104747571.safeframe.googlesyndication.com,0.0
18dcb9933f2b64bcfad41729ec5dbe52.safeframe.googlesyndication.com,0.0
innovaexpress.co,1.0
archangelsacademy.com,1.0
ghnvlosd.page.link,1.0
metinalbum.com,1.0
tvmiwomvhglrcv.sysu.edu.cn,0.0
mqufqaoc.page.link,1.0
nutrinearbuy.com,1.0
swwonolo.page.link,1.0
40.3.38.210.sbl.spamhaus.org,0.0
asmargroup.org,1.0
omertgroup.com,1.0
240eb4d172134c29b72f11ba8b7cb184.fp.measure.office.com,0.0
techniguitare.com,1.0
only-782295-117-136-12-206.nstool.netease.com,0.0
pn-raha.go.id,1.0
adaeb4c407f8499582a382caf9dfc6ee.fp.measure.office.com,0.0
138.113.216.52.sbl.spamhaus.org,0.0
waterproofingexperts.pk,1.0
mostlynonsensical.com,1.0
rbjolqsnr.sysu.edu.cn,0.0
730ced0560c84665932427f0c49c8bdd.fp.measure.office.com,0.0
wcplayer.tendawifi.com,0.0
rr4---sn-a5mlrn76.googlevideo.com,0.0
sjremetrics.java.com,0.0
rxiaaawvag.sysu.edu.cn,0.0
gcdnbabl3png.erikroff.fun,1.0
emilioramirez.net,1.0
rpkfpvfm.sysu.edu.cn,0.0
131ea5e858354065afac2f7ec17682c3.fp.measure.office.com,0.0
hl4xatdilnccuyu6hseq-pxo7jb-316be2a45-clientnsv4-s.akamaihd.net,0.0
makemoney.bond,1.0
pickleballera.com,1.0
patch4.pathofexile.com,0.0
rxrr.duckdns.org,1.0
netboxsolutions.com,1.0
8b4806d033ef4c9188ec35472a38c319.fp.measure.office.com,0.0
fhgrnurw.page.link,1.0
aosafrica.co.za,1.0
w4dasvaxacrtuyu63x2q-f-6090d3f3e-clientnsv4-s.akamaihd.net,0.0
2a07ef7b0af24292b7a9e885bddb9e5b.fp.measure.office.com,0.0
macrocalls.net,1.0
edsdyhdimhus.sysu.edu.cn,0.0
data.fotmob.com,0.0
contliv.ro,1.0
my2010289.c2.n0.bc9.wezhan.cn,0.0
umweltbundesamt.de,0.0
yektik.com.mx,1.0
smmp.sync.oystergardens.club,1.0
maxcounsellingservices.com,1.0
f982e3adef5a433ea226fdbe671c46b3.fp.measure.office.com,0.0
prestigehouse1.net,1.0
grupokidss.com,1.0
egyfarm-eg.com,1.0
8cd208b355814d878fd1fea396ec0987.fp.measure.office.com,0.0
dymlxcxgfa.sysu.edu.cn,0.0
www.youth.sdu.edu.cn,0.0
rmbf.xin.cutestat.com,0.0
ts.gdwsxf.gd.gov.cn,0.0
cnc.dm5.com,0.0
well-don.com,1.0
revangenclik.org.az,1.0
thcoschools.sharepoint.com,0.0
mistspring.com,1.0
bszzpebm.page.link,1.0
www.wanuxi.com,0.0
zj2fcdqx2cgcgyu6ylzq-f-aaf37198c-clientnsv4-s.akamaihd.net,0.0
rr4.sn-j5o7dn7l.gvt1.com,0.0
ug-itv-letv.yysh.mgtv.com,0.0
rpfoasvr.page.link,1.0
playdamneds.com,1.0
e7d6134144467cc472eadb8a2309b2e6.safeframe.googlesyndication.com,0.0
res.mobile.kugou.com,0.0
lcpjxkum.page.link,1.0
purepack-eg.com,1.0
iosfxfjf.page.link,1.0
alerts.hindawi.com,0.0
sahamiran.itsaol.com,1.0
dsm.mrbasic.com,1.0
cbd74b07248c6a9ac4d3334160d105c3.safeframe.googlesyndication.com,0.0
oilab.seas.wustl.edu,0.0
h5.zhaoonline.com,0.0
w4dasvgm5xt5iyu7b4ua-f-7df82319a-clientnsv4-s.akamaihd.net,0.0
gkqmkjyh.page.link,1.0
palakkadscb.org,1.0
msfwifi.3g.qq.com,0.0
nhzoniggpwsa.sysu.edu.cn,0.0
w4dasvaxfdy2syu65gcq-f-bb624c8d7-clientnsv4-s.akamaihd.net,0.0
dubaiblindscurtains.ae,1.0
zj2fdlixfqz3eyu6rcka-f-bb7ae62d7-clientnsv4-s.akamaihd.net,0.0
8155d4f8a55f4382362e65484030c193.safeframe.googlesyndication.com,0.0
znfjpublmcqvael.sysu.edu.cn,0.0
54fcf18107bd4ada9c94686102360e1e.fp.measure.office.com,0.0
sifpos.com,1.0
dpp.hn,1.0
zqwlxfcj.page.link,1.0
gkrickshaw.in,1.0
gons22cl.top,1.0
account.apeaksoft.com,0.0
votfitio.page.link,1.0
soho.qq.com,0.0
tagsystems3.s3.eu-de.cloud-object-storage.appdomain.cloud,1.0
afsharemlak.com,1.0
tipsonbd.com,1.0
previews.dropboxusercontent.com,0.0
bahguri.rs,1.0
pro.aicoin.com,0.0
assetstorage169.azureedge.net,0.0
azyezpxa.page.link,1.0
phiplyafrqlmdi.sysu.edu.cn,0.0
drsmartpaint.com,1.0
news.uthsc.edu,0.0
request-global.czilladx.com,0.0
nippe.fi,1.0
jvpowertech.com,1.0
vcdn1-kinhdoanh.vnecdn.net,0.0
zzoxbhve.page.link,1.0
fc2eb358e78c69836052b3a615da9d5d.safeframe.googlesyndication.com,0.0
adz.biz.id,1.0
xfs-004.batcg.com,0.0
57.6.45.185.sbl.spamhaus.org,0.0
medicalbrasil.com.br,1.0
zopte234.xyz,1.0
lh3.google.com,0.0
c6ea6t.westinghousetelevisao.sa.com,1.0
www.chinahighlights.com,0.0
beauticiousbronze.com,1.0
tpzcakkm.page.link,1.0
itv.hexun.com,0.0
6a0816ad1e0c49419329149cdad66ddd.fp.measure.office.com,0.0
dd29bf5fae5be713ecd0be5b6be034cd.safeframe.googlesyndication.com,0.0
6a245df53937319f88495aed872cd076.safeframe.googlesyndication.com,0.0
829af011b9b5f688ec647b3d7a6be4d4.safeframe.googlesyndication.com,0.0
toplinks.cc,0.0
www.chem.gla.ac.uk,0.0
ed-rd.otzo.com,1.0
shokqnifumjyltd.sysu.edu.cn,0.0
844d08ff365f41c990ded5b8527ef75b.fp.measure.office.com,0.0
egii.ro,1.0
services.ticketmaster.com,0.0
gfresh-hub.in,1.0
ebd.faqserv.com,1.0
w4dasvfydj7tayu6z7kq-pofl03-c9a52eb8a-clientnsv4-s.akamaihd.net,0.0
gheddewa.online,1.0
airhobi.com,1.0
69b21c41d2d2935ca4e3bd432dc32c26.safeframe.googlesyndication.com,0.0
b5dbfbf659fa4c9c9cd6c0d850364dee.fp.measure.office.com,0.0
neochic-properties.com,1.0
nam04.dataservice.protection.outlook.com,0.0
boats.dogmuncher.xyz,1.0
www.androidcentral.com,0.0
nspiovpa.page.link,1.0
tv.uuu9.com,0.0
zj2fdlixfqz3eyu6k7eq-f-df6565328-clientnsv4-s.akamaihd.net,0.0
go.case.edu,0.0
jolr8a.by.files.1drv.com,0.0
haidertour.com,1.0
saham-b.skcarriages.com,1.0
live.esea.net,0.0
csxd.contentsquare.net,0.0
f090909901274b3a7f961146e10ba6c2.safeframe.googlesyndication.com,0.0
landhuisbelnem.com,1.0
parallel.com.gt,1.0
cdn.shopify.com,0.0
ipblock.chacuo.net,0.0
futurefoodfarms.com.ng,1.0
soe.tencentcloudapi.com,0.0
az861674.vo.msecnd.net,0.0
oss.cnstock.com,0.0
de.apple.com,0.0
80cc55113e334c46950e6623bb210122.fp.measure.office.com,0.0
zj2fdbtikhr4syu7ba7q-f-4ded8123e-clientnsv4-s.akamaihd.net,0.0
texttospeechconverter.com,1.0
helixminer-blog.oss-cn-beijing.aliyuncs.com,0.0
renforcerusa.com,1.0
5300566332154bbbae0338f8efc7630c.fp.measure.office.com,0.0
onedriveclucprodbn20019.blob.core.windows.net,0.0
vpqwvpsaaudppva.sysu.edu.cn,0.0
78e6b6fa497a91d0c8ae84b499660c1e.safeframe.googlesyndication.com,0.0
a191ca7fa5a191b50d793fee1ae8394d.safeframe.googlesyndication.com,0.0
baovevieta.net,1.0
ttlltnhp.page.link,1.0
capesatdigitals.co.za,1.0
hcpss.instructure.com,0.0
consultasnfc.club,1.0
topazlabs.s3.amazonaws.com,0.0
xgcnegqv.page.link,1.0
artemcraft.temp.swtest.ru,1.0
konyacelikcati.com,1.0
mumh.result.garrettcountygranfondo.org,1.0
vvohqncw.page.link,1.0
zkbhfqyx2oecwyu6267a-poo9i8-b1c1b39ab-clientnsv4-s.akamaihd.net,0.0
btwysbcv.page.link,1.0
w4dasvfydj7tayu6tocq-pe7b1x-79adc3b02-clientnsv4-s.akamaihd.net,0.0
ga.zhuhai.gov.cn,0.0
58-249-112-36_s-23-48-214-105_ts-1654580477-clienttons-s.akamaihd.net,0.0
kuaiyunqiu0915.lofter.com,0.0
weihoushidai.datasink.sensorsdata.cn,0.0
mthgps.com,1.0
173.lingnan.sysu.edu.cn,0.0
506748738b556624c6b63e30fef7f721.safeframe.googlesyndication.com,0.0
jlsangola.com,1.0
img1.iqilu.com,0.0
htulyb.com,1.0
193fb1b493b64e5fbc4656ef64df2f4e.fp.measure.office.com,0.0
intertradez.com,1.0
cttpb.settings.oysterfloats.org,1.0
maestheticsclinic.com,1.0
jyyfdzav.sysu.edu.cn,0.0
anurajfragrances.com,1.0
f657d6be2ef2668c2e5f1f38c871cf23.safeframe.googlesyndication.com,0.0
wxj.layout.oystergardens.us,1.0
9ce6ea248dac4363836b13c429f90773.fp.measure.office.com,0.0
34-213-95-22-pushcl.np.communication.playstation.net,0.0
77.96.205.132.sbl.spamhaus.org,0.0
jsyz.cbpt.cnki.net,0.0
icuatnxlrknn.sysu.edu.cn,0.0
666deb8d9e944f53acb3e933d8ee00a1.fp.measure.office.com,0.0
218.lac.sysu.edu.cn,0.0
worldimg.kbs.co.kr,0.0
bt.byr.cn,0.0
rencontrenationaledanse.fr,1.0
asw.faqserv.com,1.0
seguridaduls.cl,1.0
anywayit.com,1.0
245.90.224.52.sbl.spamhaus.org,0.0
eu1rgn.file.samsungcloud.com,0.0
207.graduate.sysu.edu.cn,0.0
jiqtdw.ch.files.1drv.com,0.0
aqua-life-systems.com,1.0
ewr1.vultrobjects.com,1.0
biitcomputersbhongir.com,1.0
zafaraliphotography.com,1.0
mip-jianke-com.sm-tc.cn,0.0
p4-c6qyczlz42y3u-nnl2ajlyf7eyy5oz-if-v6exp3-v4.metric.gstatic.com,0.0
774b2061c29844d6b7cf31ad738c2032.fp.measure.office.com,0.0
theagency786.com,1.0
arachne.uni-koeln.de,0.0
dc7a2dc79b53737b07c13821537aac58.safeframe.googlesyndication.com,0.0
ir.mrface.com,1.0
znscmjbhhatqwoo.sysu.edu.cn,0.0
bjpzmdtn.page.link,1.0
ihwijcnh.page.link,1.0
ecox.pt,1.0
wehmojds.page.link,1.0
7.58.178.18.sbl.spamhaus.org,0.0
threeheartswellness.com,1.0
www.flowcode.com,0.0
xntfazf.sysu.edu.cn,0.0
nbpasqym.page.link,1.0
hl4xaslachnpcyu7fpfa-f-fd7b996dd-clientnsv4-s.akamaihd.net,0.0
api.misim.10046.mi.com,0.0
xtqjipsqnqf.sysu.edu.cn,0.0
georgianaivan.ro,1.0
pdwk5yyxedwtwyu7al4a-ppld5y-fd1e779f3-clientnsv4-s.akamaihd.net,0.0
k3wisebi.kingdee.com,0.0
gatesfencingyork.co.uk,1.0
tkuyhbkt.page.link,1.0
aolbyewhgchqu.sysu.edu.cn,0.0
hmihnaio.page.link,1.0
1c4b1714d17493b6ebcc7d5520e8636f.safeframe.googlesyndication.com,0.0
csdn-test-oss.oss-cn-beijing.aliyuncs.com,0.0
bfesxkqi.page.link,1.0
bortechits.com,1.0
b62672384768419eb93f8d7209f513c8.fp.measure.office.com,0.0
resource-1259244289.file.myqcloud.com,0.0
yjsy.scnu.edu.cn,0.0
dzlhxvmz.page.link,1.0
medibridge.ch,1.0
milanmatka.com,1.0
saleseconomic.online,1.0
stronggila.xyz,1.0
sahmnx.mynetav.org,1.0
p07-fmip.icloud.com,0.0
www.thebay.com,0.0
w4dasvfyd4ameyu6vqmq-f-40747e888-clientnsv4-s.akamaihd.net,0.0
ylbx.shaanxi.gov.cn,0.0
dbest.ro,1.0
elyonpro.com,1.0
servicecustomercare.com,1.0
s1.daumcdn.net,0.0
pxv.2023.ebeenj.com,1.0
bemanicn.com,0.0
group-digest-pi-1251316161.file.myqcloud.com,0.0
w4dasvax2cgiayu6uedq-f-988db65c8-clientnsv4-s.akamaihd.net,0.0
ytnnynusmyqbtqn.sysu.edu.cn,0.0
f027e297c15349a9a646ca1defc19dfe.fp.measure.office.com,0.0
visibleangle.com,1.0
bubbles.com.br,1.0
cgkeazaf.page.link,1.0
b5np6d.tdum.alibaba.com,0.0
triphutt.com,1.0
edge-345.hkhkg.icloud-content.com,0.0
sahmn.fartit.com,1.0
ad-ir.dns05.com,1.0
bkc.or.id,1.0
samadhan.biz,1.0
hifiseven.taobao.com,0.0
yhq.softhome.cc,0.0
pdwk5vo7o4zlwyu6z23q-f-8716171e9-clientnsv4-s.akamaihd.net,0.0
_.mkszyxy.sysu.edu.cn,0.0
fcb.dns05.com,1.0
mamobiles.pk,1.0
feedback-cdn.karousell.com,0.0
bafybeibybptkx5u3hsasptuvxub4hpwrau7mjtxtaw2olk3jrzfk2vntu4.ipfs.infura-ipfs.io,0.0
printingssolutions.com,1.0
mysouqco.com,1.0
adl-aur.vizvaz.com,1.0
adonisaviation.in,1.0
51trip.baidu.com,0.0
vtdigital.net,1.0
curtainsblindsdesign.com.au,1.0
ymbzmslwqgrkd.www.tendawifi.com,0.0
institutonuevapompeya.com,1.0
cz81263.tw1.ru,1.0
uksqkzidtr.www.tendawifi.com,0.0
crudeoilinvestment.online,1.0
dotcombroadband.net,1.0
transfer.sh,1.0
vkyrusch.page.link,1.0
imperialcnc-dz.com,1.0
northgatebakery.ca,1.0
api.easeus.com,0.0
yfy4aqbgixhdyel3sonhrmssaycrt27it27ecsmk36d34118e7e48426sac.d.aa.online-metrix.net,0.0
freshdew.org.ng,1.0
qywuneng.oss-cn-hangzhou.aliyuncs.com,0.0
allbvddnjsfjx.sysu.edu.cn,0.0
rr4---sn-a5meknzl.googlevideo.com,0.0
khuphomoidonghoa.com,1.0
www.txtshu365.net,0.0
fe_perf_laggy.dreport.meituan.net,0.0
dnatango.com,1.0
uscellularco.com,1.0
maiwuyouran.lofter.com,0.0
txevrwxm.page.link,1.0
0c0467349d446e552317c102539a3d45.safeframe.googlesyndication.com,0.0
347c5bd8251a215c3b945eb4dcd97b05.safeframe.googlesyndication.com,0.0
mss.sankuai.com,0.0
a49edab1d27682fa0bb6fbd90deec7443.profile.cph50-c2.cloudfront.net,0.0
rtb.adpone.com,0.0
183-6-9-82_s-104-124-11-41_ts-1654565461-clienttons-s.akamaihd.net,0.0
rr1---sn-npoeened.googlevideo.com,0.0
api.evernote.com,0.0
www.fakku.net,0.0
cgjrfhmk.page.link,1.0
kvyfjsadi.sysu.edu.cn,0.0
smfzzydt.page.link,1.0
188.112.147.61.sbl.spamhaus.org,0.0
yyvnjpp.sysu.edu.cn,0.0
georgiaokdenver.rostalflowers.com,1.0
shardaengineering.in,1.0
annabellekalai.com,1.0
mufigrwtitdiid.sysu.edu.cn,0.0
lameguard.ru,1.0
ifsgroup.co.zw,1.0
nzuzvmutfphpuk.sysu.edu.cn,0.0
organicgrp.com,1.0
hoteljimmybd.com,1.0
el-ahmaddeme.sn,1.0
280d3052c082d8d254a13eea059bfa31.safeframe.googlesyndication.com,0.0
ifiveapps.com,1.0
yunaxtech.com,1.0
aokmcrwgbmu.sysu.edu.cn,0.0
greenteech.com,1.0
pyutjmeh.page.link,1.0
lqnekymqzhqu.sa.qualcomm.com,0.0
jgjw.mofcom.gov.cn,0.0
adfgs-l.mrface.com,1.0
comphealth.ucsf.edu,0.0
hvzkgrbf.page.link,1.0
963adcbb6c836ee30e6da2e144dc84e5.safeframe.googlesyndication.com,0.0
src1.minibai.com,1.0
amenfamilia.com,1.0
8daf451d959f4a64b6aed046491c1be0.fp.measure.office.com,0.0
wed.novelty.akibacreative.com,1.0
h2u.host,1.0
prestburycheshire.com,1.0
iwuumvcr.page.link,1.0
inspiringwomen.co.za,1.0
only-464749-58-249-112-92.nstool.netease.com,0.0
kenal.link,1.0
mayri.in,1.0
drm.live.cntv.cn,0.0
v27-dy.ixigua.com,0.0
aepnoxvfzcxbmsc.sysu.edu.cn,0.0
www.idntimes.com,0.0
zj2fdlixfqz3eyu6pgla-f-1756accdc-clientnsv4-s.akamaihd.net,0.0
moknex158.xyz,1.0
gmdighwi.page.link,1.0
fatbird.edmodo.com,0.0
osaka-u.ac.jp,0.0
adlio.vizvaz.com,1.0
doctor-upload.haodf.com,0.0
dt-external-521234871.us-west-2.elb.amazonaws.com,0.0
fcb2cd78c76b4a7a9d9a1cc67fe3653d.fp.measure.office.com,0.0
info.bilibili.co,0.0
d1rkab7tlqy5f1.cloudfront.net,0.0
fpcy.ningxia.chinatax.gov.cn,0.0
amandasasso.com.br,1.0
venameb.webd.pl,1.0
861899567.docs.qq.com,0.0
f3ba0394b5ecddee38e1cc061b177559.safeframe.googlesyndication.com,0.0
p.baidu.com,0.0
gobo09fv.top,1.0
ais.adobe.io,0.0
orsomedia.cosavostra.com,1.0
instagram-app.com,0.0
7ee3749c0782bae8e9f82b063b6911b4.safeframe.googlesyndication.com,0.0
tinsignsnmore.com,1.0
bthzhpyi.sysu.edu.cn,0.0
3cee1948ef494d6d8799dfa12185157c.fp.measure.office.com,0.0
xikpdfemvzjhafg.sysu.edu.cn,0.0
rr6---sn-ogueln7r.googlevideo.com,0.0
errors.wordtune.com,0.0
ns1.myhostadmin.net,0.0
rtp-kapuas88.com,1.0
qbnerfzd.page.link,1.0
tvmanager-scloud-letv.yysh.mgtv.com,0.0
f9394e0344a240c19671cccb58778a0b.fp.measure.office.com,0.0
ryunmsef.page.link,1.0
szkolenie-gtm.devagroup.nq.pl,1.0
72k6ns9a7rgqocqzdcl54u45a2e2r4invowyycinc0b7de5abcb68268sac.d.aa.online-metrix.net,0.0
sh-htfs.ftn.qq.com,0.0
bigexcomputers.com,1.0
dapoermbae.shop,1.0
digicry.com,1.0
api.telegram.org,1.0
radiovivajuarez.com,1.0
4zpl30d.baiducom.vqu4698.com,0.0
ohioutmontpelier.ligamusim365.com,1.0
ynhfdwgergs.sysu.edu.cn,0.0
580d948164df4939b83b4ccb3bae41f3.fp.measure.office.com,0.0
w4dasvax2cgcgyu7nz4q-f-d827bfde0-clientnsv4-s.akamaihd.net,0.0
eykwkegm.page.link,1.0
a82fdbe68b45c1eb785e2a802ebedb10f.profile.yvr50-c1.cloudfront.net,0.0
vc9-tx1-pl-agv.autohome.com.cn,0.0
72k6ns9aj4zgpmxynbokjjbxezqq734cw6c7j3oud068608733c03431sac.d.aa.online-metrix.net,0.0
trial-eum-clienttons-s.akamaihd.net,0.0
ouwjvfng.page.link,1.0
only-225212-223-104-67-23.nstool.netease.com,0.0
w4dasvfygjme6yu6y5ya-f-ae392dc0c-clientnsv4-s.akamaihd.net,0.0
frtitfaiye.com,1.0
youth.buaa.edu.cn,0.0
w4dasvaxeqbfcyu6xura-f-1927e4a72-clientnsv4-s.akamaihd.net,0.0
013eeceehddicf.jumpbc.chuairan.com,0.0
tuji.39.net,0.0
radiancegroup.info,1.0
caucasusluxury.travel,1.0
w4dasvaxzciyuyu6iowa-f-8cbc016f2-clientnsv4-s.akamaihd.net,0.0
thedoctorsgym.net,1.0
sevenhillscricketclub.com,1.0
geohealth-submit.agu.org,0.0
productoption.hulkapps.com,0.0
wtvwhrze.page.link,1.0
salemcorporation.gov.in,1.0
gleaming.cfd,1.0
6e450fd77730ea9a60a21a448ca260f6.safeframe.googlesyndication.com,0.0
piwik.openstreetmap.org,0.0
vsa18.tawk.to,0.0
marketingguruzz.com,1.0
hemseducation.com,1.0
www.benl.ebay.be,0.0
w4daswyx362hiyu7jm4q-f-f3a027aab-clientnsv4-s.akamaihd.net,0.0
BRW4CEBBD48E836.sysu.edu.cn,0.0
bzixlqfkuzmbjs.sysu.edu.cn,0.0
ezejiamatufoundation.com,1.0
01a6d9dc24a543df8a2978ccfcd1d8e4.fp.measure.office.com,0.0
xgpcrhwmlvuozts.sysu.edu.cn,0.0
zsxvfs.medbooks.com.cn,0.0
usa-biz-cpa.blogspot.com,1.0
ba351511ca1d4b53bc09f11b35df31a8.fp.measure.office.com,0.0
fffe63588f9c84b23fa2b8f9cb828801.safeframe.googlesyndication.com,0.0
98ceafb64b8d6d5883ae75c039c226e7.safeframe.googlesyndication.com,0.0
3843d6ee044ed06de8448ab89d44f45c.safeframe.googlesyndication.com,0.0
tucanosimports.com.br,1.0
backstagehair.ca,1.0
chipnweb.com,1.0
sahmbe.fartit.com,1.0
w4dasvaxhp6icyu6hjaq-f-548bfc436-clientnsv4-s.akamaihd.net,0.0
rfvtgb.hightally.com,0.0
hblmbtbm.beget.tech,1.0
gloombotmedia.com,1.0
buildingblend.com,1.0
web.s1079.vhostgo.com,0.0
www.tobacoogd.zhaopin.com,0.0
gons12fc.top,1.0
amtri.ma,1.0
hfghi7efcdaabba964545s0o6nonquobxu6ccw.fhcz.libproxy.ruc.edu.cn,0.0
sdl.faqserv.com,1.0
archive.thinkprogress.org,0.0
fivestareducationgroup.com,1.0
a1f4aa5f51648126285512d800c47a2a4.profile.bru50-c1.cloudfront.net,0.0
frienddy.pro,1.0
rzbqbejk.page.link,1.0
59ca02d5a90c4f17166b69ec7b8e3124.safeframe.googlesyndication.com,0.0
ejsplasteringlimited.com,1.0
adl-ff.fartit.com,1.0
w4das2liksysoyu6vuxa-f-f30b755ee-clientnsv4-s.akamaihd.net,0.0
trashboi.sysu.edu.cn,0.0
cat-cn.wargaming.net,0.0
dubaishop.site,1.0
tzjcbfun.page.link,1.0
web.gamecenter.qq.com,0.0
fum4uu.tdum.alibaba.com,0.0
lepetithotel.cl,1.0
zabeeltower.com,1.0
d24imatjnl1tgz.cloudfront.net,0.0
NO-OSL-ANX-R002.teamviewer.com,0.0
malaysia-study.com,1.0
aef5039d821e6de485641824acdd082e3.profile.icn54-c3.cloudfront.net,0.0
zj2fdlixfqz3eyu6lawa-f-b368d327a-clientnsv4-s.akamaihd.net,0.0
sigetec.com.mx,1.0
mpcelmobile.com,1.0
74a8d2704ee4d301169e3c596389424b.safeframe.googlesyndication.com,0.0
bqqxogxurbqi.sysu.edu.cn,0.0
i-38.b-45395.ut.bench.utorrent.com,0.0
adminradio.net,1.0
dentistarioclaro.com.br,1.0
managerial.email,1.0
mooreinsure.net,1.0
little-people.sysu.edu.cn,0.0
consulting-azimut.net,1.0
bhyyljep.page.link,1.0
alanayamassagespa.com,1.0
local-www.chuangkit.com,0.0
actecksoft.com,1.0
vyauqkvrquahm.sysu.edu.cn,0.0
winekings.vn,1.0
plant-street.com,1.0
qhobqkdg.page.link,1.0
psiquevivir.com,1.0
grempartners.com,1.0
w4dasvfydozfeyu63dpq-f-e88549404-clientnsv4-s.akamaihd.net,0.0
ogduefhbiwx.sysu.edu.cn,0.0
my.freeintalk.com,1.0
konceptwings.com,1.0
cegclcbe.page.link,1.0
theconniewong.com,1.0
648124022.docs.qq.com,0.0
zc.dapengjiaoyu.cn,0.0
fabricadsonhos.tech,1.0
mcsistem.com.br,1.0
aanaphvi.page.link,1.0
hanxy.ujs.edu.cn,0.0
72k6ns9awyslpl7psdtlpml45kabfxtbneuvb4obb5a07fc4d5c34f3csac.d.aa.online-metrix.net,0.0
woybmzomvamr.domain.name,0.0
72k6ns9axkxasl3zy6hye6vjddarth3nv7dyw2y2835a2ac96e013f38sac.d.aa.online-metrix.net,0.0
dfwpublicadjusters.co,1.0
fsa.faqserv.com,1.0
marlonvisual.com.br,1.0
binzayan.com,1.0
hawiktechs.com,1.0
foundation-test.youdao.com,0.0
test.calcanto.de,1.0
sbfxrqxe.page.link,1.0
gptplan.ro,1.0
www--beian--gov--cn.proxy.huizhou.gov.cn,0.0
yxl.fp.ps.netease.com,0.0
gbul5a.tdum.alibaba.com,0.0
new.scratch-build.com,1.0
ed-cf.otzo.com,1.0
nbgpbzwz.page.link,1.0
rc09-g1.oray.com,0.0
shrinkhal.com.np,1.0
a5126859ad964fd08db93b0d4a09aeb9.fp.measure.office.com,0.0
help.wallpaperengine.io,0.0
dd20e1b13982798ff1e904f3600c9218.safeframe.googlesyndication.com,0.0
0be34830daa046bbbb23b35191189d35.fp.measure.office.com,0.0
cudlinrxtgmk.sysu.edu.cn,0.0
gons10fc.top,1.0
darktools.cx,1.0
bigtopsolos.com,1.0
svhhealthcare.com,1.0
rjpgptak.sysu.edu.cn,0.0
tekqsijs.page.link,1.0
miliaonline.com,1.0
ecocarstraders.co.za,1.0
hiphotos.baidu.com,0.0
strbase.sysu.edu.cn,0.0
63cab33665664b4198cc5af815244d8f.fp.measure.office.com,0.0
alhijaztours.net,1.0
elamat.co.zw,1.0
72k6ns9an4cvkhhisnmhmtmfxr64xkuw6pzyuwr2b698b676b6b70887sac.d.aa.online-metrix.net,0.0
tarabuhagiar.com,1.0
mp.huolala.cn,0.0
nzk.settings.oysterfloats.org,1.0
nia-plataforma.com,1.0
pinoybundles.com,1.0
u667348.ct.sendgrid.net,0.0
only-274402-223-104-67-92.nstool.netease.com,0.0
a7h571.tdum.alibaba.com,0.0
bj.kaoyan365.cn,0.0
mhimedicalbilling.com,1.0
zameenistan.com,1.0
bvugcviw.page.link,1.0
65ebaec79ff94934a6f04e8319a40c1c.fp.measure.office.com,0.0
pktrakia.com,1.0
w4dasytilnccuyu7ayxa-pnovag-9df0520cc-clientnsv4-s.akamaihd.net,0.0
comercialwindsor.cl,1.0
premierbuss.com,1.0
inoavjft.sysu.edu.cn,0.0
empercudiera.sa.com,1.0
rpjlaskm.sysu.edu.cn,0.0
broadwayevents.co.za,1.0
p119-acsegateway.icloud.com.cn,0.0
w4dasvcfvypiyyu7jv2a-f-ca4edd3d9-clientnsv4-s.akamaihd.net,0.0
vtmiema.sysu.edu.cn,0.0
ue.mbgstore.lenovo.com.cn,0.0
roltfinl.page.link,1.0
sahamr.fartit.com,1.0
servisaludocupacional.pe,1.0
faper.ddns.net,1.0
xvku.sync.oystergardens.club,1.0
faif.in,1.0
regalosconsentidos.cl,1.0
hd.kp.gov.pk,1.0
casadelteatro.org.co,1.0
strategyadvantedge.info,1.0
unitycargocare.com,1.0
smiletrip-oneworld.com,1.0
cluematrix.in,1.0
sabiaempresaa.com.co,1.0
aussieshutters.com,1.0
bec6a7f804d04191884dba4c39f847cf.fp.measure.office.com,0.0
3d.c5game.com,0.0
gamotforever.com,1.0
tecnocambioautomatico.com.br,1.0
img.nfa.qq.com.cloud.tc.qq.com,0.0
014b73565eca42f192875268f871be28.fp.measure.office.com,0.0
862581387c6fef7667e33c1eb1a53a57.safeframe.googlesyndication.com,0.0
eeipv.platanosa.sa.com,1.0
memajduyz.sysu.edu.cn,0.0
zsocfhn.sysu.edu.cn,0.0
2630084472.docs.qq.com,0.0
ygt.scheme.corycabana.net,1.0
jilamigc.page.link,1.0
outdoorsolargrill.com,1.0
nandn.sysu.edu.cn,0.0
awxcs.smoba.qq.com,0.0
southcarolinagaboise.efashionpark.com,1.0
mksw.caching.oysterfloats.com,1.0
rehswvg.sysu.edu.cn,0.0
images.zsxq.com,0.0
bb85f258d698920451e972713241c6dc.safeframe.googlesyndication.com,0.0
w4dasvfyd4ameyu6vrpq-f-9d4a6461b-clientnsv4-s.akamaihd.net,0.0
audit.njc.gov.ng,1.0
bddb5953568845798fc9896f9be0a707.fp.measure.office.com,0.0
xnets.co.za,1.0
coachingfinancieroconfidencial.com,1.0
uxsingh.com,1.0
mkstat227.xyz,1.0
nueffectsolutions.com,1.0
healthforyoualways.com,1.0
flynas-sudan.com,1.0
loanseed.co,1.0
mynhetib.page.link,1.0
developer.nvidia.com,0.0
teo4r.hisensetelevisao.sa.com,1.0
ggcuoypg.page.link,1.0
81.20.35.198.sbl.spamhaus.org,0.0
398db17a6b2abe0186c014620c49ae30.safeframe.googlesyndication.com,0.0
viaverde.com.ar,1.0
dghspxuy.page.link,1.0
vgkuiico.page.link,1.0
nqqfbaeq.page.link,1.0
w4dasvfyd4ameyu6vtja-f-7220dabe2-clientnsv4-s.akamaihd.net,0.0
rydevs.com,1.0
weblomag.com,1.0
sahmn-b.vizvaz.com,1.0
kslego-vod.cache.qcloudcdn.qq.com,0.0
mzxpznyuyg.sysu.edu.cn,0.0
hub5pnc.hz.sandai.net,0.0
7f6d39e1db7ed5ed79458b5bf581bbb7.safeframe.googlesyndication.com,0.0
vafs.nus.edu.sg,0.0
229.29.6.175.sbl.spamhaus.org,0.0
drogueriagd.org,1.0
www.baqishuwu.com,0.0
72k6ns9auuze5utcvepl4sm4ph6qlrpiwbrp2rtd29ee9617f37b6766sac.d.aa.online-metrix.net,0.0
manzanillaygordaldesevilla.com,1.0
8c9e80cd99c64c57b2516f4973149846.fp.measure.office.com,0.0
zjj.jcgov.gov.cn,0.0
sattakingsss.in,1.0
www.airbnb.pl,0.0
crectmortgage.com,1.0
zj2fdlixfqz3eyu6tdbq-f-6c50014f0-clientnsv4-s.akamaihd.net,0.0
pluralsight.demdex.net,0.0
timewiseconsulting.co.uk,1.0
wdwlvkbu.page.link,1.0
buvpgiii.page.link,1.0
asiabackroads.com,1.0
xbbusjxv.page.link,1.0
msdx-cdn-y86ykn8r9v.afd.azureedge.net,0.0
kriyatex.id,1.0
adl-flk.fartit.com,1.0
belafans.com.br,1.0
naturaltaste-eg.com,1.0
ihajdtxk.page.link,1.0
gxnb.cbpt.cnki.net,0.0
store2.gofile.io,1.0
planetary.s3.amazonaws.com,0.0
rsc.faqserv.com,1.0
sapulidi.net.id,1.0
mrcrystal.tech,1.0
richmanrank.jxedt.com,0.0
happybirthdaysmeme.com,1.0
rr5---sn-gvnuxaxjvh-v8cs.googlevideo.com,0.0
w4dasvdijw3rwyu6goha-f-76977e0be-clientnsv4-s.akamaihd.net,0.0
bpcumuhcozbnh.hku.hk,0.0
micscapital-com.sysu.edu.cn,0.0
i6a8y.damasqueirore.sa.com,1.0
abholidaylighting.com,1.0
cal-liberty.com,1.0
report.imtt.qq.com,0.0
amx435.xyz,1.0
pctechtherapy.com,1.0
bt.bendibao.com,0.0
3d21d71656158234acef37c9fe5fe554.safeframe.googlesyndication.com,0.0
545539a99b92e496c9bc85c164fb1300.safeframe.googlesyndication.com,0.0
69f0d52dac4235225e9867e5eadc51a3.safeframe.googlesyndication.com,0.0
e1fb994005a8f3e11ec92c6ab6f37d50.safeframe.googlesyndication.com,0.0
liveupdate01.asus.com.cn,0.0
www.alquds.co.uk,0.0
content.money.com,0.0
e0780e12196f4b0a84da1be77a70def2.fp.measure.office.com,0.0
rr1---sn-o097znse.gvt1.com,0.0
essex-communications.com,1.0
wxsnsad.tc.qq.com,0.0
eaaqeubqaiscajqacqlxqaaaabrj5rjy-f-053223adb-clienttons-s.akamaihd.net,0.0
buildster.co.za,1.0
lazzaro.rs,1.0
m.qqtouxiang.com,0.0
live-hz.gaodun.com,0.0
rongda.datasink.sensorsdata.cn,0.0
zsb.njust.edu.cn,0.0
catbaloganwd.gov.ph,1.0
6708646c3310419cae4e249fc10656f9.fp.measure.office.com,0.0
b921be268b03d808b2b08b4f5a619652.safeframe.googlesyndication.com,0.0
data.gosquared.com,0.0
vertical-gardener.com,1.0
nobodylefts.com,1.0
myip.com,0.0
geo-info-apne.publishing.riotgames.com,0.0
zj2fdlixfqz3eyu6quvq-f-ecb2b4265-clientnsv4-s.akamaihd.net,0.0
only-551624-120-236-174-203.nstool.netease.com,0.0
grehlingerssealcoating.com,1.0
t7z-cupid.iq.com,0.0
zj2fdlixfqzxuyu6l7jq-f-73b8f2462-clientnsv4-s.akamaihd.net,0.0
shariquemanzer.com,1.0
anatex.md,1.0
mms.immomo.com,0.0
ngwcscyd.page.link,1.0
shell.websitebuilderaustralia.net.au,1.0
pointfs.vivo.com.cn,0.0
file.joinquant.com,0.0
aa.jaoaaoas11.com,1.0
lzn93sport.taobao.com,0.0
www.ggbases.com,0.0
adl.duia.ro,1.0
bankfeedalt.com,1.0
p4-bnm5gjb7ala3e-cqx5dtqtbzpswxfp-if-v6exp3-v4.metric.gstatic.com,0.0
api.52kkg.com,1.0
ocdxmazw.page.link,1.0
granjasantamarta.com.br,1.0
ed-fc.vizvaz.com,1.0
qrspnpll.page.link,1.0
189.176.126.34.sbl.spamhaus.org,0.0
nozul.app,1.0
www.griffith.edu.au,0.0
sns.huangye88.com,0.0
ringimgbssdl.ali.kugou.com,0.0
gw-pchbtjry-media06.cg.163.com,0.0
163de06b3e144642bf2347ebf70278f3.fp.measure.office.com,0.0
38649b7577415b5b6d5faa5593a46d82.safeframe.googlesyndication.com,0.0
zcxtdpki.page.link,1.0
ewp-profileimages.services.bristol.ac.uk,0.0
kcloudtest.iflytek.com,0.0
creditcams.hxb.com.cn,0.0
p41-escrowproxy-china.icloud.com,0.0
tool.c7sky.com,0.0
ds-supplies.com,1.0
zjc.suda.edu.cn,0.0
awqzhtyx.page.link,1.0
exetercathay.com,1.0
vemas.mx,1.0
superrrdental.com,1.0
itccnkblcmlfyoq.sysu.edu.cn,0.0
70958536b2d0a634d142507ee5fc0fa5.safeframe.googlesyndication.com,0.0
adhubdigital.com,1.0
ceaxhopx.page.link,1.0
getmola6.autodesk360.com,1.0
gvlldesn.page.link,1.0
dessertartbydeepali.com,1.0
r2games.aihelp.net,0.0
pakistanhost.net,1.0
adla.faqserv.com,1.0
events.reddit.com,0.0
b2ofuq.tdum.alibaba.com,0.0
initiative-td.org,1.0
l.rcd.iqiyi.com,0.0
dramitmaheshwari.com,1.0
iran-gz.vizvaz.com,1.0
ime2.qq.com,0.0
tx-sh-live-comet-02.chat.bilibili.com,0.0
primebuildcontractors.co.ke,1.0
tercihvana.com,1.0
30206221.lofter.com,0.0
lendbright.com.au,1.0
mga.sysu.edu.cn,0.0
dairmex.com,1.0
ibigerservices.com,1.0
11010ee7dd90b8c70e3fb4964095bed1.rdt.tfogc.com,0.0
cdatulua.com,1.0
phn.com.ng,1.0
i9.cmail20.com,0.0
2651645113.docs.qq.com,0.0
motoclubefaro.com,1.0
sbn.novelty.akibacreative.com,1.0
generalserviceprovides.us,1.0
astrologia.com.co,1.0
steininsurancegroup.com,1.0
ruagourmetcafe.pt,1.0
ejpdenwr.page.link,1.0
adzllp.com,1.0
weather.pandora.xiaomi.com,0.0
r4---sn-2x3een7l.c.2mdn.net,0.0
education.uw.edu,0.0
xpacrjzpiksu.sysu.edu.cn,0.0
ofcstwxe.page.link,1.0
mfysdpnu.page.link,1.0
club-static.sinosig.com,0.0
coyn.app,1.0
zatel.com.br,1.0
www.darktools.cx,1.0
vod135.t39.lixian.vip.xunlei.com,0.0
w4dasvax2cgcgyu7fbrq-f-9e4594152-clientnsv4-s.akamaihd.net,0.0
mandarinur.com,1.0
asus-avis.com,1.0
60ab60f5ec2e9.site.ez2q5.cn,0.0
kkdumboquolmxq.sysu.edu.cn,0.0
sempana.co.id,1.0
softsunny.com,1.0
lzjvwmttaw.sysu.edu.cn,0.0
recomendado-oficial.com,1.0
retosypromociones.com,1.0
ehidebd.r.af.d.sendibt2.com,0.0
d76a41d9704f4b378b99a49c72871d01.fp.measure.office.com,0.0
weather-page.vivo.com.cn,0.0
only-279979-223-104-66-65.nstool.netease.com,0.0
ed-ra.vizvaz.com,1.0
mpeumo.cl,1.0
gwsoluciones.com,1.0
eaaqeubqajbfejqacqhaabqaabquaqos-pah8yt-921565223-clienttons-s.akamaihd.net,0.0
cfemrbxuy.sysu.edu.cn,0.0
ir-az.fartit.com,1.0
ejlalacademy.com,1.0
sapphire.azurefd.net,0.0
eforhalisaha.com,1.0
skeraapi.co.in,1.0
w4dasvaxfdy2syu6u5qa-f-a39b7ae31-clientnsv4-s.akamaihd.net,0.0
gamintcorporateltd.com,1.0
resqsscm.page.link,1.0
lesvoiles-arcachon.fr,1.0
mitgliederbereich.frederik-malsy.com,1.0
bookkeeper.itunes.apple.com,0.0
b1e4979d8d9d4b44b33ba9165323e8ed.fp.measure.office.com,0.0
5ymaj0.tdum.alibaba.com,0.0
jclab.whu.edu.cn,0.0
kezdrljy.page.link,1.0
w4dasvfydh7hqyu63otq-f-b86f23966-clientnsv4-s.akamaihd.net,0.0
52811128e86035a05d2fffcd2493f1cd.safeframe.googlesyndication.com,0.0
p1-179.pvvstream.pro,0.0
redperifericaaqp.gob.pe,1.0
brandingbusinesssolutions.in,1.0
6oiue.oss-accelerate.aliyuncs.com,1.0
bayyancharity.click2clock.com,1.0
89e117d3e9204bfcb95ec58fe4f994b9.fp.measure.office.com,0.0
fastdam-statisticalsolutions.org,1.0
arishhomeschool.com.ng,1.0
saibabacartransport.com,1.0
si-lju-anx-r003.router.teamviewer.com,0.0
ncl.com.bd,1.0
09f830c1db05417ba6dfac1664c83e85.fp.measure.office.com,0.0
abec143104621a7a3675ed8b0995d97c4.profile.iad-m.cloudfront.net,0.0
mpvworld.com,1.0
qatarintheworld.com,1.0
3repakistan.net,1.0
curator.jsc.nasa.gov,0.0
zzlq.heao.gov.cn,0.0
hukerpinta.com,1.0
unanihealth.in,1.0
cloud-hngz-big-1256683041.cos.ap-guangzhou.myqcloud.com,0.0
126sand.oss-accelerate.aliyuncs.com,1.0
ndqdtnwhjw.sysu.edu.cn,0.0
elansquare.co,1.0
allengi.com.ng,1.0
auto-smartassets.com,1.0
gcreation.co,1.0
zj2fdlixfqzxuyu6o7wa-f-598e24228-clientnsv4-s.akamaihd.net,0.0
japanhub.net,0.0
staging.ivet.edu.au,1.0
w4dasvax2cgiayu7f3za-f-f2e9e4b81-clientnsv4-s.akamaihd.net,0.0
repromed-com-au.mail.eo.outlook.com,0.0
rajshahihabhit.edu.bd,1.0
anando.xyz,1.0
w4dasvaxeqhvqyu7gw2a-f-9d2aad05c-clientnsv4-s.akamaihd.net,0.0
paneldigital.space,1.0
boula.pe,1.0
w4dasvfydh7hqyu63uoq-f-d38ebb36c-clientnsv4-s.akamaihd.net,0.0
06a5f2119d1246f99ecddb19b5b491dd.fp.measure.office.com,0.0
e56cbf26d41d7aa65d0e98035dc130ab.safeframe.googlesyndication.com,0.0
zj2fdlixfqz3eyu6qyjq-f-a82420f62-clientnsv4-s.akamaihd.net,0.0
57.215.152.131.sbl.spamhaus.org,0.0
aft0kpif3j9s.s4.adsco.re,0.0
leaderfortrans.com,1.0
120-236-174-248_s-23-32-236-105_ts-1654570107-clienttons-s.akamaihd.net,0.0
static1.ssp.xunlei.com,0.0
static.seesaawiki.jp,0.0
only-867151-183-40-224-110.nstool.netease.com,0.0
sigma-performance-h55.proxima.nie.netease.com,0.0
r8---sn-uxaxjvh5gbxoupo5-gvnl.gvt1.com,0.0
iz0b3rgf0bqgjy3el50w7h3bdsfa91654563606.nuid.imrworldwide.com,0.0
sandrogarcia.pt,1.0
sstegman-2-md.sysu.edu.cn,0.0
hospedafortaleza.com.br,1.0
ixg.settings.oysterfloats.org,1.0
sso.ceair.com,0.0
jeunes.sysu.edu.cn,0.0
jaire.ng,1.0
dadpomsondaj.com,1.0
shield.hao123.com,0.0
eec5d8f9081be22aa5b529af00d64296.safeframe.googlesyndication.com,0.0
1ffa888a48e04a7782d152722dde9e74.fp.measure.office.com,0.0
bgchkuog.page.link,1.0
web1.cdn.ctfile.com,0.0
ayifatvi.page.link,1.0
storage.googleapis.com,1.0
inksul.com.br,1.0
w4dasvaxfdy2syu7hiqa-f-7802ea640-clientnsv4-s.akamaihd.net,0.0
komarna.biz,1.0
90cef2f310374991b3081e090fa54448.fp.measure.office.com,0.0
opmeplcd.page.link,1.0
pdf9fULlJfoqf9i2gLXZHPVlTf5Vr4.dbl.spamhaus.org,0.0
miammiam.sg,1.0
frenosa.com.pe,1.0
werush.shop,1.0
support.firesecurityproducts.com.au,1.0
eastbox.com.my,1.0
susandhakal.com.np,1.0
14bfdaf27fab6a8af05ab752439135b3.safeframe.googlesyndication.com,0.0
64fe51c4f9d1928e573a5a6bd8be8183.safeframe.googlesyndication.com,0.0
ctjdczsw.page.link,1.0
w4dasvaxhp6icyu6hjlq-f-2c02a8291-clientnsv4-s.akamaihd.net,0.0
xnnbqwyz.page.link,1.0
esshrfxw.page.link,1.0
citoz.sysu.edu.cn,0.0
soil-prod-assets.s3.amazonaws.com,0.0
9d263b0872bb4bf98874ac32efd5ea79.fp.measure.office.com,0.0
efuli.oss-cn-hangzhou.aliyuncs.com,0.0
d20f4baac99faa37fc59133015eb719a.dlied1.cdntips.net,0.0
daneenbukshfs.ae,1.0
agqovrrp.page.link,1.0
177cw.baiducom.randyandtheresa.com,0.0
dwaht.freixosa.sa.com,1.0
b5447b0a15e366a80970b7760be492e4f.profile.blr50-c1.cloudfront.net,0.0
wlogin-v6.qq.com,0.0
zzqzcdvs.page.link,1.0
a2c409be9f574d7c9bb4bd812a3889d6.fp.measure.office.com,0.0
gobo13fc.top,1.0
kalpavirutchamfoundation.org,1.0
xiaozhao.renren.com,0.0
myfvheki.page.link,1.0
w4dasvaxfdy2syu6z2iq-f-9796b84f7-clientnsv4-s.akamaihd.net,0.0
sustc.alma.exlibrisgroup.com,0.0
ch1.dnf.qq.com,0.0
bmuhxrfg.page.link,1.0
events.op.hicloud.com.domain.name,0.0
www.ecust.edu.cn,0.0
zj2fdlixfqz3eyu6lapq-f-9aceff9ab-clientnsv4-s.akamaihd.net,0.0
ysgc-1307309587.cos.ap-guangzhou.myqcloud.com,0.0
xvaoizmsizofnke.sysu.edu.cn,0.0
lwfyxehx.page.link,1.0
handygifts.in,1.0
salaammaharashtra.in,1.0
ceb0c0a9ea763b7f8cd17076bc293912.safeframe.googlesyndication.com,0.0
brodoyouevenlift.co.za,1.0
2501.replace.favo.njb97.com,0.0
autovpn.cc,1.0
orjdtmth.page.link,1.0
3k31uj.tdum.alibaba.com,0.0
jonanna.com,1.0
1d5d74ff1d064a8a806b2a8bb380542a.fp.measure.office.com,0.0
hello.rcl.ke,1.0
zj2fdlixfqzxuyu6kf5q-f-7c7725a9d-clientnsv4-s.akamaihd.net,0.0
onyebinimefoundation.com,1.0
konyapvckapipenceretamiri.com,1.0
2c05ecd15b25de8863ec39d8fddc0c30.safeframe.googlesyndication.com,0.0
bprpekanbaru.co.id,1.0
universty.org,1.0
ufvztoxl.page.link,1.0
7966557b6d0144d89f6b827123abf7f2.fp.measure.office.com,0.0
20220607173733-z003i.ldd.sohu.com,0.0
paratodohayfans.com,1.0
fredy.ee,1.0
history.ifeng.com,0.0
projectsfe.com,1.0
zebisalon.com,1.0
geek-fe.cn-beijing.log.aliyuncs.com,0.0
mc9ybmbkfkmzlw0jr464r-fsfb7q.pub.sfmc-content.com,0.0
logservice-dre.platform.hicloud.com,0.0
aploza.com,1.0
download.doumaibiji.cn,1.0
fmrockzarate.com.ar,1.0
neurodivergentna.com,1.0
alkawsar.org,1.0
adf-za.fartit.com,1.0
ourlunchclub.com,1.0
jsrlzyshbz.jiangsu.gov.cn,0.0
thehealthquest.co.in,1.0
salmon-guru.ae,1.0
czones.in,1.0
ringco.ir,1.0
lcjyxenu.page.link,1.0
blog.xuite.net,0.0
r1---sn-i3b7knsd.gvt1.com,0.0
lakuiksong.known.co.ke,1.0
i-techsolutions.co.ke,1.0
notificationinbox.xboxlive.com,0.0
lynpktcx.page.link,1.0
vangosports.oss-cn-hangzhou.aliyuncs.com,0.0
special-cache.oss-cn-shanghai.aliyuncs.com,0.0
static-box5.xinli001.com,0.0
rr1---sn-i3co-i3bed.googlevideo.com,0.0
htloctmain.blogspot.com,1.0
schroederdennis.de,1.0
the-other-milk.com,1.0
sharmasdrivingschool.com.au,1.0
lascams.com,1.0
secretbeauty.ge,1.0
afc.faqserv.com,1.0
drtemelkovski.mk,1.0
2682840966.docs.qq.com,0.0
yusollbo.page.link,1.0
glyz.cbpt.cnki.net,0.0
clicktechservices.com,1.0
schoolreport.belperschool.co.uk,1.0
think-tank.tk,1.0
thecatalyzersevents.ae,1.0
jayametal.com,1.0
ekopak.az,1.0
disk.yandex.ru,1.0
gpedu.yiigle.com,0.0
lqhx.settings.oysterfloats.org,1.0
d7ea0deede6440ecbb6c7b2195ec2363.fp.measure.office.com,0.0
aiutj.viziotelevisao.sa.com,1.0
api.myapplications.microsoft.com,0.0
djbaccess.co.uk,1.0
findkaroo.com,1.0
eb48818bde0623386eba384785c6d94c.safeframe.googlesyndication.com,0.0
cassi.cas.org,0.0
sl.himanfast.com,1.0
w4dasr5yde4ieyu7aggq-pmxuhz-7a631956b-clientnsv4-s.akamaihd.net,0.0
homeimprovementproject.us,1.0
w4dasvaxeqh5qyu7l47a-f-e71d0a9e6-clientnsv4-s.akamaihd.net,0.0
ckpartners.co.ke,1.0
bguest.net,1.0
tpjnl.2023.ebeenj.com,1.0
rbpeknfzof.tendawifi.com,0.0
www.am.undp.org,0.0
eusyfner.page.link,1.0
i8tygrqpiqfxjwezhoqjkzegleqre1654599636.nuid.imrworldwide.com,0.0
www.morin-fioul.com,1.0
adlsjd.faqserv.com,1.0
6shoequarterhorses.com,1.0
lexikon.store,1.0
lobzmhufqcacd.sysu.edu.cn,0.0
tocograph.ir,1.0
kxlonmsv.page.link,1.0
gorgeouswithtrend.com,1.0
vuskovic.cl,1.0
s23.trafficdeposit.com,0.0
fibrxqdiksysoyu643iq-f-36ad03d7b-clientnsv4-s.akamaihd.net,0.0
interpol.ws,1.0
hl4xalax2cgiayu6yika-f-eda47f041-clientnsv4-s.akamaihd.net,0.0
portalsouls.fun,1.0
api-glb-tpe.smoot.apple.com,0.0
skyscraper.autodesk.com,0.0
www-gostats-org.webvpn.sysu.edu.cn,0.0
tempserver.space,1.0
english.www.gov.cn,0.0
efitacademy.com.au,1.0
pqorjadl.page.link,1.0
netelvideo.com,1.0
537-ipv4e.clump.dprodmgd105.aa-rt.sharepoint.com,0.0
marksidfgs.ug,1.0
efhamcomputer.com,1.0
ascent.edu.my,1.0
edge-017.sgsin8.icloud-content.com,0.0
pzbmqmelqffr.sysu.edu.cn,0.0
zfswyvnp.page.link,1.0
gfs206n107.userstorage.mega.co.nz,0.0
factorychampionshiprings.com,1.0
eims-pdf.sf-express.com,0.0
secured.dailymail.co.uk,0.0
res.x5m.qq.com,0.0
120-236-174-223_s-23-48-201-42_ts-1654591204-clienttons-s.akamaihd.net,0.0
www.mspoweruser.com,0.0
50.121.233.62.sbl.spamhaus.org,0.0
vtbteckt.page.link,1.0
pengalih.com,1.0
iwmbuzz.com,0.0
gradenet.ng,1.0
nnemvyqo.page.link,1.0
b6gfw1.tdum.alibaba.com,0.0
ipop.sina.com.tw,0.0
wqvcafwinyv.sysu.edu.cn,0.0
only-71821-117-136-12-114.nstool.netease.com,0.0
sahlmnh.vizvaz.com,1.0
tanakakoichi.com,1.0
cn.piliapp.com,0.0
93ae8050d6254dee975b9762b022388f.fp.measure.office.com,0.0
pcqhsubq.page.link,1.0
xcebkdmt.page.link,1.0
cfs10.blog.daum.net,1.0
sdg-gss.zju.edu.cn,0.0
hbm.sync.oystergardens.club,1.0
teamdioxide.com,1.0
m.cy.17house.com,0.0
khushheart.com,1.0
lijingzhidetaipingyang.lofter.com,0.0
ailtariel.gitee.io,0.0
grcom.huya.com,0.0
allamehellischool.ir,1.0
iconpark.oceanengine.com,0.0
mobile.infobip.com,0.0
pipedrive-experts.ca,1.0
midlightsoft.com,1.0
gg81fnew.oss-accelerate.aliyuncs.com,1.0
6613a1e310284df4a2212d8113ccaee5.fp.measure.office.com,0.0
16-0.19-a7000071.30083.170c.c6b.3ea5.210.0.6fv5hsi93pstqi1ce7ae19gggt.avts.mcafee.com,0.0
post-cn-09k1yvuiz18.mqtt.aliyuncs.com,0.0
www.51hei.com,0.0
vvdhymrp.page.link,1.0
c6a2c3c9d9f365447073c1ed134e6552.safeframe.googlesyndication.com,0.0
5b5bca92682052e520c4ca4a733516dd.safeframe.googlesyndication.com,0.0
seatapps.ma,1.0
api.smartrip.comm.miui.com.www.tendawifi.com,0.0
kalaiyatv.com,1.0
img.redbull.com,0.0
english.tjmu.edu.cn,0.0
mobiletoilet.lk,1.0
w4dasvax2nwjayu7eilq-f-367b20f0d-clientnsv4-s.akamaihd.net,0.0
u.ldmnq.com,0.0
villaartwork.com,1.0
9gowxc.tdum.alibaba.com,0.0
geete-dz.com,1.0
ddd21e3bf9999274a2b46f6af89c5dd9.safeframe.googlesyndication.com,0.0
quickchatroomx.com,1.0
53cd47971b354f09b6d4d083c5eb47fc.fp.measure.office.com,0.0
storeapi.kobo.com,0.0
w4dasvdimj2tayu7afkq-f-2bd181bd3-clientnsv4-s.akamaihd.net,0.0
only-908421-223-104-67-92.nstool.netease.com,0.0
w4dasvfydj7usyu6sgvq-f-edcfa99ba-clientnsv4-s.akamaihd.net,0.0
zj2fdlixfqz3eyu6m2qa-f-9ace644ba-clientnsv4-s.akamaihd.net,0.0
only-870841-223-104-63-115.nstool.netease.com,0.0
w4dasvaxfdy4syu7iyzq-f-943f31b38-clientnsv4-s.akamaihd.net,0.0
a4628.casalemedia.com,0.0
english.colostate.edu,0.0
primehealthnews.net,1.0
spinnerhigh.com,1.0
darhijamacademy.ma,1.0
lastcastlemeuble.com,1.0
tellodesk.com,1.0
secgw-na61-na62.wagbridge.alibaba.taobao.com,0.0
meme2022.taobao.com,0.0
ratt.juno.ea.com,0.0
9b9595b765ed09dc6c3bba44b73d753a.safeframe.googlesyndication.com,0.0
hw-bj-live-comet-06.chat.bilibili.com,0.0
silkylearning.com,1.0
zdqqb-my.sharepoint.com,0.0
api.wantwords.net,0.0
prestigetyreandautosolutions.co.uk,1.0
53a9d0bf089941cca93a547ec6347a25.fp.measure.office.com,0.0
seyma.co,1.0
jroconstrucciones.com.mx,1.0
ir-an.faqserv.com,1.0
eratek.co.id,1.0
a1sportings.com,1.0
infoq.com,0.0
obcxszed.page.link,1.0
www.dsb.cn,0.0
gfs214n173.userstorage.mega.co.nz,0.0
sonrisethefilm.com,1.0
changes.en.softonic.com,0.0
srxccnpcqff.sysu.edu.cn,0.0
sentinelexplorer.xyz,1.0
gdb.qq.com,0.0
edi6jgnosf.execute-api.us-west-2.amazonaws.com,0.0
54.sysu.edu.cn,0.0
edge-056.hktko1.icloud-content.com,0.0
a688a2c6fb8f9828943f08da14218cde6.profile.fra60-p1.cloudfront.net,0.0
hnhcdsxpmuaecyp.sysu.edu.cn,0.0
usaproductsforsale.shop,1.0
www.mobile.de,0.0
esoevkhl.page.link,1.0
aagict.com,1.0
48.20.45.185.sbl.spamhaus.org,0.0
p27-fmf.icloud.com,0.0
beautyandcare.cl,1.0
www.itsk.com,0.0
yq.fjsen.com,0.0
soporte-octopia.com.ar,1.0
2d41dp.tdum.alibaba.com,0.0
afmanagers.com.ng,1.0
hmhreopd.page.link,1.0
2217919872.docs.qq.com,0.0
glmazgom.page.link,1.0
shop106789982.m.youzan.com,0.0
w4dasvaxh5fdcyu6p6vq-px3s4s-578767007-clientnsv4-s.akamaihd.net,0.0
ip260027942.ahcdn.com,0.0
e20989c0832249a7bfe879f90309b6a5.fp.measure.office.com,0.0
adsfs.fartit.com,1.0
www.wonderplugin.com,0.0
arnsms.ir,1.0
apis.live.net,0.0
zgumdshi.page.link,1.0
stay2book.com,1.0
120-236-174-210_s-23-196-47-105_ts-1654617268-clienttons-s.akamaihd.net,0.0
engr-kelvin.com,1.0
ibsbmgvytusyg.sysu.edu.cn,0.0
licensing.enscape3d.com,0.0
d673a3b7b29edddef1f35b7609b21ef3.safeframe.googlesyndication.com,0.0
af72be0e0a4e83813d41600d7821bfa8.safeframe.googlesyndication.com,0.0
regaloscaos.es.ht,1.0
deped-divisionofborongancity.com,1.0
eazywebsolution.com,1.0
dianzan.china.com,0.0
wh.sysu.edu.cn,0.0
uc2dde06dfda4495703517a59e75.dl.dropboxusercontent.com,1.0
fximgbssdl.kugou.com,0.0
snaveenkumar.in,1.0
tulancingo.sysu.edu.cn,0.0
inspiroduo.hr,1.0
bc5727176e427b682258bf32982af2d3.safeframe.googlesyndication.com,0.0
f356c848e68495736725eae7a55ed224.safeframe.googlesyndication.com,0.0
us.louisvuitton.com,0.0
jangidmotors.com,1.0
fzzjuzuc.page.link,1.0
ad.dev.360.cn,0.0
trimadeco.com,1.0
primasaga.co.id,1.0
instantviral.de,1.0
yagneek.com,1.0
img.res.meizu.com,0.0
zpqronsv.page.link,1.0
04065af3b4abb829bb3e75a7ec2a5dc6.safeframe.googlesyndication.com,0.0
e69412372e8822bd87570ab2672badaf.safeframe.googlesyndication.com,0.0
weddingbo-1256393015.cos.ap-chengdu.myqcloud.com,0.0
www.uwo.ca,0.0
kaizen.pk,1.0
gyaqskkems.sysu.edu.cn,0.0
bbvjjkx.sysu.edu.cn,0.0
gxyen.lzu.edu.cn,0.0
sah.faqserv.com,1.0
6065f7f28be475431b326b51f25acc39.safeframe.googlesyndication.com,0.0
9319e5a5f75aa23217ee70c4f4f23694.safeframe.googlesyndication.com,0.0
acfb62639fe710d3ade78df021c7bedb.safeframe.googlesyndication.com,0.0
unasd.org,1.0
bn2jgu.tdum.alibaba.com,0.0
smprintingca.com,1.0
fujifilm-x.com,0.0
mgbrojkd.page.link,1.0
wireless.egr.uh.edu,0.0
sthjt.sc.gov.cn,0.0
arxfwqmn.page.link,1.0
ruskompromat.com,1.0
dinero.vedantu.com,0.0
kavoshpos.com,1.0
semarangit.com,1.0
zixun.iciba.com,0.0
7886f83251240fa0392b5a37ccfc0c75.safeframe.googlesyndication.com,0.0
p26-keyvalueservice.icloud.com.cn,0.0
519ef1e9ecea49c4bb4e672c4ed86824.fp.measure.office.com,0.0
w4dasvaxhp6icyu6hkia-f-ec7361843-clientnsv4-s.akamaihd.net,0.0
unnatisansthan.org,1.0
zeytuni.net,1.0
livevod.jia.360.cn,0.0
890621985-a868s0b831b78.rc03.oray.com,0.0
hamzarentacarislamabad.com,1.0
sykmm.com,1.0
ofiprintsas.com,1.0
survey.ykasandbox.com,1.0
noahhausner.icu,1.0
old.lib.swjtu.edu.cn,0.0
media.ebby.com,1.0
p105-fmipmobile.icloud.com,0.0
ezmqqcqj.sysu.edu.cn,0.0
1f349a8678c8a1a6918ea3860e795999.safeframe.googlesyndication.com,0.0
2fde37d7dbd708d3f302c4fc31d2bde2.safeframe.googlesyndication.com,0.0
kbdaoqbfj.sysu.edu.cn,0.0
ppski.or.id,1.0
bae136f6c2be45508b30d0808a48182d.fp.measure.office.com,0.0
newyorkncfrankfort.ligamusim365.com,1.0
highskyshipping.com,1.0
5493tblciov3mkngfximjpqaens3ygrjnv3kg27426b80531bc4ee5cfsac.d.aa.online-metrix.net,0.0
analy-engine.xgimi.com,0.0
sen3tors.linkpc.net,1.0
kobena.com.my,1.0
1rxgqu.tdum.alibaba.com,0.0
7fpnjg.tdum.alibaba.com,0.0
geopin.co.ke,1.0
cname-ivideoonrt-stsdk.vivo.com.cn,0.0
chandanbala.com,1.0
cdn.exp.xiaomi.com.www.tendawifi.com,0.0
fatihpres.com,1.0
231ed3a26b3377467bec7ed51f65f001.safeframe.googlesyndication.com,0.0
ae9febda8d032410af60ec45ecff3b40.safeframe.googlesyndication.com,0.0
zhaopin.esnai.com,0.0
rupbasanjayapura.com,1.0
fapeuzsj.sysu.edu.cn,0.0
c-0.19-a3000011.29400c3.16a8.b69.3ea5.210.0.hjzi6l6wew9km38canl284trjb.avts.mcafee.com,0.0
autrequotidien.bj,1.0
owbznyhf.page.link,1.0
swgutoyszfj.jnu.edu.cn,0.0
quantum-computing.ibm.com,0.0
view.email.taylorandfrancis.com,0.0
enegar.com,1.0
adl-bn.my03.com,1.0
8genmadencilik.com.tr,1.0
mneonsigns.com,1.0
res.faqserv.com,1.0
966888c3b6fdcb9e555e08979dd6e6da.safeframe.googlesyndication.com,0.0
llvevqmn.page.link,1.0
ethar-relief.org,1.0
nhjbcucy.page.link,1.0
salemgroups.com,1.0
koawere-my.sharepoint.com,0.0
1qubed.com,1.0
3000000004194413.hybrid.miniapp.taobao.com,0.0
stage-vaujany.escrime-parmentier.fr,1.0
news.lcf.ccb.com,0.0
asinval.cl,1.0
299fb9f7d0b64d40969a77e8d9d07997.fp.measure.office.com,0.0
cottoncrumbs.com,1.0
nunotel.net,1.0
518f625e22e34cd38f11cb7c672e3c3e.fp.measure.office.com,0.0
mail.services.live.com,0.0
qnet-report2.wetest.qq.com,0.0
dcdown.pc6.com,0.0
selfservice-mng-cn.hihonor.com,0.0
mohammadigroup.com,1.0
gpexpatservices.com,1.0
nobshomeinsurance.com,1.0
gudanidevelopment.ge,1.0
sastonru.page.link,1.0
rqmxmasomehj.sysu.edu.cn,0.0
zj2fdlixfqz3eyu6lipq-f-f66173bc9-clientnsv4-s.akamaihd.net,0.0
p110-drivews.icloud.com,0.0
d.spf.service-now.com,0.0
vipfgmhm.page.link,1.0
w4dasvaxhswuqyu7lsqq-f-16ae2f420-clientnsv4-s.akamaihd.net,0.0
cdn2-unrealengine-1251447533.file.myqcloud.com,0.0
93003094c72f4359afaee2cb82f8ddc0.fp.measure.office.com,0.0
orgoniteplus.net,1.0
fastdnkaaa.ffox.site,1.0
laptoprepairnearme.in,1.0
colegioignacioallende.edu.mx,1.0
uth.gr,0.0
huanggroup-ch.ucas.ac.cn,0.0
122.192.84.99.sbl.spamhaus.org,0.0
mymetaldekorasyon.com,1.0
thiswayafrica.com,1.0
dr4ma8.tdum.alibaba.com,0.0
zj2fdlixfqz3eyu6mypq-f-2f7000d65-clientnsv4-s.akamaihd.net,0.0
lebens-elemente.com,1.0
dswimyyqfnzpwp.sysu.edu.cn,0.0
cienporcientopurosurf.cl,1.0
f6b6a78a8f1a48f6a73f790a4017018f.fp.measure.office.com,0.0
ede72dda33261d6ea0f3c77ab5390632.safeframe.googlesyndication.com,0.0
5dca103c9a47e3acc53c2707fde20c8d.safeframe.googlesyndication.com,0.0
seed-swallow.siri.apple.com,0.0
topfreelancingbd.com,1.0
rbarcia.pt,1.0
www.dpmms.cam.ac.uk,0.0
yx-voice.oss-cn-shanghai.aliyuncs.com,0.0
dfsroofing.co.uk,1.0
pic-comment-shoulei-ssl.xunlei.com,0.0
damnedrpg.site,1.0
hydra.com.my,1.0
spsvlwkbtylig.sysu.edu.cn,0.0
hranp10.gbbs8.cc,1.0
1b4c8cc6620d9cc3dd30c762d2999374.safeframe.googlesyndication.com,0.0
f2429dc807d848db8e53e5692c62c313.fp.measure.office.com,0.0
bose.vtuner.com,0.0
stemmanuelhospital.com.ng,1.0
sdfhusdf-1252681487.cos.ap-chengdu.myqcloud.com,1.0
my-best.tw,0.0
yosivebn.www.tendawifi.com,0.0
p68-streams-china.icloud.com,0.0
p212-caldav.icloud.com.cn,0.0
ecwty5.tdum.alibaba.com,0.0
mail.srg.az,1.0
e93802ab11c46206d138b0f87bd6d816.safeframe.googlesyndication.com,0.0
5493tblc6bgkopvunc2kghhgh6pmbg4dannhgz3w060016ae631b1dbfsac.d.aa.online-metrix.net,0.0
agenciapublicidadesaopaulo.com.br,1.0
desentupidorabonner.com.br,1.0
dsp-test-x.jd.com,0.0
ksstpwjwzttfv.sysu.edu.cn,0.0
confradpar.com.br,1.0
webstat.ws.126.net,0.0
hazelightl0011.ea.com,0.0
freitasautocenter.com.br,1.0
olimartesser.com.br,1.0
mastepbookshop.com,1.0
mudardevidaja.com.br,1.0
kqlltsefqqr.sysu.edu.cn,0.0
www.roboticaeducativa.pe,1.0
uhkeoteexlseaxf.sysu.edu.cn,0.0
qwerty.liumingye.cn,0.0
alquranonlineschool.com,1.0
dbd25138903f128a00492aa8eaa420a1.safeframe.googlesyndication.com,0.0
vjuymxcq.page.link,1.0
taobao.fanli.com,0.0
lm-proxy-204-141-179-103.igg.com,0.0
wwi.lanzoum.com,0.0
p54-sharedstreams.icloud.com,0.0
ext-ep4p.ws.netease.com,0.0
lweoyx.haiertelevisao.sa.com,1.0
72k6ns9atwxlu75ycki3xzg6dizwc47ga6ijd3hs819e7ebd0c71f9e4sac.d.aa.online-metrix.net,0.0
hermanaluzangelica.com,1.0
grfpn.cloudid.coffeeonboard.com,1.0
benchmarkcell.com,1.0
game.clashofclans.com,0.0
dlapqenx.page.link,1.0
tamxwuid.page.link,1.0
shop1335540589.v.weidian.com,0.0
tdata.lt,1.0
gobelmarine.com,1.0
careersreach.com,1.0
dptkhclk.page.link,1.0
mitica.eu,1.0
w4dasvaxfdy4syu7bxpa-f-330c2b41e-clientnsv4-s.akamaihd.net,0.0
ooznplvi.page.link,1.0
corsa.com.pe,1.0
e-commerce.saleensuporte.com.br,1.0
meeting.tencent.com,0.0
o29.p38.mailjet.com,0.0
kwepaddc00013.china.huawei.com,0.0
jakj.settings.oysterfloats.org,1.0
jioexert.online,1.0
a.c-0.19-240f5801.c070081.1838.1c44.410a.400.9d.6t7pd8s5j5a1c8afvzn2ancm4t.avqs.mcafee.com,0.0
2c6cce9216cb4128a4854b41b1600bc0.fp.measure.office.com,0.0
e30eda6ca1b3c8353c6bac6ea1ac009e.safeframe.googlesyndication.com,0.0
492af55cfbcc883762f2dfdb0637b6de.safeframe.googlesyndication.com,0.0
b5f13b967cab7b15cbc569f31697abdb.safeframe.googlesyndication.com,0.0
forgetfulbc.blogspot.com,0.0
gonow.cl,1.0
networthwhistler.com.ng,1.0
adffs.faqserv.com,1.0
jafm.com.mx,1.0
9feebb9c6ed044ef859afc22fc461fb0.fp.measure.office.com,0.0
hyy.fadada.com,0.0
clubedetoxdaalma.com.br,1.0
fbhxtg.dm.files.1drv.com,0.0
ebank1.ccb.com,0.0
cabrinimed.com,1.0
6.109.192.35.bc.googleusercontent.com,1.0
gjekqhry.page.link,1.0
medcenter.app.br,1.0
simsekmetal.com,1.0
84.134.87.52.sbl.spamhaus.org,0.0
sheffield.edu.np,1.0
baklava.az,1.0
api-product.akspeedy.com,0.0
r5---sn-8xgp1vo-xfge.googlevideo.com,0.0
svr-cns-adc-01.mgc.mentorg.com,0.0
s2.static.jjwxc.net,0.0
zbzx.webvpn.sysu.edu.cn,0.0
5290b41671a21c69097cef4ea6b4ac1a.safeframe.googlesyndication.com,0.0
2899ed4563742b75f8eaa65e784cc6e2.safeframe.googlesyndication.com,0.0
moazcyqm.page.link,1.0
brunaviolaoficial.com.br,1.0
helpdeskhosting.co.zw,1.0
www.423down.com,0.0
latienditaexpress.com,1.0
smpapi.abchina.com,0.0
aqwwmyeqo.www.tendawifi.com,0.0
lib4ever.xyz,1.0
afiyatok.com,1.0
fixist.de,1.0
tnkdeals.com,1.0
e4476ec4e00173a571f61f8c0a196c50.safeframe.googlesyndication.com,0.0
d1aadi0iayibtc.cloudfront.net,0.0
1528041e18f12a1ea95f7fda505bad1e.safeframe.googlesyndication.com,0.0
gpcorporate.co.za,1.0
fundacionsantasofiadeasis.com,1.0
yogayoga.ie,1.0
25a91b57f6d8e5b454c4e6f64798a30b.dlied1.cdntips.net,0.0
waldorfenergy.com,1.0
api.vogue.com,0.0
estudioalmiron.com,1.0
www.mnhs.org,0.0
c-0.19-a7000081.30081.170c.c6b.3ea5.200.0.wic9zmnqc9v2npnni7grbc6nkj.avts.mcafee.com,0.0
zoomsjcan213zc.sjc.zoom.us,0.0
conoids.com,0.0
npgbxmjh.page.link,1.0
missionforex.com,1.0
bqnkuoni.page.link,1.0
aaaffc24e325ebcb6b9364ba6394b1ca.safeframe.googlesyndication.com,0.0
flowersaffairs.com,1.0
hihfpnda.page.link,1.0
obmcj.scheme.corycabana.net,1.0
oohna.on.ca,1.0
72k6ns9af5x4jfna3zz45rbdoulspb6vyleliv4i7f4f32ad514dea85sac.d.aa.online-metrix.net,0.0
19dm82.info,1.0
614a94d1c6d87.site.ez2q5.cn,0.0
guzpanel.quest,1.0
zonakaptenjp.online,1.0
3513xunyangjian.taobao.com,0.0
wpconversionking.com,1.0
6h3jpu.tdum.alibaba.com,0.0
vayzwrag.page.link,1.0
miraflores.com.br,1.0
uwzxsbgh.page.link,1.0
w4dasvdildgkayu7owaa-f-e12650fef-clientnsv4-s.akamaihd.net,0.0
yugenkatsu.online,1.0
designcollections.pe,1.0
kitesimmigration.com,1.0
rozgarmitra.site,1.0
ocedjuwn.page.link,1.0
connecticutmejuneau.applyforutr.com,1.0
bendaharasbs.my.id,1.0
hiro-af.org,1.0
44700f6174df45998de2a660c350641f.fp.measure.office.com,0.0
aee18e1c09ac1db9c909cc6c468b83a7.rdt.tfogc.com,0.0
aparatefitness.info,1.0
eromazofu.com,0.0
altenara.com,1.0
cl.7089x.xyz,0.0
flyingonajetplane.files.wordpress.com,0.0
theprimacare.in,1.0
wbrpwrtdr.www.tendawifi.com,0.0
pintureriastokyo.com,1.0
benitofoods.com,1.0
skaleup.co.uk,1.0
dkrhxbqza.sysu.edu.cn,0.0
gnrbmyul.page.link,1.0
only-799949-223-104-67-99.nstool.netease.com,0.0
ltcskbqj.page.link,1.0
fundcfhapi.1234567.com.cn,0.0
9b9245870aa39257268222ed96a94d87.safeframe.googlesyndication.com,0.0
8e3ae864ee82b3bee5717ab32c12c16f.safeframe.googlesyndication.com,0.0
esteraviation.com,1.0
sultranenterprises.com,1.0
albertwashington.art,1.0
dingzhi.pchouse.com.cn,0.0
centerdenti.com,1.0
cd84d3872b144ae1b60f8accd38c3150.fp.measure.office.com,0.0
jontbshhayjb.sysu.edu.cn,0.0
r5---sn-aigzrn7z.googlevideo.com,0.0
maxguenter.de,1.0
jackantonio.top,1.0
dilidili.io,0.0
81.zssom.sysu.edu.cn,0.0
zlib.1kbtool.com,0.0
h4ac.com,1.0
f5593c6db9c9438aa23a52c10ad7f8eb.fp.measure.office.com,0.0
ok.oclc.org,0.0
nkhddfrgjii.sysu.edu.cn,0.0
caf68a7bdd07c0f588fc7df0a4dc2c0d.safeframe.googlesyndication.com,0.0
nawcgcgh.page.link,1.0
arihantinfrastructure.com,1.0
nasmis28.autodesk360.com,1.0
pollosantiago.com,1.0
11735268.fls.doubleclick.net,0.0
fairwayslogistics.org,1.0
d46cfe24d3368384c6735fa0fa6e3d3b.safeframe.googlesyndication.com,0.0
www.bridge.t.u-tokyo.ac.jp,0.0
38.88.217.52.sbl.spamhaus.org,0.0
www.linguee.com,0.0
mxa-00581301.gslb.pphosted.com,0.0
eboka.vip,1.0
d3ffpvi6rqe6s4.cloudfront.net,0.0
3332223838cd4a05a7f1985a0181162a.fp.measure.office.com,0.0
www.hao12356e8.daohang.goododo.com,0.0
mainenhjackson.coinsilicon.com,1.0
mina.chachaba.com,0.0
nocknock.io,1.0
kbyqycfi.page.link,1.0
borgomaira.it,1.0
acaexcek.sysu.edu.cn,0.0
irsarjhxzifnoy.sysu.edu.cn,0.0
21ada87c1ae7478b9d23a0664e3ed0fd.fp.measure.office.com,0.0
ranmabooks.com,1.0
adl-jv.my03.com,1.0
e54e60e691736fd57666004d08465484.safeframe.googlesyndication.com,0.0
5gmcsip04.dbq.rcs.chinamobile.com,0.0
colegioparroquialaconsolata.edu.co,1.0
i93.lanzoug.com,0.0
gaiapeyzaj.com.tr,1.0
d1sqcuczy37e01.cloudfront.net,0.0
skillxglobal.com,1.0
ong-rafaa.org,1.0
dinfo.chinatimes.com,0.0
360clients.in,1.0
gpdiregion1usa.com,1.0
accessflcb.com,1.0
empowermobility.com.au,1.0
36.243.32.212.sbl.spamhaus.org,0.0
stim.graspalace.com,1.0
qziavoyo.page.link,1.0
skiwebz.com,1.0
help.hebnews.cn,0.0
server4.dosya.co,1.0
imperiocreativo.com.mx,1.0
WEICHINGY-PC.sysu.edu.cn,0.0
vicsthemovingman.net,1.0
dnyuciytpsv.sysu.edu.cn,0.0
session.shouji.360.cn,0.0
www.update.microsoft.com,0.0
infralog.cl,1.0
lpba-ils.com,1.0
e7f7ea78de015abd5944f880d3a05ea2.safeframe.googlesyndication.com,0.0
himalayainternational.in,1.0
d96e229b9d41219d2f4ced87ae1de940.safeframe.googlesyndication.com,0.0
www.wh.sdu.edu.cn,0.0
gwo-training.vn,1.0
t04.videosection.com,0.0
static.zjol.com.cn,0.0
kartamus.org,1.0
kknekepcdqim.sysu.edu.cn,0.0
isbi.aau.at,0.0
eduook.com,1.0
mtnfs.com.pk,1.0
ezkecwofapk.sysu.edu.cn,0.0
xiong535.blog.csdn.net,0.0
epsdconsulting.com,1.0
s1.yy.com,0.0
carahue.cl,1.0
successwithoutsacrifice.org,1.0
d5n6li.tdum.alibaba.com,0.0
critlcalriver.com,1.0
etnebjihiqq.www.tendawifi.com,0.0
plusmag.ro,1.0
covers.elsevier.com,0.0
jcpmuxguln.sysu.edu.cn,0.0
www.politifact.com,0.0
shop924932.m.youzan.com,0.0
zjczs.scu.edu.cn,0.0
ad427e30bd6ec432077eeb257e8b0057.safeframe.googlesyndication.com,0.0
d2c23c70f455ea9db236e19f3f7fdc62.safeframe.googlesyndication.com,0.0
5149e459adad2abe3ba0a5c7866a714d.safeframe.googlesyndication.com,0.0
sou.xa.bendibao.com,0.0
sdsdryliningandpaintingsolutions.com,1.0
www.maxmoney.com,1.0
files-opensocial.googleusercontent.com,1.0
ds.zhaopin.cn,0.0
triathletellc.com,1.0
pi-pac.com,1.0
uaesportscarrental.com,1.0
rr6---sn-un57sn7z.googlevideo.com,0.0
jumabar.co.uk,1.0
numberozo.com,1.0
anbklzxe.page.link,1.0
99362f483b19c59fdcb029d34b19a0ba.safeframe.googlesyndication.com,0.0
fra.de.distfiles.macports.org,0.0
7a98be360cca3c5883d768b5543a8a27.safeframe.googlesyndication.com,0.0
insuranceado.com,1.0
h171008.srv22.test-hf.su,1.0
iuftwplydn.sysu.edu.cn,0.0
jpjbizfk.page.link,1.0
rodrigofischer.com,1.0
splusassociates.com,1.0
iratijoyerias.com,1.0
ehknmwjl.page.link,1.0
ispguwzztvjbcua.jnu.edu.cn,0.0
eba146.tdum.alibaba.com,0.0
desatempur.id,1.0
chem-solutions.pe,1.0
temp.163.com,0.0
cnvpae.tdum.alibaba.com,0.0
nwixgim.sysu.edu.cn,0.0
mktrex219.xyz,1.0
cvrrwahwslgle.sysu.edu.cn,0.0
app.analytics.prd.web1.wipo.int,0.0
saglikdokum.net,1.0
geniuserc.com,1.0
geburtstagswunsche.co,1.0
shixin.tianyancha.com,0.0
agrifarmequip.com,1.0
agromusala.ba,1.0
www.csi.nus.edu.sg,0.0
ioyuui.xyz,1.0
0adf9ee701beead174e9a7cdb5da1b99.safeframe.googlesyndication.com,0.0
982546a04c9b18982109ee9e8cbb3f21.safeframe.googlesyndication.com,0.0
sahmn.duia.ro,1.0
a7b725fa31a052e3e6ddcc4e1ff6ce54f.profile.for50-p3.cloudfront.net,0.0
wangclmail.sysu.edu.cn,0.0
digvijaygroup.in,1.0
www.svm.tsinghua.edu.cn,0.0
itspak.com.pk,1.0
025078f1b3164c6cbe952c19f100580c.fp.measure.office.com,0.0
5bchem.ae,1.0
jxkgirqe.page.link,1.0
shimcnfr.page.link,1.0
72k6ns9aef3qyk4pkpmelgjfc4oig5frliu5lexl3b4c4a9e4cadbc07sac.d.aa.online-metrix.net,0.0
swc.cdn.skype.com,0.0
slottje.com,1.0
distribucionescastilla.com,1.0
login.okta.com,0.0
e280cbaeb1f8b89b79f5eefd318c64d8.safeframe.googlesyndication.com,0.0
db97ca2b080e4367fb67ee38b0ecff30.safeframe.googlesyndication.com,0.0
allazeez.in,1.0
rrrffovk.page.link,1.0
mqfasysr.page.link,1.0
nmspapahanaumokuakea.blob.core.windows.net,0.0
canvasfisd.info,1.0
ghqpqcnf.sysu.edu.cn,0.0
picwap.soso.com,0.0
workfromhomez.com,1.0
1e859a79599545908cf3be2cb71befd8.fp.measure.office.com,0.0
177.67.208.144.sbl.spamhaus.org,0.0
itse.org.in,1.0
shuiqinling-server-list.oss-cn-beijing.aliyuncs.com,0.0
doorstepcarmechanic.com,1.0
momolive.work,1.0
howtomake.live,1.0
tzjymbfdxgjxva.sysu.edu.cn,0.0
travelkoja.net,1.0
missendenrailwaymodellers.org.uk,1.0
krrzyber.page.link,1.0
apple.tmall.com,0.0
download.windowsupdate.com,0.0
zj2fdlixfqz3eyu6p52q-f-5a7228be5-clientnsv4-s.akamaihd.net,0.0
androidsoft4u.sysu.edu.cn,0.0
shc.fartit.com,1.0
ousdeyh.sysu.edu.cn,0.0
imageupload.io,1.0
happymix-eg.com,1.0
sfmvcemvyezlcjo.sysu.edu.cn,0.0
jucatyo6.autodesk360.com,1.0
adlsf.vizvaz.com,1.0
77a3f5480160681a33d27306b90e9cc7.safeframe.googlesyndication.com,0.0
3e8ac9cc37e7f09ced5aeeb763d2225c.safeframe.googlesyndication.com,0.0
depositomh.com,1.0
72k6ns9anjfw2qdpcgj5l6hoiovsubvkpchrsdeu0e9be97f537f727dsac.d.aa.online-metrix.net,0.0
jual.kacangmete.com,1.0
nassifenterprise.com,1.0
406ca7ea13e9466991deb5dc62b23e4d.fp.measure.office.com,0.0
65c5244978414c85b253a6f15bd23be7.fp.measure.office.com,0.0
sdn005tanjungselor.sch.id,1.0
kyanvmko.sysu.edu.cn,0.0
evesaed.site,1.0
ishahcouture.com,1.0
c-0.19-a7000081.250481.170c.d2e.3ea5.200.0.39alwwfqdrsspwma4pvl19d5k6.avts.mcafee.com,0.0
myjuuleuqhgou.sysu.edu.cn,0.0
oiiiapcxogmtey.sysu.edu.cn,0.0
only-462928-120-236-174-231.nstool.netease.com,0.0
hjipyrcd.page.link,1.0
apuntotelecom.com,1.0
road.issn.org,0.0
educonix.com,1.0
ipv6-iaus.trendmicro.com,0.0
zzpft.result.garrettcountygranfondo.org,1.0
syntexltd.com,1.0
pawgears.com,1.0
czii61.tdum.alibaba.com,0.0
fertelion.com,1.0
hypotheques514.ca,1.0
hshx.dgut.edu.cn,0.0
sadrate.monster,1.0
khanmandi.com,1.0
khanlab.pk,1.0
1a6e3f1c2775aba33778bd2fa40862f1.safeframe.googlesyndication.com,0.0
45635bd4ea6d7d054bfdf55bab6963a7.safeframe.googlesyndication.com,0.0
racingclub-saintcernin.fr,1.0
only-973146-223-104-67-30.nstool.netease.com,0.0
mipanel.me,1.0
thdpdwbv.page.link,1.0
ispa-sa.com,1.0
sonotec.cl,1.0
adl-qow.mrface.com,1.0
adl-hh.mrface.com,1.0
236.42.66.172.sbl.spamhaus.org,0.0
ofc.ai,1.0
appnfwyaxdbz.sysu.edu.cn,0.0
zjrcjd-1306893675.file.myqcloud.com,0.0
6866b574a8290048c5b4919a7f972d56.safeframe.googlesyndication.com,0.0
w4dasvfyd4ameyu6voea-f-9aa3756a0-clientnsv4-s.akamaihd.net,0.0
d10zdin3c2kqf3.cloudfront.net,0.0
sigmatoolings.com,1.0
wallysgarageandtowing.com,1.0
awefulthoughts.com,1.0
fzzfyjy.cupl.edu.cn,0.0
knockknock.com.mt,1.0
excelltronics.co.za,1.0
healosure.com,1.0
viveaskin.com,1.0
ob.ae,1.0
d7c1f264cfba418275e13b4928fd5903759d9da5c50ef47e.dlied1.cdntips.net,0.0
sirius.supplies,1.0
ujcwdwyxrzv.sysu.edu.cn,0.0
bafybeidprhaaovtpr52fpgy22jd2sbvr2axzvoxqnjjadcpdpk4mrb6s6y.ipfs.infura-ipfs.io,0.0
zpbvl.settings.oysterfloats.org,1.0
zcache.k.sohu.com,0.0
eighttimeseight.com,1.0
lnxbzkoc.page.link,1.0
xnypjizw.page.link,1.0
777341b2fd4d4ac3ae3db5d3e5bca9a0.fp.measure.office.com,0.0
web-cps.gamersky.com,0.0
tx-free-imgs.acfun.cn,0.0
picernicbasket.files.wordpress.com,0.0
adast-alfn.com,1.0
alumni.scut.edu.cn,0.0
baisakhihotels.com,1.0
280d7aa76997400490d901bdde9064aa.fp.measure.office.com,0.0
cargodominant.com.ph,1.0
www.umich.edu,0.0
benke.chaoxing.com,0.0
zt.cctalk.com,0.0
bertam.com.my,1.0
energiinfranusantara.com,1.0
shorturl.at,1.0
charge.tmga.qq.com,0.0
d115bfd7c524b7afaa132c5212a31945.safeframe.googlesyndication.com,0.0
a6e6d518e26fcf497d1d68486e6d84e2.safeframe.googlesyndication.com,0.0
flexiblescovarrubias.cl,1.0
realsportscast24.co.uk,1.0
img.anfuns.cn,0.0
187.79.217.52.sbl.spamhaus.org,0.0
rezam.pk,1.0
landing.cgl.co.id,1.0
aopolo.vn,1.0
bdvvwgw.sysu.edu.cn,0.0
organicmaster.in,1.0
srv-fattureincloud.de,1.0
storage.xvideos-games.com,0.0
huanjunjitsu.lofter.com,0.0
romvalstudios.com,1.0
dpebrtzj.page.link,1.0
ee059ce374e6ace4ce1ae4be7674bb17.safeframe.googlesyndication.com,0.0
v5-lite-gzcm06.douyinvod.com,0.0
gjeiradwev.sysu.edu.cn,0.0
enzotex.mx,1.0
colegiostellamaris.cl,1.0
data6.video.ptqy.gitv.tv.tendawifi.com,0.0
bluelemon.ao,1.0
fpcpehnn.page.link,1.0
rafdavilas.com,1.0
topteam.fr,1.0
rr3---sn-oguelnle.googlevideo.com,0.0
profitlabforbeautybosses.com,1.0
journals.copmadrid.org,0.0
p34-content.icloud.com.cn,0.0
cswr.com.au,1.0
aviorify.com,1.0
adf.faqserv.com,1.0
cdf2db66077c4c65bd627d616b7dcdc5.fp.measure.office.com,0.0
www.scse.shisu.edu.cn,0.0
ncov.dxy.cn,0.0
w4dasvaxfdy2syu6yhaq-f-c823b9fae-clientnsv4-s.akamaihd.net,0.0
communicalink.com,1.0
adl-qda.fartit.com,1.0
en-coller.tau.ac.il,0.0
201c947276cf4176a6865041d22106d8.fp.measure.office.com,0.0
www.freshman-443.webvpn.sysu.edu.cn,0.0
ddtecdedetizacao.com.br,1.0
digisat.tn,1.0
monitor.gongyi.qq.com,0.0
lineit.line.me,0.0
_.ctc.sysu.edu.cn,0.0
sync-v2.brave.com,0.0
dl14.yunpan.360.cn,0.0
a-0.19-a7000801.c890081.170c.d0f.3ea5.210.0.w5khzg9vltp9puzic2cmnqwqrt.avts.mcafee.com,0.0
opanalytics.piwik.pro,0.0
pastelerosentrerios.com.ar,1.0
www.11467.com,0.0
hfc17-s3store-bucket-238.s3.nie.netease.com,0.0
kriqojup.page.link,1.0
3d23b7cb310d80b0e3997c8e9b6a5b4b.safeframe.googlesyndication.com,0.0
1468gy.tdum.alibaba.com,0.0
blog.openai.com,0.0
ldt.bn-ent.net,0.0
myprojects.sydney,1.0
my-xppen.com,1.0
ggu.result.garrettcountygranfondo.org,1.0
lfr.settings.oysterfloats.org,1.0
bbs.nau.edu.cn,0.0
w4dasvax373seyu6jsfa-f-970db0766-clientnsv4-s.akamaihd.net,0.0
cipro.mx,1.0
p57-contacts.icloud.com.cn,0.0
6a1cee2974d9a3418d362b22d87b8ab3.safeframe.googlesyndication.com,0.0
centraldistrict.ro,1.0
elfinland-school.oss-cn-beijing.aliyuncs.com,0.0
hits.informer.com,0.0
phonefixers.com.au,1.0
thtrsoot.page.link,1.0
151.144.102.149.sbl.spamhaus.org,0.0
92df98bb984842b180d4b7562cedc38c.fp.measure.office.com,0.0
b4c0e3.tdum.alibaba.com,0.0
smroller.com,1.0
ojibeqbqx.sysu.edu.cn,0.0
only-921487-112-97-52-1.nstool.netease.com,0.0
60490ed4c8a0458b938edd641136df9b.fp.measure.office.com,0.0
305ad0ff29674c2dbbbcf299e8fef627.fp.measure.office.com,0.0
476dc4b735f0b40b65cdfb2efaf0f44e.safeframe.googlesyndication.com,0.0
sahama.faqserv.com,1.0
central-ai.org,1.0
hycqggfcevxh.sysu.edu.cn,0.0
IN-MUM-ANX-R010.teamviewer.com,0.0
bbcf6bdc43c0084b65d5c122a24b672a7.profile.blr50-c2.cloudfront.net,0.0
kentuckycaharrisburg.dannykollar.sk,1.0
firststepmail.com,1.0
schematize.pw,1.0
um21.eset.com,0.0
DRSTEPHEN.direct.quickconnect.to,0.0
greenfieldschool.edu.pk,1.0
hightronix.net,1.0
gestionfuturaauditores.com,1.0
10ec527fbb60ee4781f208416b1affd5.safeframe.googlesyndication.com,0.0
sjws-rc.baidu.com,0.0
ma36twegt.oss-accelerate.aliyuncs.com,1.0
4sb7mp.tdum.alibaba.com,0.0
dev-aeaaybagbeaaybagceaaybagdeaaybageeaaybagfeaaybaggew.pantheonsite.io,1.0
iesanisidrodechocho.edu.co,1.0
subdomain.btn.com.pk,1.0
11601058.fls.doubleclick.net,0.0
sambuilder.com.pk,1.0
exipedia.blogspot.com,1.0
www.3dmgame.com,0.0
only-794387-202-75-251-161.nstool.netease.com,0.0
motociclistagiapponese.com,1.0
814013109.docs.qq.com,0.0
singerlocate.kugou.com,0.0
hl4xaltimsudcyu7gc2a-pflmyc-b15851468-clientnsv4-s.akamaihd.net,0.0
taurusprotection.co.za,1.0
ucd1.oss-cn-shanghai.aliyuncs.com,0.0
rwycclgdsz.sysu.edu.cn,0.0
msg.township-ios.playrix.com,0.0
macrotur.com,1.0
oeggmvqj.page.link,1.0
twizt.net,1.0
fdd4c9148eb54f7d87a03306804c6004.fp.measure.office.com,0.0
kcrgeslo.page.link,1.0
mini-update.xf.qq.com,0.0
metux.com.br,1.0
asoreambiental.com,1.0
record-manual-hls.cctalk.com,0.0
e857d292ad125b57caffde43f9b7338f.safeframe.googlesyndication.com,0.0
48fad0f01530a17e77b53c23d3196262.safeframe.googlesyndication.com,0.0
adl-fa.fartit.com,1.0
partner.canva.com,0.0
needs.hitsturbo.com,1.0
sev1-thaihometown.com,1.0
dl.dropbox.com,1.0
calenaglobaltrade.com,1.0
novpara.capital,1.0
digitalcommons.hope.edu,0.0
AU-SYD-IBM-R010.teamviewer.com,0.0
nxeczhwqyvnf.sysu.edu.cn,0.0
publivolumetricos.com,1.0
admin.scirp.org,0.0
tippingpointsblog.files.wordpress.com,0.0
hr2019.vrcom7.com,1.0
jonathan1900.cn2.quickconnect.cn,0.0
creapb.org.br,1.0
shop40934594.m.youzan.com,0.0
62ef763468204b50abf964276fc3004e.fp.measure.office.com,0.0
sfamjournals.onlinelibrary.wiley.com,0.0
wfpacwur.sysu.edu.cn,0.0
abc.jia.com,0.0
deesudcoolingtower.com,1.0
cn-smp-paymentservices.apple.com,0.0
kmunakata.sakura.ne.jp,0.0
ifaaf.ciprestre.sa.com,1.0
w4dasvaxemnjmyu6ftlq-f-fbcd2019c-clientnsv4-s.akamaihd.net,0.0
pull-rtmp-l6-xg.ixigua.com,0.0
iav.cls.cn,0.0
underlogo.com,1.0
b6c4b8f9ab11c686521ee504c975b9cf.safeframe.googlesyndication.com,0.0
www.nubia.com,0.0
weissabr.com,1.0
wqxntqcfuq.sysu.edu.cn,0.0
wagonsskillfoundation.com,1.0
azmeasurement.com,1.0
rtplive-raya108.xyz,1.0
siims.siam.org,0.0
powvj.sync.oystergardens.club,1.0
kiswepatil.in,1.0
196.61.205.52.sbl.spamhaus.org,0.0
img8-pim.duoyi.com,0.0
soccerlite.co.uk,1.0
det-ta-g7g.amazon.com,0.0
stromduellen.no,1.0
wteos3.cerejeirare.sa.com,1.0
mails.tsinghua.edu.cn,0.0
flgootrwwqvpu.sysu.edu.cn,0.0
ncjlbiom.page.link,1.0
p20-streams.icloud.com,0.0
ocbnx.sync.oystergardens.club,1.0
dxb.ecnu.edu.cn,0.0
d16c646756111a7aaf9e9ad88a941a05.safeframe.googlesyndication.com,0.0
aruamsriu.org,1.0
expressslichidator.ro,1.0
assets.hyatt.com,0.0
3000000004627902.hybrid.miniapp.taobao.com,0.0
mrzh-oppo.cbg.163.com,0.0
rpotwrdp.page.link,1.0
shop95501475.youzan.com,0.0
marvelworks.ltd,1.0
hostingholics.com,1.0
humvatan.in,1.0
6a1ecb03c440a56f01d286fae16a48b0.safeframe.googlesyndication.com,0.0
edm.mrbasic.com,1.0
nixibuvrfs.sysu.edu.cn,0.0
iran-hk.mrface.com,1.0
f-dfed.com,1.0
w4dasvaxeqh5qyu7idaa-f-babcf6d76-clientnsv4-s.akamaihd.net,0.0
papco-uae.com,1.0
site.zjol.com.cn,0.0
tes.mrbasic.com,1.0
33376ca4366242a1756091fa650631de.safeframe.googlesyndication.com,0.0
railroaddb.info,1.0
s3t3d2y8.ackcdn.net,0.0
apstaffing.us,1.0
vdafinance.com.au,1.0
wrlknvj.sysu.edu.cn,0.0
szsiylpj.sysu.edu.cn,0.0
royaledgetours.com,1.0
hhogcsqn.page.link,1.0
moraya.id,1.0
w4dasu5yde4sqyu62p5a-f-2f2bc6649-clientnsv4-s.akamaihd.net,0.0
9ozphlqx2innrrrpedo2gnfmgvgstfyjbt5blu7tbe4f085431b7d477sac.d.aa.online-metrix.net,0.0
gewji.sync.oystergardens.club,1.0
easyfitautoglass.co.za,1.0
dz.news.cn,0.0
w-t2423571076078551014.id.amgdgt.com,0.0
smp.xuexi.cn,0.0
183-6-9-84_s-23-48-214-147_ts-1654584583-clienttons-s.akamaihd.net,0.0
downlogo.yy.com,0.0
hfc9-mcl-data0042.s3.nie.netease.com,0.0
y6jn8c313mfab5ktelrqirj4cecyqjqecojhdxpg5de51658a3e9086esac.d.aa.online-metrix.net,0.0
jacksons.ie,1.0
wpowmvpw.page.link,1.0
eea6ec789b7d08e1c4ce0a4d3fce2e8d2dc89167.ime.galileo.baidu.com,0.0
ittehadchemicals.com,1.0
communekram.tn,1.0
aausmesd.page.link,1.0
mulizca.com,1.0
sticker.weixin.qq.com,0.0
cairo-pro.sysu.edu.cn,0.0
happyhookercrocheter.com,1.0
pbs-o.twimg.com,0.0
medicart.ae,1.0
preciousconsultants.com,1.0
72k6ns9afmgok4zdbsvghu7z2tcoabvgqhj73w37544da6a2a4d6a49bsac.d.aa.online-metrix.net,0.0
tangqianyan2019.lofter.com,0.0
cctxfvql.page.link,1.0
iran-vz.dns05.com,1.0
only-249156-112-96-115-9.nstool.netease.com,0.0
www.ing.com,0.0
lackeys.in,1.0
3501ec245b704cb7965ffa18fc3d720f.fp.measure.office.com,0.0
cdn77.scoreuniverse.com,0.0
cechicc.com,0.0
primusth.com,1.0
0347e29729fc46f9898923b8e852b2d9.fp.measure.office.com,0.0
6na6b.castanheirosa.sa.com,1.0
click.mg.dlsite.com,0.0
oftalmologia2020.com,1.0
chriks.c.h.pic.centerblog.net,0.0
gd3.alicdn.com.danuoyi.alicdn.com,0.0
jov.arvojournals.org,0.0
w4dasvaxhxbggyu6utra-f-5ecb625da-clientnsv4-s.akamaihd.net,0.0
d3htn85c6cao65.cloudfront.net,0.0
kosamcindustrieslimited.com.ng,1.0
p.s.360.cn,0.0
www.chemistwarehouse.com.au,0.0
hlcombustibles.com,1.0
pascasarjana.iainfmpapua.ac.id,1.0
www.element14.com,0.0
mainichinewspapers-d.openx.net,0.0
jubao.chinaso.com,0.0
www.rcast.u-tokyo.ac.jp,0.0
www.sdzk.cn,0.0
jetpackdelivery.net,1.0
a-0.19-a7000081.0.170c.c6b.3ea5.210.0.fszsknf5874gm7pvgzhcgzcksj.avts.mcafee.com,0.0
rnmhkgpg.page.link,1.0
8f236aa0df5040eabee8f32e3953e601.fp.measure.office.com,0.0
jujsxwplqwcq.www.tendawifi.com,0.0
c57946ac105f431ebe45586cf5a6924b.fp.measure.office.com,0.0
pdwk5pqxiosmeyu6xv2a-f-0a8de3f2c-clientnsv4-s.akamaihd.net,0.0
blog-embed.ameba.jp,0.0
srxdnyj.tmall.com,0.0
starsholidays.com,1.0
d5sat5.sysu.edu.cn,0.0
w4dasvfygoo5iyu66hzq-f-a3c42d3e9-clientnsv4-s.akamaihd.net,0.0
coher.com.mx,1.0
mdttasarim.com.tr,1.0
couvert.com.br,1.0
naun.com.br,1.0
tjasp.com.br,1.0
72k6ns9axyu4ieuojgr5vp6ng7tp7stawv7kj47m84649a2be758dbc4sac.d.aa.online-metrix.net,0.0
thehawksden.ca,1.0
artstardesign.com.my,1.0
lib.news2.sysu.edu.cn,0.0
jy.qingdao.gov.cn,0.0
www.shinewing.com,0.0
be06f59d058cd408300b2d36829e45de.dlied1.cdntips.net,0.0
sa-cs.vizvaz.com,1.0
232.0.22.104.sbl.spamhaus.org,0.0
excelabridge.com,1.0
bgcnpcutpwwg.sysu.edu.cn,0.0
zxvad95.xyz,1.0
cloudesign.in,1.0
1b539c99864144f494f7f2b4b9b8f654.fp.measure.office.com,0.0
nupectogo.com,1.0
saukpgp.ru,1.0
emxitkqylvyvi.sysu.edu.cn,0.0
br.mofcom.gov.cn,0.0
safawear.com,1.0
uomzeknm.page.link,1.0
fusaopre.com.br,1.0
k4eaa1.freixosa.sa.com,1.0
adconfig-1305586391.cos.ap-guangzhou.myqcloud.com,0.0
btf-analytics.s3.dualstack.us-east-1.amazonaws.com,0.0
957875f2c87331fa0a4364e9eff83048.safeframe.googlesyndication.com,0.0
mdlbuecgyp.tendawifi.com,0.0
tepee.com.tr,1.0
arquivaae.com.br,1.0
tch966700.tch.quora.com,0.0
www.englisch-hilfen.de,0.0
blogwatchweb.com,1.0
sff.woa.com,0.0
1da5m.sharptelevisao.sa.com,1.0
netherlands.qolsys.com,1.0
0410637abffd702c3104f9dd466b9997.safeframe.googlesyndication.com,0.0
globalseorim.co.in,1.0
360design.in,1.0
seahorseinfo.agilent.com,0.0
tropicanarestaurants.com,1.0
omega-sd.ro,1.0
sunnhordlandantirust.no,1.0
ligavalinhensefutsal.com.br,1.0
abouthealthupdates.us,1.0
biazrv.tdum.alibaba.com,0.0
34-214-171-221-pushcl.np.communication.playstation.net,0.0
shop42406197.m.youzan.com,0.0
previews.dropbox.com,0.0
sju.cnki.net,0.0
a-0.19-a7000471.0.16a8.b69.3ea5.200.0.zkcvftmln61155mzmasz9frmfi.avts.mcafee.com,0.0
woasbwmekfxkgeb.tendawifi.com,0.0
jlu.ctld.chaoxing.com,0.0
cavaempaque.com,1.0
datamore-tgametasks.native.qq.com,0.0
uslawyersdb.com,1.0
adl-ghs.faqserv.com,1.0
mysupreme.com.my,1.0
www.gamedev.net,0.0
asotic.org,1.0
cqrnyoyr.page.link,1.0
nonabalirestaurant.com,1.0
joyuksel.com,1.0
c2a6dd3425904de0a849810ce9fbaa17.fp.measure.office.com,0.0
ikzrhqil.page.link,1.0
vwduicvabzc.sysu.edu.cn,0.0
2r24l4.tdum.alibaba.com,0.0
folvajdh.page.link,1.0
msyhhogyopkqml.sysu.edu.cn,0.0
leaderinevents.com,1.0
arenaone.co.ke,1.0
R5-pc.s3.amazonaws.com,0.0
fdygtshvp.sysu.edu.cn,0.0
uhfbtrmo.page.link,1.0
eblag.faqserv.com,1.0
convertlive.com,0.0
predubai.com,1.0
diyhomemadebeauty.com,1.0
lauramckillipwood.files.wordpress.com,0.0
64.116.243.162.sbl.spamhaus.org,0.0
dggpaddc00070.china.huawei.com,0.0
extractfig.com,1.0
asxqjkgt.page.link,1.0
zj2fdlixfqzxuyu6orma-f-d302a334c-clientnsv4-s.akamaihd.net,0.0
dgxxoygx.page.link,1.0
weiweisp.m.tmall.com,0.0
bringlst.com,1.0
blog.wenxuecity.com,0.0
a8ab0466c031ec15809bd30b201d65b6.safeframe.googlesyndication.com,0.0
2773dd1668ddb506a1cc3bb2bddaef44.safeframe.googlesyndication.com,0.0
surabaya.mofcom.gov.cn,0.0
img05.zhaopin.cn,0.0
oilmex.mx,1.0
lpcjmepj.page.link,1.0
img.email1.sketchfab.com,0.0
tqpfmuwh.page.link,1.0
3plecom.com,1.0
ndbl.com.bd,1.0
quantapi.10jqka.com.cn,0.0
myown.ng,1.0
mukundmotors.com,1.0
0cf084f15fb64aca9094cc336dc969be.fp.measure.office.com,0.0
alinac.ca,1.0
japaneseclass.jp,0.0
americansweepstakes.net,1.0
hcmcsnfdtdihlbp.sysu.edu.cn,0.0
b9e484c0643a4b2e8733339f055f5dcc.fp.measure.office.com,0.0
timelesseleganttours.com,1.0
edenstarsaigonhotel.com,1.0
w4dasvaxhp6icyu6hpiq-f-ae9416161-clientnsv4-s.akamaihd.net,0.0
qqiamwhp.page.link,1.0
d7f6bfe3a7f249e69924a789b5ff118f.fp.measure.office.com,0.0
a-0.19-a7000009.d0a0082.16a8.b7f.3ea5.210.0.gv3f65if33entnu3grnpqbcmp6.avts.mcafee.com,0.0
panel.ceo-reputation.ru,1.0
ajmanmall.com,1.0
kcet-brightspot.s3.amazonaws.com,0.0
growrock.co.za,1.0
nrvieilzumzkng.sysu.edu.cn,0.0
921zxr.tdum.alibaba.com,0.0
336c82da8a227271f43786cad06f8443.safeframe.googlesyndication.com,0.0
7624dab2f7a1a6c36c76a0145ac2da54.safeframe.googlesyndication.com,0.0
7934dc7521221a9027945ecc65b523b1.safeframe.googlesyndication.com,0.0
cctvsecuritycamerapros.com,1.0
himalayanoak.in,1.0
hls.syrme.top,0.0
appl5yxffze7905.h5.xiaoeknow.com,0.0
www.lesswrong.com,0.0
waresagroup.com.pk,1.0
120-236-174-191_s-23-32-236-243_ts-1654560442-clienttons-s.akamaihd.net,0.0
forexareba.com,1.0
rkeevpv.sysu.edu.cn,0.0
wxbhdksq.page.link,1.0
janicegodwins.com,1.0
35d3589403184f9fbe1e54d31022973c.fp.measure.office.com,0.0
zj2fdlixfqzxuyu6ntha-f-aecd45894-clientnsv4-s.akamaihd.net,0.0
i-2.tts8.com,0.0
4600a4e03603fd6ad35241882b342bd6.safeframe.googlesyndication.com,0.0
gruposeteca.com,1.0
api.twicomi.com,0.0
pyiuaynx.page.link,1.0
rat.rakuten.co.jp,0.0
zhen.qq.com,0.0
edutodlr.com,1.0
comm.dangdang.com,0.0
egdcreation.com,1.0
lakh.es,1.0
e8ebafb2b1cbbacdac793a080dd4c508.safeframe.googlesyndication.com,0.0
bry-oss-store.oss-cn-shanghai.aliyuncs.com,0.0
zedok.org,1.0
tdstjvmn.page.link,1.0
cvpr.in.tum.de,0.0
somoyerkagoj.com,1.0
enorossowine.com,1.0
daumay.org.vn,1.0
only-97086-183-6-9-105.nstool.netease.com,0.0
alhoja.info,1.0
amittour.com,1.0
server.jasmr.net,0.0
khaithaclothien.edu.vn,1.0
hed.gkp.pk,1.0
rrmyrotw.page.link,1.0
lomefashion.com.ng,1.0
ebook.hyread.com.tw,0.0
wdlomnzv.page.link,1.0
rj.bangongtuku.com,0.0
adl-irib.itsaol.com,1.0
motherteresacharitablesociety.com,1.0
dj.changyou.com,0.0
relogios-para-sites-e-blogs.sysu.edu.cn,0.0
kahiv.com,1.0
boydxbqa.www.tendawifi.com,0.0
72k6ns9aiaahkzejupusrc2vmbweyimsir42cv7za49ca0b0acdbc924sac.d.aa.online-metrix.net,0.0
josim-uddin.com,1.0
154.180.242.34.sbl.spamhaus.org,0.0
www.web.shanbay.com,0.0
mukaspace.org.my,1.0
hvwohlso.page.link,1.0
ceb.faqserv.com,1.0
qujmfwqxgdkrgyu64jjq-pqjshy-98c14f52f-clientnsv4-s.akamaihd.net,0.0
DE-FRA-IBM-R015.teamviewer.com,0.0
spertual.site,1.0
dc3e454fcdc6f37bd4236c10ffaabeab.safeframe.googlesyndication.com,0.0
aaradhyamedspa.com,1.0
fvuiea.ameixeirare.sa.com,1.0
adl-zw.mrface.com,1.0
galandskiyher5.com,1.0
uxbolivia.com,1.0
sensorsdata.vcg.com,0.0
boggswebworks.com,1.0
9d9d5362b76dc6a01746bd392316c114.safeframe.googlesyndication.com,0.0
e30fe99074abc3647e5a1d8ae997593a.safeframe.googlesyndication.com,0.0
wlcbywqf.page.link,1.0
lifeacademymnorg-my.sharepoint.com,0.0
jzxzoldz.page.link,1.0
clasificadosdeoriente.com,1.0
occhio.com.au,1.0
www.adevosc.org.br,1.0
tbox-project.com,1.0
sync.graph.fake.bluecava.com,0.0
octopus-events.playtika.com,0.0
p67-caldav.icloud.com,0.0
w4dasvdimj2seyu7miiq-f-25ddd062f-clientnsv4-s.akamaihd.net,0.0
eayzfzht.page.link,1.0
ndr931d.baiducom.vqu4698.com,0.0
m5lj15mq.r.us-west-1.awstrack.me,0.0
yoeizfxcxidgzpv.polyu.edu.hk,0.0
media.app.cctv.com,0.0
sdc.fartit.com,1.0
xv-fiesta.com,1.0
jobhunt88.com,1.0
wispafoods.com,1.0
rehmkar.com,1.0
42fa302dad4ac2b2cbfe7d6cf7e7a773.safeframe.googlesyndication.com,0.0
aa51109dde639791e30f7b7bb9448575.safeframe.googlesyndication.com,0.0
a75bff5ffc52144dc66872161c784314.safeframe.googlesyndication.com,0.0
edl.vizvaz.com,1.0
diaryofadomesticgoddess.sysu.edu.cn,0.0
ysmdorer.page.link,1.0
img119.picturelol.com,0.0
gwmkobirnpk.sysu.edu.cn,0.0
cboxxviw.page.link,1.0
brand20creatives.com,1.0
hr.njtech.edu.cn,0.0
ad32a20ac1fa4b0ea9cd331640dda2b2.fp.measure.office.com,0.0
learnstuffs.com,1.0
bajarangabali.com.np,1.0
justgoodtech.com,1.0
1763563d56dc467aaebb443ff383bfa1.fp.measure.office.com,0.0
p4-aulb2fwji4zn4-fkrdlimphwxvbem5-if-v6exp3-v4.metric.gstatic.com,0.0
192.144.136.200.eeo.cn,0.0
2d9aa72d6b12f16ec2e0277a26faa137.safeframe.googlesyndication.com,0.0
97aeeba7cd50cfdce7994c83396d409a.safeframe.googlesyndication.com,0.0
01f8e4e2bda5fdc8b4178ce60645ac15.safeframe.googlesyndication.com,0.0
nightsclub.com,1.0
340construction.co.th,1.0
m7cun4yxedwneyu7abma-pj1ge8-0ab67fce6-clientnsv4-s.akamaihd.net,0.0
cfs9.blog.daum.net,1.0
promxytelecom.com.ng,1.0
akhbara24.news,0.0
adl-ljh.faqserv.com,1.0
b5702098600f41f2b5b987925e888798.fp.measure.office.com,0.0
alriyada.edu.sa,1.0
jomarine-services.com,1.0
cid-82019c67c9b49b47.users.storage.live.com,0.0
wizzlimited.co.uk,1.0
pardeshparcelseva.com,1.0
furesoft.gallerycdn.azure.cn,0.0
kmes.com.pk,1.0
api34.ilovepdf.com,0.0
d9c13fa037c175f7c54ab92ea8abfed2.safeframe.googlesyndication.com,0.0
ofini.com.br,1.0
cluqkprv.page.link,1.0
fglutam.sysu.edu.cn,0.0
happybiz.id,1.0
gcrih.oiu.edu.sd,1.0
swcsffardli.sysu.edu.cn,0.0
rootsivyintschools.edu.pk,1.0
a-0.19-a3000011.0.170c.d2e.3ea5.210.0.k7r5tjpm84m9bfauci6wui13bi.avts.mcafee.com,0.0
48f996bdbf0a464c8e664d2058daff0f.fp.measure.office.com,0.0
qnnafgua.page.link,1.0
www.hey-randomgirl.com.br,1.0
vender.amazon.com.mx,0.0
kernel-ec.com,1.0
odal.codeium.dev,1.0
mumayizat.com,1.0
chromiumengine.space,1.0
pangbxmail2.sysu.edu.cn,0.0
stjosephacademysociety.org,1.0
72k6ns9abglj2uzw5tmsvre5lmuwr3rh2ot5gjey203a640711150a44sac.d.aa.online-metrix.net,0.0
3956943cba78c86c5eed8f85a4bc89e1.safeframe.googlesyndication.com,0.0
4ce0e2190bc27fd175cb3bf7291eae15.safeframe.googlesyndication.com,0.0
kjt.fujian.gov.cn,0.0
cmmsec.co.uk,1.0
a-0.19-a7000081.c8b0082.16a8.b69.3ea5.210.0.v2qk5kus23azvkd5rit9a1tamv.avts.mcafee.com,0.0
72k6ns9awr5jd7w2knhxh66xpjtkkvqshrqddyrq728bbcc46971b06fsac.d.aa.online-metrix.net,0.0
935174ca822e3369593d88f0709c9c36c0b3efff.ime.galileo.baidu.com,0.0
ethiotechaddis.com,1.0
newyorker-alternate.app.link,0.0
mbtcpqgb.page.link,1.0
ec3spe.tdum.alibaba.com,0.0
liveactivity.jd.com,0.0
thequeue.info,1.0
almarsam.sa,1.0
dofza.layout.oystergardens.us,1.0
bandcresort.com,1.0
myinternetchapel.org,1.0
5d9338bf16874b0a935aed50c660bbc2.fp.measure.office.com,0.0
sahmnwq.fartit.com,1.0
cms-mercedes.site,1.0
oliga.canadacentral.cloudapp.azure.com,1.0
a6413fc101bc4b38a8f4658ec3414b31.fp.measure.office.com,0.0
fxtransportation.com,1.0
timberlineacehardware.com,1.0
ec02134e8c3a4cfdb98c5a28a6e2fab1.fp.measure.office.com,0.0
garavellofigli.com,1.0
guides.library.cmu.edu,0.0
seer.61.com,0.0
sattakinganesh.in,1.0
w4dasvfygntbgyu6ibzq-f-f16a23cc2-clientnsv4-s.akamaihd.net,0.0
running.hkcosmo.com,1.0
b.clu-e.eu,1.0
safaservices.com.sa,1.0
brc.hellotalk.com,0.0
acbb384490145458f258490adb35911a.safeframe.googlesyndication.com,0.0
ba7f9ee7034ce4ee46b0198fef70fc58.safeframe.googlesyndication.com,0.0
drpf-mnh1.proxima.nie.netease.com,0.0
schools.njnu.edu.cn,0.0
hal-univ-bourgogne.archives-ouvertes.fr,0.0
dysj.youth.cn,0.0
alldayallinone.com,1.0
panindiab2bdatabase.in,1.0
8a6fefa398f647668dde9027ee31462e.fp.measure.office.com,0.0
porwal.in,1.0
0207a4ba48ee4374b600519ef89413c5.fp.measure.office.com,0.0
zeuhlltc.page.link,1.0
eea37ffb09734887f58be6a7e7aff9f8.safeframe.googlesyndication.com,0.0
conadeh.hn,1.0
stjohnacroc.org,1.0
hfghi4541c453228f4d9es6k6qocf5fokp60bx.fhcz.libproxy.ruc.edu.cn,0.0
223.126.225.64.sbl.spamhaus.org,0.0
airtimes.my,1.0
2afc74e296dbc89c58f10cbe86141fba.safeframe.googlesyndication.com,0.0
revealmultimediagh.com,1.0
filetransfer.io,1.0
mkloubert.gallerycdn.azure.cn,0.0
lavacolla.com,1.0
conn-43.finkapp.cn,0.0
roldhdegt.sysu.edu.cn,0.0
fronus.com.pk,1.0
voyihvqv.page.link,1.0
welcomebabycare.com,1.0
zj2fdlixfqzxuyu6l67a-f-4674d7294-clientnsv4-s.akamaihd.net,0.0
i.ibb.co,1.0
psicologa-mindfulness.it,1.0
sitcomunicaciones.co,1.0
jestusweldingschool.com,1.0
monsteriptv.se,1.0
palmareal.com.mx,1.0
yetfgcvu.page.link,1.0
www.media.mit.edu,0.0
w4dasvaxeqhvqyu7gxoq-f-1996bafad-clientnsv4-s.akamaihd.net,0.0
kbpiijateng.org,1.0
w4dasvax2cgiayu6umeq-f-3d9653ed6-clientnsv4-s.akamaihd.net,0.0
rcihandicrafts.com,1.0
894212a0966d42739870156723996662.fp.measure.office.com,0.0
timmuehitus.com,1.0
ymizyoto.page.link,1.0
bhummqs.sysu.edu.cn,0.0
skwal.gallerycdn.azure.cn,0.0
esi-engineeringcompany.com,1.0
sdisriati2.sch.id,1.0
vcigsmra.page.link,1.0
comtdi.tdum.alibaba.com,0.0
balance.fcz.ma,1.0
lndczmx.sysu.edu.cn,0.0
tubaobao.tmall.com,0.0
w4dasvax2cgcgyu7fevq-f-fea586825-clientnsv4-s.akamaihd.net,0.0
innovapakistan.com,1.0
bicwnqms.page.link,1.0
ctrloans.com,1.0
a.c-0.19-a3000081.c9d0083.170c.d79.3ea5.210.0.jul5h9jjbrw3q1ctvbevwa8r7v.avts.mcafee.com,0.0
webtestdemo.org,1.0
hypothequeswestisland.ca,1.0
357e08270990070bcb2f390d4a14225a.safeframe.googlesyndication.com,0.0
7c817c5929e625bda741584b03e31e04.safeframe.googlesyndication.com,0.0
6512c1a0721a531b3f587eea08cd7a7f.safeframe.googlesyndication.com,0.0
burgerbuddy.in,1.0
shop162454519.taobao.com,0.0
a5befbd8ea4d4e399aa6ad9f975cda4f.fp.measure.office.com,0.0
easycartbd.com,1.0
ed-ce.vizvaz.com,1.0
techandtrendy.edu.np,1.0
qr.wjx.cn,0.0
cserver.iqiyi.com,0.0
72k6ns9atcsujr3bnfocgddfexf42pjtt2sj4mld8005cf199c1b43a0sac.d.aa.online-metrix.net,0.0
lysn-message-api-web-alb-1708999556.ap-northeast-1.elb.amazonaws.com,0.0
5eecc6c3ade9aeb36ee791b2eabddeff.safeframe.googlesyndication.com,0.0
jpmusiccompany.com,1.0
card.weibo.com,0.0
ojaxtravel.com.ng,1.0
bornchef.co.id,1.0
adli-q.fartit.com,1.0
pauziitechi.com,1.0
wap.bankofchina.com,0.0
ziaintegracion.com,1.0
vtemrtfq.page.link,1.0
e7bcfb2172ff455fa7b77697674ed5cc.fp.measure.office.com,0.0
a1a0659da64d496b94670be133963ee6.fp.measure.office.com,0.0
carolinafm.pe,1.0
auth-rdr2-prod.ros.rockstargames.com,0.0
f7df11370d724494bee8b2215932f958.fp.measure.office.com,0.0
aunpfwfi.page.link,1.0
erc.dns05.com,1.0
ssl.app.acfun.cn,0.0
uniformescorporativos.com,1.0
elliert.github.io,1.0
imgf5.pop-fashion.com,0.0
gradu-ate.sysu.edu.cn,0.0
cdpplytw.page.link,1.0
r6---sn-2x3eln76.c.2mdn.net,0.0
adl--ir.fartit.com,1.0
bximfrmy.page.link,1.0
flash2-http.qq.com,0.0
metering.autodesk.com,0.0
guptahandloom.com,1.0
sg.deviantart.com,0.0
letsmanage.in,1.0
mrdigito.org,1.0
mcbsistemas.com.br,1.0
jzus.zju.edu.cn,0.0
wbsqccnh.page.link,1.0
fruitsexport.co,1.0
arenterprese2023.is-a-caterer.com,1.0
shohada-sane.ir,1.0
dj.zn.co.nz,1.0
spero-vision-app.cn-shanghai.log.aliyuncs.com,0.0
mindhacks.cn,0.0
ucd51a347b16817cd00ca4f3afb0.dl.dropboxusercontent.com,1.0
DCFSDFDS2FDHFGJ.SBS,1.0
rtdvabus.page.link,1.0
esf.dg.fang.com,0.0
jemaserviciosgenerales.com,1.0
carpetfurniturehub.co.uk,1.0
hyupkgkq.page.link,1.0
vitapropertysolutions.com,1.0
wi8t.castanheirosa.sa.com,1.0
cd.58.com,0.0
hotelbluebirdbd.com,1.0
edalat.faqserv.com,1.0
sat.faqserv.com,1.0
1035545390.docs.qq.com,0.0
nbuwnzig.page.link,1.0
regulatoryguide.ca,1.0
shriganapathisourses.com,1.0
kompromat1.pro,1.0
c31792c609294bef9fca64a35ecd9d66.fp.measure.office.com,0.0
78c4f043336ea29e84b8b96dcc62dcb885c2aea4ef5e02e3.dlied1.cdntips.net,0.0
portalbola168.com,1.0
logx.mtime.com,0.0
autov6.pconline.com.cn,0.0
inarqperu.com,1.0
californiariaustin.lilysanzphotography.com,1.0
www.phy.cuhk.edu.hk,0.0
brilliantshipping.com,1.0
adlio.faqserv.com,1.0
23df7f86b24c9ee98da31e12ab1293d4.safeframe.googlesyndication.com,0.0
ff0f29648c48ceb5bc2c03d2ac4b3a3f.safeframe.googlesyndication.com,0.0
abe3c5c9f5fe3e1673d9187956ec1e06.safeframe.googlesyndication.com,0.0
newjerseyohpierre.hieuszphotography.com,1.0
smarttours.ro,1.0
docgalaxy.in,1.0
apartment-jakarta.com,1.0
ctdc4s.tdum.alibaba.com,0.0
3e64835a41c14e008f92d9fa954d7ab7.fp.measure.office.com,0.0
faviskincare.com,1.0
briopharmatech.com,1.0
api-events-production-1831176415.cn-north-1.elb.amazonaws.com.cn,0.0
oauth-login-drcn.platform.dbankcloud.com.sysu.edu.cn,0.0
o265433.ingest.sentry.io,0.0
f51.workupload.com,1.0
intramine.info,1.0
72b91bbdb9d44dc9b4440f7c14adae15.fp.measure.office.com,0.0
58icnh.tdum.alibaba.com,0.0
culinaria-passoapasso.artesanatodosucesso.com,1.0
metc.gou.sogou.com,0.0
beijing.b2b168.com,0.0
media-business-phone.com,1.0
waterproofingservices.pk,1.0
acapn.us,1.0
8deobr.pessegore.sa.com,1.0
de-smtp-inbound-2.mimecast.com,0.0
infolivescore.net,1.0
m.chinakaoyan.com,0.0
api-glb-euc1a.smoot.apple.com,0.0
trenirajsanama.rs,1.0
swipeverse.in,1.0
40cef125d9fa46d9bce8481fa5e8a001.fp.measure.office.com,0.0
pugmaster-sg4c.pubmatic.com,0.0
guanli.kaoyan365.cn,0.0
fefd9fc16872d90007ae61acb3690db8.safeframe.googlesyndication.com,0.0
dsm.itsaol.com,1.0
3fa9r.platanosa.sa.com,1.0
eulnpvibblkw.sysu.edu.cn,0.0
seeker.zhaopin.com,0.0
tuyoniqa.page.link,1.0
w4dasvax373ssyu6j4fq-f-a7eee26db-clientnsv4-s.akamaihd.net,0.0
tinhoccondao.com,1.0
adl-io.vizvaz.com,1.0
wendao.blog.csdn.net,0.0
arrahmanschool.sch.id,1.0
mpvip.com.br,1.0
ecotouchperu.com,1.0
sh.connipv6.qq.com,0.0
adlisgwg.itsaol.com,1.0
www.ldplayer.net,0.0
fff3239f4cfe66fc68d106f09c4b6bb4.dlied1.cdntips.net,0.0
xrvclkxs.page.link,1.0
lsfairland.co.za,1.0
mail2.wanfangdata.com.cn,0.0
yz.lzu.edu.cn,0.0
edesireshop.com,1.0
minip-1302397712.cos.ap-shanghai.myqcloud.com,0.0
solarplan.com.au,1.0
a2497.casalemedia.com,0.0
remisat.com.uy,1.0
dxgfhzyl.page.link,1.0
hmhconnect.ng,1.0
www.luxurypropertiesfl.com,1.0
xyh.jxutcm.edu.cn,0.0
igcfaltqvqgrs.sysu.edu.cn,0.0
trimedianet.com,1.0
pythoncodesnippets.com,1.0
uhznibgq.page.link,1.0
rr5---sn-oguelnze.googlevideo.com,0.0
only-410004-223-104-64-230.nstool.netease.com,0.0
v.douyin.com.sysu.edu.cn,0.0
bafybeiconps5ywlmrvmn3pog35yliurr7h2iq7kbls2666xhhreojy3kmy.ipfs.infura-ipfs.io,0.0
e7fc69401a1752de199a0e2615111866.safeframe.googlesyndication.com,0.0
if90f.oss-accelerate.aliyuncs.com,1.0
jobmandate.com,1.0
16-0.19-a7000008.20082.16a8.c13.3ea5.210.0.97j1p56j4iz8mje71uswl4n6at.avts.mcafee.com,0.0
f8cf23028afa4c42806eacd12c4f660f.fp.measure.office.com,0.0
148.166.160.108.sbl.spamhaus.org,0.0
departamentosamuebladosmonterrey.mx,1.0
itsi.cl,1.0
czlfrdpw.page.link,1.0
update.yinxiang.com,0.0
addtactical.com,1.0
hkzs.oss-cn-beijing.aliyuncs.com,0.0
given-itm.com,1.0
dionesh.com,1.0
57.221.227.13.sbl.spamhaus.org,0.0
enpozos.com,1.0
external-media38.public.wamsm-a-1.prod.infra.webex.com,0.0
www.lettsplay.org.es,1.0
lqlop.com,1.0
zj2fdlixfqz3eyu6ms3a-f-e608bdcb6-clientnsv4-s.akamaihd.net,0.0
6b0ef5e14bb3a90a0ab9af1429800607.safeframe.googlesyndication.com,0.0
20d7c8a9d4284eebcbffa9338ae30baf.safeframe.googlesyndication.com,0.0
yjhfexya.page.link,1.0
icon.ssl.berkeley.edu,0.0
qrgkcjsv.page.link,1.0
benaamedia.com,1.0
help.sketchfab.com,0.0
hkbpxhhoavdic.sysu.edu.cn,0.0
gat.1pondo.tv,0.0
beijing.liebiao.com,0.0
lamurudu.com,1.0
uptest.qqlive.qq.com,0.0
zisafsolutions.com,1.0
cent.b2b168.com,0.0
adl-nw.itsaol.com,1.0
c30b5c894b1b4e11b4daa613f345b3e3.fp.measure.office.com,0.0
o587915.ingest.sentry.io,0.0
luixsantos.com,1.0
0c01301f72f0426f761f077088851693.safeframe.googlesyndication.com,0.0
65a21d78749a91bc9f75ad8d70cecc40.safeframe.googlesyndication.com,0.0
0cc6f9722a5a8f69119453afb88e1299.safeframe.googlesyndication.com,0.0
bccnctfdhbr.sysu.edu.cn,0.0
myguitarcenter.ir,1.0
wenxy.hbu.cn,0.0
t-tgv.orangevip.com,0.0
bluedotbd.online,1.0
vrgavaras.com,1.0
72k6ns9aaxk33dflocpk5wdrkzt6cct4tf2oucms3b0aeda323607a87sac.d.aa.online-metrix.net,0.0
rmhyneoq.page.link,1.0
wabusinesssender.com,1.0
gamemod1.xyz,0.0
p3.tgpro.top,0.0
freightzone.co.zw,1.0
921943c9d0744a37800f601c9e187638.fp.measure.office.com,0.0
www.feinberg.northwestern.edu,0.0
cangshu64.lanzouw.com,0.0
219.34.202.23.sbl.spamhaus.org,0.0
adl-bn.fartit.com,1.0
web.stat.ws.126.net,0.0
assignmentsdaddy.com,1.0
cfrdyxlgbqteiq.sysu.edu.cn,0.0
5f80de93ede94d49bdc4f33d969f2b98.fp.measure.office.com,0.0
ghaly-group.com,1.0
w4dasvdimj2seyu7mhea-f-af9dff0b5-clientnsv4-s.akamaihd.net,0.0
cmdhvpna.page.link,1.0
cityjunkremovallogistics.com,1.0
alfantgdhpbtsx.sysu.edu.cn,0.0
xdlrxwyy.page.link,1.0
1.oooksu.z8.ru,1.0
guizhou.chinatax.gov.cn,0.0
alb-prod-invenio-1916515004.us-west-2.elb.amazonaws.com,0.0
1rooe9.damasqueirore.sa.com,1.0
qgjsb.mwr.gov.cn,0.0
w4dasvfydh7hqyu63slq-f-29d88cec2-clientnsv4-s.akamaihd.net,0.0
eventivo.pk,1.0
hambudata.com.ng,1.0
technologiczni24.pl,1.0
rtbypgybzry.sysu.edu.cn,0.0
noytral24.no,1.0
adl-gsq.faqserv.com,1.0
6799b18604d1e522433ab3a10664d96a.safeframe.googlesyndication.com,0.0
38b060ce2009eac052335a16b1319a2b.safeframe.googlesyndication.com,0.0
imgs.gimoo.net,0.0
hlxy.hbmu.edu.cn,0.0
midrcjzh.page.link,1.0
231.10.114.170.sbl.spamhaus.org,0.0
aldynetworks.com,1.0
masmijfq.page.link,1.0
24lottospromo.com,1.0
www.wx.qq.com,0.0
casitadelarte.com,1.0
dl-bgp.tgpro.top,0.0
wwu.lanzoul.com,0.0
dl.198424.com,1.0
rodeate.com,1.0
vhlxxlp.sysu.edu.cn,0.0
mxhjgmmf.sysu.edu.cn,0.0
cwhawkins.org,1.0
venticas.net,1.0
0ee74d55c28e818aa8b233794a0e9763.rdt.tfogc.com,0.0
dbs.result.garrettcountygranfondo.org,1.0
3inkadvertising.com,1.0
hk20-ca-alb-vp4pghaqwy6h-408695043.us-east-1.elb.amazonaws.com,0.0
yrspc-app.net,1.0
adliris.faqserv.com,1.0
jinbiaochiweb-1257991880.cos.ap-chengdu.myqcloud.com,0.0
kcyopwpc.page.link,1.0
autoconfig.lingnan.sysu.edu.cn,0.0
b433d47c88a61f6d365625c17b3682ae.safeframe.googlesyndication.com,0.0
1377187e62c80b2f7d4f7ee09b88ae20.safeframe.googlesyndication.com,0.0
cbi.layout.oystergardens.us,1.0
as.61.com,0.0
uxgrvsid.page.link,1.0
muoscvdq.page.link,1.0
ambitiousapeperfume.com,1.0
zeplantlocal.com,1.0
outer-dp-pc01.bh3.com,0.0
compunetplc.com,1.0
resume.shixiseng.com,0.0
mod-bussines.ru,1.0
compunetlimited.com,1.0
secure-web.cisco.com,1.0
b927a53d587c4b65aa8c06e654a82dd4.fp.measure.office.com,0.0
babooblack.com,1.0
shop37103995.taobao.com,0.0
rubbleremovalpretoria.com,1.0
stoon.hitsturbo.com,1.0
never.hitsturbo.com,1.0
ns3-l5.nic.ru,0.0
ea07578371bc1f9dfa28d1013fcefe96.safeframe.googlesyndication.com,0.0
c458e83d3b8f33f472a2d157593bd4cb.safeframe.googlesyndication.com,0.0
papagayoadventures.com,1.0
1ecosolution.it,1.0
af2f557da90e4846a7493406e8cf1477.fp.measure.office.com,0.0
cmcos.albatross.10086.cn,0.0
angeljuicer.co.nz,1.0
philosophy.unc.edu,0.0
realitycapture.co.ke,1.0
oezczaeeyjvgqa.sysu.edu.cn,0.0
berynamalaysia.com,1.0
ravenousroyalty.files.wordpress.com,0.0
new.clovercars.net,1.0
pykisku.com,1.0
shop35203329.taobao.com,0.0
spsync.i-mobile.co.jp,0.0
Anaconda3.sysu.edu.cn,0.0
urmiadesign.ir,1.0
the-platformlab.com,1.0
iuzweymq.page.link,1.0
instagrammen.com,0.0
oklahomavtraleigh.treatstory.com,1.0
f8ae918033a953f55f672fb5b25a32fb.safeframe.googlesyndication.com,0.0
qdl-inm.faqserv.com,1.0
asv.faqserv.com,1.0
kilicogludovme.com,1.0
trunghocthuduc.com,1.0
auiitecu.page.link,1.0
johnbowtoursandtravel.com,1.0
chejiahao.m.autohome.com.cn,0.0
fast.qiyou.cn,0.0
api.im.qcloud.com,0.0
www.transportesevaristomadero.com,1.0
noithatbod24h.com,1.0
jwrcuilacnwxi.sysu.edu.cn,0.0
solattoy.com,1.0
www.ibilibili.com,0.0
c105d022755a90ee6570024b186129f5.safeframe.googlesyndication.com,0.0
soft.110route.com,1.0
only-759409-202-116-81-180.nstool.netease.com,0.0
moshito-marketing.com,1.0
manishved.in,1.0
search.medsci.cn,0.0
rackoon.net,1.0
jfyme.result.garrettcountygranfondo.org,1.0
w4dasvaxeqh4eyu7kvoa-f-371bb26e0-clientnsv4-s.akamaihd.net,0.0
ut.hujiang.com,0.0
search.btfox.pw,0.0
alliedproperties.com.pk,1.0
xbqxmzhc.page.link,1.0
mediaberitaindonesia.sysu.edu.cn,0.0
swiftype-ss.imgix.net,0.0
institutodeljuego.net,1.0
koalatea.io,0.0
minnesotamapierre.n360.us,1.0
laubenstein.space,1.0
athejazi.page.link,1.0
a-0.19-a40fb081.c800081.1838.1c44.410a.400.9d.dfvnbtjhhh2knt6n166lmmi5z6.avqs.mcafee.com,0.0
pico.eset.com,0.0
ohh.sisurl.com,0.0
www.dayi100.com,0.0
punchcard-pro-image.xiaoheiban.cn,0.0
rz-menden.de,1.0
www.itl.nist.gov,0.0
apim.expedia.com,0.0
dprima.in,1.0
palasan.ro,1.0
policy.video.iq.com,0.0
526ce41b5c5041fa9a752223171bb8b4.fp.measure.office.com,0.0
emergencyplumberscroydon.co.uk,1.0
vip-eu86.qqupload.com,0.0
ethaket.info,1.0
qfokdmel.page.link,1.0
0703c1233885471487a24aa3a27d021e.fp.measure.office.com,0.0
b325.photo.store.qq.com,0.0
gd.huatu.com,0.0
computershop.cl,1.0
72k6ns9aisk4p3bxp46j2hshmn7a6rah54qmqgls86e5b259e7916998sac.d.aa.online-metrix.net,0.0
a-0.19-24092081.c8e0082.1838.1c44.410a.400.9d.eaclitne8kl7nmjbclni8641z5.avqs.mcafee.com,0.0
mnkg.sync.oystergardens.club,1.0
netc.jnu.edu.cn,0.0
news.youth.cn,0.0
images.fr.shopping.rakuten.com,0.0
pc.us.sinaimg.cn,0.0
erabits-indonesia.com,1.0
ac8fc0c76a953722740b7ff029f7f5cd8.profile.fco50-c1.cloudfront.net,0.0
taohuay.top,0.0
edalat-shan.com,1.0
mpacc.uibe.edu.cn,0.0
opejlwmy.page.link,1.0
shasta-mrs.norton.com,0.0
rainbowconfort.com,1.0
matoshribed.co.in,1.0
zevents.sa,1.0
6d52ec7b8a245d02808f15da8cd0f051.safeframe.googlesyndication.com,0.0
6ef66fb01015ff3e1e0246762f18eeeb.safeframe.googlesyndication.com,0.0
childrenshealthintl.org,1.0
samittechnorubber.in,1.0
emimpcpf2.eastmoney.com,0.0
cots.vn,1.0
localhost.wwbizsrv.alibaba.com,0.0
a-ir.vizvaz.com,1.0
imap.outlook.com,0.0
www.honeywell.com,0.0
ns11.hsbc.com.hk,0.0
b0dg6o.tdum.alibaba.com,0.0
www.ge.com,0.0
gardencityraiders.com,1.0
mbcci.com.pk,1.0
m.sc-rh.com,0.0
azzqckle.sysu.edu.cn,0.0
mukao88054.lofter.com,0.0
0fd4ba02bd364a959c0ab2d6aafe9962.fp.measure.office.com,0.0
gvbujwxdzjppqis.sysu.edu.cn,0.0
57.101.88.130.sbl.spamhaus.org,0.0
9791593.fls.doubleclick.net,0.0
2f03f9595220684fe9dc757d57658277.safeframe.googlesyndication.com,0.0
roseserver.ir,1.0
4a4b0355653a34f9ac77f739cdcb7b9f.safeframe.googlesyndication.com,0.0
001edddegdfdg.jumpbc.chuairan.com,0.0
heeaxnyevpzn.sysu.edu.cn,0.0
serverless.parastorage.com,0.0
news.iu.edu,0.0
sbzcxlyq.page.link,1.0
esuqwucx.page.link,1.0
riser360.com.mx,1.0
adl-cl.fartit.com,1.0
medicaltoolsbd.com,1.0
mntrusted.com,1.0
public-ws-ubiservices.ubi.com,0.0
theaviaryhotel.com,1.0
4136f52b3d144ecf9119368bba96cc28.fp.measure.office.com,0.0
fl3kab.tdum.alibaba.com,0.0
1da9776765e440bbac5eb68dde022359.fp.measure.office.com,0.0
hgy2n0ksovrocmikbymwea4uxzhxcuy3qtbliir25a8262467202c0c2sac.d.aa.online-metrix.net,0.0
fish-tesla.oss-cn-hangzhou.aliyuncs.com,0.0
166f179f5f414af8be89e087e23768fd.fp.measure.office.com,0.0
boolimagens.com.br,1.0
homeimprovementadvices.us,1.0
feynuus.org,1.0
1251117883.vod2.myqcloud.com,0.0
kynwzpi.sysu.edu.cn,0.0
403695c4de6e47b1bc6d7b9614374d33.fp.measure.office.com,0.0
creamandfudge.in,1.0
innomecanica.cl,1.0
4dc940b547c7ed0834118612d322164a.safeframe.googlesyndication.com,0.0
c51167660027dfc6c5e60aaeca3d3044.safeframe.googlesyndication.com,0.0
djj.gd.gov.cn,0.0
edtrjbnx.page.link,1.0
NPI619BED.sysu.edu.cn,0.0
astroraah.com,1.0
alto.com.mx,1.0
958973332.docs.qq.com,0.0
securityheadline.m.qq.com,0.0
neednoneedles.com,1.0
iomarixjd.sysu.edu.cn,0.0
sromszhj.page.link,1.0
renga.co.za,1.0
itfixbit.com,1.0
thechip.shop,1.0
4ofumpkjgllu.n4.adsco.re,0.0
huaqing2020.oss-cn-beijing.aliyuncs.com,0.0
calgaryguide.ucalgary.ca,0.0
academiadepsihosomatica.md,1.0
vbrrjdwb.page.link,1.0
homeimprovementskills.us,1.0
fr.wikivoyage.org,0.0
tustarjetas.store,1.0
businessmarkets.us,1.0
mallasprogalv.com,1.0
cws-site-1191008954.us-east-1.elb.amazonaws.com,0.0
yesslabels.ae,1.0
cruxmwbr.www.tendawifi.com,0.0
ort-stsdk.vivo.com.cn,0.0
979f1aebcc8931256bcde3f09d3e6869.safeframe.googlesyndication.com,0.0
zh.cam4.com,0.0
patricksaccounting.com,1.0
p214-fmf.icloud.com.cn,0.0
wemod.com,0.0
utoqhkym.sysu.edu.cn,0.0
supplyhook.net,1.0
support.lenovo.com,0.0
ayrgestion.com,1.0
5a5b1a559f5348948c7b05c2041a1ce2.fp.measure.office.com,0.0
iplayer-mobile-appconfig.files.bbci.co.uk,0.0
robertcook.top,1.0
twmhvhoa.page.link,1.0
axvasdex.page.link,1.0
scholarpublishing.us6.list-manage.com,0.0
italianplanters.com,1.0
ueymoexm.page.link,1.0
worldwidecollection.net,1.0
www.coopsantodomingo.com,1.0
share.iclient.ifeng.com,0.0
lbebyjtz.page.link,1.0
kxojhvho.page.link,1.0
certucheabogados.com,1.0
w4dasvaxfdy2syu65eqq-f-ac228ee54-clientnsv4-s.akamaihd.net,0.0
runnerspacegifts.com,1.0
c788459a7938f3e9f35b1a4f17816555.safeframe.googlesyndication.com,0.0
adanacamasiryikama.com,1.0
wkxb.sicnu.edu.cn,0.0
djgdistribuciones.com,1.0
zj2fdndiksysoyu7jnsa-f-4092beec5-clientnsv4-s.akamaihd.net,0.0
pic6.iqiyipic.com.www.tendawifi.com,0.0
www.52scjs.com,0.0
e2aeb62a49764885ae0a5df74c4be340.fp.measure.office.com,0.0
arsalanfilms.com,1.0
docserver.cadence.com,0.0
pwnkkyfhq.www.tendawifi.com,0.0
pzptzdoybw.feishu.cn,0.0
114.99.131.21._spf.mta.salesforce.com,0.0
ciurspti.page.link,1.0
nextinuous.com,1.0
avd.asia,1.0
zhongyindi.datasink.sensorsdata.cn,0.0
usdo.in,1.0
bookstore.ssp.qq.com,0.0
2ac49c9fd62149fd9e01ae2c60569c58.fp.measure.office.com,0.0
client.sina.cn,0.0
shadowmaskbungalow.com,1.0
geetabeautyhub.in,1.0
showme.co.za,0.0
wlj.wuhan.gov.cn,0.0
4555bb94dca345d7baa625636f8f9087.fp.measure.office.com,0.0
skdev.in,1.0
hfrtyisq.page.link,1.0
xn--playstor-ueb.com,1.0
config.resilio.com,0.0
inmano.com.br,1.0
konyayasarvinc.com,1.0
gileadcross.com,1.0
72k6ns9amnieyjoiy6x7fszj624lkrnvwwco6iyy36ec691bf6215659sac.d.aa.online-metrix.net,0.0
w4dasvaxfdy2syu6twma-f-8c784a3ff-clientnsv4-s.akamaihd.net,0.0
ciptransfer.com,1.0
africatechs.com,1.0
zwagu.toshibatelevisao.sa.com,1.0
ondemandservice.shop,1.0
latierraprometida.co,1.0
1048ca3283d14c1998f507b84eb6cc24.fp.measure.office.com,0.0
kriasoftux.com,1.0
hamrahansystem.com,1.0
3.80.125.162.sbl.spamhaus.org,0.0
584274907.docs.qq.com,0.0
st.bendibao.com,0.0
lybqyplu.page.link,1.0
nargana.co,1.0
vbvhixvg.page.link,1.0
erudicaoinvestimentos.com.br,1.0
ehsoqsok.page.link,1.0
adllsg.mrface.com,1.0
a85056cbab09fcc274bf16edfff9a10ab.profile.sea73-p2.cloudfront.net,0.0
alltuning.com.br,1.0
drmarcostavaresdeoliveira.com.br,1.0
zj2fdlixfqz3eyu6k55a-f-ca66120e8-clientnsv4-s.akamaihd.net,0.0
news.voc.com.cn,0.0
a913b7fc73b44b5280ab88172b96af84.fp.measure.office.com,0.0
8bd970b059f14400a7d062c1f51ae88e.fp.measure.office.com,0.0
ykgunszm.page.link,1.0
transglobaladjusters.co.ke,1.0
cpcalendars.rakishevkenes.com,1.0
mobilidadeurbanaassessoria.com.br,1.0
sos.vivi.sg,1.0
ejlhgsyk.page.link,1.0
tvgoo.sysu.edu.cn,0.0
7j2jn7.tdum.alibaba.com,0.0
sgpolyerp.in,1.0
qasisqrdjx.sysu.edu.cn,0.0
03b6ff6f91b2e3f391d09b5733159050.safeframe.googlesyndication.com,0.0
ugelconcepcion.gob.pe,1.0
onesignal.com,0.0
3437b9aab7554514a1cf78ae58c15982.fp.measure.office.com,0.0
wajihaattique.com,1.0
wdibkksayozexu.sysu.edu.cn,0.0
161.238.15.12.sbl.spamhaus.org,0.0
stairrunners.ca,1.0
content-system.gog.com,0.0
vulturetv.com,1.0
d92db75c414048ff8311cf008e8958ac.fp.measure.office.com,0.0
only-728335-117-136-32-86.nstool.netease.com,0.0
cdbmeb.tdum.alibaba.com,0.0
9c9bed2bbb4f45b78d7f2e73ab6d0aad.fp.measure.office.com,0.0
files2.dp.ua,1.0
admaxds.in,1.0
gfoodpackaging.com.my,1.0
ydpkeewxqqmfo.sysu.edu.cn,0.0
chipshoes.sysu.edu.cn,0.0
72k6ns9a4nxg2x45jhta3iz6z5wdcdarjxvf3qdl2bbcab9d28e9e641sac.d.aa.online-metrix.net,0.0
mbhslagosoba.com,1.0
caumbwo.sysu.edu.cn,0.0
wedoit.global,1.0
78aec8ce569e6392101c1879c68b7df9.safeframe.googlesyndication.com,0.0
eacc67c79700ba8942f34b082aae29e3.safeframe.googlesyndication.com,0.0
elite-sd.com,1.0
lwwbknqh.page.link,1.0
adl-jh.my03.com,1.0
china.dhabigroup.top,1.0
nvqxaijhlul.sysu.edu.cn,0.0
caroihrv.page.link,1.0
saham.duia.us,1.0
dl2-broomcleaner.online,1.0
rkimuodw.page.link,1.0
620eda53e59cd9e6baa7f138bc853a69.safeframe.googlesyndication.com,0.0
travelspacesafaris.com,1.0
092093c25d0d66f4a8a5a22d449336a3.safeframe.googlesyndication.com,0.0
care4sneaker.com,1.0
ringadoctor.com,1.0
tabishaftab.com,1.0
umwledzqtscw.sysu.edu.cn,0.0
adl-irn.fartit.com,1.0
imgf1.pop-fashion.com,0.0
1koijw.sonytelevisao.sa.com,1.0
juvb.sync.oystergardens.club,1.0
ksocrrjwhglxa.sysu.edu.cn,0.0
p4-ck6gy7cv7ntfw-22uslfiwb3xdb7ju-if-v6exp3-v4.metric.gstatic.com,0.0
hoebysoqaqwamcl.sysu.edu.cn,0.0
mzlctfymgj.corp.qualcomm.com,0.0
wjbmxkxa.page.link,1.0
p44.p3.n0.cdn.getcloudapp.com,1.0
1QWQEWREWQWEQWRQE.SBS,1.0
juliusramos.com,1.0
p35-acsegateway.icloud.com.cn,0.0
hb595743.fx.sj.360.cn,0.0
4.3.18.104.sbl.spamhaus.org,0.0
wwqbgzje.sysu.edu.cn,0.0
12.cetc.com.cn,0.0
nmtu.settings.oysterfloats.org,1.0
sahmadl.faqserv.com,1.0
woodtrax.fr,1.0
photomart.tn,1.0
w4dasvaxhswuqyu7lrpq-f-cc6a444f7-clientnsv4-s.akamaihd.net,0.0
r1---sn-i3belnl7.googlevideo.com,0.0
np-listapi.eastmoney.com,0.0
lummaaass.site,1.0
mxzlmmoh.page.link,1.0
iowacoatlanta.phoenixcareintl.com,1.0
motexpert.org,1.0
jwthourk.page.link,1.0
thecrazymonkey.org,1.0
akctdcbixuwo.sysu.edu.cn,0.0
count.pcauto.com.cn,0.0
xbf.lanzoul.com,0.0
ljbtrainingsolutions.com,1.0
ir-sn.my03.com,1.0
aytjkzqe.page.link,1.0
imforx.com,1.0
amtc-dz.com,1.0
kkdghssalumni.com,1.0
111.65.223.76.sbl.spamhaus.org,0.0
6f1a1ec7196ab200ce780f55f627e8d7.safeframe.googlesyndication.com,0.0
smioaeyu.page.link,1.0
levantateelshow.com,1.0
0b3fa689e00747ed9247a1ebfd82e65b.fp.measure.office.com,0.0
wrdproxy.hainanu.edu.cn,0.0
img5.yna.co.kr,0.0
sef.faqserv.com,1.0
c4efc3e2ec9f40168a7c86cbbdce4549.fp.measure.office.com,0.0
plastiboxgm.com,1.0
r4---sn-oguelnzy.googlevideo.com,0.0
taxicentral.ir,1.0
julimerventures.co.ke,1.0
lxzrmcirmvu.sysu.edu.cn,0.0
coin.meituan.com,0.0
equity.haus,1.0
af0f407c7010207bda97bc996f907034.safeframe.googlesyndication.com,0.0
objyapvj.page.link,1.0
j108srijan.com,1.0
72k6ns9a7pdqsktdxh4ui3pwvdolagw2br5sk7i4c638b1f0a3f91d82sac.d.aa.online-metrix.net,0.0
hits-i.iubenda.com,0.0
wkjsc.swjtu.edu.cn,0.0
oobben.store,1.0
jaffnaheritage.lk,1.0
npgpybmm.page.link,1.0
api.sec.intl.miui.com,0.0
nejtague.page.link,1.0
vms-sc.miguvideo.com,0.0
76a0f194a4cb4b13b5370a29918ee7ea.fp.measure.office.com,0.0
hiwwndct.page.link,1.0
cowlevel.net,0.0
erxjbkrxwv.sysu.edu.cn,0.0
evixfifh.page.link,1.0
pbjizlerkoqajf.sysu.edu.cn,0.0
rontymobile.in,1.0
alyzsports.com,1.0
uemm-dynatrace.app.ford.com,0.0
stream.vidazoo.com,0.0
apkikoishow.com,1.0
db._dns-sd._udp.wlan.huawei.com,0.0
sgsfvoax.page.link,1.0
lawguie.com,1.0
usasupplements.online,1.0
northcarolinawiboston.bonesdesigncompany.com,1.0
ir-bn.mynetav.org,1.0
store1.gofile.io,1.0
m.dianping.mama.cn,0.0
d51d6233219d4f31b27749af933807e6.fp.measure.office.com,0.0
93a743ef445afb85fe810b0712138993.safeframe.googlesyndication.com,0.0
hosps.co.za,1.0
915839726.docs.qq.com,0.0
djaffodq.page.link,1.0
hlddz.broker.tplay.qq.com,0.0
35-155-152-211-pushcl.np.communication.playstation.net,0.0
h55na.update.easebar.com,0.0
lmyizoqf.page.link,1.0
ed-sb.vizvaz.com,1.0
gcfyfriu.page.link,1.0
w4dasxixilaz4yu7haya-f-a782b4639-clientnsv4-s.akamaihd.net,0.0
jstp-mpc.m.jd.com,0.0
ck3.paradoxwikis.com,0.0
shringarseva.in,1.0
a-0.19-a7000201.0.170c.cf6.3ea5.210.0.p16gjzk7nqt8wqgufitb27z7r6.avts.mcafee.com,0.0
670e5288bd224a069f5745ac31cfd502.fp.measure.office.com,0.0
mnfservice.com.my,1.0
sunbabsco.com,1.0
r.photo.store.qq.com,0.0
quolocations.com,1.0
w4dasvax373seyu6jyyq-f-4f7933e68-clientnsv4-s.akamaihd.net,0.0
iran-hhs.fartit.com,1.0
nkwcnlxh.page.link,1.0
objetivosexy.com,1.0
psg4-excel.officeapps.live.com,0.0
a40a2b163a7a48c69c323270bb54cbfe.fp.measure.office.com,0.0
vpner.cc,1.0
crm.newbalance.com.cn,0.0
k734616852-a707sde7a7401.rc03.oray.com,0.0
a33131d5c4a0c1798039af96181d08817.profile.mxp63-p3.cloudfront.net,0.0
56a558db22014cabafcfa0a3f3002f94.fp.measure.office.com,0.0
aimfireandsecurity.com,1.0
videfi.org,1.0
sporteriaind.com,1.0
riage.fr,1.0
surat.bkc.or.id,1.0
frtkdn.tdum.alibaba.com,0.0
chitrasansar.com,1.0
bbs.ludashi.com,0.0
europe-post.eu,1.0
fnpkzbzg.page.link,1.0
u-security.mx,1.0
8c0f45184cd4c46d3d4d8f4b159bb642.safeframe.googlesyndication.com,0.0
valerkfs.beget.tech,1.0
70lsqw.sn.files.1drv.com,0.0
infomastar.com,1.0
ccdn.brightedge.com,0.0
topics-cdn.nintendo.co.jp,0.0
xwobsokr.page.link,1.0
vkvd257.mycdn.me,0.0
download-lb.utorrent.com,0.0
toshiaki1.com,1.0
dgcdlzrondztnho.polyu.edu.hk,0.0
kenesrakishev.net,1.0
kuhubbup.page.link,1.0
w4dasvax2cgiayu6uixa-f-9a8c0df75-clientnsv4-s.akamaihd.net,0.0
66073eeed76e5cca9f6aa1f131c3c60c.safeframe.googlesyndication.com,0.0
67.47.190.192.sbl.spamhaus.org,0.0
40c1ff0c8c0d44dba2ed07c78a775cba.fp.measure.office.com,0.0
thepoemforyou.oss-cn-beijing.aliyuncs.com,0.0
a-0.19-a7000801.c0e0081.170c.d79.3ea5.210.0.wkkz4jc8zq7p9jg262j9gt4lrq.avts.mcafee.com,0.0
metagaming.tv,1.0
zj2fdlixfqzxuyu6pala-f-9fd790171-clientnsv4-s.akamaihd.net,0.0
www.romulation.org,0.0
72k6ns9amjsjgzmcosgrxyba6um2nu5btvnummiked7bda1907e00b07sac.d.aa.online-metrix.net,0.0
www.abac.au.edu,0.0
iqjtljxbnvj.sysu.edu.cn,0.0
uzfix.com,1.0
shinyapps-upload.s3.amazonaws.com,0.0
cqpofqlz.page.link,1.0
4wdo88.tdum.alibaba.com,0.0
sign.huolala.cn,0.0
plantscares.in,1.0
dpytlaqbxrwd.www.tendawifi.com,0.0
worldmother.in,1.0
a3faa7efd0f5c59330ea989801494de30.profile.sin52-c3.cloudfront.net,0.0
kpfxqgboexyiuj.www.tendawifi.com,0.0
puffarena.co.uk,1.0
tecx.co.za,1.0
downloadfilmgratis-filmterbaru.sysu.edu.cn,0.0
mindit.in,1.0
tulpfwbw.page.link,1.0
nhltruet.page.link,1.0
newcastle.ae,1.0
xemtex534.xyz,1.0
download0.vivo.com.cn,0.0
86.58.240.183.sbl.spamhaus.org,0.0
xining.tianqi.com,0.0
aff6f9eb09fe371c40dd8857463075d5e.profile.yto50-p1.cloudfront.net,0.0
9thp6m.tdum.alibaba.com,0.0
api.discourse.org,0.0
bb.img.qq.com.cloud.tc.qq.com,0.0
unapromo.com,1.0
lobclwqblbucj.sysu.edu.cn,0.0
zxwnpckp.page.link,1.0
jamaicaplumbingsupplies.com,1.0
uxkxkalx.page.link,1.0
dxbpadrodc00004.china.huawei.com,0.0
only-382559-14-150-104-98.nstool.netease.com,0.0
74.160.217.172.sbl.spamhaus.org,0.0
r1---sn-oguesn6d.gvt1.com,0.0
ew.phncdn.com,0.0
ihsesesgppg.sysu.edu.cn,0.0
indiajuris.com,1.0
allon4mexico.com,1.0
activity.zlongame.com,0.0
h171736.srv22.test-hf.su,1.0
sioc.cas.cn,0.0
jrsx.gduf.edu.cn,0.0
adx.dlads.cn,0.0
6457a4db7d7830fbe7c08d36a041eda5.safeframe.googlesyndication.com,0.0
cdn.javvin.me,0.0
xxgk.qdu.edu.cn,0.0
smart-artisans.bj,1.0
hl4xavtilnccuyu7j42q-pi2poj-57d3b1a26-clientnsv4-s.akamaihd.net,0.0
ucb6e27bc114195553e699b92c53.dl.dropboxusercontent.com,1.0
www2272.ff-05.com,0.0
dti.lk,1.0
shades-of-blue.gallerycdn.azure.cn,0.0
depositphotos.com,0.0
sgcvyshfrmbl.sysu.edu.cn,0.0
info.scopus.com,0.0
edukarya.net,1.0
ligacdz.sysu.edu.cn,0.0
w4dasvaxfdy2syu6tyhq-f-8827e1810-clientnsv4-s.akamaihd.net,0.0
rener.com.uy,1.0
5493tblc2y7322bkzmhudk2v3kvi5vp2hjbifjrq197ceb380502d420sac.d.aa.online-metrix.net,0.0
120-236-174-249_s-23-2-16-25_ts-1654590977-clienttons-s.akamaihd.net,0.0
enuph.layout.oystergardens.us,1.0
w4dasxqxh5fkcyu63caq-pb8kt7-8ac3cd48c-clientnsv4-s.akamaihd.net,0.0
foa.oiu.edu.sd,1.0
mysura.it,1.0
www.canr.msu.edu,0.0
tgagua.mx,1.0
localforvocal.co.in,1.0
shoppingleeds.us,1.0
lindenprofessionalservices.com,1.0
saham-pa.skcarriages.com,1.0
wyy.voc.com.cn,0.0
w4dasvfygoo5iyu654qa-f-fdc554eec-clientnsv4-s.akamaihd.net,0.0
cdn1.xxxvideor.com,0.0
sportsgallery.in,1.0
mein.miteinander.reisen,1.0
searchlauncher.bcm.tmc.edu,0.0
nhakhoablossom.vn,1.0
avirep.co,1.0
yqgx.whut.edu.cn,0.0
ubkwxhbl.page.link,1.0
rdddpvit.page.link,1.0
claudiosanchez.cl,1.0
augmo.in,1.0
celema.co,1.0
o278969.ingest.sentry.io,0.0
jayxwwqurukdcje.sysu.edu.cn,0.0
hub5p.sandai.net,0.0
virginiamnprovidence.competey.com,1.0
galiniseaview.gr,1.0
72k6ns9ayh3brntfgu5xq6iagwmklmu5eyemaf6oef0b2da2d7748c3bsac.d.aa.online-metrix.net,0.0
beaccameroun.org,1.0
wuhtzeav45dx.l4.adsco.re,0.0
kleaclrd.page.link,1.0
8ccda04147cdf92994ead6a469963187.safeframe.googlesyndication.com,0.0
csdmtrading.co.za,1.0
aktifyapikimya.com.tr,1.0
institutoecologiabolivia.com,1.0
static7.lottiefiles.com,0.0
pcms.icpsr.umich.edu,0.0
hcpadvfpbnlfz.www.tendawifi.com,0.0
72k6ns9a62zsuatkj2ygicjxnli3tt3ixeamjsco356f3926b17eb8a3sac.d.aa.online-metrix.net,0.0
38048ad156f0666a66a41f9bc5f68122.dlied1.cdntips.net,0.0
4013.browurl.com,0.0
xn--qkr7qj7ec1l5tf0qa74g03g80fsqlusuuxdus9a354bxudsyntqinuvqss.sysu.edu.cn,0.0
dreamkarts.com,1.0
ad64d30dbaa44bbfaf9c0128dcb1e3b2.fp.measure.office.com,0.0
b546fc4702bfb95ea7f9ecfc0f0c5d3d.safeframe.googlesyndication.com,0.0
houssagynecologue.com,1.0
ratteb.com,1.0
bookmytravelz.com,1.0
smartstay.co.ke,1.0
lancome.m.tmall.com,0.0
6fecdad2e3f0428884914bff5c2f536d.fp.measure.office.com,0.0
bulliongold.net,1.0
cosmiccat-my.sharepoint.com,0.0
srikrishnaretailfixtures.com,1.0
4c829df9-d432-4ae3-bf08-363f82e8793c.assignments.api.brightspace.com,0.0
manicillustrations.files.wordpress.com,0.0
r15---sn-ni57rn7e.c.2mdn.net,0.0
kingprovpn.com,1.0
hk-zb-zfile.oss-cn-hongkong.aliyuncs.com,0.0
apnibazar.com,1.0
b9830f9326fe54a4b79e93eba6593f88.safeframe.googlesyndication.com,0.0
88a68943c8d6a006069485dfd7e4b0b3.safeframe.googlesyndication.com,0.0
d1bf02098bdbbd6401bd0f157f8d877a.safeframe.googlesyndication.com,0.0
010fdf898376b65e7fd6b5bd3c5d331f.safeframe.googlesyndication.com,0.0
raeecolombianet.com.co,1.0
filespreview.spline.design,0.0
controletempo.com,1.0
a7u1or.tdum.alibaba.com,0.0
monitoring-platform.gitee.io,0.0
switzerlland.com,1.0
pg-bootstrap.itunes.apple.com,0.0
hl4xahqxjnkk4yu6wowq-f-23b9f1ff4-clientnsv4-s.akamaihd.net,0.0
molinoloizzoaltamura.it,1.0
www.saf-oil.ru,1.0
viramar.com.br,1.0
05aa496ca0b1ff14b9edd9081f65496e.safeframe.googlesyndication.com,0.0
baraemaljinan.com,1.0
ncdc.noaa.gov,0.0
cmulpxsk.page.link,1.0
mpagebff.paas.cmbchina.com,0.0
d1a3634a16eb4c26a72f9b1f9a1bd1b8.fp.measure.office.com,0.0
wccchealthfacilitieswholesalers.co.za,1.0
www1.gdtv.cn,0.0
mccmanagement-mid-prod1-all-t.adobe-campaign.com,0.0
23c86426c653f6d14a17a33c3d7c5c0c.safeframe.googlesyndication.com,0.0
d8934b1045dcd2544a992862c4c7b9e3.safeframe.googlesyndication.com,0.0
e5829734a84abaffcb0568e2de2d8a29.safeframe.googlesyndication.com,0.0
519164b993e729962911154d6a216941.safeframe.googlesyndication.com,0.0
hudong.moe.gov.cn,0.0
uplines.co,1.0
www4.bing.com,0.0
affordablesinginglessons.com,1.0
dev.oni.gov.ge,1.0
washingtontxtopeka.learnmoneymakingskills.com,1.0
whoareyoukidshoes.com,1.0
navai.sync.oystergardens.club,1.0
healthpot.co,1.0
ds-2055.oss-acc-allline.aliyuncs.com,0.0
1bc668878589cbcb16db76b5203633e3b5c203d7cf6a9c23.dlied1.cdntips.net,0.0
dyxt.jw.scut.edu.cn,0.0
w4dasvaxhp6icyu6hmeq-f-41b67e216-clientnsv4-s.akamaihd.net,0.0
huttnbyi.page.link,1.0
www.haoword.com,0.0
sleepwell.cl,1.0
mucitplastik.com,1.0
grs.platform.dbankcloud.ru.www.tendawifi.com,0.0
watfordspringschool.org.ng,1.0
scholarshiplug.com,1.0
astroheenasharma.in,1.0
p36-fmipmobile.icloud.com,0.0
b250b1.ug.ele.me,0.0
ves.faqserv.com,1.0
www.ulifestyle.com.hk,0.0
btcgamblingtips.com,1.0
seeeysw.hust.edu.cn,0.0
hnvmremm.page.link,1.0
ligadoaraguaia.com.br,1.0
zt.gifshow.com,0.0
als.mrbasic.com,1.0
barebearscoin.com,1.0
52.16.82.208.sbl.spamhaus.org,0.0
188876-android-ds.metric.gstatic.com,0.0
v5-lite-zqcm.douyinvod.com,0.0
e782aefa61cb4e7a8664d512e8c66595.fp.measure.office.com,0.0
986f01d7895cd0fa422bcd468e7cf90a.safeframe.googlesyndication.com,0.0
itcc.nju.edu.cn,0.0
bwaqcwspnpi.sysu.edu.cn,0.0
2838435095.docs.qq.com,0.0
code.highcharts.com,0.0
kripa89.sysu.edu.cn,0.0
js.xueqiu.com,0.0
transportescsc.com,1.0
data.earthquake.cn,0.0
apih.liepin.com,0.0
artejoy.co.in,1.0
southcarolinanvmontpelier.thedoerznetwork.com,1.0
shop.hsm.education,1.0
transeca.mx,1.0
mshzksspnvvjzk.sysu.edu.cn,0.0
73005d9615a8bbbd9875e84e99978419.safeframe.googlesyndication.com,0.0
theprintdepot.ca,1.0
hotfix.mbgcdn.lenovo.com.cn,0.0
vedetaavon.ro,1.0
mq-lounge.com,1.0
inatvindir.online,1.0
focussci.com.br,1.0
rarestglam.com,1.0
lswz.jiangxi.gov.cn,0.0
www.fabao365.com,0.0
xgyyiuft.page.link,1.0
d1dcwuzxl9elyu.cloudfront.net,0.0
rr1---sn-j5o7dn7d.googlevideo.com,0.0
ahrapparels.com,1.0
ksvgttmhdkxxtzg.sysu.edu.cn,0.0
qjfwdjqsh.sysu.edu.cn,0.0
coforgemarketing.com,1.0
fzghb.sysu.edu.cn,0.0
vg-palace.vivo.com.cn,0.0
marylandazatlanta.buyapeelgiveameal.com,1.0
websafe.meituan.com,0.0
arbatours.pk,1.0
ibig.co.il,1.0
90fd22ee7b3646678deea19f61c1eff4.fp.measure.office.com,0.0
eaaqeubqaijeajqacqlxqaaaabrj3j42-f-2f92fa68d-clienttons-s.akamaihd.net,0.0
ledge-wt3cloud.lol.qq.com,0.0
click.virt.s6.exacttarget.com,0.0
goforbroke.org,1.0
kyyuvzwq.page.link,1.0
fece1af0490059bfe079bfec28c2eea7.safeframe.googlesyndication.com,0.0
geosummit.co.ke,1.0
gspe19-kittyhawk-ssl.ls.apple.com,0.0
softemr.com,1.0
mmajwvzb.page.link,1.0
avakentechnologies.com,1.0
spannetwork.org,1.0
d528818da2a318bcd0bf49755049e3cdfc7d955512f16041.dlied1.cdntips.net,0.0
xj.cnr.cn,0.0
8317c21df60c4cd895b6b5f579fb0e66.fp.measure.office.com,0.0
thefastestcard.com,1.0
lrdczcie.page.link,1.0
ah-noresolution.schneider-electric.com,0.0
freguesiadabeleza.com.br,1.0
ljsnsefm.page.link,1.0
avemariacare.com,1.0
dnc.faqserv.com,1.0
ooolowokureandco.org,1.0
bdrd.novelty.akibacreative.com,1.0
de.mathworks.com,0.0
whtygfbxxzmk.sysu.edu.cn,0.0
www.iciba.com,0.0
spt.apps.gov.bc.ca,0.0
ummanmetal.com,1.0
deaventura4vientos.com,1.0
b2db8a3ca5199ea9d381c7a0a16512d1.safeframe.googlesyndication.com,0.0
93a0ae18c9b85222fc67a4ef26be1611.safeframe.googlesyndication.com,0.0
cd0ea0a7b8219cf276b179b1ea55085b.safeframe.googlesyndication.com,0.0
1c045c0d89a8127ae41f4a6bb2071acb.safeframe.googlesyndication.com,0.0
w4dasvfydj7usyu6seda-f-1969f9dd6-clientnsv4-s.akamaihd.net,0.0
cfzcv0.tdum.alibaba.com,0.0
essams.com,1.0
rockedcme.com,1.0
editmontage.com,1.0
lfk-es.com,1.0
live.bilibili.com,0.0
ggzyfw.fujian.gov.cn,0.0
6f4197364d9148a0a7f3108740641bf9.fp.measure.office.com,0.0
the17laws.com,1.0
web.ele.me,0.0
drcjgw.tdum.alibaba.com,0.0
w4dasvdimj2leyu7bqqq-f-72243a812-clientnsv4-s.akamaihd.net,0.0
infoplaceti.com.br,1.0
gedebey-tvradio.info,1.0
time-uniform.com,1.0
spacenews.com,0.0
tj.house365.com,0.0
click.chp.kohls.com,0.0
u.graduate.sysu.edu.cn,0.0
hongkongossofwhbalzac.oss-cn-hongkong.aliyuncs.com,0.0
yn.eoffcn.com,0.0
ljtmvvjvnsbe.sysu.edu.cn,0.0
southpawboxing.in,1.0
islammagdy.com,1.0
homework.hu,1.0
ilmzone.com,1.0
abcdelectricity.com,1.0
ijltvlgeqdnp.sysu.edu.cn,0.0
d43e9c3c27100098f0196bb71fb0588a.safeframe.googlesyndication.com,0.0
dwnfile.fun,1.0
potatogoose.com,1.0
thenostalgistfilm.com,1.0
r2---sn-ogueln7r.googlevideo.com,0.0
statis2.mama.cn,0.0
b2a0086e5a5f491385531d780e89f59c.fp.measure.office.com,0.0
ab35b0a6b55bf2ef2fd61704f3abbc233.profile.iad79-c2.cloudfront.net,0.0
deliver.kuwo.cn,0.0
alarm.youku.com,0.0
agas.layout.oystergardens.us,1.0
uvzlyhlk.page.link,1.0
www.iso.cuhk.edu.hk,0.0
yaykon.com.tr,1.0
b990e3ae494b43f7b20941a4cfbaf13f.fp.measure.office.com,0.0
qwxkuzro.page.link,1.0
7c9e0b1e61fd022f7ca4046a729f28bf.safeframe.googlesyndication.com,0.0
ah.cri.cn,0.0
sg.news.yahoo.com,0.0
wzkvznwv.page.link,1.0
a64c581d0efab43adc8c02bf4726155e.dlied1.cdntips.net,0.0
pragmaticwebtools.com,1.0
vindeciumbrud.ro,1.0
2db97fe9c02f414f8ac2e10f2a507cb2.fp.measure.office.com,0.0
uzadhrox.page.link,1.0
investors.sohu.com,0.0
b2fcb5f89c864c0a8ab343ead7d3fccc.fp.measure.office.com,0.0
9pfnp2.tdum.alibaba.com,0.0
a4592.casalemedia.com,0.0
df91a3c29ca746368a844e13db100560.fp.measure.office.com,0.0
studiocircle.co.uk,1.0
wozialads.com,1.0
alessiadegaspari.it,1.0
iadhkvxqed.sysu.edu.cn,0.0
iptv.bupt.edu.cn,0.0
akgygeeq.page.link,1.0
meshitislaw.com,1.0
1laaj.abetoas.sa.com,1.0
dkbf.hangzhou.com.cn,0.0
d2tqf7lz1s79x8.cloudfront.net,0.0
sensorstrace.hexun.com,0.0
medrive-my.sharepoint.cn,0.0
scproducts.co.za,1.0
news.jxcn.cn,0.0
rotarycluboftema.org,1.0
181f9e0d5c74ed2e49feb239aebf2d08.dlied1.cdntips.net,0.0
99e61f8b592192257eff49fed26609dd.dlied1.cdntips.net,0.0
coalizaobrasil.com.br,1.0
bankextracts.com,1.0
workforindia.com,1.0
vvvhwqhu.page.link,1.0
electre.org,1.0
cdn.nest.rip,1.0
ad-ird.itsaol.com,1.0
tokoalkes-online.com,1.0
only-38188-120-236-174-212.nstool.netease.com,0.0
jasongraves.top,1.0
umdakucd.page.link,1.0
cds.climate.copernicus.eu,0.0
300jinqichun.lofter.com,0.0
e92fbfbafe9543d08ded43e35cecdf5b.fp.measure.office.com,0.0
ubotccey.page.link,1.0
14d4fd645885de0f4b2adb5eaacd5c96.safeframe.googlesyndication.com,0.0
50a47ab74f4c8d533e02ecf528e62cd6.safeframe.googlesyndication.com,0.0
insurancies.com,1.0
o1128081.ingest.sentry.io,0.0
sds.pe,1.0
d3.sinaimg.cn,0.0
samueletini.com,1.0
rpnfucbr.page.link,1.0
bkjcmizc.page.link,1.0
discoverscience.be,1.0
www.thesun.co.uk,0.0
ymapp.wsjkw.gd.gov.cn,0.0
fioi9j.eucaliptore.sa.com,1.0
plcbrudu.page.link,1.0
kraftyadvantagemarketing.com,1.0
edtephghjh.sysu.edu.cn,0.0
a-0.19-a7000801.0.170c.c6b.3ea5.210.0.c33lciip5l4z9h2bdtrtmgmmbv.avts.mcafee.com,0.0
zj2fdlixfqzxuyu6n4yq-f-c17b66d37-clientnsv4-s.akamaihd.net,0.0
sta1.write.qq.com,0.0
farfetch-debug.onelink.me,0.0
cbd842d2f7828c75595e82e154445ede.safeframe.googlesyndication.com,0.0
bdd8df87056ccf625d9cb02ea1bc2c17.safeframe.googlesyndication.com,0.0
kartvizitfiyatlari.com,1.0
yadorvhv.page.link,1.0
tribuuniversalacademy.com,1.0
rimatextile.com,1.0
uckxvzbn.page.link,1.0
iifvhrku.page.link,1.0
emid1-lt-out.hy.qcloudcdn.qq.com,0.0
b009bd7995125db647beb06ef903b2a1.safeframe.googlesyndication.com,0.0
vhsolution-id.com,1.0
mb.oiu.edu.sd,1.0
donottapthewhitetile2-228525228.us-east-1.elb.amazonaws.com,0.0
seed-static.oss-cn-beijing.aliyuncs.com,0.0
storage.360buyimg.com,0.0
cbepwjub.page.link,1.0
e8ouwv.pinheirosa.sa.com,1.0
only-722635-183-46-224-55.nstool.netease.com,0.0
yunasphotography.com,1.0
kairosturismo.com.co,1.0
g7mmyr.tdum.alibaba.com,0.0
grossiste.tn,1.0
wmwvqchzskdyl.sysu.edu.cn,0.0
nblandgroup.com,1.0
professional-repair-services.com,1.0
www.usda.gov,0.0
tanukuinfo.com,1.0
cuxawkuf.page.link,1.0
cdn.iflscience.com,0.0
todosoft.com.co,1.0
transportation.buaa.edu.cn,0.0
matrix-egy.net,1.0
shop356807015.taobao.com,0.0
jvtoqhxy.page.link,1.0
sz88.oss-accelerate.aliyuncs.com,0.0
feed-back.cl,1.0
cuedqpil.page.link,1.0
source.unsplash.com,0.0
czkal-my.sharepoint.com,0.0
wpinsight.in,1.0
ingenieriainsitu.com,1.0
soloroadshow.files.wordpress.com,0.0
prevention.cancer.gov,0.0
layflhgm.page.link,1.0
umlibguides.um.edu.my,0.0
t3.market.xiaomi.com,0.0
inoxsach.com.mx,1.0
paperplanemotion.works,1.0
jtaviation.co.in,1.0
lacostumbreperfecta.es,1.0
handytechnik.net,1.0
pfmsqos.japaneast.cloudapp.azure.com,0.0
studiocamposdesign.com,1.0
prolimpe.com,1.0
NO-OSL-ANX-R007.teamviewer.com,0.0
cruzfunezlopez.com,1.0
ardownload.adobe.com,0.0
www.fupin832.com,0.0
qftydtwd.sysu.edu.cn,0.0
braceletcuivre.com,1.0
qwulhob.sysu.edu.cn,0.0
xvjeaenwxg.sysu.edu.cn,0.0
expaceos.com,1.0
3a1f86446d3a9414da29d91fd4169cfa.safeframe.googlesyndication.com,0.0
glaucireis.com.br,1.0
newmofu.doorblog.jp,0.0
academiajabez.com,1.0
willowgreen.com.sg,1.0
w4dasvax2cgiayu6ud4q-f-e15a7137a-clientnsv4-s.akamaihd.net,0.0
bakhshjobs.com,1.0
todobi.sysu.edu.cn,0.0
taksan-algerie.com,1.0
www.pride.com,0.0
a-0.19-24091081.c9b0082.1838.1c44.410a.400.9d.ggsz92dih2wgcfuhzbw8durs86.avqs.mcafee.com,0.0
zrfpu.result.garrettcountygranfondo.org,1.0
blueoceansfresh.com,1.0
itscnf.com,1.0
w4dasvaxfdy4syu7bwsq-f-e5f14bb0d-clientnsv4-s.akamaihd.net,0.0
07efd449e7ad42baa714f4978d59e88e.fp.measure.office.com,0.0
metastockinv.com,1.0
nykfeefe.page.link,1.0
wrieducation.com,1.0
pixhost.to,0.0
mpcover.ysp.cctv.cn,0.0
autoplius.lt,0.0
d5ns76.tdum.alibaba.com,0.0
employabilite-ucac.com,1.0
ag.umass.edu,0.0
darearwa.pk,1.0
tintin.coffee,1.0
5ba5f3e607732a329f4740bbca414300.rdt.tfogc.com,0.0
download.caihong.com,1.0
jasimuddin.guru,1.0
twykuypi.page.link,1.0
adl-oi.fartit.com,1.0
ychz-bos.cdn.bcebos.com,0.0
venusmanufacturing.in,1.0
nattivos.com,1.0
only-205616-112-96-50-127.nstool.netease.com,0.0
adlss.dns05.com,1.0
agr4ma.tdum.alibaba.com,0.0
bmxyenpl.page.link,1.0
warungsatekeluarga.com,1.0
coyotevadio.com,1.0
c-0.19-a7000801.20081.16a8.c13.3ea5.210.0.jln5usrwwju81mmthjlnufafht.avts.mcafee.com,0.0
c.snake.oppomobile.com,0.0
w4dasvfydplsgyu66wrq-f-4e278cb2e-clientnsv4-s.akamaihd.net,0.0
novedadesyartesaniaslupita.com,1.0
adl-bn.faqserv.com,1.0
pdwk5n3iksysoyu7nt3q-f-53412efed-clientnsv4-s.akamaihd.net,0.0
vector0.map.bdimg.com,0.0
c68980c11fd50b85cb292303d71c4f94.safeframe.googlesyndication.com,0.0
a44cd8f3f7f44c5582cbf2d73a933d2f.fp.measure.office.com,0.0
bk656u.tdum.alibaba.com,0.0
emdservicios.cl,1.0
lev4y.tdum.alibaba.com,0.0
konyabaskilitsort.com,1.0
custominteriorscanada.com,1.0
livverr.com,1.0
wt1-cloud-taas.lol.qq.com,0.0
urbedu.live,1.0
69da47c055304a04856fde18a681b866.fp.measure.office.com,0.0
sncfashionbeats.com,1.0
zaofisa.net,1.0
blogs.voanews.com,0.0
startupaccelerator.asia,1.0
rr2---sn-p5qs7nzr.googlevideo.com,0.0
sngie.ml,1.0
cdn.justjaredjr.com,0.0
jfao-ca.org,1.0
nustreamdevsite.com,1.0
modulo.servegame.com,1.0
lsiigprolqcd.sysu.edu.cn,0.0
pwvwyjtw.page.link,1.0
babtuvmp.page.link,1.0
w4dasvaxgurbgyu64hbq-f-252f398ca-clientnsv4-s.akamaihd.net,0.0
zyhxcsopho.sysu.edu.cn,0.0
static.gyyx.cn,0.0
marmiroli.com.br,1.0
57f1cf44d124a10414747f21c8ff4ce6.safeframe.googlesyndication.com,0.0
72k6ns9a3m3fsecd6tmefbkz55d2bwdrtyzdh6wx68f76d95bcf7dc10sac.d.aa.online-metrix.net,0.0
cc6c3e42f5dc9cdf30955f488f646da5.safeframe.googlesyndication.com,0.0
sergiologan.com.br,1.0
perubuskley.com.pe,1.0
d8948351318514875541-t9164524100628659349.id.amgdgt.com,0.0
nctpyhdfvafzu.sysu.edu.cn,0.0
dengguang.dav01.com,0.0
fzszx.tynu.edu.cn,0.0
static.carthrottle.com,0.0
sra.faqserv.com,1.0
openday.mcs.it,1.0
octopia.com.ar,1.0
svaccountants.com.au,1.0
agrexoverseas.com,1.0
neftobd.com,1.0
gons09fc.top,1.0
m.zjstv.com,0.0
metasailor.co,1.0
azizxasa.page.link,1.0
abhjbw115jks.oss-accelerate.aliyuncs.com,1.0
msclick2.kuwo.cn,0.0
ul2uzqwu7l.execute-api.us-east-1.amazonaws.com,0.0
image.youdao.com,0.0
30d5f04604b7dcbc866116f8afe12fda.safeframe.googlesyndication.com,0.0
gusgkikqfbqccf.sysu.edu.cn,0.0
supperly.co.uk,1.0
dataaq.yy.com,0.0
efs.faqserv.com,1.0
vlvefdju.page.link,1.0
yeusaigongroup.com,1.0
adl-am.fartit.com,1.0
sailslimited.com,1.0
72k6ns9app6km6dkadh4pdg3tepqiz23vgxs2vff9f4cfa97e2164ec5sac.d.aa.online-metrix.net,0.0
xabljafm.page.link,1.0
19d08935c58123e680d99b75ad4cb437.dlied1.cdntips.net,0.0
ethio-health.com,1.0
jau.result.garrettcountygranfondo.org,1.0
office-cn-beijing.imm.aliyuncs.com,0.0
ufangke.jrj.com.cn,0.0
adl.vizvaz.com,1.0
niveen.net,1.0
1690113687.docs.qq.com,0.0
starurileromaniei.ro,1.0
31.234.102.66.sbl.spamhaus.org,0.0
76f1e2b8c61e41a48415fe07b960423e.fp.measure.office.com,0.0
30.145.74.80.sbl.spamhaus.org,0.0
ehubgroup.com,1.0
metmani.com,1.0
olcmsdu.www.tendawifi.com,0.0
carads.com.bd,1.0
cff9647d58f74e029f20479955c289ba.fp.measure.office.com,0.0
beta.cgl.co.id,1.0
r3---sn-nx57ynsl.gvt1.com,0.0
urhobodaily.com,1.0
www.mgtv1.tv,0.0
krurns.com,1.0
gpoacclavilla.com,1.0
ef1dbcc323514002801dfae6e492e56b.fp.measure.office.com,0.0
msc.tsinghua.edu.cn,0.0
storage-1301734146.cos.ap-shanghai.myqcloud.com,0.0
w4dasvdimj2seyu67xyq-f-f627d36d9-clientnsv4-s.akamaihd.net,0.0
dhiwdnhe.page.link,1.0
yaseenahmed.com,1.0
inled.gr,1.0
online.rsj.sh.gov.cn,0.0
www.runeelite.com,1.0
w4dasrqx2h2ngyu7ljfa-f-d9fd87e5b-clientnsv4-s.akamaihd.net,0.0
4d94791d769f433798ddfff09b5e99f1.fp.measure.office.com,0.0
adl-j.faqserv.com,1.0
LEN84251974F4D5.www.tendawifi.com,0.0
abissnet.net,1.0
bj.sysu.edu.cn,0.0
ihdsfueo.page.link,1.0
c67b494cb374cf4c00227b987f5b6190.safeframe.googlesyndication.com,0.0
975caa4b55ea98b9aa52313192b0d129.safeframe.googlesyndication.com,0.0
7083bdd729824d12b9db4bb8d532f957.fp.measure.office.com,0.0
euunistore.weibo.cn,0.0
soyradioapps.com,1.0
adl-gga.faqserv.com,1.0
d5je199ii038w.cloudfront.net,0.0
lgame-alpha-1300955520.file.myqcloud.com,0.0
wysedigitalmedia.com,1.0
cejkktho.page.link,1.0
raw.senmanga.com,0.0
surfacedma.azurefd.net,0.0
pdwk56w7o4zlwyu6zkjq-f-17a5295d0-clientnsv4-s.akamaihd.net,0.0
shubhamavenue.in,1.0
jwc.xynu.edu.cn,0.0
cloudfly.com.pe,1.0
sisisarazcollection.com.ng,1.0
4242be60d1a840ee1d7887a099351435.safeframe.googlesyndication.com,0.0
ec373e0e0f3734917063961747057154.safeframe.googlesyndication.com,0.0
w4dasryxilaz4yu7b45q-f-f8b26407c-clientnsv4-s.akamaihd.net,0.0
asiansportssalem.com,1.0
zoomiadlb213zc.iad.zoom.us,0.0
img.softmedal.com,1.0
b5bdc216afe64de59f7ae779b4e4dcbb.fp.measure.office.com,0.0
nnfp.jss.com.cn,0.0
nurelfalah.or.id,1.0
textileexpert.net,1.0
ashvircreations.com,1.0
d30nr4b2k915ua.cloudfront.net,0.0
001eecddjdeced.jumpbc.chuairan.com,0.0
c7be7a15b87174b2b80107d5920e08a8.safeframe.googlesyndication.com,0.0
fpkmvvjtwymkkl.www.tendawifi.com,0.0
zrt2.gfz-potsdam.de,0.0
9212252.fls.doubleclick.net,0.0
calibrationservicesas.com,1.0
id.tsinghua.edu.cn,0.0
dl.zeinabmohamadiasl.com,1.0
atpt.xdf.cn,0.0
profile.img.afreecatv.com,0.0
lieboytys.tmall.com,0.0
lbdhmc.com.ph,1.0
bafybeihdjplbm4f2yf6oqwi4pmcp27vlnemwchh7c3xu73rcwd7zbdogty.ipfs.infura-ipfs.io,0.0
shubhshadi.co.in,1.0
esmeraldascoffee.com,1.0
a-0.19-a7000801.c1d0081.16a8.c13.3ea5.210.0.pezjighi7mdm24ij8lqhqikhbv.avts.mcafee.com,0.0
chaotianldy.oss-cn-hangzhou.aliyuncs.com,0.0
mushroompalkadotchocolatebars.shop,1.0
tjuzqnkwd.tendawifi.com,0.0
bmrzbkdf.page.link,1.0
outsider-ota.oss-cn-beijing.aliyuncs.com,0.0
gons13fc.top,1.0
stonecut.co.uk,1.0
paulstephen.org,1.0
b12725f64e684621a22c16b4220387bb.fp.measure.office.com,0.0
troubletorn.ydns.eu,1.0
w4dasvfm5aieuyu6qe6a-f-165286ccf-clientnsv4-s.akamaihd.net,0.0
ed-fi.vizvaz.com,1.0
veken.de,1.0
yunnan.eoffcn.com,0.0
e1r5ex.tdum.alibaba.com,0.0
hrqfxjikyvs.sysu.edu.cn,0.0
otwmmlhj.page.link,1.0
finance.sina.com.cn,0.0
896b6a157bf14cffbbfc74096c494712.fp.measure.office.com,0.0
spiyjmhy.page.link,1.0
chasehomes.ae,1.0
panfactory.com.co,1.0
72k6ns9ah37ruzbaurw2xghjz7skyqnfwgq7ucijfae31046d5967ba3sac.d.aa.online-metrix.net,0.0
fa2d5aacbc0cdf566c993ee81f9b7bdb.safeframe.googlesyndication.com,0.0
6b7f26550f484a60a398c0ec0f135374.fp.measure.office.com,0.0
c4jjaa.tdum.alibaba.com,0.0
11.bus.sysu.edu.cn,0.0
stonedigitalcenter.co.tz,1.0
5c43b18bb98517849dc086467e92dae0.safeframe.googlesyndication.com,0.0
6842e74082efc8fb12a38899b8b24358.dlied1.cdntips.net,0.0
kfx.sync.oystergardens.club,1.0
w4dasvaxemnjmyu6fvwq-f-b3f1193cf-clientnsv4-s.akamaihd.net,0.0
test.alog.picovr.com,0.0
marrakechfolkloredays.ma,1.0
876590831-a83ese9d62879.rc03.oray.com,0.0
pdwk553ii3vrsyu64hsa-f-50e422f63-clientnsv4-s.akamaihd.net,0.0
srivenkateshwarapackersandmovers.in,1.0
gejqgooq.page.link,1.0
95f280d94999456fb710cf01c2edd269.fp.measure.office.com,0.0
fattafat.com.pk,1.0
investinjapan.jp,1.0
am-match.taboola.com,0.0
fang.chinadaily.com.cn,0.0
dark123.lofter.com,0.0
diamondclub-jewelry.com,1.0
w4dasvc4po6vayu6g53q-f-f1c94978e-clientnsv4-s.akamaihd.net,0.0
is-ps-cloud1.is.ed.ac.uk,0.0
hutmienj.page.link,1.0
melmacelectricalservices.com,1.0
dynamicdescaler.co.id,1.0
rawdah-mlhm.com,1.0
piokf.sync.oystergardens.club,1.0
gepeszmuhely.hu,1.0
kidzera.in,1.0
keystonedesigns.in,1.0
namthaibinh.net,1.0
a50d097e720d411e9ae7c0ab288ff214-152337682.us-east-1.elb.amazonaws.com,0.0
f749336e60247efbff89a9164101d782.safeframe.googlesyndication.com,0.0
1bca078eb9d132dad358a6de7ee06c7d.safeframe.googlesyndication.com,0.0
activity-api.tuhu.cn,0.0
wikqkgbwruuy.tendawifi.com,0.0
family.microsoft.com,0.0
ayendonjeans.com,1.0
saham-cs.skcarriages.com,1.0
hentaikun.com,0.0
fac760d1506545289e2a5af62da4e2ef.fp.measure.office.com,0.0
edvxyonj.page.link,1.0
oloplentex.com,1.0
635126-android-ds.metric.gstatic.com,0.0
acorrea.com.br,1.0
n9e5v4d8.ssl.hwcdn.net,0.0
zj2fdlixfqz3eyu6my7a-f-d8b2b0989-clientnsv4-s.akamaihd.net,0.0
expertendeavor.com,1.0
w4dasyyxfq2uwyu6qxgq-f-7ab25c41e-clientnsv4-s.akamaihd.net,0.0
zmnoss-mini.oss-cn-beijing.aliyuncs.com,0.0
pmcdeadline2.files.wordpress.com,0.0
pani.com.pk,1.0
lijianqin709.blog.163.com,0.0
webuscdnsrc.apowersoft.info,0.0
bitbucket.org,1.0
kscapitalguru.com,1.0
act.icbc.com.cn,0.0
fs.focusky.com.cn,0.0
cubicoempresarial.com.co,1.0
1vtzyo.tdum.alibaba.com,0.0
energyestimation.mit.edu,0.0
shoepalacebd.com,1.0
quechique.com.br,1.0
4fafd3f66dc20b771656cecca50ac285.safeframe.googlesyndication.com,0.0
kevinley.com,1.0
nkg8.huya.com,0.0
w4dasvdimj2tayu67rwq-f-ed30b51dc-clientnsv4-s.akamaihd.net,0.0
adlshq.mynetav.org,1.0
okidylom.sysu.edu.cn,0.0
novadrop.com.br,1.0
a41b18a94b33451f825da241a60a2341.fp.measure.office.com,0.0
elektrodata.rs,1.0
dreamcitytoronto.ca,1.0
pedimosjusticia.com,1.0
6985b120582a4fb18aefc22d3353b837.fp.measure.office.com,0.0
project-ile.net,1.0
only-497536-183-46-140-133.nstool.netease.com,0.0
vsblobprodscussu5shard84.blob.core.windows.net,0.0
mortgage-application-form.com,1.0
p10-escrowproxy-china.icloud.com,0.0
www.feedburner.com,0.0
rahatbaytak.com,1.0
masriasteel.com,1.0
jarsofwinepress.com,1.0
fmfrgxog.sysu.edu.cn,0.0
xzlhwtjvzoc.sysu.edu.cn,0.0
dsxzxokd.page.link,1.0
growontech.com,1.0
nynct.guizhou.gov.cn,0.0
www.spandidos-publications.com,0.0
ec9b734194a14ba88f8b7c865a78a142.fp.measure.office.com,0.0
insidemoringa.com,1.0
ohpj6q.ch.files.1drv.com,0.0
stripo-editor-image.s3-eu-west-1.amazonaws.com,0.0
7cb1150403d047079e05bb858e4e74e2.fp.measure.office.com,0.0
5j3mzp.tdum.alibaba.com,0.0
72k6ns9a267b55lmj5sc2c5wrme544fdujrx4gl6c50c356dc06b6560sac.d.aa.online-metrix.net,0.0
b40ed313fe8b4f0e9dbd745097bd38a5.fp.measure.office.com,0.0
1775362c99aa63b6dce5904aa988d99b.safeframe.googlesyndication.com,0.0
3b0e753f5a18a578360f38b9f926a00d.safeframe.googlesyndication.com,0.0
kentuckynvcheyenne.vltlt.com,1.0
t4137631518820010675.id.amgdgt.com,0.0
dstvinstallation-midrand.com,1.0
11bb2eec68ea3a8686b549e5be6fedf9.safeframe.googlesyndication.com,0.0
oceancityrentalbyowner.com,1.0
telcoqatar.com,1.0
viareal.com.br,1.0
frex.result.garrettcountygranfondo.org,1.0
eloagro.agr.br,1.0
the-hope-foundation.kdconnect.uk,1.0
72k6ns9acqkcq4koqinj42p7lfuwgew34mei7nie2e48db18928ce55dsac.d.aa.online-metrix.net,0.0
tmfhjotz.page.link,1.0
esdk.dangbei.com,0.0
baidu.lmtndh.com,0.0
xiaomi5.p2psy3.io.mi.com,0.0
w4dasvdijw3rwyu6gmxa-f-293dda09f-clientnsv4-s.akamaihd.net,0.0
ican.ils.seu.edu.cn,0.0
nenaotransportes.srv.br,1.0
percastillo.pe,1.0
tcszafulku.www.tendawifi.com,0.0
openplatform.emsneo.evergrande.com,0.0
bowang.bit.edu.cn,0.0
malabsatfal.com,1.0
ewzxdyild.sysu.edu.cn,0.0
eaaqeubqaijeajqacqlxqaaaabrj6ao2-f-38065a848-clienttons-s.akamaihd.net,0.0
208.149.59.199.sbl.spamhaus.org,0.0
arrowlauncher.blob.core.windows.net,0.0
tb67bqKE.dbl.spamhaus.org,0.0
vepworld.com,1.0
6246f1867b5c749f72862942607a3195.safeframe.googlesyndication.com,0.0
e53892642.at.baijiayun.com,0.0
meraom.lt,1.0
royalrang.com,1.0
lgvedrtv.page.link,1.0
shopatbazar.com,1.0
3324bd25e1ed48f3aaead068e68bc94f.fp.measure.office.com,0.0
m-bendibao-com.sm-tc.cn,0.0
71f071be5ae5449b995b4f21fe16e238.fp.measure.office.com,0.0
synaifhy.page.link,1.0
course.myquark.cn,0.0
3ca54.cerejeirare.sa.com,1.0
0747a9146cb6d33071afd3f4f003d7e3.safeframe.googlesyndication.com,0.0
ascsolutions.co.za,1.0
books.ttc.edu.sg,1.0
limiaommail.sysu.edu.cn,0.0
vsnaapth.page.link,1.0
spring.db.erau.edu,0.0
sdigg.sync.oystergardens.club,1.0
mokolino.ro,1.0
e59555e3562e48aaa6f2ecf8f3c4ec45.fp.measure.office.com,0.0
dudwpjbu.page.link,1.0
mic.com,0.0
mnt.eeo.cn,0.0
xizc.settings.oysterfloats.org,1.0
w4dasvfygntjwyu6iv7a-f-e73bd27b3-clientnsv4-s.akamaihd.net,0.0
gijyropn.sysu.edu.cn,0.0
d717fd8dcfbc387dbb9f3a1343a30b5b.safeframe.googlesyndication.com,0.0
90d590869847c99c9e958be157428534.safeframe.googlesyndication.com,0.0
besttoptenpro.com,1.0
56.172.11.106.sbl.spamhaus.org,0.0
limperus.com,1.0
ore.sysu.edu.cn,0.0
w4dasvcninkvqyu7daga-f-9df5a038e-clientnsv4-s.akamaihd.net,0.0
zhanglei111.66law.cn,0.0
vuwgsfzd.page.link,1.0
es.hujiang.com,0.0
lujrlwdr.page.link,1.0
5fb53e21c92c455cb8c879adec07cde7.safeframe.googlesyndication.com,0.0
p110-caldav.icloud.com.cn,0.0
converter.app,0.0
apac-storm.ubi.com,0.0
24.118.86.74.sbl.spamhaus.org,0.0
dx4nr741tfc02.cloudfront.net,0.0
mushiwushi.com,1.0
interviewfrankg.com,1.0
stun.miwifi.com,0.0
www.health.harvard.edu,0.0
nickbodyworks.co.uk,1.0
5gcenter.people.cn,0.0
idreamtravel.com.my,1.0
interal-bo.com,1.0
multiserviciossol.es,1.0
mksad917.xyz,1.0
aesthetic-ag.co.uk,1.0
nsoalhiq.page.link,1.0
c88b05f11ae4494188bf4ccac9ea756f.fp.measure.office.com,0.0
logic.xl7.sandai.net,0.0
w4dasvax2cgcgyu7oduq-f-f97fb7f54-clientnsv4-s.akamaihd.net,0.0
4nav4life.com,1.0
tingnansiyu628.lofter.com,0.0
skins.minecraft.net,0.0
qznbiamj.page.link,1.0
extintoresflash.cl,1.0
www.wjw.wuhan.gov.cn,0.0
clubhousefinancialgroup.com,1.0
elegantknitting.lk,1.0
sthopziq.page.link,1.0
thesplendidinternational.com,1.0
pro-video-rs-bj02.baijiayun.com,0.0
cehociec.page.link,1.0
verycloudcdncmnet.inter.iqiyi.com,0.0
napcloud.in,1.0
cloudnineinformatics.online,1.0
2075548938326b326efcfc8728053d09.safeframe.googlesyndication.com,0.0
792a87794d90aa43e27d98ab6f49c496.safeframe.googlesyndication.com,0.0
getacfo.com.au,1.0
scaindia.co.in,1.0
xwjyyarv.page.link,1.0
1095459890.docs.qq.com,0.0
flwektjq.page.link,1.0
eebf9c5d69ee2387347a0a0f69436189.dlied1.cdntips.net,0.0
bfdf3514efd3b6563598127d6d22be25.safeframe.googlesyndication.com,0.0
triskeliumhub.com,1.0
itwbmtgw.page.link,1.0
nkdairyequipment.com,1.0
lobqupvq.page.link,1.0
vestige.ro,1.0
jiasu158.oss-cn-shenzhen.aliyuncs.com,0.0
kclub.pk,1.0
servivirtuales.com.co,1.0
external-media95.public.wfram-a-1.prod.infra.webex.com,0.0
zj2fdlixfqz5ayu6tpja-f-87884bdd6-clientnsv4-s.akamaihd.net,0.0
1503304-4.chat.api.drift.com,0.0
211.130.13.129.sbl.spamhaus.org,0.0
dlq59z.tdum.alibaba.com,0.0
sefs.com.mx,1.0
387206aa0f9ca2263fcd188a2f12547d.safeframe.googlesyndication.com,0.0
uuyumkqd.page.link,1.0
vqrmmtfc.page.link,1.0
2headedsnake.sysu.edu.cn,0.0
59287c7c16e04a24b4d17ea554805d78.fp.measure.office.com,0.0
tlabtwvnarmv.www.tendawifi.com,0.0
alzein-m.com,1.0
36kr-mobile.cn-beijing.log.aliyuncs.com,0.0
howl.live.tandem.net,0.0
grandeurconsult.com,1.0
player.adtelligent.com,0.0
institutotolosa.edu.mx,1.0
myyaqnijlzr.sysu.edu.cn,0.0
rufoussmc.com,1.0
news.usc.edu,0.0
webamadeh.ir,1.0
6b9b4d03003e58f67b97ee447ec704ca.safeframe.googlesyndication.com,0.0
adl-ue.faqserv.com,1.0
72zoxw.bl.files.1drv.com,0.0
des.faqserv.com,1.0
ivyodvro.page.link,1.0
7net.webnode.com,0.0
sigma-a19client-a19.proxima.nie.netease.com,0.0
georgica.ro,1.0
lunacaraway.files.wordpress.com,0.0
kafangoverde.com.br,1.0
109.5.197.138.sbl.spamhaus.org,0.0
bs.17house.com,0.0
ultrastei.ro,1.0
ensamblearquitectura.com.co,1.0
5gmcsip08.xbq.rcs.chinamobile.com,0.0
72ebb9fc023245f7848129a94d786aa9.fp.measure.office.com,0.0
9d8c4240013f45b38a5055d13180bfc6.fp.measure.office.com,0.0
yinymochpky.sysu.edu.cn,0.0
af400a1805f8e5039f7f9b4a951b3fcc.safeframe.googlesyndication.com,0.0
nswjyqxe.page.link,1.0
shop60129786.taobao.com,0.0
shop522751113.taobao.com,0.0
www.pkpm.cn,0.0
a-ir.fartit.com,1.0
510275stslxymail.sysu.edu.cn,0.0
gcajmvep.page.link,1.0
ptferubbers.com,1.0
bbmr.settings.oysterfloats.org,1.0
gayfreeporn.tv,0.0
gentlemanstore.cl,1.0
aranytrade.com,1.0
st.qishia.com,1.0
2698aluminio.com,1.0
payware.online,1.0
hdzsyrlq.page.link,1.0
villasejati.com,1.0
tjvjbyidq.sysu.edu.cn,0.0
alkazem.com,1.0
9d5bz.tdum.alibaba.com,0.0
balkanparadise.tours,1.0
5fa6ca30a2c5e67559cb4e7caa0a92ce.safeframe.googlesyndication.com,0.0
021632d1455b6a91bdd6b15eec323fe9.safeframe.googlesyndication.com,0.0
iopkvussxq.sysu.edu.cn,0.0
cotul.or.tz,1.0
www.imarine.cn,0.0
joujaskitchen.com,1.0
meridianparkestate.com,1.0
mediaservices.cdn-apple.com,0.0
195847-ipv4e.farm.dprodmgd106.aa-rt.sharepoint.com,0.0
consumerprotectionus.com,1.0
music-video-bos.cdn.bcebos.com,0.0
e43104a8471de7687c0f6f68294bc3a4.safeframe.googlesyndication.com,0.0
www.lib.uchicago.edu,0.0
jwc.sdust.edu.cn,0.0
tigxvtzbfxtuz.sysu.edu.cn,0.0
igmvs.com,1.0
uploadgig.com,0.0
vente-outillages.com,1.0
music.swu.edu.cn,0.0
rr3---sn-npoeenlk.googlevideo.com,0.0
primepharma.so,1.0
psychotests.fr,1.0
xyh.cau.edu.cn,0.0
kaliro.ac.ug,1.0
conan-online.oss-cn-beijing.aliyuncs.com,0.0
universalsantiveri.com,1.0
source.aladdin-e.com,0.0
khmpc.com.ph,1.0
mtriowrappercdn.chegg.com,0.0
pdwk5ptiksysoyu7nsfq-f-3bd41a3f7-clientnsv4-s.akamaihd.net,0.0
c-0.19-a7000489.40002.16a8.b69.3ea5.210.0.9efcnzlhe65tszilvklfiigpi5.avts.mcafee.com,0.0
statics-marketingsites-eas-ms-com.akamaized.net,0.0
akjrifneleb.tendawifi.com,0.0
escritordiario.online,1.0
browser.yandex.com,0.0
espacomelo.pt,1.0
5gmcsip08.xnq.rcs.chinamobile.com,0.0
busizinusa.blogspot.com,1.0
division9kw.com,1.0
portleon.com,1.0
72k6ns9aftxohxvueimy7o7vwewws77ycyqbnrz56bd2b412746a317dsac.d.aa.online-metrix.net,0.0
medicionacustica.cl,1.0
0934ddd62995667d6e687759cc965e29.safeframe.googlesyndication.com,0.0
www.litportal.ru,0.0
cadinova.ma,1.0
butgeneraltrading.com,1.0
saadrizwan.com,1.0
tbridge.co.tz,1.0
tci.com.co,1.0
sudesteservicos.com.br,1.0
skeletalmusclejournal.biomedcentral.com,0.0
www.housingwire.com,0.0
www.oice.shisu.edu.cn,0.0
path4hosts.com,1.0
harmonyhouseboat.com,1.0
sercoqa.com,1.0
zyqvkvdb.page.link,1.0
rawcracker.com,1.0
adl-bn.vizvaz.com,1.0
492f4287f1b34fd5b4b4e7057f1f7473.fp.measure.office.com,0.0
003cb633d43f470e7fddf56401b862bb.safeframe.googlesyndication.com,0.0
5d8226ee40b74c33b7094bf64d731cea.fp.measure.office.com,0.0
movie.eroterest.net,0.0
abhayawelfare.com,1.0
oliviauniversity.com,1.0
www.clcindex.com,0.0
sfudipzn.page.link,1.0
assetsjava1.websiteseguro.com,1.0
jrfw.henan.gov.cn,0.0
logapi-ios.zhipin.com,0.0
realtime.ably.mentimeter.com,0.0
sakentoshi.ru,1.0
liurqmail.sysu.edu.cn,0.0
ghrhjblrqrv.sysu.edu.cn,0.0
huishou.m.jd.com,0.0
dsa.faqserv.com,1.0
open.cd,0.0
bjrydqzr.page.link,1.0
e1997618f46b4b93b49be9c62c34ec74.fp.measure.office.com,0.0
stranici-imobiliare.ro,1.0
oencantadordecaes.pt,1.0
pdslltd.com,1.0
kjjpcxqcpnrerz.sysu.edu.cn,0.0
sahmk.mrface.com,1.0
www.googleapis.com,1.0
5776b024d65c4625a569ec355c499312.fp.measure.office.com,0.0
54b10e31ae5fc5c6ac94d609235774a8.safeframe.googlesyndication.com,0.0
29b765.tdum.alibaba.com,0.0
vancleefinc.com,1.0
sealsandsealings.com,1.0
radteknoloji.com,1.0
klu4home.com,1.0
radiocalienteriobamba.com,1.0
aikpc.com,1.0
www.deliwenku.com,0.0
f9d9a9f5b22c351727f1b777a1e6ab37.safeframe.googlesyndication.com,0.0
catdot.dianping.com.www.tendawifi.com,0.0
filebin.net,1.0
w4dasvaxfdy2syu65gga-f-5a2a05c45-clientnsv4-s.akamaihd.net,0.0
loops.my,1.0
marumat.in,1.0
grabyourpizza.com,1.0
maineorsantafe.vanessamota.com,1.0
imperatizdaconcertina.com.br,1.0
w4dasvc4po6vayu6g5pa-f-78f47da5b-clientnsv4-s.akamaihd.net,0.0
extraincomeforeducators.com,1.0
digitalvast.com,1.0
thirstymag.com,1.0
mirometal.com,1.0
lavaliosa.com.mx,1.0
gjrjyrsj.page.link,1.0
etuh.settings.oysterfloats.org,1.0
udakurtani.com,1.0
shop44265899.youzan.com,0.0
tptm.hd.mi.com,0.0
uxjstczw.page.link,1.0
gxisautoindia.com,1.0
maageneralhospital.com,1.0
www.dblp.org,0.0
diemdenduhoc.net,1.0
rr3---sn-25ge7nzs.googlevideo.com,0.0
7e9491353caf4fc58c9e57b69a1a7ed6.fp.measure.office.com,0.0
bxebbrewzcumos.sysu.edu.cn,0.0
locksmithsmidrand.com,1.0
a-0.19-2709d081.c0c0082.1838.1c44.410a.400.9d.9zu5nvac1ttznw31cn7lugw4v5.avqs.mcafee.com,0.0
p4-bvkk62rqhza7m-c66afgzto7sozaro-if-v6exp3-v4.metric.gstatic.com,0.0
i-24.b-46248.ut.bench.utorrent.com,0.0
hdstatusvideos.com,1.0
w4dasvaxgyjlqyu6hxjq-f-09570e8f4-clientnsv4-s.akamaihd.net,0.0
advertising-bucket-1303962205.file.myqcloud.com,0.0
idpwukdr.page.link,1.0
l.clarity.ms,0.0
goxskii.sysu.edu.cn,0.0
w4dasvax2ll5eyu6jreq-f-7c35035a2-clientnsv4-s.akamaihd.net,0.0
fbwzkbzy.page.link,1.0
72k6ns9aaawsmqz5r6woac45etygfktte4wm7h26051c7259f7791a3asac.d.aa.online-metrix.net,0.0
charts.bitnami.com.sysu.edu.cn,0.0
ahvhprclozzy.sysu.edu.cn,0.0
amanafunville.com,1.0
agenciadepropaganda.app.br,1.0
katedraproducciones.com,1.0
gdlmainhub.com,1.0
128.140.251.114.sbl.spamhaus.org,0.0
wus2.gssv-play-prodxhome.xboxlive.com,0.0
clickntouch.net,1.0
zihvsgdh.sysu.edu.cn,0.0
wa8f.pereirare.sa.com,1.0
whypkylpz.sysu.edu.cn,0.0
d4e181f73327a3e8692e96837eb57882.safeframe.googlesyndication.com,0.0
b8d698f465601a19c19c3367a4e4f30e.safeframe.googlesyndication.com,0.0
9jeew8.toshibatelevisao.sa.com,1.0
hyt3jq.ch.files.1drv.com,0.0
gsp85-ssl.ls.apple.com,0.0
210.128.160.202.sbl.spamhaus.org,0.0
arm-cc.com,1.0
images.dealer.com,0.0
accioncomunalcolombia.org,1.0
m2.codeforces.com,0.0
asistesa.com.mx,1.0
tfowuxrw.cityu.edu.hk,0.0
dt2sdf0db8zob.cloudfront.net,0.0
denalan.com,1.0
xmzxjlfm.sysu.edu.cn,0.0
pps.sysu.edu.cn,0.0
warwickmotcentre.co.uk,1.0
assertech.net,1.0
zclxbrdk.page.link,1.0
suestanley.com,1.0
postdoctor.caas.cn,0.0
generalplans.us,1.0
esb.faqserv.com,1.0
attachments.f95zone.to,0.0
xvuz.sync.oystergardens.club,1.0
kamygraphics.com,1.0
cbbbceec35b11cb0ddadac4811ec3ad5.safeframe.googlesyndication.com,0.0
myuoh.org,1.0
d-29052434081809896363.ampproject.net,0.0
www.livehelp.scotiabank.com,0.0
iranda.mrbasic.com,1.0
robotkar.ir,1.0
taskdoners.uk,1.0
abuturkeypharma.com,1.0
dnf.game.qq.com,0.0
nvshyjsd.page.link,1.0
zxmextog23.xyz,1.0
zj2fdlixfqzxuyu6uaza-f-249a6a4cd-clientnsv4-s.akamaihd.net,0.0
9a9ba3cc7eb04cd4bf05b36cdd8bc799.fp.measure.office.com,0.0
mhudong.cztv.com,0.0
tbs.faqserv.com,1.0
esc.fartit.com,1.0
smarttv.show,1.0
rebanagresik.com,1.0
hl4xavtilncdwyu7kvpq-p9do4c-e49c1b51c-clientnsv4-s.akamaihd.net,0.0
45-151-132-220_s-23-59-188-97_ts-1654612806-clienttons-s.akamaihd.net,0.0
bnsftmzc.page.link,1.0
saghmn.faqserv.com,1.0
iso-supporter.com,1.0
rr3---sn-ibj-i3bz.googlevideo.com,0.0
dbclggsuui.sysu.edu.cn,0.0
quintacamelot.com,1.0
markconsultants.com.pk,1.0
app.oeeee.com,0.0
sharifiandigital.com,1.0
enfactcorrsoluctrulteh.northeurope.cloudapp.azure.com,1.0
incgjdgqlmsku.sysu.edu.cn,0.0
jzqeutxrxmuhggm.sysu.edu.cn,0.0
2760cdb13a514c84a2a9c56c3a9aaee3.fp.measure.office.com,0.0
99belowcbd.shop,1.0
72k6ns9axjk4mpevfksro6uapkedsjtkfilvvgnl53aeadd19547f560sac.d.aa.online-metrix.net,0.0
tservshop.com.br,1.0
innocence.co.in,1.0
p35-pushws.icloud.com,0.0
6f78d07995ed625b506ee6fe536da79b.safeframe.googlesyndication.com,0.0
skp.co.id,1.0
6e54e097c6da4819a281c5a49b94758c.fp.measure.office.com,0.0
gons20cl.top,1.0
ielsupport.com,1.0
coldroomservice.hu,1.0
bndnuvzm.page.link,1.0
cn-push.np.communication.playstation.net,0.0
tmyzesann.sysu.edu.cn,0.0
shivanisolar.com,1.0
expertsinteriors.com,1.0
lcmagency.art,1.0
rseelrgh.page.link,1.0
plugpicks.com,1.0
dyledmo.sysu.edu.cn,0.0
22dbabfef9e04dfdae4c7bc32ff579aa.fp.measure.office.com,0.0
flome.be,1.0
santerra.com.co,1.0
rr4---sn-ibj-i3bl.googlevideo.com,0.0
riscafaca.co,1.0
ounizly.com,1.0
e.faqserv.com,1.0
fda.faqserv.com,1.0
zcymrtpe.sysu.edu.cn,0.0
ipv6-datacenter.live.qcloud.com.www.tendawifi.com,0.0
platformintl.pk,1.0
72k6ns9a4sy5nsasxrhjdy3ryeyughmy7kffxdjt7f7d7193b08e051bsac.d.aa.online-metrix.net,0.0
9b27eee7317c4669a99f5c682d092fc0.fp.measure.office.com,0.0
gurskbhu.page.link,1.0
reformasceibo.es,1.0
72k6ns9akhdlzjnw2atf3pmhvvmcttthuwzmo32r64791afb661c12f9sac.d.aa.online-metrix.net,0.0
6dcf0960fee7d415fda1eba5d5fd6b96.dlied1.cdntips.net,0.0
csohns2022.sciconf.cn,0.0
ush.oterngr.online,1.0
hseda.com,1.0
www.hljrd.gov.cn,0.0
hxxf-image.oss-cn-shenzhen.aliyuncs.com,0.0
1248231067.docs.qq.com,0.0
tecnologiayambiente.com.ar,1.0
clientfd.family.microsoft.com,0.0
nz.fr-address.com,1.0
khalifatravels.com.pk,1.0
3.170.219.52.sbl.spamhaus.org,0.0
mob2.bz.mgtv.com,0.0
drtv.cg,1.0
f3aeec7bfe232a3f18ee51e3e4d19c75.safeframe.googlesyndication.com,0.0
jira.atlassian.com,0.0
sa-da.vizvaz.com,1.0
plan12.org,1.0
qvpb.2023.ebeenj.com,1.0
www.digicert.com,0.0
erasmus-agrismart.com,1.0
futurevisionme.com,1.0
ljpkogcv.page.link,1.0
sambhavmart.com,1.0
geo.ckcest.cn,0.0
3000000004443015.hybrid.miniapp.taobao.com,0.0
github.com,1.0
hlgdtou.www.tendawifi.com,0.0
comoinvertir.co,1.0
a.postscript.io,0.0
download2346.mediafire.com,1.0
4c05a0ade7a7af7e2bd5aaf2c95d21ba.safeframe.googlesyndication.com,0.0
ourladyfatima.org,1.0
g.meituan.com,0.0
ypcriau.org,1.0
transmart.qq.com,0.0
cdc-ublida1.com,1.0
lesateliersouidhart.bj,1.0
omeclk.com,0.0
0b5bb4bd4cb841c985f448d3557ac594.fp.measure.office.com,0.0
passport2.cngold.org,0.0
ag.mp.uc.cn,0.0
adlggs.fartit.com,1.0
ceylonx.net,1.0
leadguru.ma,1.0
ut-service.rnps.dl.playstation.net,0.0
ottlive2.api.mgtv.com,0.0
www-tc.pbs.org,0.0
d1j9vyqce9a1df.cloudfront.net,0.0
codecut.site,1.0
092b48bf50be38aebe19ca001f489c85.safeframe.googlesyndication.com,0.0
nebraskaarjeffersoncity.moreinless.com,1.0
hjrjk.lanzouj.com,0.0
theme.360doc.com,0.0
tyg.cl,1.0
12348.guizhou.gov.cn,0.0
korelyakov.com,1.0
vqjurelt.page.link,1.0
in.yahoo.com,0.0
sateeshshop.com,1.0
tlmnepal.org,1.0
rfg693-my.sharepoint.com,0.0
drawauto-tr.com,1.0
pdwk5tnygntbgyu7bnoq-f-7834f7454-clientnsv4-s.akamaihd.net,0.0
acm.faqserv.com,1.0
obioraokaforandassociates.org,1.0
rakpyffw.page.link,1.0
ac04ef769da7a6947bb83f3c8b5d92d64.profile.bom51-c1.cloudfront.net,0.0
180.lac.sysu.edu.cn,0.0
exufwgts.page.link,1.0
ab8d56e9f590d41f553afe6997760d4b.dlied1.cdntips.net,0.0
derigoandina.cl,1.0
redirect.dongqiudi.com,0.0
coloradonejackson.yuqualify.com,1.0
adl-nl.isasecret.com,1.0
f6e2c49d636d62baf1c84f968a730a42.safeframe.googlesyndication.com,0.0
89977a26b9d5f4f66dbb5941b9082b54.safeframe.googlesyndication.com,0.0
gramoindustrial.com.mx,1.0
dmq.layout.oystergardens.us,1.0
cmnda.cloudid.coffeeonboard.com,1.0
eventionevents.com,1.0
a5uue1.westinghousetelevisao.sa.com,1.0
petryseguros.com.br,1.0
bluelogic.ro,1.0
ko2labs.com,1.0
19.56.42.34.bc.googleusercontent.com,1.0
testdatalbs.sparta.html5.qq.com,0.0
ikhsoyod.mn,1.0
attmobility.org,1.0
threerosesbeauty.com,1.0
image.sogou.com,0.0
etereo.in,1.0
fszgviiz.page.link,1.0
datacenter.jrj.com.cn,0.0
ukc-collabrtc.officeapps.live.com,0.0
unimerfertilizzanti.it,1.0
federalpolyayede.edu.ng,1.0
www.swissinfo.ch,0.0
pehspl.co.in,1.0
onedriveclubproddm20048.blob.core.windows.net,0.0
brouweres.com,1.0
mwssknduk.sysu.edu.cn,0.0
w4dasvdipqavcyu6232a-f-18d0c55f2-clientnsv4-s.akamaihd.net,0.0
cns2.godaddy.com,0.0
library.arihantmbainstitute.ac.in,1.0
us01xmpp-cis-ngxsrv17.zoom.us,0.0
mail.treeoflifeadventures.com,1.0
ocatio.co.uk,1.0
sunagbsc.org,1.0
a5b0847e1cb63c2a1ee8768d9175add79.profile.tpe51-c1.cloudfront.net,0.0
topdailystory.com,1.0
kncapitalguru.com,1.0
znxcnpol.page.link,1.0
cumradugunsalonu.com.tr,1.0
asseraltechnalogia.com,1.0
www.sa.buaa.edu.cn,0.0
login.aligntech.com,0.0
rayhanacademy.com,1.0
yournewwebsite.info,1.0
technologyaids.com.pk,1.0
winsoftware.oss-cn-zhangjiakou.aliyuncs.com,0.0
dcautogen.org,1.0
prod400-sdorica.dragonest.com,0.0
gfqxnhjp.page.link,1.0
asq.dns05.com,1.0
w4dasvaxhxbggyu6vxtq-f-d65fb6506-clientnsv4-s.akamaihd.net,0.0
surcreativegroup.com,1.0
hl4xakdilncdwyu7kvdq-pivh0t-8ae856391-clientnsv4-s.akamaihd.net,0.0
saham-vn.skcarriages.com,1.0
isisn.nsfc.gov.cn,0.0
ravuijqp.page.link,1.0
viadigitalconsulting.com,1.0
alkhazensoft.net,1.0
ftbmlbzg.page.link,1.0
a1aaaffa81ac90e12c21de732c8304125.profile.lhr61-c2.cloudfront.net,0.0
98544b20eca42b1e2e7de0e742711003.safeframe.googlesyndication.com,0.0
5d7bbd96448f59f7c6ef89c696c903b2.safeframe.googlesyndication.com,0.0
zj2fdlixfqz3eyu6ku7a-f-37b724810-clientnsv4-s.akamaihd.net,0.0
hqptgebz.page.link,1.0
lycheepanel.info,1.0
anydaywriters.com,1.0
api.m.gds.taobao.com,0.0
pizzajagvar.ir,1.0
krxtjlxpr.sysu.edu.cn,0.0
a1cfbba577c714ca5a7154f7f6f437537.profile.mia3-c4.cloudfront.net,0.0
06ac740e277d426388372f695f0dfc71.fp.measure.office.com,0.0
georgiawaindianapolis.stylebyemilyj.com,1.0
gehlot.co.in,1.0
acs.vankeservice.com,0.0
w2bnda.by.files.1drv.com,0.0
bgrtmobi.page.link,1.0
locksmithbenoni.com,1.0
5gmcsip01.dbq.rcs.chinamobile.com,0.0
sexhuqmt.page.link,1.0
sydata.soyoung.com,0.0
wallet.iqiyi.com,0.0
professeurs.uqam.ca,0.0
sg.yahoo.com,0.0
096b166baa22a726f3ba85ec4b7cd6e2.safeframe.googlesyndication.com,0.0
1d4ea063aba163d8d7c5d9735b3a92ee.safeframe.googlesyndication.com,0.0
avcreklam.com,1.0
adl-gn.fartit.com,1.0
biscxjkgkycaq.sysu.edu.cn,0.0
benefit.gtimg.cn.cloud.tc.qq.com,0.0
megamound.com,1.0
diamond-dent.net,1.0
vacmzgds.tendawifi.com,0.0
ant.settings.oysterfloats.org,1.0
inkoprima.com,1.0
shm.faqserv.com,1.0
lmc.geeksroot.net,1.0
its-unl-cms-prd-s3.s3.amazonaws.com,0.0
hopvibestravel.co.za,1.0
iscl.co.in,1.0
tjhz.upan.cc,0.0
vhgkwimgawwvkoe.sysu.edu.cn,0.0
ff119f.oss-accelerate.aliyuncs.com,1.0
spfqeopmolbneys.sysu.edu.cn,0.0
racsgssz.page.link,1.0
blugro4relay.groove.microsoft.com,0.0
xoicn.coding.net,0.0
worldsino.hk,1.0
natrumax.com.vn,1.0
120-236-174-248_s-184-27-185-72_ts-1654606840-clienttons-s.akamaihd.net,0.0
stylo.ae,1.0
lembang.net,1.0
loanbtc.org,1.0
lowestoftcarsandcommercial.co.uk,1.0
sebastianmunoz.cl,1.0
12.155.23.14.sbl.spamhaus.org,0.0
b28839233388b16478ff92252e0c20af.safeframe.googlesyndication.com,0.0
2u8t9y.tdum.alibaba.com,0.0
zoomiadmd213zc.iad.zoom.us,0.0
d890d867cec04084957446b20047f452.fp.measure.office.com,0.0
newshutlive.in,1.0
hivdcaofsgvk.sysu.edu.cn,0.0
codelinkinfotech.com,1.0
0f28581ab985b706a9fc084e6ba62664.safeframe.googlesyndication.com,0.0
77c4cea1ff644153b6b0e18ba7c0d95b.fp.measure.office.com,0.0
nonegar2.ir,1.0
zstshdyq.page.link,1.0
40aa1c50008944a98a1ede678f115c04.fp.measure.office.com,0.0
ceo-reputation.ru,1.0
ab738e12b7df4b939ca6bcc0c69f70ac.fp.measure.office.com,0.0
r-0.19-20000000.800.170c.d2c.3ea5.214.0.j4lkknf89qbfqu4rvbja1eg7rv.avts.mcafee.com,0.0
lma18.carvalhosa.sa.com,1.0
azcdubvermedia.azureedge.net,0.0
tsm.tsinghua.edu.cn,0.0
uomktnmf.page.link,1.0
bagro.ir,1.0
arbitrag38.ru,1.0
rr4---sn-j5o76n7l.gvt1.com,0.0
svastx.moatads.com,0.0
p4-fol4xqohewnhc-djbgxk6n3ivpbfme-if-v6exp3-v4.metric.gstatic.com,0.0
plugin.ucads.ucweb.com,0.0
wqaur.alcatelcelullares.quest,1.0
kjsx.oss-cn-hangzhou.aliyuncs.com,0.0
billingtonsafety.com,1.0
gtapi-prod.yousician.com,0.0
ojopublico.com.co,1.0
oodkpket.page.link,1.0
adl-hh.vizvaz.com,1.0
daniyalcomputer.com,1.0
hrdnsqnh.page.link,1.0
services.amazon.fr,0.0
clexowinsurance.com,1.0
img3.kwcdn.kuwo.cn,0.0
187.142.200.23.sbl.spamhaus.org,0.0
afzrkrfr.page.link,1.0
afrosai.org,1.0
cldhyder.page.link,1.0
9r1pb5.tdum.alibaba.com,0.0
w4dasvaxfdy4syu7fmgq-f-18708481a-clientnsv4-s.akamaihd.net,0.0
orwxeyem.page.link,1.0
cdn2.editmysite.com,0.0
bmwcare.ae,1.0
dohrmann-projekt.de,1.0
citra-emu.org,0.0
bigbuzzfact.in,1.0
ddprwkgq.page.link,1.0
rohingyacare.com,1.0
ams.cci.edu.pk,1.0
unidesk.alicdn.com,0.0
rhiviephotography.com,1.0
tascareaga.com,1.0
networkwheels.co.za,1.0
b18328de4aea41ad8e200510633d14f0.fp.measure.office.com,0.0
jenningscustomhomes.com,1.0
okteto.gallerycdn.vsassets.io,0.0
w4dasvaxij5gayu6ojna-f-bd88eafd7-clientnsv4-s.akamaihd.net,0.0
44residenceandapartment.org,1.0
973d73de5cd46a92714dcc7561d634e5.safeframe.googlesyndication.com,0.0
oregonaljuneau.justingrovephotography.com,1.0
cciblimsio.mgh.harvard.edu,0.0
lpgyfayg.page.link,1.0
wizfairvoyage.com,1.0
autovoll.ro,1.0
2990534539e4a8c31f685c8b983759da.safeframe.googlesyndication.com,0.0
99ddecc1580fa929dea40c0116e2d34d.safeframe.googlesyndication.com,0.0
3c16cf764e40bad6a467b032b73ce9f8.safeframe.googlesyndication.com,0.0
56b99651eedd443b90117cf0dd87824e.fp.measure.office.com,0.0
pnnhekas.page.link,1.0
stella-the-cat.finji.de,1.0
n-sanea.com,1.0
organicsoul.in,1.0
1463519052.docs.qq.com,0.0
4283773634d76bc9c28cfae8ed1aa4be.safeframe.googlesyndication.com,0.0
cc.tangjiu.com,0.0
ef159a782faeb21fd5eea1ef1ed5a9f5.safeframe.googlesyndication.com,0.0
adi.isasecret.com,1.0
big5.quanben-xiaoshuo.com,0.0
w4dasvax2ll2syu6gtdq-f-b444de191-clientnsv4-s.akamaihd.net,0.0
psv121-1.daxab.com,0.0
totaltaxi.net.br,1.0
2e60812804c944abb1df3a1952707a81.fp.measure.office.com,0.0
sodrwtgq.page.link,1.0
ame.co.id,1.0
p208-remindersws.icloud.com.cn,0.0
saintmarymissiontrustwahegaon.com,1.0
superbird.com.pk,1.0
wizfairtechnologies.com,1.0
msuvatbu.page.link,1.0
ekjk.caching.oysterfloats.com,1.0
1yff8.tdum.alibaba.com,0.0
ivorcvd.sysu.edu.cn,0.0
escritordiario.com,1.0
us-ore-00001.s3.dualstack.us-west-2.amazonaws.com,0.0
jasmin-studios.ro,1.0
tmpfiles.org,1.0
yeskapgn.page.link,1.0
shaadow.net,1.0
trendshoptec.com.br,1.0
xnnjtiwi.page.link,1.0
eaaqeubqaijeajqacql6qaaaabrj5t23-pgw46t-06cb8261c-clienttons-s.akamaihd.net,0.0
azhong391tubiao.oss-accelerate.aliyuncs.com,0.0
p53-mobilebackup.icloud.com.cn,0.0
159.66.101.151.sbl.spamhaus.org,0.0
a2337c62b52bbe92a386113a95ecfbe31.profile.hel51-p2.cloudfront.net,0.0
divinfosystem.com,1.0
module.iqilu.com,0.0
ggic09.miguvideo.com,0.0
gzxk.jxeea.cn,0.0
twhuhayx.page.link,1.0
tacebpyz.page.link,1.0
wahahsolutions.net,1.0
sz.paygate.huya.com,0.0
3011.filemail.com,1.0
gfs214n124.userstorage.mega.co.nz,0.0
sync.popin.cc,0.0
privatehomeclips.com,0.0
monashuni.okta.com,0.0
rydlandtransport.no,1.0
agenciadepublicidade.app.br,1.0
cartage.fr,1.0
cuyqmjczwvrwxq.sysu.edu.cn,0.0
dmarket.docomo.ne.jp,0.0
jsfallplskh.sysu.edu.cn,0.0
236.136.68.54.sbl.spamhaus.org,0.0
play.yxgl.qq.com,0.0
assets-cdn.kf5.com,0.0
sattamatkago.in,1.0
6fcd9d1168e74a4aac0d52b534bc19d6.fp.measure.office.com,0.0
xsgyzt.v.zzu.edu.cn,0.0
rinconpicoconsultoria.com,1.0
dogalgazkalorifermalzemesi.com,1.0
eaeoug.macieirare.sa.com,1.0
d8gmep.tdum.alibaba.com,0.0
sbn.or.id,1.0
fifepc.tdum.alibaba.com,0.0
12ab053f8c164c79a22054d151be6760.fp.measure.office.com,0.0
masterschoolkandana.site,1.0
rawpqlnjwexipxt.sysu.edu.cn,0.0
ximenacastillo.com,1.0
travelola.files.wordpress.com,0.0
capstone-ds.com,1.0
cityups.org,1.0
puffarena.com,1.0
safetygear.pk,1.0
80xbdfs.oss-accelerate.aliyuncs.com,1.0
bb6ac18a70ef7891faed4093e4f3c64b.safeframe.googlesyndication.com,0.0
adsqe.mrbasic.com,1.0
ce0513fc3e3049299d93d590ff6d0262.fp.measure.office.com,0.0
mlwr-apis.cleanmymac.com,0.0
decorhire-johannesburg.com,1.0
app2.hongmengshijie.net,0.0
erogamescape.sysu.edu.cn,0.0
aeisunugal.com,1.0
ohiomtolympia.mikescustomleather.net,1.0
2.66law.cn,0.0
dhobdlvv.page.link,1.0
e37uvz.tdum.alibaba.com,0.0
re-tend.com,1.0
www.gz.xinhuanet.com,0.0
w4dasvaxh7zfqyu7jjfq-pyxswo-880739dcd-clientnsv4-s.akamaihd.net,0.0
100.160.234.49.sbl.spamhaus.org,0.0
image2.135editor.com,0.0
a16cd6bcb07ea182ab2027b5da57a7c83.profile.lax50-c1.cloudfront.net,0.0
d3u1wi7q84qcuz.cloudfront.net,0.0
wbnqldkfulj.sysu.edu.cn,0.0
law.ouc.edu.cn,0.0
ke.book118.com,0.0
u.mse.360.cn,0.0
doordash.launchgiftcards.com,0.0
m.dealmoon.com,0.0
ttltwdxg.page.link,1.0
8856ecfec4f48c9ce238f43ea976a748.safeframe.googlesyndication.com,0.0
facialrad.com.br,1.0
c-0.19-a7000089.2.16a8.b69.3ea5.210.0.sz5jkwcpqct4z6cz73r5ceqswv.avts.mcafee.com,0.0
makeupchick.files.wordpress.com,0.0
228.169.10.176.sbl.spamhaus.org,0.0
laazgajz.page.link,1.0
2c2327a78ba444dc9ee739a80b6eec04.fp.measure.office.com,0.0
fs_conn.qq.com,0.0
habjoshtech.co.ke,1.0
www.emma.cam.ac.uk,0.0
becomeaprovider.com.au,1.0
2034b0ae046a4593922c156123fd08a6.fp.measure.office.com,0.0
72k6ns9acvsv4lgnt3w6nsniurzabluv2jm66k7n79efb85cb2996ceasac.d.aa.online-metrix.net,0.0
b277.photo.store.qq.com,0.0
authors.library.caltech.edu,0.0
anargya.id,1.0
60c90f3d90d1ab6f22324c520dfc451d.safeframe.googlesyndication.com,0.0
otom-services.com,1.0
a5339.casalemedia.com,0.0
bangladeshmulticarehospital.com,1.0
ce3ca10da5df46a088841d97931a9ddf.fp.measure.office.com,0.0
w4dasxqxggboqyu7h3ya-f-d4f355f3f-clientnsv4-s.akamaihd.net,0.0
dd.qngxgw.xyz,1.0
pickwhiz.com,1.0
apisix-admin.apisix.svc.cluster.local.sysu.edu.cn,0.0
service.elsevier.com,0.0
m.imomoe.la,0.0
unanimousgoatcloting.com,1.0
valueworldgroupe.co.ke,1.0
cacheltzyfs.10jqka.com.cn,0.0
tqmhfimfnzdy.jnu.edu.cn,0.0
pastebin.com,1.0
union.yoho.cn,0.0
safenote.co,1.0
ec8e41e5cd2304caca0d142f0a2edabb.safeframe.googlesyndication.com,0.0
31516243f7ae6551bc1366e4206f61a5.safeframe.googlesyndication.com,0.0
adl-c.mrbonus.com,1.0
79532efde73648c4a0bd53340eaf71bc.fp.measure.office.com,0.0
jp-real-prod-v4tadlicuqeeumke.llas.bushimo.jp,0.0
exco.fit,1.0
bgsoffiler.dka.mentorg.com,0.0
kidsdokan.com,1.0
whatsnew.tech,1.0
portal2.altium.com,0.0
kswfjvnc.page.link,1.0
bakmobilya.com.tr,1.0
asim3d.com,1.0
sr-live.cfhd.cf.qq.com,0.0
fit-decor.com,1.0
mat.ethz.ch,0.0
raadsolution.site,1.0
p4ia8g.eucaliptore.sa.com,1.0
gs611-web3-pz.giss.nasa.gov,0.0
smartminingtechnology.co.za,1.0
nextleveltranscription.com,1.0
bagage.ma,1.0
luminatelier.com,1.0
imagesrvr-epnet-com-s.webvpn.sysu.edu.cn,0.0
iykojxyw.page.link,1.0
applog.manmanbuy.com,0.0
skcapitalguru.com,1.0
ifilsa.com.mx,1.0
mycom.global,1.0
120-236-174-190_s-23-48-201-42_ts-1654593712-clienttons-s.akamaihd.net,0.0
viacosmeticos.com,1.0
atrox.pk,1.0
fem.faqserv.com,1.0
greenisco.com,1.0
stowyugn.page.link,1.0
billwhateley.files.wordpress.com,0.0
standartbud.net,1.0
gfs-ae.com,1.0
cirfa.uit.no,0.0
48a9beb63fcb494cb45659ee8161893c.fp.measure.office.com,0.0
mxivcdxu.page.link,1.0
altundalteldokuma.net,1.0
rokujoutei-a.jugem.jp,0.0
img.songshuhui.net,0.0
zcgl.gdufe.edu.cn,0.0
www.snopes.com,0.0
satel.cl,1.0
quiltincats.sysu.edu.cn,0.0
kvlisutn.page.link,1.0
dubai-watertanker.com,1.0
dacyplfg.page.link,1.0
johnfargfx.com,1.0
ogumeta.github.io,1.0
kotv.images.worldnow.com,0.0
simondist.com,1.0
giwayshans.lk,1.0
salarycalculator.sinaapp.com,0.0
cxy.bjfu.edu.cn,0.0
aba02d16daac4eff86dfbc4e1006a391.fp.measure.office.com,0.0
a0890677.xsph.ru,1.0
islandbagelbar.com,1.0
sndcoe.ac.in,1.0
souq-alshashat.com,1.0
b70a1c408f9c4cd2a05b72b4ff1b2da1.fp.measure.office.com,0.0
alcaldiaelhatillo.gob.ve,1.0
y.shavsl.com,1.0
ef5a0a3784e23104a8acfbc7efa33b80.safeframe.googlesyndication.com,0.0
bbpzgmbkfrgratg.sysu.edu.cn,0.0
d3i7w14qy8sxlu.cloudfront.net,0.0
34-214-170-3-pushcl.np.communication.playstation.net,0.0
coloradogapierre.sarahmichellenpreviews.online,1.0
kcims.org,1.0
cdn.boardhost.com,0.0
tiku.huatu.com,0.0
rank.uuu9.com,0.0
andcaifu.oss-cn-shanghai.aliyuncs.com,0.0
visionpublicidaddigital.com,1.0
ultraliainsurance.com,1.0
bollywoodstarkids.sysu.edu.cn,0.0
ieicmaydhfr.sysu.edu.cn,0.0
nasa2000.com.mx,1.0
nitscomputer.com,1.0
aproductions360.com,1.0
p24-calendars.icloud.com,0.0
djemtsva.page.link,1.0
embed.widgetpack.com,0.0
ufaf.org.so,1.0
www.wemod.com,0.0
duoduoworld.oss-cn-beijing.aliyuncs.com,0.0
ae6d91884e86ca8605322f2df30cee90.safeframe.googlesyndication.com,0.0
rrlsuuxi.page.link,1.0
africanresponse.co.za,1.0
w4dassix362hiyu6vgxq-f-13965943b-clientnsv4-s.akamaihd.net,0.0
linmdmail.sysu.edu.cn,0.0
escuelacaninabigdog.com.mx,1.0
zj2fdlixfqzxuyu6t3xa-f-65b777295-clientnsv4-s.akamaihd.net,0.0
techwave.pk,1.0
ordiclinic.ca,1.0
sdngpqv.sysu.edu.cn,0.0
w4dasvdimj2seyu67qma-f-1d9b12591-clientnsv4-s.akamaihd.net,0.0
wiselyworksdemo.com.au,1.0
azeus1-client-s.gateway.messenger.live.com,0.0
sancaktrailer.com.tr,1.0
asiancapital.com.np,1.0
sswgh.bjtu.edu.cn,0.0
e569eada24984409aac282573563affa.fp.measure.office.com,0.0
yhqszufzlqxf.sysu.edu.cn,0.0
dentxl.in,1.0
bz1.dxy.cn,0.0
bed8b08fddc9455e8a5ca638f091af7e.fp.measure.office.com,0.0
adilogluyolyapi.com.tr,1.0
adl-gq.mynetav.org,1.0
salubriouserections.com,1.0
pyizoper.page.link,1.0
agriformexico.com,1.0
hjgs.novelty.akibacreative.com,1.0
723f8023cfd112c9d020eb10e334440d.safeframe.googlesyndication.com,0.0
2c4e72b5490745c9a0e0504e0ef2bad6.fp.measure.office.com,0.0
support-en.wd.com,0.0
qjtgpmje.page.link,1.0
xn--ghqpa3npe42s27y7rfkkig31h.sysu.edu.cn,0.0
uphoyecm.page.link,1.0
veterinarioararas.com.br,1.0
adamantium.network,1.0
ohlxc.settings.oysterfloats.org,1.0
situeme.com.br,1.0
45f9911fca59519a03cc535d51c19765.safeframe.googlesyndication.com,0.0
6b8194b94071eadcbb2005dfb8d5732a.safeframe.googlesyndication.com,0.0
www.techcusp.com,1.0
a0895203.xsph.ru,1.0
stappenvzw.be,1.0
celluleinfra.org,1.0
arinosolidale.org,1.0
azaherelteeb.com,1.0
fvzqgvhv.page.link,1.0
orlcasablanca.com,1.0
zkaccountants.com,1.0
s3.us-east-1.amazonaws.com,1.0
montefeltrodiesel.com.br,1.0
w4dasvax2nwguyu7dqqa-f-337b6c4a9-clientnsv4-s.akamaihd.net,0.0
wjhwtggq.page.link,1.0
aabf1ed3e230ff134261507de9e00b4da.profile.bom78-p1.cloudfront.net,0.0
mcslydnh.page.link,1.0
api.sou-yun.cn,0.0
steamclouduseast.blob.core.windows.net,0.0
xsgz.pe.upc.edu.cn,0.0
drdgxevurg.sysu.edu.cn,0.0
map.what3words.com,0.0
linkvilleplayers.org,1.0
myhealthspin.com,1.0
hwlybiro.page.link,1.0
ratnajyotish.com,1.0
mvxw.scheme.corycabana.net,1.0
0c8fb133a18780e4d34636eb9d91be18.safeframe.googlesyndication.com,0.0
rmp.aps.org,0.0
devloper.oss-cn-beijing.aliyuncs.com,0.0
quxgr.sync.oystergardens.club,1.0
morioxforextrade.com,1.0
rdmdveunnw.sysu.edu.cn,0.0
cdn.tynt.com,0.0
vdafinanceandcapital.com.np,1.0
72k6ns9a3hgzboyez2ummbcehfankhybkci5y74q2439dec0eff3de82sac.d.aa.online-metrix.net,0.0
homage.com.pk,1.0
creativekiwiz.co.nz,1.0
16.102.51.184.sbl.spamhaus.org,0.0
87c37aaaf9c8ed25f4a4b917d223411a.safeframe.googlesyndication.com,0.0
mxuffmqx.page.link,1.0
8otffc.tdum.alibaba.com,0.0
mf.techbang.com,0.0
landsat.usgs.gov,0.0
s15.trafficdeposit.com,0.0
www.telemundo.com,0.0
yqzx.ustc.edu.cn,0.0
twrx1lqmwxjr.n4.adsco.re,0.0
gdhqoxaw.page.link,1.0
mpa.sdu.edu.cn,0.0
mpcp.kp.gov.pk,1.0
zyctd-user.oss-cn-beijing.aliyuncs.com,0.0
72k6ns9afsueyfjj2vldleigfmc7qg2cyp5ngoegc49b00bc6bd0d0ebsac.d.aa.online-metrix.net,0.0
dpsols7.autodesk360.com,1.0
miracle-manufacturing.com,1.0
dje74.ziyuan.baidu.com,0.0
aubewrup.page.link,1.0
newcairocompounds.com,1.0
rqsuyajzjxy.sysu.edu.cn,0.0
gspe85-ssl.ls.apple.com,0.0
iosappslot.xyz,1.0
2866e10a3c2de3c95e5845325280b93f.safeframe.googlesyndication.com,0.0
979011da8715494e869c33c928ff6dab.fp.measure.office.com,0.0
www.trumpf.com,0.0
supercraft123.serveminecraft.net,1.0
megacell.pe,1.0
assets.porsche.cn,0.0
campfuckyeah.com,1.0
qa.smbc.co.jp,0.0
rmrzniny.page.link,1.0
conjureup.ca,1.0
kunals.com,1.0
sheetalgroups.in,1.0
1345769015.docs.qq.com,0.0
masteredu.org,1.0
wkfnkzyn.page.link,1.0
hitpress.hit.edu.cn,0.0
swkuasqc.page.link,1.0
cdn-doocs.oss-cn-shenzhen.aliyuncs.com,0.0
airmoney9ja.com,1.0
xy.fujian.gov.cn,0.0
42419a4688b14004a0ee251f7b099b50.fp.measure.office.com,0.0
invisible-borders.sysu.edu.cn,0.0
duekml.tdum.alibaba.com,0.0
tahfiz.my.id,1.0
kansasvajackson.pytonik.com,1.0
oldtimertreffen-rethem.de,1.0
146f7457d0302734611e9316005be6c9.safeframe.googlesyndication.com,0.0
tmgjmwms.page.link,1.0
quintadospinheirais.pt,1.0
www.eis.de,0.0
de-luxclothing.com,1.0
wzswbw.dm.files.1drv.com,1.0
carisfly.com,1.0
leeziptv.com,1.0
6fdhgbtreh.oss-accelerate.aliyuncs.com,1.0
zj2fdlixfqz3eyu6mxyq-f-1229472ec-clientnsv4-s.akamaihd.net,0.0
jamiabdullah.com,1.0
asn.faqserv.com,1.0
api.gettr.com,0.0
only-409758-120-236-174-227.nstool.netease.com,0.0
sjnaw.result.garrettcountygranfondo.org,1.0
cantinaorsago.it,1.0
wlanapktxdl-ipv6.vivo.com.cn,0.0
jankiinternational.in,1.0
massagespasaigon.com,1.0
hn6-cloud-emote.lol.qq.com,0.0
fornudkaza.ao,1.0
viraje3d.com,1.0
shf.fartit.com,1.0
creat.fartit.com,1.0
cachesss.oss-cn-shanghai.aliyuncs.com,0.0
whatfontfinder.com,1.0
srd.faqserv.com,1.0
zj2fdlixfqzxuyu6n6nq-f-b2f314aeb-clientnsv4-s.akamaihd.net,0.0
everhelper.me,0.0
3rabiaat.com,1.0
9f8a202366d445dab02b48a19dad49b2.fp.measure.office.com,0.0
syakiraartdesign.com,1.0
kitabsuperjp.net,1.0
ipminc.ca,1.0
5b.com.pk,1.0
idahovaolympia.staticoin.com,1.0
binoddawadi.com.np,1.0
bellazami.com,1.0
vera.by,1.0
p22-fmf.icloud.com.cn,0.0
ed460c5e2216bd3866b37ea88b2da753.safeframe.googlesyndication.com,0.0
2cce7c11586ba8a22441a50135c352df.safeframe.googlesyndication.com,0.0
kwhppwarobwdi.sysu.edu.cn,0.0
ir-bn.mrface.com,1.0
9448697.fls.doubleclick.net,0.0
pimpom.in,1.0
el.sagepub.com,0.0
magigraph.fr,1.0
i4.ertk.net,0.0
25ffd9c042444671848d844935c2dccd.fp.measure.office.com,0.0
casenacasalucci.com.br,1.0
3d281829812f4a3d9677a0598524db07.safeframe.googlesyndication.com,0.0
sec.lenovo.com.cn,0.0
ingeniadyd.com,1.0
norvik.ug,1.0
190.150.32.213.sbl.spamhaus.org,0.0
nviboeirttj.sysu.edu.cn,0.0
czbrpgyn.page.link,1.0
globalvisiongroupbd.com,1.0
wpvsenwg.page.link,1.0
81f91a8f4fc26f78b7341d53cb76be30.safeframe.googlesyndication.com,0.0
dc26caf9a000fc40333082045feced99.safeframe.googlesyndication.com,0.0
mxb-00246402.gslb.pphosted.com,0.0
a2407daf228757f986d9f2d8cabe36bfe.profile.nrt51-c4.cloudfront.net,0.0
cleanairsystems.co.ke,1.0
only-464020-58-249-112-92.nstool.netease.com,0.0
camstore.vsco.co,0.0
rtehiughi.sysu.edu.cn,0.0
w4dasvax373seyu6jyra-f-cdd0aad36-clientnsv4-s.akamaihd.net,0.0
073709b412f788384423795d22a344c0a70c1a276f8fb95d.dlied1.cdntips.net,0.0
42.73.231.54.sbl.spamhaus.org,0.0
p122-fmip.icloud.com,0.0
pa-sampit.go.id,1.0
sunxialvs.66law.cn,0.0
libertyammunitions.com,1.0
ifgbiobio.cl,1.0
9385175.fls.doubleclick.net,0.0
fantasticmall.net,1.0
carthagefire.net,1.0
getimmobilier.com,1.0
29.90.62.50.sbl.spamhaus.org,0.0
ptvnqeow.page.link,1.0
ph-odc.samsungapps.com,0.0
nxlvsgl.sysu.edu.cn,0.0
short.gy,1.0
hawaiialhonolulu.364free.com,1.0
dchain-industry-fresh-invoice.oss-cn-zhangjiakou.aliyuncs.com,0.0
a8dbffecbf5c6232460a6772622c2def2.profile.fra60-p3.cloudfront.net,0.0
medya54.com,1.0
vfzmjhdj.page.link,1.0
nwirlzpe.page.link,1.0
malaysiaairlines.demdex.net,0.0
025bf33772b548468cd2b9b0571479b7.fp.measure.office.com,0.0
7270f9fe1d3fd764afb6e1ee345d8ce5.safeframe.googlesyndication.com,0.0
a.tile.openstreetmap.org,0.0
saifultele.com,1.0
grupocisbra.com.br,1.0
5w55q1.tdum.alibaba.com,0.0
onmwofyx.page.link,1.0
72.86.21.104.sbl.spamhaus.org,0.0
nil.csail.mit.edu,0.0
k202774698-acf1sec2bc479.rc03.oray.com,0.0
qdserver.jd.com,0.0
glubbar.com,1.0
aksharagalam.com,1.0
184.141.62.50.sbl.spamhaus.org,0.0
szbbsapp.sznews.com,0.0
anawalls13.autodesk360.com,1.0
cq6hb2.tdum.alibaba.com,0.0
ackqzkue.sysu.edu.cn,0.0
policytv.tv,1.0
grupvcwindows.com,1.0
p118-contacts.icloud.com,0.0
hidrocentergm.com,1.0
blochaus.ng,1.0
precismed.ma,1.0
noraxsolutions.com,1.0
himalayanape.in,1.0
vmxbiweo.page.link,1.0
edarululoom.com,1.0
institutotreinamente.com.br,1.0
covelseminovos.com.br,1.0
nhl-az.com,1.0
qvnekctq.sysu.edu.cn,0.0
mxzzrrrg.page.link,1.0
xyh.yzu.edu.cn,0.0
myip.com.tw,0.0
img.sanhaostreet.com,0.0
cocoplaynut.com,1.0
simplimoney.co.in,1.0
mobilefixer.in,1.0
egyptfurniture.org,1.0
p205-contacts.icloud.com.cn,0.0
wingzjqmmpmsxik.sysu.edu.cn,0.0
nba.demdex.net,0.0
thxqhgsarpn.sysu.edu.cn,0.0
ioiouoiuououiyjgroup.sbs,1.0
ynanvaramor.gallerycdn.azure.cn,0.0
karaoulas.gr,1.0
external.uc.kamitsubaki.jp,0.0
b5665bc581ac223ece6625c508535952.safeframe.googlesyndication.com,0.0
vatra-satului.ro,1.0
1076753979.docs.qq.com,0.0
instameet-safaris.co.ke,1.0
zj2fdlixfqz3eyu6krma-f-cfabb6a63-clientnsv4-s.akamaihd.net,0.0
ocqitxil.page.link,1.0
justentertainer.us,1.0
images-static.iracing.com,0.0
staging.aoibhneas.org.scms.sq1.io,1.0
status.ocr.space,0.0
garirent.com,1.0
paperswithcod.sysu.edu.cn,0.0
fyj.sync.oystergardens.club,1.0
shop1259340087.v.weidian.com,0.0
cbb63454c9c64f5e9c25d1b723562a04.fp.measure.office.com,0.0
koy.caching.oysterfloats.com,1.0
guonagln.page.link,1.0
f8c7b271cd78496cad4e72d149c08db3.fp.measure.office.com,0.0
ctsebajm.page.link,1.0
al7irak.com,1.0
thewhitespace.qa,1.0
mjdxzhnf.page.link,1.0
prymusedukacja.pl,1.0
foebgroup.com,1.0
xohftkhp.page.link,1.0
journal.seu.edu.cn,0.0
terrafirmanorth.ca,1.0
pftsvwjv.page.link,1.0
c.stat100.ameba.jp,0.0
km.s2.udesk.cn,0.0
shop57895461.m.taobao.com,0.0
lwvvozjh.page.link,1.0
emmashopebook.files.wordpress.com,0.0
crackload.net,1.0
aheiestw.page.link,1.0
rfwwchzr.page.link,1.0
chetanaenterprises-nx.com,1.0
job.sogou.com,0.0
construtorafantus.com.br,1.0
rfnguoxq.page.link,1.0
ingasbesto.cl,1.0
khanz.co.nz,1.0
72k6ns9ahqtwjj2p4isp35e2y3lojirxvjbpbdjo49cc1e8de37791adsac.d.aa.online-metrix.net,0.0
qcztoeks.page.link,1.0
61de4zhlj1o-1252665696.cos-website.ap-nanjing.myqcloud.com,0.0
hassannisar.pk,1.0
benkztopup.com.ng,1.0
a19.photo.store.qq.com,0.0
kc-swarovski.oss-cn-shanghai.aliyuncs.com,0.0
zbnsabfi.page.link,1.0
ztqkdwwz.page.link,1.0
adlsg-qha.vizvaz.com,1.0
newjerseyksaustin.letch.online,1.0
leplus-mrd.jd.com,0.0
tght1.oss-cn-hongkong.aliyuncs.com,1.0
ytpmncj.example.com,0.0
ndtqbcbe.sysu.edu.cn,0.0
akshayeewealth.com,1.0
erurclzb.page.link,1.0
www.ethereum.org,0.0
parklandespecialists.com,1.0
mprdtwoh.page.link,1.0
jibranenterprises.com,1.0
rr6---sn-npoe7n7y.gvt1.com,0.0
xmu.edu.cn,0.0
himtduud.page.link,1.0
uran-adl.fartit.com,1.0
utvfcpuft.sysu.edu.cn,0.0
negbrfad.page.link,1.0
dckrr5dz8ir9.n4.adsco.re,0.0
interstatetrans.com,1.0
static.tecnico.ulisboa.pt,0.0
tj.graduate.sysu.edu.cn,0.0
otheve.beacon.qq.com.sysu.edu.cn,0.0
ks-live-dmcmt-sh2-pm-01.chat.bilibili.com,0.0
gdwsjd.gd.gov.cn,0.0
www.servi.most.gov.cn,0.0
lakenaivasharesort.co.ke,1.0
enertechbc.com,1.0
msc.engg.hku.hk,0.0
redonyjavito.hu,1.0
allerlesskit.com,1.0
m.gz.bendibao.com,0.0
www.cbs.nl,0.0
llavedelaprendizaje.com,1.0
9463d2904ba5d634a1a2b6dfb4610cfe.safeframe.googlesyndication.com,0.0
w4dasvfygntbgyu6h54a-f-ce63a8833-clientnsv4-s.akamaihd.net,0.0
diliganz.lk,1.0
zxs.sync.oystergardens.club,1.0
oshi.at,1.0
tavantakplastic.com,1.0
tissuelab.farm,1.0
research-game.163.com,0.0
fevzicoskun.com,1.0
ehajw.nogueirare.sa.com,1.0
web.ssp.yahoo.com,0.0
1ca27a340cd84dcbab358143b788c123.fp.measure.office.com,0.0
map.sys.ma,1.0
fyfnd.org,1.0
twgreatdaily-com.cdn.ampproject.org,0.0
openct.co.kr,1.0
ecit-dev.com,1.0
eaaq3kbacyzeajqacqlxqaaaabrj5h6m-f-465e1ffac-clienttons-s.akamaihd.net,0.0
ychun.offcn.com,0.0
qcckutyi.page.link,1.0
cag-sa.co.za,1.0
fcjkomss.page.link,1.0
w4dasvax2cgcgyu7n3ya-f-28eb656d1-clientnsv4-s.akamaihd.net,0.0
al-ishraqshop.com,1.0
imgblaze.net,0.0
zeytouni.net,1.0
1492757141.docs.qq.com,0.0
f7e978b4aec04b7588ffa77f805fec9e.fp.measure.office.com,0.0
a58cx3.tdum.alibaba.com,0.0
w4dasvfydh7hqyu63wuq-f-e0e99cb6a-clientnsv4-s.akamaihd.net,0.0
123.236.32.23.sbl.spamhaus.org,0.0
sc04.alicdn.com,0.0
cbs-img.sports.cctv.com,0.0
nowmkt.com.br,1.0
nbconstructor.com,1.0
articles.informer.com,0.0
91images20220206.oss-cn-hongkong.aliyuncs.com,0.0
tsdandassociates.co.sz,1.0
rosretail.co.in,1.0
d69jvg.tdum.alibaba.com,0.0
applygrad.jhu.edu,0.0
57ccb8e7eac8ad386a1c251fcd4e9218.safeframe.googlesyndication.com,0.0
slanteddesigns.com,1.0
9bfb132912ba4c998ccee4e3d884717d.fp.measure.office.com,0.0
m.dpc.qingdao.gov.cn,0.0
ndskm.com,1.0
pt-static2.jsmsat.com,0.0
00bf0eecf3f040febf9fcc28dbd4bdfb.fp.measure.office.com,0.0
bdca8d5e-4724-48fd-9028-bfa3958ce38d.t.ssp.hinet.net,0.0
osmanplumbing.co.uk,1.0
xygozrsjfaurejt.sysu.edu.cn,0.0
buscascolegios.diit.cl,1.0
tthiprojects.com,1.0
us.ssssv2.xyz,0.0
72k6ns9axvxsq4uugkwjbc35pm25np6lhrclkqswfa71fe7499f1dde9sac.d.aa.online-metrix.net,0.0
3365.templates.victoryoverdieting.com,1.0
suitesejecutivasmonterrey.com,1.0
cxvsdf121gfhe.oss-accelerate.aliyuncs.com,1.0
tremor-match.dotomi.com,0.0
eng-designconsult.com,1.0
sam-h-global.shop,1.0
directory.manchester.ac.uk,0.0
peparrowstudio.com,1.0
lcyd.chaoxing.com,0.0
aheztcim.page.link,1.0
sms-my.com,1.0
pagz.result.garrettcountygranfondo.org,1.0
singkawanggrandmall.com,1.0
aduikfezhvh.sysu.edu.cn,0.0
api.mckuai.com,0.0
anamurziraatodasi.org.tr,1.0
100techhausa.com.ng,1.0
urxbmg.dm.files.1drv.com,0.0
cceco.org,1.0
botnet.zapto.org,1.0
blog.myfitnesspal.com,0.0
a4691.casalemedia.com,0.0
tecnowaresolutions.com,1.0
aba42f25409b009cdf83761e23fec8040.profile.yvr50-c1.cloudfront.net,0.0
yt.dgut.edu.cn,0.0
unitedusedfurniture.com,1.0
story.qq.com,0.0
zj2fdlixfqz3eyu6lt2a-f-4b597267f-clientnsv4-s.akamaihd.net,0.0
w4dasvfygjme4yu652ia-f-cd97a332c-clientnsv4-s.akamaihd.net,0.0
theskepticalprofessor.com,1.0
hideelectricsupply.com,1.0
18if7i.tdum.alibaba.com,0.0
847885d3a6fa4b87a109e5fc6ff4a556.fp.measure.office.com,0.0
zj2fdlixfqzxuyu6paoq-f-4311a5c87-clientnsv4-s.akamaihd.net,0.0
jakamagroup.com,1.0
2795719f7012031f2b9208f0f3f619a7.safeframe.googlesyndication.com,0.0
staticstorehouse.oss-cn-shanghai.aliyuncs.com,0.0
fazagroenterprise.com.ng,1.0
uxkpdvdk.page.link,1.0
abe9fa790dd04791b5e3910ee7242fd3.fp.measure.office.com,0.0
glowell.com.co,1.0
expertcol.com.co,1.0
dota2.yzz.cn,0.0
182ef346d0cf81626cd7126bd5b73ae7.safeframe.googlesyndication.com,0.0
honorseducation.com.np,1.0
lombokoriginal.com,1.0
huanke-prod.oss-cn-hangzhou.aliyuncs.com,0.0
modernsupplies-eg.com,1.0
w4dasvaxeqh5qyu7ka5a-f-7a3b79616-clientnsv4-s.akamaihd.net,0.0
eitexzno.page.link,1.0
cfisxrdof.sysu.edu.cn,0.0
altareef.net,1.0
f9ccb6fc12db4b739182289c68acd632.fp.measure.office.com,0.0
only-974974-138-2-9-44.nstool.netease.com,0.0
feedax.net,1.0
rodhigital.com,1.0
only-820057-223-104-67-87.nstool.netease.com,0.0
kapsnovin.com,1.0
faregadget.com,1.0
iris-corp.com,1.0
xpgtzsrl.page.link,1.0
dicdoc.pro,1.0
f0fa2595c3bce5cb6ae37ee412b8e806.safeframe.googlesyndication.com,0.0
sso.ptpress.cn,0.0
heyleny2.dothome.co.kr,1.0
panelclientesapp.com,1.0
external-media41.public.wlhrm-a-4.prod.infra.webex.com,0.0
tempocf.com,1.0
lanahospital.com,1.0
lprbpxx.sysu.edu.cn,0.0
imsportal.saif.sjtu.edu.cn,0.0
xinyu-1310298375.cos.ap-shanghai.myqcloud.com,0.0
kiestinyhouse.files.wordpress.com,0.0
dsm.faqserv.com,1.0
qiye.163.com,0.0
down-ww2.bituq.com,0.0
6a7e99ceedfa304786d8bf920a48356d.safeframe.googlesyndication.com,0.0
yohhruuncfxfetx.sysu.edu.cn,0.0
w4dasvfm5aieuyu6qduq-f-55ea10bdb-clientnsv4-s.akamaihd.net,0.0
jhmv6etxbo.feishu.cn,0.0
m.ganzhou.bendibao.com,0.0
devonsounds.com,1.0
pinakjewels.com,1.0
themedesign.vivo.com,0.0
www.goldmansachs.com,0.0
es.irtc.space,1.0
clinicsmilekraft.com,1.0
nhachannuoi.vn,1.0
gruphost.es,1.0
salarquitectura.es,1.0
paltela.lt,1.0
icd.who.int,0.0
dx1n5y0q8nolz.cloudfront.net,0.0
virmach.com,0.0
72k6ns9a5gknuatw4oxr6z7tvjfllw2g5smedmde65a4761a70414f8asac.d.aa.online-metrix.net,0.0
merret.cl,1.0
83fe24c58a69f0c8d67da123be674fdb.safeframe.googlesyndication.com,0.0
5b1e19c6e0c26721f39d04950c620d90.safeframe.googlesyndication.com,0.0
fdtqbohzovpfs.sysu.edu.cn,0.0
pablobreijo.es,1.0
best4you.live,1.0
www.scez.cn.cdn.cloudflare.net,0.0
founders.net.au,1.0
success-4you.com,1.0
mathworks.tfaforms.net,0.0
vbyciels.page.link,1.0
nmfakhry.com,1.0
ropft.sync.oystergardens.club,1.0
login.sina.com.cn,0.0
safha.co,1.0
qbhhospitality.com,1.0
messat.com.tr,1.0
ladorica.ba,1.0
gitutors.co.za,1.0
dropmefiles.com.ua,1.0
mautea.co.ke,1.0
claseco.com,1.0
cn-dca1.cfe.uber.com,0.0
bsagxahpf.sysu.edu.cn,0.0
sanefisio.com,1.0
mvjlvfvherkgoum.sysu.edu.cn,0.0
webdesigntm.eu,1.0
zoomsjcar211mmr.sjc.zoom.us,0.0
45ec48d7460843f2a07effcaf08b835e.fp.measure.office.com,0.0
np.chinapower.com.cn,0.0
44866440e3df54c94e10130f2f3ea4ac.safeframe.googlesyndication.com,0.0
digitalbroadcastapplications.com,1.0
72k6ns9aca4ouem4azseiyxzmjslrjd5d35v2zb3142bf8b95a393695sac.d.aa.online-metrix.net,0.0
gxitmyer.page.link,1.0
xacm02.baidupcs.com,0.0
bmsmermer.com,1.0
vk.com,1.0
www.liv.ac.uk,0.0
ljxsvsvd.page.link,1.0
uwkfvonil.sysu.edu.cn,0.0
g.co188.com,0.0
h17009.www1.hp.com,0.0
angelesescobar.cl,1.0
164.news2.sysu.edu.cn,0.0
82.224.120.202.sbl.spamhaus.org,0.0
pogosearch.com,1.0
395cnm.tdum.alibaba.com,0.0
klqtpisj.page.link,1.0
70713ebb64cfa9f0c4b4ec1203c19c05.safeframe.googlesyndication.com,0.0
8d1265cca7f904e06e0579ff68c4eaf5.safeframe.googlesyndication.com,0.0
9.136.107.13.sbl.spamhaus.org,0.0
petittool.com,1.0
pindjagatpur.com,1.0
hvnqnzsk.page.link,1.0
chengshujia.66law.cn,0.0
cfpvehqb.page.link,1.0
sgtm.wur.nl,0.0
sodreh.com,1.0
moe-edugm.my,1.0
devvaults.com,1.0
neonrundubai.com,1.0
iaqqav.com,1.0
www.research.gxnu.edu.cn,0.0
neopto.us,1.0
2.samsung-internet.filter-list-downloads.getadblock.com,0.0
alibabash.ddns.net,1.0
www.starcountry.net,1.0
puzuzklvrhpxe.sysu.edu.cn,0.0
e48a6cb727654ff6aabafd4c3b93afa3.fp.measure.office.com,0.0
sopnypdk.page.link,1.0
eysar.com,1.0
w4dasvaxhonoqyu62aqa-f-398a9ec17-clientnsv4-s.akamaihd.net,0.0
alotropia.sa.com,1.0
clickdelcaribe.com.mx,1.0
virtualworld.world,1.0
illinoisarjeffersoncity.hotcrumblecompany.com,1.0
maxsolution.in,1.0
electoralhub.org,1.0
spgmogxsiysnglj.sysu.edu.cn,0.0
774df4466dd641e38b6571a2e66e4278.fp.measure.office.com,0.0
shop42692603.youzan.com,0.0
www.sbcfastlogistics.com,1.0
pcce.eu,1.0
sec-dns.gzu.edu.cn,0.0
pimientossupremos.com,1.0
exposefree.com,1.0
fda7f338c8ac19599976563414eb9761.safeframe.googlesyndication.com,0.0
0c28e7202c5b413698d208a4f5f7006d.fp.measure.office.com,0.0
uploadian.com,1.0
www.pornhub.com,0.0
spangle1.online,1.0
www.opsol.com,1.0
eanefgpk.page.link,1.0
25clouds.com,1.0
a3abj.wileyfoxcelullares.motorcycles,1.0
hclips.ahcdn.com,0.0
uttamshrestha.com.np,1.0
aurtox-my.sharepoint.com,0.0
zbkixwmw.page.link,1.0
0b1e9a279fc14c2b9df418e7ced51b07.fp.measure.office.com,0.0
p37-contacts.icloud.com,0.0
bakertilly.com.ec,1.0
medheightsltd.com,1.0
sdey8.leecocelullares.quest,1.0
nefzo.com,1.0
uqaiuqof.page.link,1.0
88.bus.sysu.edu.cn,0.0
kuwaitpolyurethane.com,1.0
rr3---sn-q4fl6nsl.googlevideo.com,0.0
epuit.net,1.0
1e6d30fe647841389f39c7dcf72a4a60.fp.measure.office.com,0.0
setadokum.com,1.0
free-android-application.sysu.edu.cn,0.0
tbess.co.za,1.0
8c3037faacfd421dea2b7110cb9be9c9.safeframe.googlesyndication.com,0.0
footballeague.co.uk,1.0
orsahomes.com,1.0
maesthetics.pk,1.0
72k6ns9aas7te2ivrgbf7uap7ut2r6xretkcibbge6c093c496658ec0sac.d.aa.online-metrix.net,0.0
ouxl.sync.oystergardens.club,1.0
tgjopxumawzt.sysu.edu.cn,0.0
jiubntby.page.link,1.0
khiew.elephonecelullares.pro,1.0
myapeapeaje.sysu.edu.cn,0.0
ahaslides.com,0.0
omrat.ee,1.0
inivex.lk,1.0
trinityuniversity.edu.ng,1.0
gdlrdc.com,1.0
kivucloud.com,1.0
qianbao.baidu.com,0.0
577cda63a2e0ed8d7fabba2f8b4209a6.safeframe.googlesyndication.com,0.0
16.201.163.192.sbl.spamhaus.org,0.0
zoptex375.xyz,1.0
prod-edu-cloud-dev-1253364609.file.myqcloud.com,0.0
studio-fitmumfrance-aix.fr,1.0
eodovyhf.page.link,1.0
a-share-api.jin10.com,0.0
capitalpromotora.com,1.0
a-0.19-a7000081.c9f0082.16a8.b69.3ea5.210.0.rt35mm3gen31muaqqb1ej7zwvq.avts.mcafee.com,0.0
rtbrennab.com,0.0
provfin.com.au,1.0
only-252879-202-75-251-182.nstool.netease.com,0.0
kgptemmz.page.link,1.0
m.huocheso.com,0.0
external-media24.public.wbomm-a-2.prod.infra.webex.com,0.0
timetreeapp.com,0.0
letpub.com.cn,0.0
movin.tec.br,1.0
23.200.187.167.sbl.spamhaus.org,0.0
1dwx1trkw45q.s4.adsco.re,0.0
jamnavidyapeeth.com,1.0
vyivw.layout.oystergardens.us,1.0
insanmadanijambi.org,1.0
hwthurmann.de,1.0
netimports.sysu.edu.cn,0.0
techxtreme.co.nz,1.0
speedymedia.com.br,1.0
dwxcb.whu.edu.cn,0.0
sameirotravel.com,1.0
oksancelikcati.com,1.0
damaviola.it,1.0
rtl.berkeley.edu,0.0
admiretourism.com,1.0
towardsbrilliance.com,1.0
67.24.216.52.sbl.spamhaus.org,0.0
w4dasvaxgluuqyu7okoq-f-f6245b6b9-clientnsv4-s.akamaihd.net,0.0
www.aiakujundus.ee,1.0
ost.tn,1.0
doh-ctrl.sohu.com,0.0
miqbhoucg.sysu.edu.cn,0.0
radio.oiu.edu.sd,1.0
sunafricaexpeditions.com,1.0
nkb.layout.oystergardens.us,1.0
72k6ns9afr2tr4suuuh6flqn4r6ztsgptbk7mz4aef0169cddd00edd8sac.d.aa.online-metrix.net,0.0
nylwqam.njupt.edu.cn,0.0
bathroomcrew.com.au,1.0
65.104.174.52.sbl.spamhaus.org,0.0
test.typoten.com,1.0
www.philosophy.sysu.edu.cn,0.0
khalimoff.com,1.0
rjassociatesindia.com,1.0
6431f943811f4698b8ad01c3d057adc3.fp.measure.office.com,0.0
zs-lc1-25.zoho.com,0.0
w4dasvfygoo5syu6hgpq-f-a334d2aa7-clientnsv4-s.akamaihd.net,0.0
esteamselproject.com,1.0
images.data-axle.com,0.0
realkolkataff.in,1.0
cdn.nijigenfun.com,0.0
qdzzg.sync.oystergardens.club,1.0
smartretouching.com,1.0
polarbearden.ca,1.0
lorajrgi.page.link,1.0
rounited.co,1.0
wsejnqpzvpixt.ucdavis.edu,0.0
botanistudio.com,1.0
adl-zq.fartit.com,1.0
www.sjc.shisu.edu.cn,0.0
d9e1c3dd-1fee-48c1-9089-09a70580408e.usrfiles.com,1.0
cdnjs-cloudflare-com-443.webvpn.sysu.edu.cn,0.0
hys.com.co,1.0
saisiddhipls.com,1.0
bazckkhe.page.link,1.0
WN5814-N6w0QvW6Y9ukSH0fhFcrOc5.sysu.edu.cn,0.0
swmkektw.page.link,1.0
zhengxinpeixun.oss-cn-qingdao.aliyuncs.com,1.0
euvbknqf.page.link,1.0
nataliairani.com,1.0
a-0.19-a7000081.c170081.170c.c6b.3ea5.210.0.buc39d5gcv1jwg9r343si2ksu6.avts.mcafee.com,0.0
video.520cc.cc,0.0
b9b0b0.ug.ele.me,0.0
eu.battle.net,0.0
170.11.26.104.sbl.spamhaus.org,0.0
www.research.manchester.ac.uk,0.0
thebookofjuandotcom.files.wordpress.com,0.0
menu.web.id,1.0
wafastore.pk,1.0
bw36file.oss-accelerate.aliyuncs.com,1.0
giecdn.blob.core.windows.net,0.0
202-116-81-14_s-23-196-47-91_ts-1654585395-clienttons-s.akamaihd.net,0.0
synacor-match.dotomi.com,0.0
pacoprian.es,1.0
xa1.sharepoint.com,0.0
syhpfy.chinacourt.gov.cn,0.0
wingcomm-dot-yamm-track.appspot.com,1.0
gqt.swu.edu.cn,0.0
m.oasis.weibo.cn,0.0
total.org.br,1.0
jpvspfnx.page.link,1.0
ogmxiyiu.page.link,1.0
0ytxja.ch.files.1drv.com,0.0
ktdmmxie.page.link,1.0
mup.amp.mcafee.com,0.0
jelitamultimedia.com,1.0
swzx.wmu.edu.cn,0.0
appxiazai-1251227496.cos.ap-shanghai.myqcloud.com,0.0
i.imgur.com,1.0
waresaislamtrust.com,1.0
imcfg-cn.oss-cn-beijing.aliyuncs.com,0.0
ztirdsjt.page.link,1.0
redirector.pm,1.0
weddinginvitation.id,1.0
svjdbmcqq.sysu.edu.cn,0.0
hecpadarquitectos.com,1.0
vwxtepxxje.sysu.edu.cn,0.0
pcchampion.com.co,1.0
allday.co.id,1.0
floritamp.com,1.0
nclifesupport.com,1.0
grandvenus.co.ke,1.0
wyakmpgp.page.link,1.0
puretechdigital.in,1.0
991ef0a455134689afbbd3b881cdced1.fp.measure.office.com,0.0
2314ded4dca647c09ce407feeb5509f8.fp.measure.office.com,0.0
only-802050-120-236-174-209.nstool.netease.com,0.0
unrealpcs.com.au,1.0
econnectshop.in,1.0
ceronimo.com.tr,1.0
pama-dsp.pingan.com.cn,0.0
e.58.com,0.0
namaacont.com,1.0
supremeomega.com,1.0
jpcltvovppn.sysu.edu.cn,0.0
analytics.similarweb.com,0.0
zj2fdlixfqzxuyu6ubua-f-33c75f27c-clientnsv4-s.akamaihd.net,0.0
blitz-kukaj.de,1.0
969645739ed6d79a8cb4484c8fa26125.dlied1.cdntips.net,0.0
img.manoramanews.com,0.0
cdn.design-system.economist.com,0.0
cld.pt,1.0
p4-bi2c7azhmyipw-qgrm326nvae7i6qm-if-v6exp3-v4.metric.gstatic.com,0.0
www.ptable.com,0.0
154181121b2a4afba6467d4a1534d80d.fp.measure.office.com,0.0
daf.faqserv.com,1.0
6c3a55cafb6fbd07583af4b42935defa80bfb50610d5bf5511d371ff.trk.sensic.net,0.0
www.www-cn.chanel.com,0.0
itinerariabruttii.it,1.0
34-210-66-112-pushcl.np.communication.playstation.net,0.0
bgvoknme.page.link,1.0
routgqcu.page.link,1.0
accf6ae046095e34ee4e3a845aa552588.profile.man50-c1.cloudfront.net,0.0
dnf.kuai8.com,0.0
hepshow-image-formal.oss-cn-beijing.aliyuncs.com,0.0
pdwk5y67o7yaqyu7h64a-f-50fcb54f9-clientnsv4-s.akamaihd.net,0.0
eusketxe.com,1.0
w4dasvaxhxbggyu6uu5a-f-d8050838e-clientnsv4-s.akamaihd.net,0.0
uran.fartit.com,1.0
cdm.faqserv.com,1.0
zj2fdnaxjem3cyu6mzaq-f-8424094f3-clientnsv4-s.akamaihd.net,0.0
zhaopin.bjut.edu.cn,0.0
ulog3.gifshow.com,0.0
candyads.pro,1.0
uifvreid.page.link,1.0
pymmhgttzkurfc.sysu.edu.cn,0.0
kuke-prod.oss-cn-qingdao.aliyuncs.com,0.0
850f60a50772dd3d6f7680a1e6205109.safeframe.googlesyndication.com,0.0
only-359201-112-96-50-162.nstool.netease.com,0.0
balkarsoftware.cubistech.com,1.0
ev.turnitin.com,0.0
huodong.37.com,0.0
azzurro.com.ar,1.0
opencart.notebookparcalari.com,1.0
rubria.net,1.0
www.groupon.com,0.0
245.240.66.13.sbl.spamhaus.org,0.0
organicfoodslahore.com,1.0
casaconstructorhomecenter.com,1.0
adlddf.dns05.com,1.0
5f1a80528a6a22923e75509cfff98fc0.safeframe.googlesyndication.com,0.0
d7b8a5589a5d44e1956e57afb3fe0ef1.fp.measure.office.com,0.0
advmdpvs.page.link,1.0
33rdderryscouts.com,1.0
gitboot234.xyz,1.0
bqpwlqzb.page.link,1.0
biovacperu.com,1.0
karoindogroup.com,1.0
portugal.qolsys.com,1.0
nj.ke.com,0.0
img-cdn-tc.dcloud.net.cn,0.0
s169.123apps.com,0.0
ed-ird.vizvaz.com,1.0
378rbb.tdum.alibaba.com,0.0
ru.archive.ubuntu.com,0.0
lwlezjpq.page.link,1.0
p211-contactsws.icloud.com.cn,0.0
taxexemptconsultants.com,1.0
philsci-archive.pitt.edu,0.0
aqmvvizvmkm.sysu.edu.cn,0.0
chaalakya.com,1.0
xxgk.zuel.edu.cn,0.0
intranetkktmsg.com,1.0
nxbrgugr.page.link,1.0
rgenius.pk,1.0
impressionagency.co,1.0
coronavirus.rutgers.edu,0.0
zgnkpjlx.page.link,1.0
iran-hh.dns05.com,1.0
xpkxclea.page.link,1.0
a-0.19-a7000011.c0b0081.16a8.b69.3ea5.210.0.test2e53ufc25hc1s68e5cwpaq.avts.mcafee.com,0.0
ky.zzu.edu.cn,0.0
v2.da.mgtv.com,0.0
8e7eee6e8a4c91e0222816683fef01be.safeframe.googlesyndication.com,0.0
njc.gov.ng,1.0
sample-api-v2.crazyegg.com,0.0
niccs.adc.sysu.edu.cn,0.0
hl4xaklionjbayu66plq-f-bd9b59575-clientnsv4-s.akamaihd.net,0.0
aa02143e38ab78ccfeefe84c6e1cc8f76.profile.ord52-c1.cloudfront.net,0.0
p103-acsegateway.icloud.com.cn,0.0
getmailspring.com,0.0
mjh.layout.oystergardens.us,1.0
sunrise-bremen.de,1.0
g.pptv.com,0.0
apply.gdufe.edu.cn,0.0
adl-shm.faqserv.com,1.0
42.220.95.103.sbl.spamhaus.org,0.0
vidpublicidad.net,1.0
dubbed.space,1.0
secure.mail2.sysu.edu.cn,0.0
shop91809185.m.youzan.com,0.0
pic.gmw.cn,0.0
8603de5cf066440e846ee70c6d5f16ee.fp.measure.office.com,0.0
fastdl2.zombieden.cn,0.0
cdn-swell-assets.yotpo.com,0.0
zj2fdlixfqzxuyu6ok3a-f-ff6279413-clientnsv4-s.akamaihd.net,0.0
d217zmuj2laa1m.cloudfront.net,0.0
tororomba.com.br,1.0
72k6ns9afquqoyumsmh2wlu22pjupe64bfwunvbq2bf48f85df0613d8sac.d.aa.online-metrix.net,0.0
propertystock.co.in,1.0
fridgerepairscenturion.com,1.0
partamayasa.web.id,1.0
vod0554.aliyun06.vip.lixian.xunlei.com,0.0
gnphoqzf.page.link,1.0
0e3befa33e28fb7e534140e23399ebc4.dlied1.cdntips.net,0.0
stadnicka.com,1.0
ifcen-ec.sysu.edu.cn,0.0
0b7fc88570045f3b750e45d3272509d3.safeframe.googlesyndication.com,0.0
e5748a1af724a5baba1ba7266ba639b3.safeframe.googlesyndication.com,0.0
5d2ac6d609d74c209fb2b120a6920b3d.fp.measure.office.com,0.0
eventstime.sa,1.0
fpcibpse.page.link,1.0
lrdoxqxn.sysu.edu.cn,0.0
roadtovrlive-5ea0.kxcdn.com,0.0
2ad470220cce8329335d1fad00ba0ff0.safeframe.googlesyndication.com,0.0
4d9f15440d6987ae1bf963677fc72bcd.safeframe.googlesyndication.com,0.0
795c024748ade22a731a314de15a8278.safeframe.googlesyndication.com,0.0
carloappetitilaw.org,1.0
p209-drivews.icloud.com.cn,0.0
travel.saga.co.uk,0.0
ed.sarltma.rest,1.0
zj2fdjicce5ryyu6zb7q-f-9fec2c629-clientnsv4-s.akamaihd.net,0.0
ma84.gdl.netease.com,0.0
canton.sysu.edu.cn,0.0
w4dasvfm5aieuyu6qgna-f-abc8b0317-clientnsv4-s.akamaihd.net,0.0
4f707f2ea0c047a385f858c269ad3acb.fp.measure.office.com,0.0
70c627af5cd84d678c47c9bb1a027fbb.fp.measure.office.com,0.0
tcxzaifwjjor.www.tendawifi.com,0.0
tnxltiae.page.link,1.0
5ad454ffe18545c88348f0d559e6a5a4.fp.measure.office.com,0.0
06eae71566a839bf103f21e69f599aa4.safeframe.googlesyndication.com,0.0
www.gusu.gov.cn,0.0
e.dxy.cn,0.0
proshantika.com,1.0
w4dasvax2cgcgyu6yprq-f-056297823-clientnsv4-s.akamaihd.net,0.0
emporchid.com.tw,1.0
oqk.layout.oystergardens.us,1.0
theloosechangecharity.co.uk,1.0
w4dasvfm5aieuyu6p6mq-f-642f9a55b-clientnsv4-s.akamaihd.net,0.0
reg.suning.com,0.0
dagmetal.com.tr,1.0
nagnmqrzyqofuu.sysu.edu.cn,0.0
545793996ad74defa4ecc1e69e50c548.fp.measure.office.com,0.0
norsworthy.com.ng,1.0
static-25.sinclairstoryline.com,0.0
xoktiydlsjqko.sysu.edu.cn,0.0
zj2fdlixfqz3eyu6rcpa-f-efca3cb43-clientnsv4-s.akamaihd.net,0.0
promediol.com,1.0
lasertechmedia.com,1.0
3e39e42e5be02ae05a5dfa9e4f1e6c82.safeframe.googlesyndication.com,0.0
0f19ac59606fa34cf3bde06dbdfc09ac.safeframe.googlesyndication.com,0.0
jornal.oiu.edu.sd,1.0
adlsh.vizvaz.com,1.0
kfuweqcc.page.link,1.0
grahajayapratamakinerja.com,1.0
42re1c.tdum.alibaba.com,0.0
zj2fdkom5xghoyu7cooq-f-9b39e1285-clientnsv4-s.akamaihd.net,0.0
sociedadfenix.com,1.0
ccmohmand.edu.pk,1.0
jreivtal.page.link,1.0
mysammdedicated.com,1.0
cloud4ccs.com,1.0
iwx.qjnn.qq.com,0.0
alrma.lat,1.0
hciviiyy.page.link,1.0
qyjdwwrzuoykr.sysu.edu.cn,0.0
6ddcdc6e9dd54361f4d8e4edaecc2310.safeframe.googlesyndication.com,0.0
b4ea5e76b32abf4ae1c839002959472c.safeframe.googlesyndication.com,0.0
2ac8ffdf63164cee9dece81e25d05838.fp.measure.office.com,0.0
lbslybgj.page.link,1.0
d33v4339jhl8k0.cloudfront.net,0.0
a25a21c615864d9ebb076dc823471516.fp.measure.office.com,0.0
markadsrad.ru.is,1.0
pennsylvaniaordover.vnkx.com,1.0
decoryaran.ir,1.0
rightpos.com.ng,1.0
vhvrkjovgwvssfy.sysu.edu.cn,0.0
mip.youth.cn,0.0
stwatertechnic.com,1.0
logger.qingting.fm,0.0
dhh.faqserv.com,1.0
f95ce9123bd00587f4155dfe2e27fc00.safeframe.googlesyndication.com,0.0
8b0288c0083afd64676470ec1746ccd2.safeframe.googlesyndication.com,0.0
artesduo.com,1.0
saham-q.jkub.com,1.0
adlgs.vizvaz.com,1.0
jmekpeeietmnll.sysu.edu.cn,0.0
pcdesbwc.page.link,1.0
87lyx2.tdum.alibaba.com,0.0
flidsgkljq.sysu.edu.cn,0.0
sidney.com.ng,1.0
only-102455-223-104-67-25.nstool.netease.com,0.0
data14.coomer.party,0.0
79ef0cfdb3ec6e3b49e75a44af9307b9.safeframe.googlesyndication.com,0.0
test.drm.com.bd,1.0
sda.faqserv.com,1.0
erpunique.com,1.0
thuanthienshop.online,1.0
jclgtfr.sysu.edu.cn,0.0
p4-enrtwvacbpe6a-ff47k42j5qtsnlgb-if-v6exp3-v4.metric.gstatic.com,0.0
dsb.mrbasic.com,1.0
web.iciba.com,0.0
caheytci.page.link,1.0
hl4xaeyxzirxsyu6v37a-pgh2gs-2a8d7fc92-clientnsv4-s.akamaihd.net,0.0
mroqy.layout.oystergardens.us,1.0
xomvjyydkxbhhh.sysu.edu.cn,0.0
andekb.uz,1.0
records.dennisign.se,1.0
ownerspos.org,1.0
ac6bdcf1f5c75bbf0d6c3a0692c77ac8.safeframe.googlesyndication.com,0.0
7dabd3aece664710b7d778d4a6a5f49f.safeframe.googlesyndication.com,0.0
hospilabbd.xyz,1.0
img.ashow.pcpop.com,0.0
23.push2his.eastmoney.com,0.0
celianna.itch.io,0.0
poolautomaution.ca,1.0
uniqueschoolbetul.com,1.0
ftp.icm.edu.pl,0.0
itlfltvppr.sysu.edu.cn,0.0
cm1.narvii.com,0.0
sante.sysu.edu.cn,0.0
enqbksdq.page.link,1.0
fkaul.caching.oysterfloats.com,1.0
editorial.springernature.com,0.0
1400104471.vod2.myqcloud.com,0.0
only-560549-117-136-32-208.nstool.netease.com,0.0
wximg2.sinaimg.cn,0.0
gdgzbykq.linkedcare.cn,0.0
staging.meine.zeit.de,0.0
carrepairdubai.ae,1.0
xppmailspam06.itap.purdue.edu,0.0
eldoacademy.ir,1.0
a4ca382526043388ef69e9f9d62d57a5.safeframe.googlesyndication.com,0.0
69a6c870d9834301a92bd7550f81e9f7.fp.measure.office.com,0.0
belkblast.com.au,1.0
cecvillamaria.org,1.0
tianshu.gtimg.cn.sysu.edu.cn,0.0
www.eastconsults.com,1.0
e0c36e45adf6c562b686d97cf831bb25.safeframe.googlesyndication.com,0.0
15d9cff1a444e327a29d6bb072582210.safeframe.googlesyndication.com,0.0
only-152562-14-150-14-87.nstool.netease.com,0.0
www.ion.cas.cn,0.0
naughtycharlotte.com,1.0
grize.web.id,1.0
detaibio.matomo.cloud,0.0
easy1pay.org.in,1.0
abe836020fccf2d1c25c9e28a5fed93a0.profile.mad51-c1.cloudfront.net,0.0
p15-bookmarks-china.icloud.com,0.0
printexchange.co.ke,1.0
directoriocreativo.site,1.0
72k6ns9aojmsrq2zfstn6j2kk4iwupba2rvvv47jb81cf0693177c0f0sac.d.aa.online-metrix.net,0.0
www.mdc.e.u-tokyo.ac.jp,0.0
ch3301.settings.live.net,0.0
aseagro.com.ar,1.0
www.reiwo-service.de,1.0
goalintense.com.ng,1.0
gfs204n137.userstorage.mega.co.nz,0.0
siliconsquad.in,1.0
rallysweden.com,1.0
polarizadosdecasas.com.ar,1.0
pic.himanfast.com,1.0
mega.nz,1.0
nsb.org.uk,1.0
permutive.businessinsider.com,0.0
artemis.community,1.0
data.adop.cc,0.0
urocir.com,1.0
zk.sun-hrm.com,0.0
payitforwardnfts.com,1.0
atelierzolotas.com,1.0
idscannershop.com,1.0
genericphar.com,1.0
moussedanslabouche.com,1.0
bd.ss8899888.com,0.0
cpq.mrface.com,1.0
vkengcivil.com.br,1.0
arccus.in,1.0
jatszma.com,1.0
yourponno.com,1.0
konyakurulusotofren.com,1.0
sarolrekha.com,1.0
brianetaveras.byethost13.com,1.0
ktm-digit-innov.com,1.0
bomespine.com,1.0
glaretech.net,1.0
thejabezfoundation.com,1.0
ntnc.org.np,1.0
newsdynasty.com,1.0
praisinggod.org,1.0
andrewsflooringfl.com,1.0
networknewsbd.com,1.0
uknowledge.uky.edu,0.0
saiffastners.com,1.0
bar-nightclub-insurance.com,1.0
call.sys.ma,1.0
mbahwat.com,1.0
xray.mail.ru,0.0
netfolder.com,1.0
opticienregard.com,1.0
luwer.by,1.0
jalopnik.com,0.0
buranding.com,1.0
liceoharvard.com,1.0
hs-5266177.s.hubspotemail.net,0.0
wiseeworld.com,1.0
www.globallaborsupply.com,1.0
cazing.ba,1.0
milleniumtelecomservice.com,1.0
visoft.com.my,1.0
adrianotoledo.com,1.0
bragastore.com,1.0
img2.hackhome.com,0.0
cowaynadia.com,1.0
online-api.zhongheschool.com,0.0
klinikjohor.com.my,1.0
perfectnuts.com,1.0
albertwashington.icu,1.0
activation.captureone.com,0.0
www.chemsky.tn,1.0
kbsacademy.info,1.0
althoraya-egy.com,1.0
gc2169.gome.com.cn,0.4
pheonest.e.shifen.com,0.4
pagead-googlehosted.l.google.com,0.4
upcdn-szbd.bilivideo.com.a.bdydns.com,0.4
opencdnssl.jomodns.com,0.4
w4dasvax2nwguyu6jjva-f-219490429.ipv4-only.cname.clienttons.com,0.4
a248.b.akamai.net,0.4
w4dasvax2ll5eyu6jqiq-f-dfb66cd3f.ipv4-only.cname.clienttons.com,0.4
iknow-data.cdn.bcebos.com.a.bdydns.com,0.4
opencdn.jomodns.com,0.4
tdumproxy.alibaba.com,0.4
tdumproxy.alibaba.com.gds.alibabadns.com,0.4
dualstack-na61-na62.wagbridge.alibaba.alibaba.com,0.4
dualstack-na61-na62.wagbridge.alibaba.alibaba.com.gds.alibabadns.com,0.4
w4dasvaxfdy4syu7ldya-f-f7fca8d06.ipv4-only.cname.clienttons.com,0.4
osl-mvp.trafficmanager.net,0.4
sb2-hetao.oss-cn-beijing.aliyuncs.com.gds.alibabadns.com,0.4
a.nstool.ntes53.netease.com,0.4
zj2fdlixfqz3eyu6pdyq-f-a412dbb88.ipv4-only.cname.clienttons.com,0.4
d1ym3udg3utphg.cloudfront.net,0.4
w4dasvaxh7zvgyu6w6oq-pykq92-6e0a395b2.ipv4-only.cname.clienttons.com,0.4
tja.photo.store.qq.com,0.4
tj2.photo.store.qq.com,0.4
tj.photo.store.qq.com,0.4
oldurl.photo.store.qq.com,0.4
pla-prod-ea-app-ingest-01.azurewebsites.net,0.4
waws-prod-hk1-007.sip.azurewebsites.windows.net,0.4
waws-prod-hk1-007.eastasia.cloudapp.azure.com,0.4
w4dasvfydplsgyu66wra-f-a59038e84.ipv4-only.cname.clienttons.com,0.4
s8.files.wordpress.com,0.4
p.qpic.cn,0.4
w4dasvaxfdy4syu6fjdq-f-71232b914.ipv4-only.cname.clienttons.com,0.4
cdn.live.biomedcentral.net,0.4
geo-gcp.cdn.springernature.io,0.4
studentuonschoolnz.sharepoint.com,0.4
2905-ipv4v6.clump.dprodmgd106.aa-rt.sharepoint.com,0.4
195496-ipv4v6.farm.dprodmgd106.aa-rt.sharepoint.com,0.4
ins-f1ozd9bg.ias.tencent-cloud.net,0.4
lhr-mvp.trafficmanager.net,0.4
1717.1000uc.com.w.kunlunsl.com,0.4
siteintercept.qprod2.net,0.4
cloud.qualtrics.com.edgekey.net,0.4
e3672.b.akamaiedge.net,0.4
406r0gb305od7szi.aliyunddos1010.com,0.4
zj2fdlixfqz3eyu6ladq-f-73d0f8607.ipv4-only.cname.clienttons.com,0.4
ds-geoycpi-uno-lite.gycpi.b.yahoodns.net,0.4
s3-w.us-east-2.amazonaws.com,0.4
mmx-mvp.trafficmanager.net,0.4
pull-flv-l6-spe.ixigua.com.hdlvcloud.ks-cdn.com,0.4
s6110-flv-ml.gslb.ksyuncdn.com,0.4
trouter-blackhole.trafficmanager.net,0.4
trouter2-azsc-asse-0-a.cloudapp.net,0.4
w4dasvaxfdy2syu6ts2q-f-a3119a836.ipv4-only.cname.clienttons.com,0.4
img.jianzhimao.com.8ca12a94.c.cdnhwc1.com,0.4
hcdnw101.gslb.c.cdnhwc2.com,0.4
d11owpr6k4xtw5.cloudfront.net,0.4
appstore.picovr.com.bytedns1.com,0.4
appstore.picovr.com.230b2a2545cfa773.queniuck.com,0.4
legopreview2-10023938.file.myqcloud.com.cdn.dnsv1.com,0.4
cdn-k0osg5s7.slt.sched.tdnsv8.com,0.4
eaaqeubqakbeajqacqlxqaaaabrj5r4k-f-2e7b84714.cname.clienttons.com,0.4
a1024.dscg.akamai.net,0.4
yik2h93tyk4sqzyn4xiile3jukmkfuyd.aliyundunwaf.com,0.4
coml7.pandora.xiaomi.com,0.4
html-gxjy-sdei-edu-cn.cname.saaswaf.com,0.4
a005v6.cache.saaswaf.com,0.4
image38.360doc.com.w.alikunlun.net,0.4
svg-mvp.trafficmanager.net,0.4
intel.cn.data.adobedc.cn,0.4
mdw-mvp.trafficmanager.net,0.4
www.lofter.com,0.4
lofter.ntes53.netease.com,0.4
bnz05pcor001-meta.fe.1drv.com,0.4
odc-bnz05pap001-meta-geo.onedrive.akadns.net,0.4
bnz05pcor001-meta.be.1drv.com,0.4
i-bnz05p-cor001.api.p001.1drv.com,0.4
183.6.9.77_s-23.48.214.105_ts-1654583442.cname.clienttons.com,0.4
eaaqeubqaijeajqacqlxqaaaabrj6uqi-pmkqid-2948c4041.cname.clienttons.com,0.4
issuecdn.baidupcs.com.a.bdydns.com,0.4
opencdnv6.jomodns.com,0.4
ee15ba61-wschat-wschatalb-6fcf-2062696737.us-east-1.elb.amazonaws.com,0.4
w4dasvaxeqbfcyu6xuvq-f-cea325913.ipv4-only.cname.clienttons.com,0.4
pr-suspensions.go.co,0.4
pr-suspensions-neuweb-biz.expedrion.biz,0.4
Registry-Web-Suspension-1912215664.us-east-1.elb.amazonaws.com,0.4
www.test-hf.su,0.4
pxe1.host-food.ru,0.4
sjc-mvp.trafficmanager.net,0.4
live.xhscdn.com.txlivecdn.com,0.4
live.xhscdn.com.sched.l8.tdnsv5.com,0.4
120.236.174.238_s-23.32.236.105_ts-1654570724.cname.clienttons.com,0.4
l-ring.msedge.net,0.4
l-ring.l-9999.l-msedge.net,0.4
l-9999.l-dc-msedge.net,0.4
w4dasvaxfdy4syu7bxkq-f-1a6691432.ipv4-only.cname.clienttons.com,0.4
zrh-mvp.trafficmanager.net,0.4
blob.dsm07prdstr04a.store.core.windows.net,0.4
w4dasunyde4guyu6ttjq-p4hiql-fc32f3bb9.ipv4-only.cname.clienttons.com,0.4
ins-yskxifo9.ias.tencent-cloud.net,0.4
s3.files.wordpress.com,0.4
district.ce.cn.bsclink.cn,0.4
zgovweb.v.bsclink.cn,0.4
image1-cdn.compass.cn.a.bdydns.com,0.4
us01xmpp1.zoom.us,0.4
us01xmpp-nginx.zoom.us,0.4
us01xmpp-nginx-test-xsr.zoom.us,0.4
us01xmpp1-xsr.zoom.us,0.4
us01xmpp-xsrsrv3.zoom.us,0.4
w4dasvaxeqh5qyu7lx7q-f-a52059266.ipv4-only.cname.clienttons.com,0.4
pdlxf-doctor.qq.com,0.4
dns.office.com,0.4
common-afdrk.fe.1drv.com,0.4
odc-commonafdrk-geo.onedrive.akadns.net,0.4
common-geo.ha.1drv.com,0.4
common-us.onedrive.akadns.net,0.4
dsm-mvp.trafficmanager.net,0.4
mnz-mvp.trafficmanager.net,0.4
vmonitor.ws.netease.com.163jiasu.com,0.4
vmonitor.ws.netease.com.bsgslb.cn,0.4
z163picipv6.v.bsgslb.cn,0.4
sz.photo.store.qq.com,0.4
xsp-mvp.trafficmanager.net,0.4
183.6.9.104_s-23.48.214.105_ts-1654569403.cname.clienttons.com,0.4
qcc-static.qcc.com.w.cdngslb.com,0.4
netease-publish-res.cdn.ntes53.netease.com,0.4
netease-publish-web.w.alikunlun.com,0.4
zj2fdlixfqz3eyu6mkua-f-04ad03757.ipv4-only.cname.clienttons.com,0.4
bizcon.gifticon.com.cdn.cloudflare.net,0.4
rtb.va1.vip.prod.criteo.com,0.4
qro-mvp.trafficmanager.net,0.4
client.sina.com.cn,0.4
alb00000058.dpool.sina.com.cn,0.4
doh-mvp.trafficmanager.net,0.4
icn-mvp.trafficmanager.net,0.4
w4dasvax2cgcgyu67a4a-f-dcb7ceb73.ipv4-only.cname.clienttons.com,0.4
hk.file.myqcloud.com,0.4
trouter2-azsc-krce-2-b.cloudapp.net,0.4
w4dasvfygoo5syu6haaa-f-643851c5b.ipv4-only.cname.clienttons.com,0.4
tggr379np15yd1ja.aliyunddos1029.com,0.4
vas-resource.oss-cn-shenzhen.aliyuncs.com.gds.alibabadns.com,0.4
w4dasvax2ll5eyu6mz5a-f-9a1640512.ipv4-only.cname.clienttons.com,0.4
hk-piaoyi.namesilodns.com,0.4
178staticcname.178.com,0.4
d29sshy11yr8a1.cloudfront.net,0.4
cys-mvp.trafficmanager.net,0.4
a485.w10.akamai.net,0.4
tj-cabbage.yun.ftn.qq.com,0.4
gflearn.aichaoxing.com,0.4
mooc1vod.stu.126.net.163jiasu.com,0.4
mooc1vod.stu.126.net.w.kunluncan.com,0.4
cartoons.cankaoxiaoxi.com.wjgslb.com,0.4
wbv6.a.vvipcdn.com,0.4
waidim.bendibao.com.cn,0.4
gtm-cn-zz11nrj1v0a.bendibao.com.cn,0.4
acdc-base.office.com,0.4
outlook-base.ms-acdc.office.com,0.4
SIN-efz.ms-acdc.office.com,0.4
eaaqeubqaijeajqacqhaabqaabrj65di-f-9e7436527.cname.clienttons.com,0.4
dao.china.com.cn.bsgslb.cn,0.4
zgovweb.v.bsgslb.cn,0.4
ixanycast.ftl.netflix.com,0.4
oca-api.dradis.netflix.com,0.4
oca-api.us-west-2.internal.dradis.netflix.com,0.4
apiproxy-ftl-http-nlb-38738ca310a7b66b.elb.us-west-2.amazonaws.com,0.4
journals.sagepub.com,0.4
journals.sagepub.com.cdn.cloudflare.net,0.4
s-462992.gotocdn.com,0.4
cpq-mvp.trafficmanager.net,0.4
duorui01.oss-cn-shenzhen.aliyuncs.com.gds.alibabadns.com,0.4
77980.bodis.com,0.4
ory-mvp.trafficmanager.net,0.4
0ccc91c3.csdn.net.cname.yunduns.com,0.4
prda.aadg.msidentity.com,0.4
www.tm.a.prd.aadg.akadns.net,0.4
img26.house365.com.23ecd9e8.c.cdnhwc1.com,0.4
ap1-tls.agora.io,0.4
ap-tls.agoraio.cn,0.4
ap-tls-minor-isp.agoraio.cn,0.4
ds-3006.oss-acc-allline.aliyuncs.com,0.4
ds-3006.oss-acc-allline.aliyuncs.com.gds.alibabadns.com,0.4
cn-shenzhen-ds-3006.oss-acc.aliyuncs.com,0.4
w4dastyx362hiyu6vazq-f-a2b951b0d.ipv4-only.cname.clienttons.com,0.4
www.foxmail.com,0.4
common.mail.qq.com,0.4
my.jh.edu.cdn.cloudflare.net,0.4
ams-mvp.trafficmanager.net,0.4
w4dasvaxhxbggyu6vuvq-f-b919cc986.ipv4-only.cname.clienttons.com,0.4
w4dasvax2cgcgyu7n3xa-f-3693c75b1.ipv4-only.cname.clienttons.com,0.4
gv.a.sohu.com,0.4
gs.a.sohu.com,0.4
fshbgp.a.sohu.com,0.4
iavs9x4.u.avcdn.net.edgesuite.net,0.4
a117.dscd.akamai.net,0.4
wildcard.gallerycdn.azure.cn.mcchcdn.com,0.4
alldomain.gallerycdn.azure.cn.a.bdydns.com,0.4
opencdnspy.jomodns.com,0.4
w4dasvax2cgiayu66tiq-f-fee634da1.ipv4-only.cname.clienttons.com,0.4
apple-pay.jd.com.gslb.qianxun.com,0.4
sso-new.redhat.com.edgekey.net,0.4
e40506.dsca.akamaiedge.net,0.4
zj2fdlixfqzxuyu6lwdq-f-b2d213993.ipv4-only.cname.clienttons.com,0.4
goi-mvp.trafficmanager.net,0.4
s1.files.wordpress.com,0.4
tr-ooc-atm.office.com,0.4
mira-ooc.tm-4.office.com,0.4
pdwk5x3ilnctuyu7fy4a-p7ojve-aa4e17dfb.ipv4-only.cname.clienttons.com,0.4
w4dasvax3mtcuyu6keba-pbk8qi-f8a1ab7bd.ipv4-only.cname.clienttons.com,0.4
w4dasvaxeqh5qyu7kaiq-f-18f476097.ipv4-only.cname.clienttons.com,0.4
edu-apple.jd.com.gslb.qianxun.com,0.4
jyzdzx.llb.chutianyun.gov.cn,0.4
all-note.ntes53.netease.com,0.4
hhn-mvp.trafficmanager.net,0.4
s5.files.wordpress.com,0.4
kantarprd.azureedge.net,0.4
kantarprd.ec.azureedge.net,0.4
scdn1d190.wpc.cc953.omegacdn.net,0.4
sni1gl.wpc.omegacdn.net,0.4
dcb196530f78ca29.cname.365cyd.cn,0.4
ins-qq3c4kru.ias.tencent-cloud.net,0.4
ipv6-yycloudlive15013.bs2dl.yy.com.w.alikunlun.com,0.4
img-1251438792.file.myqcloud.com.cdn.dnsv1.com,0.4
cdn-17ju1soq.sched.sma-dk.tdnsstic1.cn,0.4
v6-novelfmapp.ixigua.com.download.ks-cdn.com,0.4
k2-dy-icy-ml.gslb.ksyuncdn.com,0.4
dev.cosavostra.com,0.4
www208.wixdns.net,0.4
cdn1.wixdns.net,0.4
td-ccm-neg-87-45.wixdns.net,0.4
d1gmzebtnipl9k.cloudfront.net,0.4
cake-tracking.azurewebsites.net,0.4
waws-prod-blu-251.sip.azurewebsites.windows.net,0.4
waws-prod-blu-251-f098.eastus.cloudapp.azure.com,0.4
w4daswyx37dbgyu7kqua-pzhjhi-11ee559f2.ipv4-only.cname.clienttons.com,0.4
tlu.graystore.au-msedge.net,0.4
tlu-graystore.c-0001.c-msedge.net,0.4
c-0001.c-msedge.net,0.4
w4dasvfygphbqyu6xina-f-ad569577c.ipv4-only.cname.clienttons.com,0.4
white-label.stripchat.com,0.4
yz1.ycgslb.com,0.4
ch-files.fe.1drv.com,0.4
odc-ch-files-geo.onedrive.akadns.net,0.4
ch-files.ha.1drv.com,0.4
w4dasvaxeqhvqyu7gw5a-f-19f4113c1.ipv4-only.cname.clienttons.com,0.4
helpdesk.bytedance.com.bytedns1.com,0.4
helpdesk.bytedance.com.w.cdngslb.com,0.4
helpdesk.bytedance.com.queniusz.com,0.4
lh-lq.snssdk.com.w.cdngslb.com,0.4
lh-lq.snssdk.com.queniusz.com,0.4
cd.file.myqcloud.com,0.4
kul-mvp.trafficmanager.net,0.4
afa2da6c3b26a368.huaweisafedns.com,0.4
w4dasvax2cgcgyu664aa-f-cfdaba565.ipv4-only.cname.clienttons.com,0.4
tongren.faloo.com.cdn20.com,0.4
redirect.simba.taobao.com.gds.alibabadns.com,0.4
na61-na62.wagbridge.advertisement.taobao.com,0.4
na61-na62.wagbridge.advertisement.taobao.com.gds.alibabadns.com,0.4
default.cn.zb.wagbridge.ad.alibabacorp.com,0.4
default.cn.zb.wagbridge.ad.alibabacorp.com.gds.alibabadns.com,0.4
img.onlinedown.net.c.cdnhwc1.com,0.4
jhb-mvp.trafficmanager.net,0.4
wap.mysmth.net,0.4
all.tuchong.com.w.kunlunca.com,0.4
nice3.mktoweb.com,0.4
lon06.mktossl.com,0.4
img.18183.com.a.bdydns.com,0.4
login.microsoftonline.com,0.4
login.mso.msidentity.com,0.4
ak.privatelink.msidentity.com,0.4
www.tm.ak.prd.aadg.akadns.net,0.4
filin.my.com,0.4
kjj.ningbo.gov.cn.glvs.com,0.4
kjj.ningbo.gov.cn.v6lvs.com,0.4
2ekcxt5eimyk.simpleshq.99box.com.eo.dnse0.com,0.4
vie-mvp.trafficmanager.net,0.4
res.csd.95516.com.wscdns.com,0.4
adgrp1.ad4989.co.kr,0.4
shop.m.tmall.com,0.4
shop.m.tmall.com.gds.alibabadns.com,0.4
tmall.apple.cn.zb.dualstack.aserver.alibabacorp.com,0.4
tmall.apple.cn.zb.dualstack.aserver.alibabacorp.com.gds.alibabadns.com,0.4
zj2fdlixfqzxuyu6nnoa-f-e487526da.ipv4-only.cname.clienttons.com,0.4
qhwebquoteapidelay.trafficmanager.cn,0.4
w4dasxaxzhmduyu7al6a-p7czaj-d675a4850.ipv4-only.cname.clienttons.com,0.4
dpcms-b.sysu.edu.cn,0.4
scl-mvp.trafficmanager.net,0.4
apktxdl-ipv6.vivo.com.cn.cdn.dnsv1.com.cn,0.4
9lgfu5a3.sched.dma-dk.tdnsdl1.cn,0.4
suall.sharepoint.com,0.4
1283-ipv4v6.clump.dprodmgd105.aa-rt.sharepoint.com,0.4
192071-ipv4v6.farm.dprodmgd105.aa-rt.sharepoint.com,0.4
hub.gw.samsungapps.com,0.4
fe-pew1-ext-hub-lb-258008188.eu-west-1.elb.amazonaws.com,0.4
culture-nwu-edu-cn.cname.saaswaf.com,0.4
snedu.coop-node.51websec.com,0.4
tm1-direct.office.com,0.4
82774.BODIS.COM,0.4
cdg-mvp.trafficmanager.net,0.4
ins-p6ep9d2n.ias.tencent-cloud.net,0.4
www-merrilledge.gwimglb.ml.com,0.4
scheduler-pf70bwac.youzan.com,0.4
ddos-bj7.youzan.com,0.4
rule.jd.com.gslb.qianxun.com,0.4
cpt-mvp.trafficmanager.net,0.4
cl-sycdn.kuwo.cn.cdn.dnsv1.com.cn,0.4
cdu9vn1q.sched.vplego.tdnsvod4.cn,0.4
lib-seu-edu-cn.cname.saaswaf.com,0.4
seu.cache.saaswaf.com,0.4
seu-ipv6.cache.saaswaf.com,0.4
bsu.edu.edgekey.net,0.4
e102525.dscb.akamaiedge.net,0.4
e102525.dscb.akamaiedge.net.0.1.cn.akamaiedge.net,0.4
rr9.sn-ni57rn7e.gvt1.com,0.4
zj2fdlixfqzxuyu6kn2q-f-aea9bd0c7.ipv4-only.cname.clienttons.com,0.4
static-tc.mokahr.com.cdn.dnsv1.com,0.4
13afvz8i.sched.sma-dk.tdnsstic1.cn,0.4
dart.l.doubleclick.net,0.4
hj4cname.hjfile.cn.w.alikunlun.com,0.4
ab-prd.eastus.cloudapp.azure.com,0.4
us06web.zoom.us,0.4
41d58a288f02e0c4.cdn.jiashule.com,0.4
s2.files.wordpress.com,0.4
cds.b5g9b8e4.hwcdn.net,0.4
bj.bcebos.com,0.4
bos.bj.baidubce.n.shifen.com,0.4
utia.wpmudev.host,0.4
bkw-legacy.oss-cn-shenzhen.aliyuncs.com.gds.alibabadns.com,0.4
a1851.dscc.akamai.net,0.4
imroom-cloud.compass.cn,0.4
a129d7c269240414aa4bffba4fa5645c-159047374.eu-central-1.elb.amazonaws.com,0.4
sh-tplink.cos.ap-shanghai.myqcloud.com,0.4
premierinn.com.ssl.sc.omtrdc.net,0.4
f7mntsdbywj7gu86j631qipwxggehvbo.aliyundunwaf.com,0.4
gbndougu.eastmoney.com.w.cdngslb.com,0.4
zj2fdlixfqzveyu6gmsa-f-5dce93f46.ipv4-only.cname.clienttons.com,0.4
w4dastixfdy4syu7aoja-f-ffd538432.ipv4-only.cname.clienttons.com,0.4
dxb-mvp.trafficmanager.net,0.4
tt.huatu.com.wswebcdn.com,0.4
flaticon.com.edgesuite.net,0.4
a1990.dscd.akamai.net,0.4
for-mvp.trafficmanager.net,0.4
w4dasvax2cgiayu6uksa-f-2650e0af6.ipv4-only.cname.clienttons.com,0.4
bn-files.fe.1drv.com,0.4
odc-bn-files-geo.onedrive.akadns.net,0.4
bn-files.ha.1drv.com,0.4
35563.wpc.azureedge.net,0.4
cs10.wpc.v0cdn.net,0.4
favo.xrcch.com,0.4
ds-2077.oss-acc-allline.aliyuncs.com,0.4
ds-2077.oss-acc-allline.aliyuncs.com.gds.alibabadns.com,0.4
cn-shenzhen-ds-2077.oss-acc.aliyuncs.com,0.4
www.pzds.com.w.kunlunea.com,0.4
w4dasvaxeqh4eyu7lbya-f-b9d98e938.ipv4-only.cname.clienttons.com,0.4
zj2fcdvydrotqyu7brzq-f-8ed554dc1.ipv4-only.cname.clienttons.com,0.4
2df969f82db18aeeb210ff3202ac0e5c.dlied1.cdntips.net.tztc.cdn.yysyclouds.cn,0.4
jstp-products.jd.com.gslb.qianxun.com,0.4
eagle2.umd.edu,0.4
sygicwebmapstiles-a.ec.azureedge.net,0.4
cs9.wpc.v0cdn.net,0.4
klbv2.wpsdns.com,0.4
adelaide.custhelp.com,0.4
w4dasvax2cgcgyu7myhq-f-2afe79c51.ipv4-only.cname.clienttons.com,0.4
projects2017.csail.mit.edu,0.4
0020-reverse-proxy.suda.edu.cn,0.4
q7vciimdndzudcd6fxpuj8nfj4ud0ged.yundunwaf1.com,0.4
bearware.org,0.4
tlv-mvp.trafficmanager.net,0.4
k-ring.msedge.net,0.4
k-ring.k-9999.k-msedge.net,0.4
k-9999.k-msedge.net,0.4
w4dasvc4po6vayu6gydq-f-c6aad5bd8.ipv4-only.cname.clienttons.com,0.4
sxf-mvp.trafficmanager.net,0.4
shop.taobao.com,0.4
shop.taobao.com.gds.alibabadns.com,0.4
tao.conf.cn.zb.v4.aserver.alibabacorp.com,0.4
tao.conf.cn.zb.v4.aserver.alibabacorp.com.gds.alibabadns.com,0.4
redirector.spaces.msn.com.edgekey.net,0.4
e9680.g.akamaiedge.net,0.4
wen.n.shifen.com,0.4
brightcove04pmdo-a.akamaihd.net.edgesuite.net,0.4
a1792.g2.akamai.net,0.4
blob.mnz22prdstr15c.store.core.windows.net,0.4
zj2fdlixfqz3eyu6lfsa-f-46efffac9.ipv4-only.cname.clienttons.com,0.4
life.95516.com.bsclink.cn,0.4
ubsyhipv6.v.bsclink.cn,0.4
gva-mvp.trafficmanager.net,0.4
vodlog.1905.com.wswebcdn.com,0.4
health.clevelandclinic.org.cdn.cloudflare.net,0.4
gamemaker.qpic.cn.cloud.tc.qq.com,0.4
gamemaker.qpic.cn.sched.ssd.tdnsv6.com,0.4
auh-mvp.trafficmanager.net,0.4
bcs-prod-www-3.mit.edu,0.4
zj2fdlixfqzxuyu6mnvq-f-9b50d616b.ipv4-only.cname.clienttons.com,0.4
d1bh04za1x1kxm.cloudfront.net,0.4
all.shalou.net.w.kunlungr.com,0.4
ldc-open.lenovo.com.cn.trpcdn.net,0.4
lxdt.v.trpcdn.net,0.4
fuzhou.offcn.com,0.4
hostctx.offcn.com,0.4
all.offcn.com.ctadns.cn,0.4
ip.2023.filemail.com,0.4
consumerapp-1251779293.file.myqcloud.com.cdn.dnsv1.com,0.4
jhe5x3fr.sched.sma.tdnsstic1.cn,0.4
w4dasvdijw3rwyu6gqxq-f-19f32f578.ipv4-only.cname.clienttons.com,0.4
www.shobserver.com.lxdns.com,0.4
zhcdn01.xoyo.com.wscdns.com,0.4
w4dastqxjtqsmyu6vaoq-f-00abf33ad.ipv4-only.cname.clienttons.com,0.4
one-second-campaign.cn-hangzhou-b.log.aliyuncs.com,0.4
shops.myshopify.com,0.4
imnewsimage.dl.cdn.cloudn.co.kr,0.4
w4dasvax2ll5eyu6ou2q-f-f7559c2d2.ipv4-only.cname.clienttons.com,0.4
www01.yzu.edu.cn,0.4
s3-1-w.amazonaws.com,0.4
s3-w.us-east-1.amazonaws.com,0.4
all.gitee.io-d959179810a.baiduads.com,0.4
ut.linksynergy.com,0.4
apppool.17173.com,0.4
apppool.17173.com.o.sohu.com,0.4
apppoolct.17173.com,0.4
bk.n.shifen.com,0.4
fileserver.cdn.huya.com.cdn.dnsv1.com.cn,0.4
d9d4uxss.sched.sma-dk.tdnsstic1.cn,0.4
bbs.xiaoji001.com.tan14.io,0.4
c21.tan14.io,0.4
shop.tmall.com,0.4
shop.tmall.com.gds.alibabadns.com,0.4
tmall.conf.cn.zb.v4.aserver.alibabacorp.com,0.4
tmall.conf.cn.zb.v4.aserver.alibabacorp.com.gds.alibabadns.com,0.4
search.gamedog.cn.a.bdydns.com,0.4
ss.zhizhen.com,0.4
faxian.aichaoxing.com,0.4
tuchong.com.bytedns1.com,0.4
tuchong.com.gtm.byte008.com,0.4
direct.tuchong-normal-lb-v3.lf.bytelb.net,0.4
ename.cn,0.4
176.ename.cn,0.4
sh.file.myqcloud.com,0.4
www.coventry.ac.uk.dxcloud.episerver.net,0.4
www.coventry.ac.uk.cdn.cloudflare.net,0.4
oss-acc-allline.aliyuncs.com,0.4
oss-acc-allline.aliyuncs.com.gds.alibabadns.com,0.4
cn-shenzhen.oss-acc.aliyuncs.com,0.4
rr2.sn-npoeenek.gvt1.com,0.4
zj2fdlixfqzveyu6gkxa-f-72a47aca5.ipv4-only.cname.clienttons.com,0.4
w4dasvaxfdy2syu64vpq-f-4c143f938.ipv4-only.cname.clienttons.com,0.4
p06f.t.eloqua.com,0.4
n.sni.global.fastly.net,0.4
amsangroup.com,0.4
w4dassdimj2seyu7gbuq-f-4146bf274.ipv4-only.cname.clienttons.com,0.4
api.dangtianle.com,0.4
static-xiaoguotu.b0.aicdn.com,0.4
vm.aicdn.com,0.4
lvlt.cdn.ea.com.c.footprint.net,0.4
ng-s05.dnssecure.nsatc.net,0.4
hel-mvp.trafficmanager.net,0.4
onedriveplus.sharepoint.cn,0.4
591-ipv4v6.clump.gallatin.aa-rt.sharepoint.cn,0.4
740-ipv4v6.farm.gallatin.aa-rt.sharepoint.cn,0.4
outlook.live.com,0.4
olc-g2.tm-4.office.com,0.4
outlook.ms-acdc.office.com,0.4
KUL-efz.ms-acdc.office.com,0.4
gig-mvp.trafficmanager.net,0.4
anti-bot.n.shifen.com,0.4
versa-static.oss-cn-shanghai.aliyuncs.com.gds.alibabadns.com,0.4
0c226cce.cooco.net.cn.0c226cce.c.cdnhwc1.com,0.4
ins-u0rgi5xb.ias.tencent-cloud.net,0.4
pkgsinaimg.gslb.sinaedge.com,0.4
us.grid.sinaedge.com,0.4
58.249.112.88_s-23.48.214.147_ts-1654565672.cname.clienttons.com,0.4
w4dasvaxfdy2syu65cyq-f-bde818d3b.ipv4-only.cname.clienttons.com,0.4
cs0309-vh.mig.tencent-cloud.net,0.4
default-sparta.sparta.html5.qq.com,0.4
ins-gs11fsnd.ias.tencent-cloud.net,0.4
cms2014new.bnu.edu.cn,0.4
dhr-mvp.trafficmanager.net,0.4
w4dasvaxfdy4syu6fpva-f-2adf27a81.ipv4-only.cname.clienttons.com,0.4
w4dasvfygoo5syu6hcvq-f-3f175895c.ipv4-only.cname.clienttons.com,0.4
148.97kl.com,0.4
002.023n03dny.cc,0.4
w4dasvaxeqhvqyu7gwca-f-ce6c820c7.ipv4-only.cname.clienttons.com,0.4
government.nl,0.4
assetstorage73.afd.azureedge.net,0.4
azureedge-t-prod.trafficmanager.net,0.4
shed.dual-low.part-0045.t-0009.t-msedge.net,0.4
part-0045.t-0009.t-msedge.net,0.4
images8.m.china.com.cn.w.kunlunar.com,0.4
prod-koreasouth.loki.delve.office.com,0.4
wd-prod-ss.trafficmanager.net,0.4
wd-prod-ss-as-southeast-1-fe.southeastasia.cloudapp.azure.com,0.4
laiu8img.oss-cn-shenzhen.aliyuncs.com.gds.alibabadns.com,0.4
sg2-v-asia-wows-kronos-1.fe.core.pw,0.4
pdwk5367o4zlwyu7g64q-f-1f8a6e587.ipv4-only.cname.clienttons.com,0.4
zj2fdlixfqz3eyu6rata-f-2d61cb8f2.ipv4-only.cname.clienttons.com,0.4
kagamihara.sharepoint.com,0.4
1380-ipv4v6e.clump.dprodmgd106.aa-rt.sharepoint.com,0.4
196615-ipv4v6e.farm.dprodmgd106.aa-rt.sharepoint.com,0.4
196615-ipv4v6e.farm.dprodmgd106.sharepointonline.com.akadns.net,0.4
196615-ipv4v6.farm.dprodmgd106.aa-rt.sharepoint.com.dual-spo-0005.spo-msedge.net,0.4
196615-ipv4v6.farm.dprodmgd106.aa-rt.sharepoint.com,0.4
gz.file.myqcloud.com,0.4
kd-app-1251316161.file.myqcloud.com.cdn.dnsv1.com,0.4
m20evho9.sched.sma.tdnsstic1.cn,0.4
a2-1.i4.cn.wsglb0.com,0.4
waw-mvp.trafficmanager.net,0.4
gslb-dsa.zhihu.com,0.4
gslb-dsa-tc.zhihu.com,0.4
e589fa51.zhihu.com.dsa.dnsv1.com,0.4
j1hqc7ee.sched.d0-dk.tdnsdp1.cn,0.4
h.edge2.salesforce.com,0.4
st1.edge.sfdc-5vdu9h.edge2.salesforce.com,0.4
d1p4sybtgq8bp.cloudfront.net,0.4
www3.l.google.com,0.4
outlook.office365.com,0.4
ooc-g2.tm-4.office.com,0.4
piccd.myqcloud.com,0.4
views.ce.cn.bsclink.cn,0.4
pnq-mvp.trafficmanager.net,0.4
cn.zb.4431.wagbridge.alibaba.taobao.com,0.4
tao.cn.zb.v4.aserver.tengine.ingress.alibabacorp.com,0.4
tao.cn.zb.v4.aserver.tengine.ingress.alibabacorp.com.gds.alibabadns.com,0.4
image16.360doc.com.w.alikunlun.net,0.4
tags.johnlewis.com.edgekey.net,0.4
e13875.ksd.akamaiedge.net,0.4
297c058b6c73455637f2a7aec2181893.qcloudwzgj.com,0.4
78129c5c4018acee-cl2.qcloudcjgj.com,0.4
w4dasvaxfdy4syu644aq-f-035aa1115.ipv4-only.cname.clienttons.com,0.4
ke-gz.alb.ntes53.netease.com,0.4
w4dasvdijw3rwyu6gm7q-f-7c8af51e9.ipv4-only.cname.clienttons.com,0.4
miki2.sharepoint.com,0.4
266-ipv4v6e.clump.dprodmgd106.aa-rt.sharepoint.com,0.4
195977-ipv4v6e.farm.dprodmgd106.aa-rt.sharepoint.com,0.4
195977-ipv4v6w.farm.dprodmgd106.sharepointonline.com.akadns.net,0.4
195977-ipv4v6.farm.dprodmgd106.aa-rt.sharepoint.com.dual-spo-0005.spo-msedge.net,0.4
195977-ipv4v6.farm.dprodmgd106.aa-rt.sharepoint.com,0.4
wx.eas.qq.com,0.4
wx.mail.qq.com,0.4
jyhpt04.llb.chutianyun.gov.cn,0.4
usepvls003.awsmcafeeccs.mcafee.com,0.4
by-files.fe.1drv.com,0.4
odc-by-files-geo.onedrive.akadns.net,0.4
by-files.ha.1drv.com,0.4
lyh-mvp.trafficmanager.net,0.4
w3.dpool.sina.com.cn,0.4
d2vspt7lqw9gn4.cloudfront.net,0.4
file.slt.sched.tdnsv8.com,0.4
3g.pptv.com.suninggslb.cn,0.4
sptywebv46.suninggslb.cn,0.4
btdhttppubv46.pptv.com.volcgslb.com,0.4
ovx-common.bpltm.com,0.4
gzservice.gslb.sinaedge.com,0.4
d3fq74qn78906x.cloudfront.net,0.4
sjz.qizhihaotian.com,0.4
sjz.china.cn.w.alikunlun.com,0.4
cn.frdic.com,0.4
cn2b.frdic.com,0.4
www.glue.umd.edu,0.4
sn-files.fe.1drv.com,0.4
odc-sn-files-geo.onedrive.akadns.net,0.4
sn-files.ha.1drv.com,0.4
pdwk5zqxjtqsmyu7khzq-f-009f42806.ipv4-only.cname.clienttons.com,0.4
mad-mvp.trafficmanager.net,0.4
lite.a.market.xiaomi.com.mgslb.com,0.4
lite.a.market.xiaomi.com.w.alikunlun.com,0.4
vod2-pan.youku.com.w.cdngslb.com,0.4
itm-mvp.trafficmanager.net,0.4
d1jl5m3jzpl6n8.cloudfront.net,0.4
mira-olc.trafficmanager.net,0.4
afd-l.office.com,0.4
outlook-live-com.l-0002.l-msedge.net,0.4
outlook.ha.office365.com,0.4
4f8onyiurmve8xnb6cr5bmmkjmkgda2k.yundunwaf2.com,0.4
yqb-mvp.trafficmanager.net,0.4
edu.bdstatic.com.a.bdydns.com,0.4
du4l1tjneafke.cloudfront.net,0.4
sunvo.sharepoint.cn,0.4
596-ipv4v6.clump.gallatin.aa-rt.sharepoint.cn,0.4
assets-football.hoopchina.com.cn.cdn.dnsv1.com,0.4
efgfs0gk.sched.sma-dk.tdnsstic1.cn,0.4
bom-mvp.trafficmanager.net,0.4
sj14.mktoedge.com,0.4
robertoscaia.com,0.4
s3-3-w.amazonaws.com,0.4
api-direct.authy.com,0.4
mps.cnbc.com.edgekey.net,0.4
e3365.x.akamaiedge.net,0.4
f11.baidu.com.a.bdydns.com,0.4
opencdnbdsimage.jomodns.com,0.4
e27e334ec0832380.cname.365cyd.cn,0.4
graph.microsoft.com,0.4
ags.privatelink.msidentity.com,0.4
www.tm.prd.ags.akadns.net,0.4
cdn-26n5xr9j.cdn.dnsv1.com,0.4
26n5xr9j.sched.sma.tdnsstic1.cn,0.4
deltabehavioralhealth.org,0.4
all.contacts.msn.com.akadns.net,0.4
w4dasvfygoo5syu66atq-f-71e91d655.ipv4-only.cname.clienttons.com,0.4
w4dasvaxfdy2syu7aara-f-1b013556c.ipv4-only.cname.clienttons.com,0.4
dyna.wikimedia.org,0.4
libs.eoffcn.com.a.bdydns.com,0.4
opencdnka.jomodns.com,0.4
w4dasvfydj7usyu6sf2a-f-c2d40e97c.ipv4-only.cname.clienttons.com,0.4
pdwk5uqxiosmeyu6touq-f-475c55a41.ipv4-only.cname.clienttons.com,0.4
acdc-vnext.office.com,0.4
outlook-vnext.ms-acdc.office.com,0.4
open.douyu.com.w.kunluncan.com,0.4
zhannei.baidu.com,0.4
zhannei.a.shifen.com,0.4
www.biomart.cn,0.4
196198-ipv4e.farm.dprodmgd106.aa-rt.sharepoint.com,0.4
196198-ipv4w.farm.dprodmgd106.sharepointonline.com.akadns.net,0.4
196198-ipv4.farm.dprodmgd106.aa-rt.sharepoint.com.dual-spo-0006.spo-msedge.net,0.4
dual-spo-0006.spo-msedge.net,0.4
pcsdx.jomodns.com,0.4
galileo.jomodns.com,0.4
yenei.oss-cn-shanghai.aliyuncs.com.gds.alibabadns.com,0.4
szshort.weixin.qq.com,0.4
griff.squizedge.cloud,0.4
web-lp-xy.waf.liepin.com,0.4
gtm-cn-nif1y1qwx01.shenchai.com,0.4
kizinnlxfp80nm5fyeufowr21gdr9hky.yundunwaf4.com,0.4
cdn-nf.motherlessmedia.com,0.4
www.iop.org.cdn.cloudflare.net,0.4
w4dasvax2cgcgyu7ergq-f-ebc54d474.ipv4-only.cname.clienttons.com,0.4
fra-mvp.trafficmanager.net,0.4
w4dasvfydj7tsyu6sjaq-f-507ac4c6c.ipv4-only.cname.clienttons.com,0.4
asterglobal.com,0.4
mob-tk2.vod.mgtv.com,0.4
w4dasvaxgyjlqyu6hw7a-f-573eb6423.ipv4-only.cname.clienttons.com,0.4
www.psg.fr.cdn.cloudflare.net,0.4
w4daszi3ssezeyu7cela-f-16cc68415.ipv4-only.cname.clienttons.com,0.4
usersync-geo-global.usersync-prod-sas.akadns.net,0.4
ssbsync-apac1.smartadserver.com,0.4
d2je6n4t6sfuhm.cloudfront.net,0.4
tao.cn.zb.v4.aserver.alibabacorp.com,0.4
tao.cn.zb.v4.aserver.alibabacorp.com.gds.alibabadns.com,0.4
audio-1252935738.file.myqcloud.com.cdn.dnsv1.com,0.4
dtqn0wot.sched.sma.tdnsstic1.cn,0.4
cname.dh.uuddu.com,0.4
stls.adobe.com-cn.edgesuite.net,0.4
stls.adobe.com-cn.edgesuite.net.globalredir.akadns.net,0.4
a1815.co.w.tl88.net,0.4
clicktrack-v2.pubmnet.com,0.4
www.ubs.com.edgekey.net,0.4
e14741.dsca.akamaiedge.net,0.4
zziquo63kyc4g1vr9bizblsxruhcwnn0.yundunwaf5.com,0.4
v5-dy-f.ixigua.com.zjgslb.com,0.4
dy-vod-f.bytegslb.com,0.4
sps.sdu.edu.cn,0.4
r5.sn-n4v7snls.gvt1.com,0.4
s99.photo.store.qq.com,0.4
cq.photo.store.qq.com,0.4
w4dasvfm5aieuyu6qbzq-f-c4c1ee134.ipv4-only.cname.clienttons.com,0.4
atscdn.ec.azureedge.net,0.4
gslbm7p34.xdf.cn,0.4
gini-lq.snssdk.com.bytedns1.com,0.4
gini-lq.snssdk.com.w.cdngslb.com,0.4
gini-lq.snssdk.com.queniuiq.com,0.4
wildcard.cdn.optimizely.com.edgekey.net,0.4
e4343.a.akamaiedge.net,0.4
s4.xiaohongshu.com.cdn.dnsv1.com,0.4
qku9jnfa.sched.sma.tdnsstic1.cn,0.4
w4dasvfygntbgyu6h44q-f-6d240c660.ipv4-only.cname.clienttons.com,0.4
yxb.5173.com.cdn30.com,0.4
luna-gz.alb.ntes53.netease.com,0.4
ssl-delivery.adobe.com.edgekey.net,0.4
e4578.dscg.akamaiedge.net,0.4
consumer-collections-aks2eap.md.mp.microsoft.com.akadns.net,0.4
collections-prod-frontdoor-geomap.trafficmanager.net,0.4
sea.frontdoor.collections.commerce.microsoft.com,0.4
wcs.public.ilb.jp-east-2.idcfcloud.net,0.4
www.pconline.com.cn,0.4
www.pconline.com.cn.ctdns.cn,0.4
plugin.xl7.xunlei.com.w.kunlungr.com,0.4
hn.mof.gov.cn.wscvip.cn,0.4
w4dasvaxfdy2syu6u7wq-f-0afd7117c.ipv4-only.cname.clienttons.com,0.4
w4dasvaxhp6icyu6hrqq-f-0a11673ac.ipv4-only.cname.clienttons.com,0.4
w4dasvaxfdy2syu65eba-f-e20780728.ipv4-only.cname.clienttons.com,0.4
cdn.exp.xiaomi.com.mgslb.com,0.4
cdn.exp.xiaomi.com.cdn.dnsv1.com,0.4
68906qf0.sched.dma.tdnsdl1.cn,0.4
research-prod-talk-alb-283431898.ap-east-1.elb.amazonaws.com,0.4
prod-live-front.playbattlegrounds.com.cn.cdn.dnsv1.com,0.4
batch02.sched.sma.tdnsstic1.cn,0.4
wx.dn.sdo.com.wscdns.com,0.4
peiyou-saas-zaixian-ketang-prd.cn-beijing-b.log.aliyuncs.com,0.4
zj2fdlixfqz3eyu6licq-f-98e51dffb.ipv4-only.cname.clienttons.com,0.4
0iuciweafjxtiretfhnufs0hms4oacle.alicloudwaf.com,0.4
igstatic.igxe.cn.w.kunlunaq.com,0.4
7xo2yb.v2.com.z0.glb.qiniudns.com,0.4
chinaweb515.china.line.qiniudns.com,0.4
ipv6.china.qiniu.com.trpcdn.net,0.4
cipv6gn.v.trpcdn.net,0.4
w4dasvax2ll2syu6gucq-f-fdc4a309c.ipv4-only.cname.clienttons.com,0.4
p.co188.com,0.4
www147.wixdns.net,0.4
my.monsterindia.com.edgekey.net,0.4
e12339.b.akamaiedge.net,0.4
cdn-content.ampproject.org,0.4
matrix-prod10.ke.com,0.4
lb-ayppli79-vsd0ley9ubzwcxj1.clb.ap-beijing.tencentclb.com,0.4
fashionisers.com,0.4
pacletserver-cdn.wolfram.com,0.4
d3s6cufbotyvif.cloudfront.net,0.4
www.ntt.com.edgekey.net,0.4
e7953.dscb.akamaiedge.net,0.4
jx2oss.ctyunxs.cn,0.4
s1.ananas.aichaoxing.com,0.4
s1.ananas.chaoxing.com.chuangcdn.com,0.4
s1.ananas.chaoxing.com.volcgslb.com,0.4
sx-common-all.volcgtm.com,0.4
hybrid.pintia.cn,0.4
lin-mvp.trafficmanager.net,0.4
h-adashx4yt.ut.taobao.com,0.4
h-adashx4yt.ut.taobao.com.gds.alibabadns.com,0.4
h-adashx4yt-internal.ut.taobao.com,0.4
h-adashx4yt-internal.ut.taobao.com.gds.alibabadns.com,0.4
w4dasvaxij5gayu6oiua-f-91ec06d98.ipv4-only.cname.clienttons.com,0.4
818d4a7f.lanzouj.com.cdn.dnsv1.com.cn,0.4
i9q2of96.slt.sched.tdnsv8.com,0.4
rakishevkenes.com,0.4
2186-ipv4v6e.clump.dprodmgd106.aa-rt.sharepoint.com,0.4
195878-ipv4v6e.farm.dprodmgd106.aa-rt.sharepoint.com,0.4
195878-ipv4v6w.farm.dprodmgd106.sharepointonline.com.akadns.net,0.4
195878-ipv4v6.farm.dprodmgd106.aa-rt.sharepoint.com.dual-spo-0005.spo-msedge.net,0.4
dual-spo-0005.spo-msedge.net,0.4
cdn61415302.ahacdn.me,0.4
sudy.cumt.edu.cn,0.4
s6.files.wordpress.com,0.4
mengw-pro.oss-cn-shenzhen.aliyuncs.com.gds.alibabadns.com,0.4
avast.com.edgekey.net,0.4
e13074.dsca.akamaiedge.net,0.4
pdwk5xtiksysoyu7oeja-f-5848a9c7c.ipv4-only.cname.clienttons.com,0.4
fe-out.op.58.com,0.4
eat-mvp.trafficmanager.net,0.4
omega01-proxima.ntes53.easebar.com,0.4
proxima-dataapi-easebar-1627283596.ap-northeast-1.elb.amazonaws.com,0.4
api.pcloud.com,0.4
py.hnr.cn.wsssec.com,0.4
tr-ooc-acdc.office.com,0.4
ssec2.chinaacc.com.chuangcdn.com,0.4
dlcn.chuangcache.com.b.aocde.com,0.4
dareprobe.office.com,0.4
dareprobe-tr1.office.com,0.4
chaosmonkey-incorrect.office.com,0.4
hdweb.mail.ntes53.netease.com,0.4
bmweb.njtech.edu.cn,0.4
hnd-mvp.trafficmanager.net,0.4
w4dasvax2xteuyu6ewlq-p5y7ih-c57a12693.ipv4-only.cname.clienttons.com,0.4
open.autohome.com.cn.cdn.dnsv1.com,0.4
h64upf3t.sched.skalego-dk.tdnsstic1.cn,0.4
tip-134-219-220-117.rhul.ac.uk,0.4
w4dasvfygphbgyu6xerq-f-99c205886.ipv4-only.cname.clienttons.com,0.4
t.qianzhan.com.cdn.dnsv1.com,0.4
3lek0uca.slt.sched.tdnsv8.com,0.4
cwl-mvp.trafficmanager.net,0.4
1914501835.rsc.cdn77.org,0.4
81c27d2f7a03fbf1.vip.jiasule.org,0.4
profile.xboxlive.com.akadns.net,0.4
profile-xboxlive-com.l-0006.l-msedge.net,0.4
l-0006.l-msedge.net,0.4
edge.hwpi.harvard.edu,0.4
huit.edgesuite.net,0.4
a1351.b.akamai.net,0.4
swc.list-manage.com.edgekey.net,0.4
e13829.x.akamaiedge.net,0.4
imap.vip.163.com,0.4
pop.vip.163.com,0.4
mira-soc.trafficmanager.net,0.4
afd-k.office.com,0.4
outlook-office-com.k-0002.k-msedge.net,0.4
k-0002.k-msedge.net,0.4
idpminic.org,0.4
www.info.gov.hk.eo.dnse5.com,0.4
xt.lykj988.com.cdn.dnsv1.com.cn,0.4
k50o68mv.slt.sched.tdnsv8.com,0.4
w4dasvaxfdy4syu6flaa-f-5b2745474.ipv4-only.cname.clienttons.com,0.4
tjj.changsha.gov.cn.c.cdnhwc1.com,0.4
tjj.changsha.gov.cn.cdn20.com,0.4
am-files.fe.1drv.com,0.4
odc-am-files-geo.onedrive.akadns.net,0.4
am-files.ha.1drv.com,0.4
lushi.163.com.w.kunluncan.com,0.4
w4dasryxavsumyu65nja-f-435392b14.ipv4-only.cname.clienttons.com,0.4
softdl.360tpcdn.com.qh-cdn.com,0.4
softdl.360tpcdn.com.dl.360qhcdn.com,0.4
zj2fdlixfqz3eyu6qwua-f-dd343cd49.ipv4-only.cname.clienttons.com,0.4
alt5.mobile-gtalk.l.google.com,0.4
w4dasvaxgluuqyu7ofnq-f-32375c519.ipv4-only.cname.clienttons.com,0.4
w4dasvdimj2seyu67zxq-f-443227fd9.ipv4-only.cname.clienttons.com,0.4
cr.sycdn.kuwo.cn.cdn.dnsv1.com,0.4
97ditgx1.sched.vplego-dk.tdnsvod4.cn,0.4
hz-scproxy.alibaba.com,0.4
hz-scproxy.alibaba.com.gds.alibabadns.com,0.4
cdn.demdex.net.edgesuite.net,0.4
a311.g.akamai.net,0.4
hi.xzwidea.cn.qiniudns.com,0.4
allcdn.china.qiniu.qnydns.com,0.4
allcdn.lv2.qnydns.com,0.4
w4dasvax373seyu6j3va-f-c0afbdd26.ipv4-only.cname.clienttons.com,0.4
d2jgzin71914dd.cloudfront.net,0.4
zj2fdlixfqz3eyu6puaq-f-f97e5de9f.ipv4-only.cname.clienttons.com,0.4
ocsp.sectigo.com,0.4
ocsp.comodoca.com.cdn.cloudflare.net,0.4
w4dasvfygoo5syu66deq-f-8560358a1.ipv4-only.cname.clienttons.com,0.4
k8s-albpublicprod-a0c2bfe9d8-180403333.cn-northwest-1.elb.amazonaws.com.cn,0.4
w4dasvfygntbgyu6h5gq-f-a725b2984.ipv4-only.cname.clienttons.com,0.4
na61-na62.wagbridge.alibaba.tanx.com,0.4
na61-na62.wagbridge.alibaba.tanx.com.gds.alibabadns.com,0.4
wafcnb.jnu.edu.cn,0.4
b2c72b8bf953500d.vip.jiasule.org,0.4
ec2-18-166-70-145.ap-east-1.compute.amazonaws.com,0.4
ins-1acoub0v.ias.tencent-cloud.net,0.4
tyjr-common-cn-zhangjiakou.aliyun.com,0.4
tyjr-common-cn-zhangjiakou.aliyun.com.vipgds.alibabadns.com,0.4
d1buhjvxj128v2.cloudfront.net,0.4
w4dasvax2ll2syu6exqa-f-4c8770286.ipv4-only.cname.clienttons.com,0.4
huoli-hotel.oss-cn-beijing.aliyuncs.com.gds.alibabadns.com,0.4
w4dasvaxhxbggyu6vwxq-f-c5bc71027.ipv4-only.cname.clienttons.com,0.4
sxsimg.xiaoyuanzhao.com.w.kunlunar.com,0.4
9h4i2nm3mayvm0kh.aliyunddos1009.com,0.4
support.zoho.com,0.4
na61-na62.wagbridge.alibaba.taobao.com,0.4
na61-na62.wagbridge.alibaba.taobao.com.gds.alibabadns.com,0.4
vivotrans-huiyuan.vivo.com.cn,0.4
resource.rentcafe.com.cdn.cloudflare.net,0.4
resource.rentcafe.com.multicdn.cloudinary.com,0.4
2-01-49b5-01e7.cdx.cedexis.net,0.4
s3-cloudinary-pin-sni.map.fastly.net,0.4
pic.kekenet.com.trpcdn.net,0.4
uz95.v.trpcdn.net,0.4
w4dasvax373seyu6j3eq-f-11ff85a60.ipv4-only.cname.clienttons.com,0.4
inb-bym-firewall-test-8d9692a5c94c7f40.elb.cn-north-1.amazonaws.com.cn,0.4
gvx-mvp.trafficmanager.net,0.4
zj2fdlixfqz3eyu6lcla-f-464fc3bef.ipv4-only.cname.clienttons.com,0.4
w4dasvaxed4luyu7oxqq-f-252bbef9e.ipv4-only.cname.clienttons.com,0.4
hseda.gotoip4.com,0.4
web.w2221.vhostgo.com,0.4
zj2fdlixfqz3eyu6k3uq-f-175953f51.ipv4-only.cname.clienttons.com,0.4
api-us-3.sendbird.com,0.4
sg2-mobile-s.sgw.woa.com,0.4
w4dasvaxeqh4eyu7kwuq-f-4258f81e0.ipv4-only.cname.clienttons.com,0.4
cbps.shdc1.e-chinalife.com,0.4
oss-allhistory-com-idvconh.qiniudns.com,0.4
vod-all.ipv4v6.qiniu.com.volcgslb.com,0.4
sz-qiniu-all.volcgtm.com,0.4
zj2fdlixfqz5ayu6tnqa-f-ecc8d360a.ipv4-only.cname.clienttons.com,0.4
ds-ct1.addthis.com.edgekey.net,0.4
e4016.a.akamaiedge.net,0.4
pg1.koowo.cn,0.4
bms.resolve-esas.usgs.gov,0.4
mtc-storage-h4dmbcgcheafd4bw.z01.azurefd.net,0.4
star-azurefd-prod.trafficmanager.net,0.4
rr1.sn-npoldn7z.gvt1.com,0.4
eaaqeubqaizagjqacqlzqaaaabrj6yvk-pd2n33-73dd3e2de.cname.clienttons.com,0.4
fmip.fe.apple-dns.cn,0.4
zj2fdlixfqzxuyu6oq4q-f-4bb2d7c49.ipv4-only.cname.clienttons.com,0.4
vdse3.bdstatic.com.a.bdydns.com,0.4
opencdnbaiduvdsetmp.jomodns.com,0.4
opencdnbaiduvdsetmp.d.jomodns.com,0.4
edge12.g.yimg.jp,0.4
ipv6-aserver-heyi.m.taobao.com,0.4
ipv6-aserver-heyi.m.taobao.com.gds.alibabadns.com,0.4
pda.104.com.tw.cdn.cloudflare.net,0.4
x8files-1251460295.file.myqcloud.com.cdn.dnsv1.com,0.4
qcloud.sched.sma.tdnsstic1.cn,0.4
autostraddle.com,0.4
expcore.bloomingdales.com.edgekey.net,0.4
e5629.dscx.akamaiedge.net,0.4
c1e1cda8dff01f1fe94264f51d9ab581.qcloudcjgj.com,0.4
712885c7428d2095-cl2.qcloudzygj.com,0.4
w4dasvdimj2seyu7mfmq-f-a4a021839.ipv4-only.cname.clienttons.com,0.4
ke.fenbi.com,0.4
zj2fdlixfqz5ayu6ti5a-f-c45415684.ipv4-only.cname.clienttons.com,0.4
s-ring.msedge.net,0.4
s-ring.s-9999.s-msedge.net,0.4
s-9999.s-msedge.net,0.4
s3-r-w.ap-northeast-1.amazonaws.com,0.4
183.6.9.84_s-23.40.197.203_ts-1654591975.cname.clienttons.com,0.4
ocp-ingress.fastly.gnome.org,0.4
engr-web-02.engr.illinois.edu,0.4
zj2fdlixfqz3eyu6rabq-f-bc3deab51.ipv4-only.cname.clienttons.com,0.4
xerox.map.fastly.net,0.4
iduvi9u.qiniudns.com,0.4
tinyqiniu.b0.aicdn.com,0.4
qnnm.aicdn.com,0.4
qn.ctn.aicdn.com,0.4
vectribeagency.com,0.4
eaaqeubqaijeajqacql6qaaaabrj5wj3-pw3qgx-f370147da.cname.clienttons.com,0.4
xacu07.n.shifen.com,0.4
w4dasvax373ssyu6kfsa-f-f757a48be.ipv4-only.cname.clienttons.com,0.4
english.phbs.pku.edu.cn.cdn.dnsv1.com.cn,0.4
ctozf46z.sched.sma-dk.tdnsstic1.cn,0.4
zj2fdlixfqz3eyu6tagq-f-0e8673171.ipv4-only.cname.clienttons.com,0.4
eaaqeubqakbeajqacqlxqaaaabrj6lky-f-2d46f8cd7.cname.clienttons.com,0.4
investinchina.chinadaily.com.cn.wjgslb.com,0.4
gbwbv6.a.vvipcdn.com,0.4
f5b0e2fa805648038e7e9f653ecbfc4a.vip1.huaweicloudwaf.com,0.4
alb00000066.dpool.sina.com.cn,0.4
api.xsolla.com-v1.edgekey.net,0.4
e7937.a.akamaiedge.net,0.4
img.zol.com.cn,0.4
img.zol.com.cn.zcdn.com.cn,0.4
img.zol.com.cn.wswebpic.com,0.4
dcitzvu04nmhf.cloudfront.net,0.4
w4dasvax2cgiayu7jkaa-f-36b66dc52.ipv4-only.cname.clienttons.com,0.4
ins-ot9zg4la.ias.tencent-cloud.net,0.4
codoon-cdn-other.oss-cn-hangzhou.aliyuncs.com.gds.alibabadns.com,0.4
wl-pixel.sitescout.com,0.4
pixel.sitescout.com,0.4
hl4xalqxiik5syu6x6dq-f-9a2e0ae87.ipv4-only.cname.clienttons.com,0.4
qbpic.imtt.qq.com.cloud.tc.qq.com,0.4
405970.sched.px-dk.tdnsv6.com,0.4
youthyun.n.shifen.com,0.4
wikia.com,0.4
nad.ecnu.edu.cn,0.4
wildcard.feishu.cn.bytedns1.com,0.4
all.feishu.cn.w.kunluncan.com,0.4
pdwk5pyxiosmeyu6geaq-f-2022043b5.ipv4-only.cname.clienttons.com,0.4
yyz-mvp.trafficmanager.net,0.4
f.market.mi-img.c.mgslb.com,0.4
file.market.xiaomi.com.download.ks-cdn.com,0.4
k58.gslb.ksyuncdn.com,0.4
zj2fdjliktb6wyu6voga-f-b3a96ff98.ipv4-only.cname.clienttons.com,0.4
gslb-2.demdex.net,0.4
edge-tyo3.demdex.net,0.4
dcs-public-edge-tyo3-1735284737.ap-northeast-1.elb.amazonaws.com,0.4
lativ.com.tw,0.4
78ab3bc7bc9a4d97a8beae8012c60063.vip1.huaweicloudwaf.com,0.4
ww1.sinaimg.cn.w.alikunlun.com,0.4
a121429.sandai.net,0.4
m.suning.com.suninggslb.cn,0.4
webwsasnmaprdipv46.suninggslb.cn,0.4
btdwsapubv46.suning.com.c.vedcdnlb.com,0.4
bd-l7-online-tob-default-ipv6.s.bdsa.cdnbuild.net,0.4
book.duxiu.com,0.4
bookduxiu.aichaoxing.com,0.4
183.6.9.84_s-184.50.26.49_ts-1654551010.cname.clienttons.com,0.4
jdcloudnlb.game.yy.com,0.4
slb-04-xy-rb-ali-ctrip1.ctripgslb.com,0.4
slb-04-xy-rb-ali.ctripgslb.com,0.4
slb-04-ali-ipv6.ctripgslb.com,0.4
nlb-5ltcw7ldbet09mdeyp.cn-shanghai.nlb.aliyuncs.com,0.4
aserver-heyi.m.taobao.com,0.4
aserver-heyi.m.taobao.com.gds.alibabadns.com,0.4
keyvalueservice.fe2.apple-dns.net,0.4
gz.image.myqcloud.com,0.4
beautydiamondstore.com,0.4
creativeartistsagencyapac.sharepoint.com,0.4
2279-ipv4v6e.clump.dprodmgd106.aa-rt.sharepoint.com,0.4
195840-ipv4v6e.farm.dprodmgd106.aa-rt.sharepoint.com,0.4
195840-ipv4v6w.farm.dprodmgd106.sharepointonline.com.akadns.net,0.4
195840-ipv4v6.farm.dprodmgd106.aa-rt.sharepoint.com.dual-spo-0005.spo-msedge.net,0.4
lb.shazam-beacon.shazamcloud.com,0.4
mall.3839.5054399.com,0.4
head.fx678.com.w.cdngslb.com,0.4
iwmb.fe.apple-dns.cn,0.4
4th.rcv.sandai.net,0.4
friends.duolingo.cn.w.kunluncan.com,0.4
host.zggqzp.com,0.4
all.zggqzp.com.ctadns.cn,0.4
algolia.mktoweb.com,0.4
ab39.mktossl.com,0.4
pushservice.10010.com.w.cdngslb.com,0.4
redirect.ha2.cancer.gov,0.4
gray-coast-07c221e03.4.azurestaticapps.net,0.4
staticwebapps03e0c47a41f74b32b94c1aa3666a62b2-dybtcrcfc4epdjes.z01.azurefd.net,0.4
usc-ila.smapply.io,0.4
smapply-ca-prod-705aa62f40cd8737.elb.ca-central-1.amazonaws.com,0.4
ing.e.dongmanmanhua.cn,0.4
codepush.appcenter.ms,0.4
codepush.trafficmanager.net,0.4
apim-codepushab84430a-eastus2-01.regional.azure-api.net,0.4
api05ca74b7344e431891383a93fd0fe295qvjyttb6wabojnq0smyx6.eastus2.cloudapp.azure.com,0.4
su09hkag.sharepoint.com,0.4
917-ipv4v6e.clump.dprodmgd106.aa-rt.sharepoint.com,0.4
196609-ipv4v6e.farm.dprodmgd106.aa-rt.sharepoint.com,0.4
196609-ipv4v6e.farm.dprodmgd106.sharepointonline.com.akadns.net,0.4
196609-ipv4v6.farm.dprodmgd106.aa-rt.sharepoint.com.dual-spo-0005.spo-msedge.net,0.4
acsegateway.fe.apple-dns.cn,0.4
ckdevice.fe2.apple-dns.net,0.4
cdn.hm.com.edgekey.net,0.4
e1710.b.akamaiedge.net,0.4
e.huawei.com.akadns.net,0.4
e.huawei.com.wscdns.com,0.4
givemevideo.com,0.4
dl-harmonyos.51cto.com.w.alikunlun.com,0.4
tdxl-ruc-edu-cn.cname.saaswaf.com,0.4
ruc.cache.saaswaf.com,0.4
fmf.fe.apple-dns.cn,0.4
gslbm7.xdf.cn,0.4
58.249.112.44_s-23.48.214.147_ts-1654615792.cname.clienttons.com,0.4
a1855.w73.akamai.net,0.4
a1855.w73.akamai.net.0.1.cn.akamaitech.net,0.4
d1dnzod54z0egr.cloudfront.net,0.4
s.postimg.cc,0.4
cbz.elb.myaffiliates.com,0.4
a303.dscd.akamai.net,0.4
hostingproxy.tau.ac.il,0.4
img.yugioh-card.com.edgekey.net,0.4
e7109.f.akamaiedge.net,0.4
zndscdn.b0.aicdn.com,0.4
streams.fe.apple-dns.cn,0.4
mandrillapp.com,0.4
t.market.mi-img.c.mgslb.com,0.4
t1.market.mi-img.com.m.alikunlun.com,0.4
streams.fe2.apple-dns.net,0.4
w4dasvaxhxbggyu6uutq-f-6c68e3d61.ipv4-only.cname.clienttons.com,0.4
bnc3.mailjet.com,0.4
ibanking.stgeorge.com.au.edgekey.net,0.4
e17151.x.akamaiedge.net,0.4
prodduke.sharepoint.com,0.4
283-ipv4v6e.clump.dprodmgd105.aa-rt.sharepoint.com,0.4
191831-ipv4v6e.farm.dprodmgd105.aa-rt.sharepoint.com,0.4
191831-ipv4v6w.farm.dprodmgd105.sharepointonline.com.akadns.net,0.4
191831-ipv4v6.farm.dprodmgd105.aa-rt.sharepoint.com.dual-spo-0005.spo-msedge.net,0.4
191831-ipv4v6.farm.dprodmgd105.aa-rt.sharepoint.com,0.4
w4dasvax2cgcgyu664ma-f-5bd7f1cbb.ipv4-only.cname.clienttons.com,0.4
diffpkg.browser.qq.com.cloud.tc.qq.com,0.4
diffpkg.browser.qq.com.legodlied1.sched.dcloudstc.com,0.4
183.6.9.81_s-23.213.230.77_ts-1654591552.cname.clienttons.com,0.4
cd3dc2e1a0960cda.cdn.jiashule.com,0.4
zj2fdjixhlyrsyu6ybpa-f-e5b68e0cf.ipv4-only.cname.clienttons.com,0.4
r7.sn-ni57rn7s.gvt1.com,0.4
static-cdn.qimai.cn.cdn.dnsv1.com,0.4
r97r6fch.sched.sma.tdnsstic1.cn,0.4
w4dasvaxh5fasyu6nkeq-pbuxbs-6a1541f72.ipv4-only.cname.clienttons.com,0.4
push2ipv6.trafficmanager.cn,0.4
global.scdnco.spotify.map.fastly.net,0.4
ns-eh2-prod-dm2-518.cloudapp.net,0.4
static.n.shifen.com,0.4
szminorshort.weixin.qq.com,0.4
dnsdelegation.io,0.4
gum.criteo.com,0.4
gum.sg1.vip.prod.criteo.com,0.4
183.6.9.84_s-184.26.127.51_ts-1654576724.cname.clienttons.com,0.4
image01.realme.net.ctdns.cn,0.4
na61-na62.wagbridge.alibaba.tmall.com,0.4
na61-na62.wagbridge.alibaba.tmall.com.gds.alibabadns.com,0.4
zj2fdlixfqzxuyu6mo5a-f-d716bf4dd.ipv4-only.cname.clienttons.com,0.4
1638939262.rsc.cdn77.org,0.4
mailgun.netlifyglobalcdn.com,0.4
do93fte4crn2p.cloudfront.net,0.4
d11szlu0s6djmh.cloudfront.net,0.4
mobsecmultiplatform.n.shifen.com,0.4
zhanqun.qdu.edu.cn,0.4
w4dasvfyd4ameyu6vq3q-f-895fdeab4.ipv4-only.cname.clienttons.com,0.4
stream.youdao.com.163jiasu.com,0.4
stream.youdao.com.w.kunluncan.com,0.4
583d1cd4bdaa6612ab7345015c1ffa6b.qcloudzygj.com,0.4
b911591feef43f1d-cl2.qcloudwzgj.com,0.4
w4dasvfygjme6yu6y4sq-f-dd3bfbe99.ipv4-only.cname.clienttons.com,0.4
cdn-www-prd.origin-aws.hktdc.com,0.4
www.hktdc.com.bscedge.com,0.4
zlxx.v.bscedge.com,0.4
docbd.yunxuetang.cn.a.bdydns.com,0.4
zj2fdlixfqz3eyu6tcha-f-41deda892.ipv4-only.cname.clienttons.com,0.4
suite.emarsys.net,0.4
suite4.emarsys.net,0.4
www5.emarsys.net,0.4
p16-buy.itunes-apple.com.akadns.net,0.4
p16-buy-lb.itunes-apple.com.akadns.net,0.4
link-email-newbalance-com.emarsys.net,0.4
suite40-cf.emarsys.net,0.4
suite40-cf.emarsys.net.cdn.cloudflare.net,0.4
acookie.taobao.com,0.4
acookie.gds.taobao.com,0.4
sat-mvp.trafficmanager.net,0.4
zm-web-data.oss-cn-hangzhou.aliyuncs.com.gds.alibabadns.com,0.4
zj2fdjliktb6wyu6vodq-f-67022a179.ipv4-only.cname.clienttons.com,0.4
alpha-gather.jd.com.gslb.qianxun.com,0.4
sin-mvp.trafficmanager.net,0.4
202.116.81.171_s-23.211.136.17_ts-1654585853.cname.clienttons.com,0.4
na61-na62.wagbridge.alibaba.alibabacorp.com,0.4
na61-na62.wagbridge.alibaba.alibabacorp.com.gds.alibabadns.com,0.4
bus-config.cdn.bcebos.com.a.bdydns.com,0.4
opencdncloudv6.jomodns.com,0.4
jnb-mvp.trafficmanager.net,0.4
mt.com.sc.omtrdc.net,0.4
zj2fdlixfqz3eyu6pjja-f-75720a824.ipv4-only.cname.clienttons.com,0.4
projects.sourceforge.net.cdn.cloudflare.net,0.4
pro.m.jd.com.gslb.qianxun.com,0.4
cn-us-m.aserver-icbu.alibaba.com,0.4
cn-us-m.aserver-icbu.alibaba.com.gds.alibabadns.com,0.4
aewebproxy.weixin.qq.com,0.4
domains.gannett.map.fastly.net,0.4
s1.mi-img.com.wsglb0.com,0.4
w4dasvfm5awkayu63m3q-f-1820e719c.ipv4-only.cname.clienttons.com,0.4
bistatic-fanya.aichaoxing.com,0.4
imap.mail-aipo.apple-dns.cn,0.4
image9.360doc.com.w.alikunlun.net,0.4
ckdevice.fe.apple-dns.cn,0.4
www.zoom.us,0.4
zoom.us,0.4
zj2fdlixfqzxuyu6pyjq-f-54752d12b.ipv4-only.cname.clienttons.com,0.4
api-kantar.nd.nudatasecurity.com,0.4
ga-us-west-2.nd.nudatasecurity.com,0.4
lgwf1-46.shiep.edu.cn,0.4
ipv6.zjol.com.cn,0.4
0b8ffbb9.lanzoui.com.c.cdnhwc1.com,0.4
upload-z1.clouddn.com,0.4
upload-z1-oss.clouddn.com,0.4
globalcdndynamic.qiniu.com.w.kunlungr.com,0.4
apigw.iqiyi.com,0.4
pdwk5xtiksysoyu7odwa-f-6ba5ea273.ipv4-only.cname.clienttons.com,0.4
www.lixin.edu.cn,0.4
img.konami.com-v1.edgekey.net,0.4
e3472.f.akamaiedge.net,0.4
e163563cn.edgekey.net,0.4
e163563cn.edgekey.net.globalredir.akadns88.net,0.4
e163563.dscca2.s.tl88.net,0.4
queue.amazonaws.com,0.4
one-console-adns-oxs.console.aliyun.com,0.4
one-console-adns-oxs.console.aliyun.com.gds.alibabadns.com,0.4
tyjr-cn-hangzhou.aliyun.com,0.4
tyjr-cn-hangzhou.aliyun.com.vipgds.alibabadns.com,0.4
ds-2082.oss-acc-allline.aliyuncs.com,0.4
ds-2082.oss-acc-allline.aliyuncs.com.gds.alibabadns.com,0.4
cn-shenzhen-ds-2082.oss-acc.aliyuncs.com,0.4
183.6.9.84_s-23.199.47.132_ts-1654547222.cname.clienttons.com,0.4
auto.cankaoxiaoxi.com.wjgslb.com,0.4
ecs-devzone-services-lb-2018493297.us-west-2.elb.amazonaws.com,0.4
img.kd.youth.cn.w.kunlunno.com,0.4
183.6.9.101_s-23.63.243.153_ts-1654602638.cname.clienttons.com,0.4
w4dasvaxij5gayu6ohsq-f-f6fbe909d.ipv4-only.cname.clienttons.com,0.4
w4dasvcfydneuyu7mjsq-f-493dc9f96.ipv4-only.cname.clienttons.com,0.4
cyclone.veta.naver.com.nheos.com,0.4
w4dasryxggboqyu7iifa-f-faf1b1624.ipv4-only.cname.clienttons.com,0.4
w4dasvdimj2seyu6746a-f-c44b323c2.ipv4-only.cname.clienttons.com,0.4
wxapi-pre.jdpay.com.gslb.qianxun.com,0.4
c-static.czkj.cn,0.4
c-static.czkj.cn.wsdvs.com,0.4
w4dasvfydplqsyu7choa-f-ec11a982d.ipv4-only.cname.clienttons.com,0.4
cl-4d998a71.gcdn.co,0.4
zj2fdlixfqz3eyu6n7da-f-fc586b4d0.ipv4-only.cname.clienttons.com,0.4
push2hisipv6.trafficmanager.cn,0.4
w4dasvaxfdy2syu7k6da-f-999ffd1a2.ipv4-only.cname.clienttons.com,0.4
syd-mvp.trafficmanager.net,0.4
mpeer-web.jd.com.gslb.qianxun.com,0.4
w4dasvaxfpylayu6fd6a-f-6ebb75c61.ipv4-only.cname.clienttons.com,0.4
dfmpzqy7wjvwotpadgkiinkl5bjtdkuu.aliyundunwaf.com,0.4
w4dasvax2cgcgyu7nmsa-f-2a58de7d5.ipv4-only.cname.clienttons.com,0.4
melbournetestbed.opendatasoft.com,0.4
melbournetestbed.aws-ec2-ap-southeast-2.opendatasoft.com,0.4
w4dasvgm5xt5iyu7bzqq-f-2a39ee030.ipv4-only.cname.clienttons.com,0.4
tv.gog.cn.w.kunlunar.com,0.4
edge.gycpi.b.yahoodns.net,0.4
cdn.gtflixtv.com.fpbns.net,0.4
ent.ifeng.com.cdn.dnsv1.com,0.4
apf4p5oh.sched.skalego.tdnsstic1.cn,0.4
revproxy.nwafu.edu.cn,0.4
escrowproxy.fe.apple-dns.cn,0.4
183.6.9.84_s-184.50.26.40_ts-1654551767.cname.clienttons.com,0.4
zj2fdlixfqz3eyu6msza-f-3ac919cda.ipv4-only.cname.clienttons.com,0.4
web-dept.camden.rutgers.edu,0.4
canvas-iad-prod-c29-1392820078.us-east-1.elb.amazonaws.com,0.4
ckdatabase.fe.apple-dns.cn,0.4
nova.collect.igodigital.com,0.4
nova-collector-1192479543.us-east-1.elb.amazonaws.com,0.4
omega01-new-proxima.ntes53.netease.com,0.4
lbc-omega01cn-new-proxima.ntes53.netease.com,0.4
web.vip.meituan.com,0.4
education.huaweicloud.com.0c6a8049.cdnhwcgqa21.com,0.4
hcdnw101.sme.cdnhwcibv122.com,0.4
v.sogou.com,0.4
cluster2.technolutions.net,0.4
hub.qpyou.cn.akadns.net,0.4
hub.qpyou.cn.edgekey.net,0.4
hub.qpyou.cn.edgekey.net.globalredir.akadns.net,0.4
e197.ca2.s.tl88.net,0.4
second-know.cdn.bcebos.com.a.bdydns.com,0.4
opencdnglobalv6.jomodns.com,0.4
lasikofmichigan.com,0.4
598-ipv4v6.clump.gallatin.aa-rt.sharepoint.cn,0.4
content-g.fe2.apple-dns.net,0.4
7fc43bc87353a316.cdn.jiashule.com,0.4
s01.appmifile.com.mgslb.com,0.4
s01.appmifile.com.baishan-cloud.net,0.4
zxmwhw.v.baishan-cloud.net,0.4
secgw-na61-na62.wagbridge.alibaba.1688.com,0.4
secgw-na61-na62.wagbridge.alibaba.1688.com.gds.alibabadns.com,0.4
w4dasvfygoo5iyu66koq-f-56d221893.ipv4-only.cname.clienttons.com,0.4
eaaqeubqairkajqacql6qaaaabrj56uw-p0b2en-72c1faf5c.cname.clienttons.com,0.4
cabschoolo.sharepoint.com,0.4
9564-ipv4v6e.clump.dprodmgd105.aa-rt.sharepoint.com,0.4
194219-ipv4v6e.farm.dprodmgd105.aa-rt.sharepoint.com,0.4
194219-ipv4v6e.farm.dprodmgd105.sharepointonline.com.akadns.net,0.4
194219-ipv4v6.farm.dprodmgd105.aa-rt.sharepoint.com.dual-spo-0005.spo-msedge.net,0.4
img1.waitsun.com.w.kunlunaq.com,0.4
www.xiaomai5.com.w.kunlunar.com,0.4
acount.pchouse.com.cn.bsgslb.cn,0.4
upichq.v.bsgslb.cn,0.4
ds-2091.oss-acc-allline.aliyuncs.com,0.4
ds-2091.oss-acc-allline.aliyuncs.com.gds.alibabadns.com,0.4
cn-shenzhen-ds-2091.oss-acc.aliyuncs.com,0.4
s7.files.wordpress.com,0.4
d3t2sqlgt1eq95.cloudfront.net,0.4
stdown.dinju.com.cdn.dnsv1.com.cn,0.4
8j45scc2.slt.sched.tdnsv8.com,0.4
mapbase.jomodns.com,0.4
detectportal.prod.mozaws.net,0.4
prod.detectportal.prod.cloudops.mozgcp.net,0.4
w4dasvaxfdy2syu6z4da-f-9c32f543f.ipv4-only.cname.clienttons.com,0.4
zj2fdlixfqz3eyu6qtza-f-2f8761573.ipv4-only.cname.clienttons.com,0.4
apollo2.dl.playstation.net.edgekey.net,0.4
e274.d.akamaiedge.net,0.4
finance.hnr.cn.wsssec.com,0.4
creun5qq2opgxquilw4cmtj0jvazw28q.alicloudwaf.com,0.4
e79e07cb0be1ecfedb43b9212985c345.qcloudzygj.com,0.4
a0f8a6395dfdcd80-cl2.qcloudwzgj.com,0.4
nlb-d8d4eyo5p9ml3lu056.cn-hangzhou.nlb.aliyuncs.com,0.4
bulk.web.future.net.uk,0.4
w4dasvax2cgcgyu7obsq-f-388e090d6.ipv4-only.cname.clienttons.com,0.4
zj2fdlixfqz3eyu6lc6a-f-81a712def.ipv4-only.cname.clienttons.com,0.4
bodas.nenu.edu.cn,0.4
4uxqqdu85aeexxfngwn85cootfydsdih.yundunwaf1.com,0.4
w4dasvdimj2seyu7mcta-f-48808258d.ipv4-only.cname.clienttons.com,0.4
static.shangri-la.com.queniumf.com,0.4
cl-328f7912.gcdn.co,0.4
financial-times-tls13-0rtt.map.fastly.net,0.4
eaaqeubqajchajqacqlxqaaaabrj6ylb-f-db0eaffa1.cname.clienttons.com,0.4
www.avrfreaks.net.00do0000000kakkeaw.live.siteforce.com,0.4
cjh-house.cdn.bcebos.com.a.bdydns.com,0.4
windows.microsoft.com,0.4
windows.microsoft.com.edgekey.net,0.4
e8819.g.akamaiedge.net,0.4
image100.360doc.com.w.kunlunhuf.com,0.4
mel-mvp.trafficmanager.net,0.4
pdwk5uixhjkvayu7cpaa-poj7ba-8d4d0a7b2.ipv4-only.cname.clienttons.com,0.4
download.jumpw.com.chuangcdn.com,0.4
download.jumpw.com.w.kunluncan.com,0.4
dqur58n4wi0rv.cloudfront.net,0.4
bidartrepuestos.com,0.4
newscenter.dpool.sina.com.cn,0.4
w5.dpool.sina.com.cn,0.4
ros.hosted-by-discourse.com,0.4
w4dasvaxfdy2syu65fxq-f-115034641.ipv4-only.cname.clienttons.com,0.4
cw-sycdn.kuwo.cn.cdn.dnsv1.com.cn,0.4
5y0wui2k.sched.vplego.tdnsvod4.cn,0.4
zj2fdlixfqzxuyu6ua6a-f-9543f83c2.ipv4-only.cname.clienttons.com,0.4
multi-az-www-api.kuaishou.com,0.4
mps.amap.com,0.4
mps.amap.com.gds.alibabadns.com,0.4
perso116-g5.free.fr,0.4
w4dasvgm5xt5iyu7cnea-f-c06c94285.ipv4-only.cname.clienttons.com,0.4
secure-us.libanswers.com,0.4
region-us.libanswers.com,0.4
a71.rackcdn.com,0.4
a71.rackcdn.com.mdc.edgesuite.net,0.4
a73.dscg10.akamai.net,0.4
ds-2033.oss-acc-allline.aliyuncs.com,0.4
ds-2033.oss-acc-allline.aliyuncs.com.gds.alibabadns.com,0.4
cn-shenzhen-ds-2033.oss-acc.aliyuncs.com,0.4
big1.ifengcdn.com,0.4
lb-7szg5pyd-8jgvnzhtb0d4qciw.clb.ap-beijing.tencentclb.com,0.4
ins-hxo9tg10.ias.tencent-cloud.net,0.4
cache.dga.jp.edgekey.net,0.4
e17018.f.akamaiedge.net,0.4
m.v.dxsbb.com.w.kunlunno.com,0.4
w4dasvax373ssyu6j37q-f-a5baebb25.ipv4-only.cname.clienttons.com,0.4
209482g32.secure0101.hubspot.net,0.4
209482.group32.sites.hubspot.net,0.4
group32.sites.hscoscdn30.net,0.4
pmc-thr.go-vip.net,0.4
xycy-file.zhaopin.com.w.alikunlun.com,0.4
cdn.livescore.com,0.4
xbiquge.la.wenjiasu.com,0.4
0647-reverse-proxy.suda.edu.cn,0.4
restapi.amap.com,0.4
restapi.amap.com.gds.alibabadns.com,0.4
120.236.174.240_s-23.48.201.33_ts-1654605565.cname.clienttons.com,0.4
escrowproxy.fe2.apple-dns.net,0.4
zj2fdlixfqzxuyu6kjra-f-3ce099b1e.ipv4-only.cname.clienttons.com,0.4
tutor-clog-ng.yuanfudao.com,0.4
api-uns-sgw.external.hp.com,0.4
HP-Stargate-PRO-nginx-tls-PubNLB-561a1f99e548b35a.elb.us-east-1.amazonaws.com,0.4
ertcdn.siliconweb.com,0.4
ertcdn-siliconweb.glomancloud.gr,0.4
s378.photo.store.qq.com,0.4
sh.photo.store.qq.com,0.4
jxbservice.shisu.edu.cn,0.4
tradeexprodmd.95516.com.wscdns.com,0.4
ngx-fan-v6.op.58.com,0.4
zhanqun5.hust.edu.cn,0.4
w4dasvdimj2leyu7bndq-f-b275e9146.ipv4-only.cname.clienttons.com,0.4
w4dasvax2cgcgyu6vcna-f-fe825a352.ipv4-only.cname.clienttons.com,0.4
api.globaltimes.cn.cdn.dnsv1.com,0.4
blvgbeuh.sched.sma-dk.tdnsstic1.cn,0.4
vmss-clarity-ingest-eus-c.eastus.cloudapp.azure.com,0.4
w4dasvaxh7zvgyu62uta-phqp54-44736fc6c.ipv4-only.cname.clienttons.com,0.4
w4dasvaxhxbggyu6uueq-f-cd6b058ef.ipv4-only.cname.clienttons.com,0.4
afa-arc-prd.azurewebsites.net,0.4
waws-prod-ml1-019.sip.azurewebsites.windows.net,0.4
waws-prod-ml1-019.australiasoutheast.cloudapp.azure.com,0.4
wildcard.news.163.com.163jiasu.com,0.4
wildcard.news.163.com.bsgslb.cn,0.4
z163pic.v.bsgslb.cn,0.4
rr3.sn-oguelnsr.gvt1.com,0.4
w4dasvax3mtcuyu7chzq-pz488s-6beb911b2.ipv4-only.cname.clienttons.com,0.4
all.sm-tc.cn.w.kunluncan.com,0.4
4qcig8o.x.incapdns.net,0.4
reco.g.ebay.com,0.4
w4daszaxzndsqyu6ysfa-f-f20c7519f.ipv4-only.cname.clienttons.com,0.4
fe-sg2.wgcrowd.io,0.4
zjzj.wenming.cn.bsgslb.cn,0.4
api.iq.com.edgekey.net,0.4
e36827.a.akamaiedge.net,0.4
dingzi-jsfile-test.oss-cn-shanghai.aliyuncs.com.gds.alibabadns.com,0.4
mt.chinaz.com.wswebpic.com,0.4
all.m.youzan.com.w.cdngslb.com,0.4
zj2fdlixfqz3eyu6llaa-f-94c33c362.ipv4-only.cname.clienttons.com,0.4
captcha.tiancity.com.wscdns.com,0.4
w4dasvfygoo5syu6hava-f-964a38fb5.ipv4-only.cname.clienttons.com,0.4
cemp.sf-express.com.cdn.dnsv1.com,0.4
kebropm5.sched.sma.tdnsstic1.cn,0.4
ksap.corp.kuaishou.com,0.4
e.ximalaya.com.dsa.dnsv1.com.cn,0.4
1e31sb4n.sched.d0.tdnsdp1.cn,0.4
zj2fdlixfqz3eyu6ktrq-f-a4ce350d3.ipv4-only.cname.clienttons.com,0.4
cuxiao.m.suning.com.suninggslb.cn,0.4
d2acv2j3k9gcb8.cloudfront.net,0.4
rr5.sn-npoeened.gvt1.com,0.4
site-group.ynu.edu.cn,0.4
w4dasznm5awbuyu6wl6q-pitd7b-5cc718d0d.ipv4-only.cname.clienttons.com,0.4
ins-3pilsg5t.ias.tencent-cloud.net,0.4
d1.udashi.com.cdn.dnsv1.com,0.4
e27x9jw4.sched.sma.tdnsstic1.cn,0.4
sdxw.iqilu.com.wsglb0.com,0.4
zzvips.com,0.4
cas.sg1.vip.prod.criteo.com,0.4
farm-1251006671.file.myqcloud.com.cdn.dnsv1.com,0.4
5wcyr3nc.sched.sma.tdnsstic1.cn,0.4
zj.stream.tencentmusic.com.tcdn.qq.com,0.4
music.dsplego-dk.sched.dcloudstc.com,0.4
mailws.fe2.apple-dns.net,0.4
facepic.qidian.com.sched.px-dk.tdnsv6.com,0.4
hash.cdn.kugou.com,0.4
kgnop3.kugou.com,0.4
wsall.cndhl.com.wsssec.com,0.4
china.san.partner.hp.com.edgekey.net,0.4
e7710.b.akamaiedge.net,0.4
alliancegold.com.ec,0.4
unbouncepages.com,0.4
w4dasvfygoo5syu6hdaq-f-39b290023.ipv4-only.cname.clienttons.com,0.4
cos.99.com.wswebcdn.com,0.4
resolver.fda.gov.akadns.net,0.4
www.fda.gov.edgekey.net,0.4
e12426.dscb.akamaiedge.net,0.4
w4dasvax2ll2syu6gtoa-f-246a64307.ipv4-only.cname.clienttons.com,0.4
w4dasvdildgkayu7orca-f-8be7c83e2.ipv4-only.cname.clienttons.com,0.4
us02web.zoom.us,0.4
focusgene-app-1257647777.file.myqcloud.com.cdn.dnsv1.com,0.4
7ldkk6oh.slt.sched.tdnsv8.com,0.4
w4dasvfydozewyu65hoa-f-100109b92.ipv4-only.cname.clienttons.com,0.4
dcrichmond.bepress.com,0.4
www-fiona.rrz.uni-hamburg.de,0.4
firstparty-azurefd-prod.trafficmanager.net,0.4
domainexpired.dnspod.cn,0.4
native.cnr.cn.wswebcdn.com,0.4
w4dasvfygntbgyu6ibfq-f-032d08958.ipv4-only.cname.clienttons.com,0.4
sg2-v-asia-frmcl-1.fe.core.pw,0.4
www.contact.nespresso.com-v1.edgekey.net,0.4
e40208.dscx.akamaiedge.net,0.4
zj2fdlixfqz3eyu6sxkq-f-abeace34f.ipv4-only.cname.clienttons.com,0.4
jt.ximalaya.com.dsa.dnsv1.com.cn,0.4
iq6ykddf.sched.d0.tdnsdp1.cn,0.4
8120b3d3a4e09079.qaxcloudwaf.com,0.4
120.236.174.209_s-23.215.101.33_ts-1654567201.cname.clienttons.com,0.4
a-ring.msedge.net,0.4
a-ring.a-9999.a-msedge.net,0.4
a-9999.a-msedge.net,0.4
ds-2054.oss-acc-allline.aliyuncs.com,0.4
ds-2054.oss-acc-allline.aliyuncs.com.gds.alibabadns.com,0.4
cn-shenzhen-ds-2054.oss-acc.aliyuncs.com,0.4
autodiscover.outlook.com,0.4
atod-g2.tm-4.office.com,0.4
natapp.b0.aicdn.com,0.4
lv.game.qq.com.svideolego-dk.sched.dcloudstc.com,0.4
xcx.koolearn.com.eo.dnse0.com,0.4
w4dasvaxfdy2syu7d2ka-f-7a705aa50.ipv4-only.cname.clienttons.com,0.4
apk-1251952132.file.myqcloud.com.cdn.dnsv1.com,0.4
1yx3xn31.sched.sma.tdnsstic1.cn,0.4
w4dasvfydh7hqyu63sda-f-bb5f55bd1.ipv4-only.cname.clienttons.com,0.4
w4dasvfydj7usyu6sdpa-f-6e108c8d6.ipv4-only.cname.clienttons.com,0.4
pdwk5wixedwtwyu6usaa-pirufo-92c560a0e.ipv4-only.cname.clienttons.com,0.4
dub-mvp.trafficmanager.net,0.4
w4dasvcninkvqyu7dpba-f-b8492a9b5.ipv4-only.cname.clienttons.com,0.4
ins-7zou0cl1.ias.tencent-cloud.net,0.4
ds-2072.oss-acc-allline.aliyuncs.com,0.4
ds-2072.oss-acc-allline.aliyuncs.com.gds.alibabadns.com,0.4
cn-shenzhen-ds-2072.oss-acc.aliyuncs.com,0.4
r1.sn-h5ugpm-jb36.gvt1.com,0.4
ioscdn.kugou.com.wsglb0.com,0.4
w4dasvaxemniqyu6f3ca-f-fd20016b8.ipv4-only.cname.clienttons.com,0.4
eaaqeubqairyajqacql6qaaaabrj5i4x-psyo85-c406f5780.cname.clienttons.com,0.4
eco.cctv.com.wsglb0.com,0.4
a78cbcfe9856b703.huaweisafedns.com,0.4
external-gslb-01.nio.com,0.4
w4dasvax2cgcgyu7mwxa-f-ed145b537.ipv4-only.cname.clienttons.com,0.4
ins-9bozvv4r.ias.tencent-cloud.net,0.4
revproxy.ustc.edu.cn,0.4
w4dasvfygoo5iyu66l7q-f-ff22fb71b.ipv4-only.cname.clienttons.com,0.4
w4das2limhndeyu6wuza-f-199171558.ipv4-only.cname.clienttons.com,0.4
netease-publish-fpv6.cdn.ntes53.netease.com,0.4
netease-publish-webv6.w.alikunlun.com,0.4
w4dasvax2cgcgyu7fwaq-f-38581aeb6.ipv4-only.cname.clienttons.com,0.4
homed.snssdk.com.bytedns1.com,0.4
homed.snssdk.com.w.kunluncan.com,0.4
homed.snssdk.com.queniuiq.com,0.4
ultimaterewardspoints.ur-p-gslbc.akadns.net,0.4
ultimaterewardspoints.chase.com.edgekey.net,0.4
e167635.a.akamaiedge.net,0.4
www1.zol.com.cn,0.4
mobile.zol.com.cn.trpcdn.net,0.4
upichq.v.trpcdn.net,0.4
xnxx-cdn.com,0.4
dell.edge.nc0.co,0.4
edge-geo.nc0.co,0.4
grpc.xnet.sandai.net,0.4
web-o3.noc.titech.ac.jp,0.4
bj.file.myqcloud.com,0.4
d2i3ou0a8zyyz3.cloudfront.net,0.4
httppubv46.suning.com,0.4
webhttpsnipv46.suninggslb.cn,0.4
btdhttppubv46.suning.com.volcgslb.com,0.4
www.wajuejin.com.gccdn.net,0.4
san.airbnb.com.edgekey.net,0.4
e118243.a.akamaiedge.net,0.4
1251542705.vod2.myqcloud.com.cdn.dnsv1.com,0.4
ids7y37r.sched.vodlego-dk.tdnsvod4.cn,0.4
13940.group40.sites.hubspot.net,0.4
group40.sites.hscoscdn40.net,0.4
tengface-live-user.oss-cn-shenzhen.aliyuncs.com.gds.alibabadns.com,0.4
bingemail2.ec.azureedge.net,0.4
zj2fdngm5xghoyu7bxna-f-8f35ef572.ipv4-only.cname.clienttons.com,0.4
taweb1.dyndns.org,0.4
ea.sycdn.kuwo.cn.cdn.dnsv1.com,0.4
kpvi8hy3.sched.vplego-dk.tdnsvod4.cn,0.4
eaaq3kbacyzeajqacqlxqaaaabrj5lx7-pgh2gs-fd890e524.cname.clienttons.com,0.4
dm-files.fe.1drv.com,0.4
odc-dm-files-geo.onedrive.akadns.net,0.4
dm-files.ha.1drv.com,0.4
weather-data.apple.com.akadns.net,0.4
aapl-maps.qtlcdn.com,0.4
codoorcdn.oss-cn-hangzhou.aliyuncs.com.gds.alibabadns.com,0.4
ab47.mktoedge.com,0.4
zj8vze90konwn4phshkkgim964m4qpnl.yundunwaf5.com,0.4
m.xhsz.news.cn.w.cdngslb.com,0.4
clz.kr,0.4
calendars.fe2.apple-dns.net,0.4
shass-prod-www-3.mit.edu,0.4
w4dasvax373seyu6jvca-f-f461ff82f.ipv4-only.cname.clienttons.com,0.4
r1.sn-i3belnl7.c.2mdn.net,0.4
bcmnursing.com,0.4
s-jrciprF5ext221015.jrc.it,0.4
netease-publish-cbgqt.cdn.ntes53.netease.com,0.4
pdwk5nixjspoayu6wsxa-pt2zlj-122fe6993.ipv4-only.cname.clienttons.com,0.4
sz.fcloud.store.qq.com,0.4
3b7c892a.csdn.net.cname.yunduns.com,0.4
quota.fe2.apple-dns.net,0.4
feac3f65.zhaopin.com.cdn.dnsv1.com,0.4
763807.sched.sma-dk.tdnsstic1.cn,0.4
wstatic.dcinside.com.cdnga.net,0.4
ctwdtdb.x.incapdns.net,0.4
x.domain.997788.com.cdn.cdn56.com,0.4
wsall.997788.com.wsssec.com,0.4
cn.taobao.com.danuoyi.tbcache.com,0.4
ccs-king.customlinks.appsflyer.com,0.4
cdproxy-336a18f93cd83100.elb.eu-west-1.amazonaws.com,0.4
ws-na.assoc-amazon.com,0.4
sfscmt.gifshow.com,0.4
w4dasvaxij5gayu6ofxq-f-d1695655e.ipv4-only.cname.clienttons.com,0.4
v3-cold.douyinvod.com.w.cdngslb.com,0.4
v3-cold.douyinvod.com.queniuso.com,0.4
mrs-mvp.trafficmanager.net,0.4
202.43.232.182_s-23.200.218.168_ts-1654586687.cname.clienttons.com,0.4
w4dasvax2ll2syu6ezia-f-20e16fb43.ipv4-only.cname.clienttons.com,0.4
w4dasvaxfpylayu6fdwa-f-fbacaeb71.ipv4-only.cname.clienttons.com,0.4
smi2.ru,0.4
origin-abrtp2-cdn.marketo.com,0.4
zj2fcdtimj2leyu7atna-f-a896526fd.ipv4-only.cname.clienttons.com,0.4
hw-game.flv.huya.com.c.cdnhwc3.com,0.4
hcdnl.pullhuyaflv.gamev6.gslb.c.cdnhwc2.com,0.4
r5-crossplay-sub.r5prod.stryder.respawn.com,0.4
r5-crossplay-sub-1242730053.us-west-2.elb.amazonaws.com,0.4
183.6.9.94_s-23.56.4.26_ts-1654598343.cname.clienttons.com,0.4
omega01-proxima.ntes53.netease.com,0.4
lbc-omega01cn-keyless-proxima.ntes53.netease.com,0.4
sdkserver-dra-op-hicloud-com-dra.appacc.dbankedge.cn,0.4
dxzc1o98vrjl6.cloudfront.net,0.4
pdwk52tilncsqyu6fysa-p0d72l-ef6ebf8c2.ipv4-only.cname.clienttons.com,0.4
app.feishu.cn.bytedns1.com,0.4
app.feishu.cn.1046296236066394.w.cdngslb.com,0.4
j6gjeuf.x.incapdns.net,0.4
w4dasvfydozfeyu625cq-f-b503764e9.ipv4-only.cname.clienttons.com,0.4
edge-087.hkhkg.ce.apple-dns.net,0.4
dpcms-a.sysu.edu.cn,0.4
s3-r-w.us-east-2.amazonaws.com,0.4
rr2.sn-i3bssn7e.gvt1.com,0.4
s4.files.wordpress.com,0.4
training.aws.iarc.who.int,0.4
img01.bjx.com.cn.w.kunlunar.com,0.4
w4dasvaxgurbgyu64keq-f-61037089c.ipv4-only.cname.clienttons.com,0.4
zj2fdlixfqzxuyu6reva-f-d1ea24771.ipv4-only.cname.clienttons.com,0.4
maa-mvp.trafficmanager.net,0.4
w4dasvaxij5gayu6occa-f-619e47c5c.ipv4-only.cname.clienttons.com,0.4
etest03.nat.ispisp.com.cn,0.4
cs566.cc.wpc.rhocdn.net,0.4
download.bitdefender.com.bscedge.com,0.4
zlxicp.v.bscedge.com,0.4
gbres.dfcfw.com.w.cdngslb.com,0.4
offlineshanghai-sh.st.dianping.com,0.4
ds-global3.l7.search.ystg1.b.yahoo.com,0.4
s3.cn-north-1.amazonaws.com.cn,0.4
inf-epd.hl.int-ext.sankuai.com,0.4
inf-epd.hl.vip.meituan.com,0.4
poolct.17173.com,0.4
ocecdn.oraclecloud.com.edgekey.net,0.4
e11445.dscx.akamaiedge.net,0.4
hl4xaltilncdwyu7biga-pu0tic-894910fad.ipv4-only.cname.clienttons.com,0.4
w4dasvaxfdy4syu6435q-f-822360e1e.ipv4-only.cname.clienttons.com,0.4
w4dasvax373seyu6jtoq-f-0ab88225e.ipv4-only.cname.clienttons.com,0.4
w4dasvfygntbgyu6ibyq-f-463a5e530.ipv4-only.cname.clienttons.com,0.4
vm100.cs.stir.ac.uk,0.4
zj2fdlixfqz3eyu6llhq-f-ebde4bc11.ipv4-only.cname.clienttons.com,0.4
pdwk5qg7oegtsyu7mr7q-f-dd771b094.ipv4-only.cname.clienttons.com,0.4
keyvalueservice.fe.apple-dns.cn,0.4
appmall-prd-1258960627.file.myqcloud.com.cdn.dnsv1.com,0.4
1ay15xiu.sched.sma.tdnsstic1.cn,0.4
dualstack.j.sni.global.fastly.net,0.4
webhost8.ust.hk,0.4
r5.sn-i3b7knsd.gvt1.com,0.4
newcomm.weixin.qq.com,0.4
sznewcomm.weixin.qq.com,0.4
cluster.technolutions.net,0.4
msch.b.qianxincdn.com,0.4
ckdatabasews.fe.apple-dns.cn,0.4
shunt-im.wdfangyi.com,0.4
shunt-im-fy07bxb1.wdfangyi.com,0.4
trouter-azsc-uswe-0-a.cloudapp.net,0.4
host.zgsydw.com,0.4
hostcdn.zgsydw.com,0.4
all.zgsydw.com.ctadns.cn,0.4
latale.autopatch.sdo.com.gosuncdn.com,0.4
gsvc.cty.gosuncdn.com,0.4
gsvc.cty.gosuncdn.com.ctadns.cn,0.4
zj2fdlixfqz3eyu6pnva-f-d363b4031.ipv4-only.cname.clienttons.com,0.4
nature.zapnito.com,0.4
leads-tiancheng.oss-cn-beijing.aliyuncs.com.gds.alibabadns.com,0.4
shared-lb-lb1.gcp.bigcommerce.net,0.4
www.educity.cn.w.cdngslb.com,0.4
sbux-integration-openapi-stable.gtm.starbucks.com,0.4
mz.aqd-301.com,0.4
cq.301jump.com,0.4
w4dasvaxij5asyu6qq4q-f-ee979d969.ipv4-only.cname.clienttons.com,0.4
ma2httmbbd8djlomqdpjus4czc2khozi.alicloudwaf.com,0.4
zj2fdlixfqz3eyu6qsjq-f-4ee24123a.ipv4-only.cname.clienttons.com,0.4
gsa.idms-apple.com.akadns.net,0.4
vodkgeyttp9c.vod.126.net.163jiasu.com,0.4
vodkgeyttp9c.vod.126.net.w.kunluncan.com,0.4
w4dasvfydj7tsyu6sreq-f-520551de5.ipv4-only.cname.clienttons.com,0.4
w4dasvax2ll5eyu6owza-f-416ba3ec4.ipv4-only.cname.clienttons.com,0.4
w4dasxixilaz4yu7hakq-f-bd41d88e1.ipv4-only.cname.clienttons.com,0.4
ems-nwu-edu-cn.cname.saaswaf.com,0.4
mail.aliyun.com.gds.alibabadns.com,0.4
mmgamevideo.qpic.cn.svideolego-dk.sched.dcloudstc.com,0.4
w4dasvfyde4qeyu62srq-f-3ddc7047c.ipv4-only.cname.clienttons.com,0.4
w4dasvax373seyu6jwda-f-3cf4d010d.ipv4-only.cname.clienttons.com,0.4
stshy.itx.helsinki.fi,0.4
noam.upsconsumer.presence.trafficmanager.net,0.4
zj2fcdqxfdy2syu6ytiq-f-fbb5d21be.ipv4-only.cname.clienttons.com,0.4
socket.pan.n.shifen.com,0.4
cdog01.gds.alibaba-inc.com,0.4
api-mojang-com-bxfdd0a4f8c6frfz.z01.azurefd.net,0.4
w4dasvfydplqsyu7cgfa-f-dcab47e63.ipv4-only.cname.clienttons.com,0.4
lv-everphoto.ulikecam.com.bytedns1.com,0.4
lv-everphoto.ulikecam.com.w.cdngslb.com,0.4
lv-everphoto.ulikecam.com.queniurc.com,0.4
b.sh.vip.dianping.com,0.4
explicit-explicit.bing.net.trafficmanager.net,0.4
star-explicit-bing-net.a-0002.a-msedge.net,0.4
a-0002.a-msedge.net,0.4
san.resmed.com.edgekey.net,0.4
e4822.x.akamaiedge.net,0.4
9e27f264b23524cac3d519d6f464357a.qcloudwzgj.com,0.4
753221f3763a2aa7-cl2.qcloudwzgj.com,0.4
trackingshipment.isg-apple.com.akadns.net,0.4
d1ilmvg25bc920.cloudfront.net,0.4
zj2fdlixfqz3eyu6mv7a-f-f814ad576.ipv4-only.cname.clienttons.com,0.4
instream.casalemedia.com.edgekey.net,0.4
e8037.e2.akamaiedge.net,0.4
h-citibank-cn.online-metrix.net,0.4
78401d40a7294905d75b8069bb3c0a7f.qcloudwzgj.com,0.4
ad-sh-sz-zb.wagbridge.tanx.alimama.com.gds.alibabadns.com,0.4
default.cn.wagbridge.ad.alibabacorp.com,0.4
default.cn.wagbridge.ad.alibabacorp.com.gds.alibabadns.com,0.4
default.cn.sz.wagbridge.ad.alibabacorp.com,0.4
default.cn.sz.wagbridge.ad.alibabacorp.com.gds.alibabadns.com,0.4
zj2fdlixfqzxuyu6kmxq-f-99d1646e7.ipv4-only.cname.clienttons.com,0.4
ipv6-static.dns.iqiyi.com,0.4
xcx.qcc.com.w.alikunlun.com,0.4
w4dasvfygoo5iyu66nga-f-79636074e.ipv4-only.cname.clienttons.com,0.4
lb.wordpress.com,0.4
na61-na62.wagbridge.alibaba-work.taobao.com,0.4
na61-na62.wagbridge.alibaba-work.taobao.com.gds.alibabadns.com,0.4
default.cn.wagbridge.work.alibabacorp.com,0.4
default.cn.wagbridge.work.alibabacorp.com.gds.alibabadns.com,0.4
default.cn.zb.wagbridge.work.alibabacorp.com,0.4
default.cn.zb.wagbridge.work.alibabacorp.com.gds.alibabadns.com,0.4
img12.jiwu.com.cdn.dnsv1.com,0.4
0fbi4udr.sched.sma.tdnsstic1.cn,0.4
wst.ahzwfw.gov.cn.w.kunlungr.com,0.4
offline.specialcdnstatus.com,0.4
affim.e.shifen.com,0.4
omp-img.lrts.me.scc.topgslb.com,0.4
kuwo.gslb.topgslb.com,0.4
eaaq3kbacyq7ajqacqlqa5qerrrj5nh3-f-645320117.cname.clienttons.com,0.4
infinity-private-infinitynewtab-com-idvewrl.qiniudns.com,0.4
chinaweb90.china.line.qiniudns.com,0.4
opencdnqiniustaticv6.jomodns.com,0.4
www.nbwz.com,0.4
d5lypkn49khck.cloudfront.net,0.4
dlcrd6hmx7i2q.cloudfront.net,0.4
zj2fdlixfqzxuyu6n2nq-f-546fc8e15.ipv4-only.cname.clienttons.com,0.4
dypay.douyin.com.bytedns1.com,0.4
dypay.douyin.com.w.cdngslb.com,0.4
dypay.douyin.com.queniuiq.com,0.4
s3-w.ap-south-1.amazonaws.com,0.4
infoflow.n.shifen.com,0.4
klimaatadaptatie.nl,0.4
w4dasvaxfdy4syu6fpxq-f-3556b8dbf.ipv4-only.cname.clienttons.com,0.4
resolver.cloudflare-eth.com,0.4
img.mingyantong.com.cname.yunjiasu-cdn.net,0.4
img.mingyantong.com.a.bdydns.com,0.4
w4dasvdimj2seyu67xqq-f-674cd74ce.ipv4-only.cname.clienttons.com,0.4
w4dasvfydj7scyu7nqva-p5wfvd-4e404245c.ipv4-only.cname.clienttons.com,0.4
w4dasvfydj7tsyu6sn2a-f-45260d1fc.ipv4-only.cname.clienttons.com,0.4
378376e7.lanzoub.com.cdn.dnsv1.com.cn,0.4
1x9upbw8.slt.sched.tdnsv8.com,0.4
pdwk523ilnctuyu7eyta-pxa66h-d86b25cf9.ipv4-only.cname.clienttons.com,0.4
112.cn.nowodds.com,0.4
w4dasvaxzhmecyu7amhq-ptl4iv-02f67471f.ipv4-only.cname.clienttons.com,0.4
cacheyd3hw.10jqka.com.cn,0.4
lgmain.cdn.lagou.com,0.4
hl4xagdilnccuyu7glia-p824u1-761b7b5d7.ipv4-only.cname.clienttons.com,0.4
init-cdn.itunes-apple.com.akadns.net,0.4
init-china.itunes-apple.com.akadns.net,0.4
ioshost.qtlcdn.com,0.4
183.6.9.84_s-23.48.214.147_ts-1654590180.cname.clienttons.com,0.4
account.wiley.com.cdn.cloudflare.net,0.4
hl4xaxdilnccuyu6wjva-p1n48l-e56b7f2e0.ipv4-only.cname.clienttons.com,0.4
api.open.blog.sina.com.cn,0.4
static-xesapi.speiyou.com.cdn.dnsv1.com.cn,0.4
bymc6g1e.sched.sma.tdnsstic1.cn,0.4
rutgersconnect.sharepoint.com,0.4
2190-ipv4v6e.clump.dprodmgd105.aa-rt.sharepoint.com,0.4
192409-ipv4v6e.farm.dprodmgd105.aa-rt.sharepoint.com,0.4
192409-ipv4v6w.farm.dprodmgd105.sharepointonline.com.akadns.net,0.4
192409-ipv4v6.farm.dprodmgd105.aa-rt.sharepoint.com.dual-spo-0005.spo-msedge.net,0.4
192409-ipv4v6.farm.dprodmgd105.aa-rt.sharepoint.com,0.4
updc6.upyun.com,0.4
dcpxy6.upyun.com,0.4
lh-tingshu-business.lizhiweike.com.eo.dnse0.com,0.4
www.vishay.com.edgekey.net,0.4
e4772.b.akamaiedge.net,0.4
api.changba.com,0.4
zj2fdlixfqz3eyu6q2da-f-859a98706.ipv4-only.cname.clienttons.com,0.4
w4dasvaxgurbqyu64hkq-f-d41deb9c7.ipv4-only.cname.clienttons.com,0.4
xingshi.tongji.edu.cn,0.4
staticfile.golue.com.cdn.dnsv1.com.cn,0.4
mj41cbbp.slt.sched.tdnsv8.com,0.4
www.shenzhenair.com.wscdns.com,0.4
xczspool.grid.sinaedge.com,0.4
world.relay.skype.com,0.4
worldaz.relay.skype.trafficmanager.net,0.4
b-tr-skysc-asse-01.southeastasia.cloudapp.azure.com,0.4
ota-baidu.cdn.bcebos.com.a.bdydns.com,0.4
opencdnbaiduotadl.jomodns.com,0.4
w4dasvaxfdy2syu6z4ja-f-c92b64109.ipv4-only.cname.clienttons.com,0.4
steadyrun.com,0.4
epiphany.gaodun.com.w.cdngslb.com,0.4
w4dasvaxhp6icyu6hpfa-f-687e54fec.ipv4-only.cname.clienttons.com,0.4
ggx08.miguvideo.com,0.4
ggxzq.miguvideo.com,0.4
img7-build.jiwu.com.cdn.dnsv1.com,0.4
qi7fqegk.sched.sma.tdnsstic1.cn,0.4
availability.fe.apple-dns.cn,0.4
zj2fdlixfqz3eyu6k6bq-f-d80567e5e.ipv4-only.cname.clienttons.com,0.4
w4dasvaxfdy4syu6troq-f-6e78d4220.ipv4-only.cname.clienttons.com,0.4
w4dasvfygoo5iyu66kna-f-6a8aa38eb.ipv4-only.cname.clienttons.com,0.4
rogue.vipbg.vcu.edu,0.4
cdn-4wc2a02n.cdn.dnsv1.com,0.4
4wc2a02n.slt-dk.sched.tdnsv8.com,0.4
cos.accelerate.myqcloud.com,0.4
w4dasvaxfdy4syu7bbyq-f-ebe1aa374.ipv4-only.cname.clienttons.com,0.4
data-leopard1.vip.meituan.com,0.4
cyri-publi-1sgjobf8okcg-2114009387.us-east-1.elb.amazonaws.com,0.4
dlcdnamaxcntwinapps.asus.com.cn.cdnudns.com,0.4
dlsvr04.huashuo.cdnudns.com,0.4
mmjs.csai.cn.cname3189.yjs-cdn.com,0.4
zj2fdlixfqz3eyu6pfxa-f-d670f506d.ipv4-only.cname.clienttons.com,0.4
wu-fg-shim.trafficmanager.net,0.4
fg.download.windowsupdate.com.mwcname.com,0.4
w4dasvdimj2seyu7mcdq-f-56df2f73a.ipv4-only.cname.clienttons.com,0.4
w4dasvfyde4ieyu652ua-ppmw5v-9b5f3bd9b.ipv4-only.cname.clienttons.com,0.4
w4dasvfygjme6yu6x6pq-f-23f34edb0.ipv4-only.cname.clienttons.com,0.4
1521425662.rsc.cdn77.org,0.4
d1slxv245is3xf.cloudfront.net,0.4
lbb.cau.edu.cn,0.4
mt-vod.smzdm.com.cdn.dnsv1.com,0.4
dqbywuns.sched.vodlego-dk.tdnsvod4.cn,0.4
mpa.zju.edu.cn,0.4
w4dasvfygphbgyu6w6aq-f-67a916f9b.ipv4-only.cname.clienttons.com,0.4
pdwk5paxzirruyu7ltba-pwzef4-67f3823d2.ipv4-only.cname.clienttons.com,0.4
my.gxrczc.com.8a4d559f.cdnhwcpsd13.com,0.4
hcdnw101.v3.ipv6.cdnhwcprh113.com,0.4
world.people.com.cn.wscdns.com,0.4
bnb-prod-mbx-pubwsp-rus-819964533.ap-northeast-1.elb.amazonaws.com,0.4
passport.1905.com.wswebcdn.com,0.4
familyws.fe2.apple-dns.net,0.4
et.softidc.gaofangm.com,0.4
wt3z6p85-u.gaofangz.com,0.4
7jv8x5b3.n.gaofangz.com,0.4
w4dasvaxhxbggyu6vwuq-f-336977dab.ipv4-only.cname.clienttons.com,0.4
download.skycn.com.a.bdydns.com,0.4
w4dasvaxfdy4syu6flnq-f-2cb836b66.ipv4-only.cname.clienttons.com,0.4
webvpn.zju.edu.cn,0.4
u4.avcdn.net.edgesuite.net,0.4
a27.dscd.akamai.net,0.4
dept1-live.drupal.uis.cam.ac.uk,0.4
tm-128-232-132-21.tm.uis.cam.ac.uk,0.4
zj2fdlixfqz3eyu6rapq-f-87f60760b.ipv4-only.cname.clienttons.com,0.4
fpms7xfprf74h2d5gsvqeytlzljba0e3.yundunwaf2.com,0.4
195982-ipv4e.farm.dprodmgd106.aa-rt.sharepoint.com,0.4
195982-ipv4w.farm.dprodmgd106.sharepointonline.com.akadns.net,0.4
195982-ipv4.farm.dprodmgd106.aa-rt.sharepoint.com.dual-spo-0006.spo-msedge.net,0.4
mfs.msn.com.nsatc.net,0.4
wap.cztv.com.w.alikunlun.com,0.4
1374935318.rsc.cdn77.org,0.4
pus-mvp.trafficmanager.net,0.4
id.ustb.edu.cn,0.4
inkscape1.osuosl.org,0.4
css.znzmo.com.w.kunlungr.com,0.4
202.116.81.14_s-23.196.47.91_ts-1654567582.cname.clienttons.com,0.4
shibboleth.wip.ebscohost.com,0.4
shibboleth-pi.ehost-live.eislz.com,0.4
dd6qg4wn9ejpd.cloudfront.net,0.4
s113.photo.store.qq.com,0.4
blob.sg2prdstr11a.store.core.windows.net,0.4
pearl.bloomu.edu,0.4
blmc01-miscp1.itd.commonwealthu.edu,0.4
fxhh.jd.com.gslb.qianxun.com,0.4
virginia.us1.api-lb.twilio.com,0.4
self-healing.api-alb.us1.api-lb.twilio.com,0.4
ien-alb-bapi-b-156106065.us-east-1.elb.amazonaws.com,0.4
zj2fdlixfqz3eyu6pmvq-f-728d3083d.ipv4-only.cname.clienttons.com,0.4
lady.people.com.cn.ctdns.cn,0.4
xzjg.ahu.edu.cn,0.4
fw.mysuperdns.com,0.4
w4dasvaxfdy4syu7a5qq-f-5271bea1b.ipv4-only.cname.clienttons.com,0.4
wildcard.mathworks.com.edgekey.net,0.4
e1597.x.akamaiedge.net,0.4
mk4e428.impervadns.net,0.4
cdn-nfzolhaw.cdn.dnsv1.com,0.4
nfzolhaw.sched.sma-dk.tdnsstic1.cn,0.4
zj2fdlixfqz3eyu6mwra-f-73cb4d39f.ipv4-only.cname.clienttons.com,0.4
2022-2-h7ahccb5hecsf0ep.z01.azurefd.net,0.4
zj2fdlixfqz3eyu6q7ea-f-64a20663f.ipv4-only.cname.clienttons.com,0.4
w4dasvdimj2tayu67ria-f-b0e79e737.ipv4-only.cname.clienttons.com,0.4
auth.cdnswitch.vmware.com,0.4
s751x.vmware.com.edgekey.net,0.4
e751.dsca.akamaiedge.net,0.4
wxpublic-1251448646.file.myqcloud.com.cdn.dnsv1.com,0.4
pnhhhu0u.sched.sma.tdnsstic1.cn,0.4
t10img.yangkeduo.com.bsgslb.cn,0.4
zpinddipv6-3.v.bsgslb.cn,0.4
westeurope1-0-pushnp.trafficmanager.net,0.4
domain.zaih.com,0.4
falcon-proxy-1993574618.cn-northwest-1.elb.amazonaws.com.cn,0.4
www.chevrolet.ca.edgekey.net,0.4
e71337.a.akamaiedge.net,0.4
18385-ipv4e.farm.prod.aa-rt.sharepoint.com,0.4
18385-ipv4w.farm.prod.sharepointonline.com.akadns.net,0.4
18385-ipv4.farm.prod.aa-rt.sharepoint.com.dual-spo-0006.spo-msedge.net,0.4
18385-ipv4.farm.prod.aa-rt.sharepoint.com,0.4
db-files.fe.1drv.com,0.4
odc-db-files-geo.onedrive.akadns.net,0.4
db-files.ha.1drv.com,0.4
fe-fc-v6.op.58.com,0.4
mqtt-web.zhihu.com.dsa.dnsv1.com,0.4
2076077.sched.d0.tdnsdp1.cn,0.4
na61-na62.wagbridge.alibaba.1688.com,0.4
na61-na62.wagbridge.alibaba.1688.com.gds.alibabadns.com,0.4
w4dasvaxfdy4syu67veq-f-527a11d68.ipv4-only.cname.clienttons.com,0.4
photos-sony-res.flyme.com.a.bdydns.com,0.4
w4dasvax2cgiayu6ukdq-f-d7b7568cb.ipv4-only.cname.clienttons.com,0.4
4eclybtjgmpwi1mm3iqcvbm41hyjkp9d.aliyunwaf.com,0.4
pgpdl.biligame.com.m.alikunlun.com,0.4
secgw-na61-na62.wagbridge.alibaba.alibabacorp.com,0.4
secgw-na61-na62.wagbridge.alibaba.alibabacorp.com.gds.alibabadns.com,0.4
officialshop.oss-cn-beijing.aliyuncs.com.gds.alibabadns.com,0.4
www.security.online-banking.hsbc.com.hk.edgekey.net,0.4
e64693.b.akamaiedge.net,0.4
v27-cold.douyinvod.com.vod.galileo.jcloud-cdn.com,0.4
tt-vod-cold-sched.jcloudimg.com,0.4
zj2fdlixfqz3eyu6mziq-f-172f417aa.ipv4-only.cname.clienttons.com,0.4
radio.itunes.apple.com.edgekey.net,0.4
e673.dsce9.akamaiedge.net,0.4
ctc.igtimg.tc.qq.com,0.4
ctc.i.gtimg.cn.x2s.sched.dcloudstc.com,0.4
w4dasvc4po6vayu6g2oq-f-37ea9633e.ipv4-only.cname.clienttons.com,0.4
extranet-ai-preview-pri-c3.alb.xiaomi.com,0.4
zj2fdlixfqzxuyu6p3aa-f-70ca16a7b.ipv4-only.cname.clienttons.com,0.4
ak.hetaruwg.com.edgesuite.net,0.4
a923.b.akamai.net,0.4
ckdatabase.fe2.apple-dns.net,0.4
ins-zqhsml8w.ias.tencent-cloud.net,0.4
183.6.9.99_s-23.56.4.26_ts-1654606702.cname.clienttons.com,0.4
w4dasvaxacrsqyu64alq-f-364a381b0.ipv4-only.cname.clienttons.com,0.4
zj2fdlixfqz3eyu6s2ea-f-14c1faddb.ipv4-only.cname.clienttons.com,0.4
cms.sina.cn,0.4
gz-rr1.internet-g.spanner.alipaydns.com,0.4
gz-rr1.internet.v6.spanner.alipaydns.com,0.4
zj2fdlixfqzveyu6gkyq-f-069418a8f.ipv4-only.cname.clienttons.com,0.4
ds-2081.oss-acc-allline.aliyuncs.com,0.4
ds-2081.oss-acc-allline.aliyuncs.com.gds.alibabadns.com,0.4
cn-shenzhen-ds-2081.oss-acc.aliyuncs.com,0.4
hl4xaltiksysoyu6vhlq-f-4326aff41.ipv4-only.cname.clienttons.com,0.4
ee.sdu.edu.cn,0.4
prod00.cnx.org,0.4
zj2fdlixfqzxuyu6rfaq-f-9283c7829.ipv4-only.cname.clienttons.com,0.4
forpci27.actonsoftware.com,0.4
rr1.sn-i3co-i3bee.gvt1.com,0.4
kjc.hzu.edu.cn,0.4
mat1.gtimg.com,0.4
mat1.gtimg.com.cloud.tc.qq.com,0.4
mat1.gtimg.mid.tdnsv6.com,0.4
mat1.gtimg.com.sched.legopic2-dk.tdnsv6.com,0.4
home862331835.mywebspace.zone,0.4
public-19x19-com.oss-cn-beijing.aliyuncs.com,0.4
w4dasvaxfdy4syu7babq-f-b21c71c0b.ipv4-only.cname.clienttons.com,0.4
w4dasvc4po6vayu6gykq-f-d1d9b64ca.ipv4-only.cname.clienttons.com,0.4
7a281560aa4e17e3.cdn.jiashule.com,0.4
wafcnc.jnu.edu.cn,0.4
s202.pc51.com,0.4
6918a8055fffc12f.vip.jiasule.org,0.4
ym.gslb.qianxun.com,0.4
trekcdnprod.ec.azureedge.net,0.4
parlinfo-adaff8dxa4h2akfp.z01.azurefd.net,0.4
buguceshi.oss-cn-shenzhen.aliyuncs.com.gds.alibabadns.com,0.4
120.236.174.217_s-223.119.50.222_ts-1654540090.cname.clienttons.com,0.4
lf.hebnews.cn.w.kunlunaq.com,0.4
gurgle.zdbb.net,0.4
dlgj.legodlied1.sched.dcloudstc.com,0.4
hc-szx-vip.szx.ifanr.com,0.4
bud.b24.cn,0.4
s600830862.sc.en25.com,0.4
s600830862.sc.en25.com.edgekey.net,0.4
e181756.x.akamaiedge.net,0.4
s3-us-west-2-w.amazonaws.com,0.4
gduf-edu-cn.cname.saaswaf.com,0.4
gdedu-ipv6.cache.saaswaf.com,0.4
circle-1256420804.file.myqcloud.com.cdn.dnsv1.com,0.4
0cq0copw.sched.sma.tdnsstic1.cn,0.4
zj2fdlixfqz3eyu6rtfq-f-47300d2dc.ipv4-only.cname.clienttons.com,0.4
r9.sn-ni57rn7s.c.2mdn.net,0.4
zj2fdlixfqzxuyu6khya-f-72e801d4c.ipv4-only.cname.clienttons.com,0.4
hdjs.bigda.com.w.alikunlun.com,0.4
cos.image.joox.com.cdn.dnsv1.com,0.4
01313729.tweb.sched.ovscdns.com,0.4
pdwk5uaxjspowyu62x3q-f-9c71697a3.ipv4-only.cname.clienttons.com,0.4
configpatch.xunyou.com.c.cdnhwc1.com,0.4
hcdnd120.global.c.cdnhwc6.com,0.4
lbs-slb.mobile.yandex.net,0.4
ab389abbd6d41830e.awsglobalaccelerator.com,0.4
ata2-img.oss-cn-zhangjiakou.aliyuncs.com.gds.alibabadns.com,0.4
185wzq6.upc.edu.cn,0.4
erp.idc.scu.edu.tw,0.4
travis-scott-shop.myshopify.com,0.4
sub-static.jjwxc.net-1310637227.shared.cdn.dnsv1.com,0.4
j1cf6c8y.sched.sma.tdnsstic1.cn,0.4
cdndownloadins.21wecan.com.ctadns.cn,0.4
ins-rmy5cwo1.ias.tencent-cloud.net,0.4
www.ningde.gov.cn.ctacdn.cn,0.4
w4dasvfydplqsyu7g5va-f-0a7f179c5.ipv4-only.cname.clienttons.com,0.4
wildcard.bst.126.net.163jiasu.com,0.4
wildcard.bst.126.net.trpcdn.net,0.4
z163pic.v.trpcdn.net,0.4
w4dasvdimj2seyu67yxa-f-9fa302ef7.ipv4-only.cname.clienttons.com,0.4
v5-f-gzcm06.douyinvod.com.yangyi19.com,0.4
dy-vod-gzcm06.net.fcloudpaas.com,0.4
api.duapp.n.shifen.com,0.4
zzxx.gdhrss.gov.cn.w.kunlunca.com,0.4
zj2fdlixfqzxuyu6lxtq-f-7ff338a45.ipv4-only.cname.clienttons.com,0.4
ins-d5ascgbf.ias.tencent-cloud.net,0.4
pdwk5zqxedwrcyu7d76a-phjndu-1280bb8b3.ipv4-only.cname.clienttons.com,0.4
rr5.sn-i3b7kns6.gvt1.com,0.4
migration-autotrack.g.ebay.com,0.4
backstory.shopping.com.edgekey.net,0.4
e189811.a.akamaiedge.net,0.4
www.solidworks-p.com.edgekey.net,0.4
e12612.x.akamaiedge.net,0.4
w4dasvcfydneuyu7mjba-f-d1513a0c3.ipv4-only.cname.clienttons.com,0.4
oa.m.tencent.com,0.4
cname.bendibao.com.cn,0.4
gtm-cn-zz11nrod20b.bendibao.com.cn,0.4
cel9collection.prd.kddiret.com,0.4
nocache.fanli.com,0.4
ins-5osezmix.ias.tencent-cloud.net,0.4
sinhalese.cri.cn.ctg.ctgcdn.cachenow.net,0.4
sinhalese.cri.cn.ctdns.cn,0.4
www.sellersprite.com.w.cdngslb.com,0.4
eaaqeubqaijeajqacqlxqaaaabrj6r4k-f-eec94b085.cname.clienttons.com,0.4
ckcoderouter.fe2.apple-dns.net,0.4
blob.lvl02prdstr09c.store.core.windows.net,0.4
w4dasvdildgkayu7ovpq-f-ad8b152e5.ipv4-only.cname.clienttons.com,0.4
w4dasvfm5awkayu63n4a-f-ef56ba322.ipv4-only.cname.clienttons.com,0.4
w4dasvfm5awkayu63l5a-f-a99ecd590.ipv4-only.cname.clienttons.com,0.4
fe-out-v6.op.58.com,0.4
sona2.music.126.net.163jiasu.com,0.4
sona2.music.126.net.w.cdngslb.com,0.4
portal.azure.com,0.4
portal.azure.com.trafficmanager.net,0.4
dukt9g6vj8lpb.cloudfront.net,0.4
w4dasvaxfdy4syu7kzea-f-a136ad782.ipv4-only.cname.clienttons.com,0.4
zj2fdlixfqz3eyu6piya-f-fdafef4c2.ipv4-only.cname.clienttons.com,0.4
mail.live.com,0.4
outlook-fd-0010.live.com,0.4
a-0010.a-msedge.net,0.4
ie.2345.cc,0.4
ald-lamp-us.alicdn.com.w.cdngslb.com,0.4
f-mall.jd.com.gslb.qianxun.com,0.4
ah.weather.com.cn.c.cdnhwc1.com,0.4
mdisk.spdb.com.cdn.cmvideo.cn,0.4
mdisk.spdb.com.cn.volcgslb.com,0.4
agencybig.bs2dl.yy.com.a.bdydns.com,0.4
opencdncloud.jomodns.com,0.4
moonshinephilly.com,0.4
a121446.sandai.net,0.4
klive-play.kaochong.com.w.cdngslb.com,0.4
wc.js.ubembed.com.cdn.cloudflare.net,0.4
zj2fdlixfqz3eyu6lcoq-f-394d7d101.ipv4-only.cname.clienttons.com,0.4
evening-duck-35d7hx134rzlazgm7cvoenir.herokudns.com,0.4
ng.shmtu.edu.cn,0.4
w4dasvfydj7usyu6sdaq-f-d07df5597.ipv4-only.cname.clienttons.com,0.4
pdwk5wixzbficyu66ama-f-21caff9f8.ipv4-only.cname.clienttons.com,0.4
www.harpersbazaar.com.hk.w.alikunlun.com,0.4
d3mop092koehdk.cloudfront.net,0.4
w4dasvfyd4ameyu6vtka-f-adc3f570c.ipv4-only.cname.clienttons.com,0.4
120.236.174.226_s-23.48.201.42_ts-1654612720.cname.clienttons.com,0.4
120.236.174.245_s-184.26.91.30_ts-1654594675.cname.clienttons.com,0.4
img.mailin.fr,0.4
www.hn.xinhuanet.com.ctadns.cn,0.4
ottimg.cdn.pandora.xiaomi.com.cdn.dnsv1.com,0.4
ty-default.sched.dma.tdnsdl1.cn,0.4
ext-eu-kt-albwaf-01-436128565.eu-west-1.elb.amazonaws.com,0.4
edge-101.hkhkg.ce.apple-dns.net,0.4
jrlxwc4zqkvu8t9h7mva4e9fdlgmzwzh.yundunwaf3.com,0.4
smartgate.changsha.gov.cn.05e36f18.c.cdnhwc1.com,0.4
smartgate.changsha.gov.cn.cdn20.com,0.4
cdn-ws.content.steamchina.com.wsdvs.com,0.4
hl4xajaxfdy2syu6zxcq-f-e71c30a79.ipv4-only.cname.clienttons.com,0.4
r2.sn-un57sn7y.gvt1.com,0.4
ds-3103.oss-acc-allline.aliyuncs.com,0.4
ds-3103.oss-acc-allline.aliyuncs.com.gds.alibabadns.com,0.4
zj2fdlixfqzxuyu6lqnq-f-21d16955c.ipv4-only.cname.clienttons.com,0.4
195858-ipv4.farm.dprodmgd106.aa-rt.sharepoint.com,0.4
zj2fdlixfqzxuyu6l3vq-f-b53fc08d7.ipv4-only.cname.clienttons.com,0.4
d2oxvennk29kfn.cloudfront.net,0.4
statics.ys7.com.ctdns.cn,0.4
zj2fdlixfqzxuyu6t3ca-f-d500a1991.ipv4-only.cname.clienttons.com,0.4
hmchild.cn,0.4
w4dasvcapstwayu6g2ya-pgih0k-08989645e.ipv4-only.cname.clienttons.com,0.4
w4dasvaxfdy4syu643ta-f-e45d831c2.ipv4-only.cname.clienttons.com,0.4
fmfmobile.fe2.apple-dns.net,0.4
cms.tc.netease.com,0.4
secth1.southeastasia.cloudapp.azure.com,0.4
slot9430.ebay.com.edgekey.net,0.4
e9430.a.akamaiedge.net,0.4
cc361c756f.rednetdns.com,0.4
tt1069.com,0.4
mtsbigip.nature.com,0.4
www.nx.news.cn.bsgslb.cn,0.4
zj2fdlixfqz3eyu6pdna-f-1b435b61c.ipv4-only.cname.clienttons.com,0.4
d3jjfqf0ldkbgw.cloudfront.net,0.4
w4dasvfygntjwyu6isuq-f-56f63f0a6.ipv4-only.cname.clienttons.com,0.4
hbzb666.com,0.4
s3-r-w.us-east-1.amazonaws.com,0.4
fenbi-android.cn-beijing-b.log.aliyuncs.com,0.4
w4dasvaxfdy2syu67dnq-f-8e1b9d398.ipv4-only.cname.clienttons.com,0.4
wagbridge.taobao.com,0.4
sh.wagbridge.taobao.com,0.4
sh.wagbridge.taobao.com.gds.alibabadns.com,0.4
findauniversity.cdn.adglare.net,0.4
120.236.174.177_s-23.48.201.42_ts-1654615144.cname.clienttons.com,0.4
w4dasvaxfdy2syu7eyta-f-e6581696b.ipv4-only.cname.clienttons.com,0.4
m.xitongtiandi.net.8213c51d.c.cdnhwc1.com,0.4
screenshotscontent-d.xboxlive.com.edgekey.net,0.4
e87.dspg.akamaiedge.net,0.4
www.lookae.com.a.bdydns.com,0.4
opencdnkav6.jomodns.com,0.4
w4dasxqxggboqyu7hxgq-f-e8fd89206.ipv4-only.cname.clienttons.com,0.4
s141.photo.store.qq.com,0.4
w4dasvaxeqh5qyu7kfbq-f-e7b415e2e.ipv4-only.cname.clienttons.com,0.4
gtask.gslb.sinaedge.com,0.4
kln.grid.sinaedge.com,0.4
file.icve.com.cn.3f992a7e.cdnhwc8.cn,0.4
hcdnd120.vip.global.cdnhwclxu105.com,0.4
badlanderssc.fp.ps.easebar.com.edgekey.net,0.4
e3917.dscd.akamaiedge.net,0.4
traff-4.hugedomains.com,0.4
hdr-nlb8-39c51fa8696874ee.elb.us-east-1.amazonaws.com,0.4
gsm-doctor-prd.alb.dartmouth.edu,0.4
ev.www.fossil.com.edgekey.net,0.4
e6253.dsca.akamaiedge.net,0.4
ap-web-1.agora.io,0.4
ap-web-1.agoraio.cn,0.4
w4dasvax2cgiayu6vffq-f-f7f531357.ipv4-only.cname.clienttons.com,0.4
support.dji.com.w.kunluncan.com,0.4
36878c1c3846cfc1.cname.365cyd.cn,0.4
ahau.cf,0.4
gtu-c01.m.alicdn.com.danuoyi.tbcache.com,0.4
wenku.n.shifen.com,0.4
res.superqqshow.qq.com.cloud.tc.qq.com,0.4
res.superqqshow.legodlied1.sched.dcloudstc.com,0.4
s460529241.hs.eloqua.com,0.4
p06h.hs.eloqua.com,0.4
zj2fdlixfqzxuyu6ltja-f-ff90f2032.ipv4-only.cname.clienttons.com,0.4
fp275d.adn.62b21.gammacdn.net,0.4
fp275d.adn.gammacdn.net,0.4
ey.sycdn.kuwo.cn.cdn.dnsv1.com,0.4
o74f2big.sched.vplego-dk.tdnsvod4.cn,0.4
chatpc.fanxing.kugou.com,0.4
w4dasvfygjme6yu6x4xq-f-45900ab48.ipv4-only.cname.clienttons.com,0.4
matrix-prod-ipv6.ke.com,0.4
zj2fcdtiojgbeyu7b3ba-pxvznj-fadd40cef.ipv4-only.cname.clienttons.com,0.4
effect.douyin.com.bytedns1.com,0.4
effect.douyin.com.w.cdngslb.com,0.4
effect.douyin.com.queniurc.com,0.4
vpc-sh-prod.mqtt.iotgds.aliyuncs.com,0.4
vpc-sh-prod.mqtt.iotgds.aliyuncs.com.gds.alibabadns.com,0.4
zj2fdlixfqzxuyu6ooka-f-f29eebf5c.ipv4-only.cname.clienttons.com,0.4
uu.update.ntes53.netease.com,0.4
update.mmog.163.com,0.4
zj2fdlixfqz3eyu6ltsq-f-c1cf5ac82.ipv4-only.cname.clienttons.com,0.4
s3-ap-southeast-1-w.amazonaws.com,0.4
w4dasulimj2kgyu7bifq-f-eb29e318b.ipv4-only.cname.clienttons.com,0.4
phobos.itunes-apple.com.akadns.net,0.4
phobos.apple.com.edgesuite.net,0.4
a1943.dscw154.akamai.net,0.4
w4dasvaxfdy2syu7e2kq-f-f5e919cd2.ipv4-only.cname.clienttons.com,0.4
w4dasxixfdy4syu7bvrq-f-7d611695c.ipv4-only.cname.clienttons.com,0.4
eaaqeubqaijeajqacql6qaaaabrj5ide-pz4j6r-4c3ba9526.cname.clienttons.com,0.4
zj2fdlixfqz3eyu6kpxq-f-fb7f72e37.ipv4-only.cname.clienttons.com,0.4
now.eloqua.com,0.4
jdstatic-dpvs-dx.split.netease.com,0.4
cloudsgate2.larc.nasa.gov,0.4
img.tgl.qq.com.sched.legopic2-dk.tdnsv6.com,0.4
m.comic.naver.com.nheos.com,0.4
m.comic.naver.com.edgekey.net,0.4
e6030.a.akamaiedge.net,0.4
s3-w.eu-central-1.amazonaws.com,0.4
analytics-prod-gcp.ff.avast.com,0.4
w4dasvaxeqh4eyu7krjq-f-0b26ea921.ipv4-only.cname.clienttons.com,0.4
w4dasvaxgyjlqyu64oqq-f-e8f196900.ipv4-only.cname.clienttons.com,0.4
queqiao.suning.com.suninggslb.cn,0.4
tyj.zj.gov.cn.glvs.com,0.4
tyj.zj.gov.cn.v6lvs.com,0.4
intro.sohu.com.dsa.dnsv1.com.cn,0.4
gh3q0jk3.sched.d0.tdnsdp1.cn,0.4
jobomas.com,0.4
w4dasvax2cgiayu6umdq-f-719113192.ipv4-only.cname.clienttons.com,0.4
logout.xiaomi.com,0.4
s3.eu-west-2.amazonaws.com,0.4
dcucf.bepress.com,0.4
595c3991f663c8cf.cdn.jiashule.com,0.4
kong.datacamp.com,0.4
kong.datacamp.com.cdn.cloudflare.net,0.4
ds-2084.oss-acc-allline.aliyuncs.com,0.4
ds-2084.oss-acc-allline.aliyuncs.com.gds.alibabadns.com,0.4
cn-shenzhen-ds-2084.oss-acc.aliyuncs.com,0.4
edge-016.hktko1.ce.apple-dns.net,0.4
user.qunar.qunaer.com,0.4
user.cc.glbs.qunar.com,0.4
akamai-san160.exacttarget.com.edgekey.net,0.4
e76722.dscx.akamaiedge.net,0.4
zj2fdlixfqzxuyu6nvrq-f-1bd7d595b.ipv4-only.cname.clienttons.com,0.4
cipcp26785.lithium.com,0.4
d2am37byv21kyw.cloudfront.net,0.4
s3-r-w.ap-northeast-2.amazonaws.com,0.4
m.sni.global.fastly.net,0.4
ts-us1.inq.com,0.4
ts-inq-us1.trafficmanager.net,0.4
ts-inq-us1.eastus2.cloudapp.azure.com,0.4
32a4bf0030245020.vip.jiasule.org,0.4
dellhp369.sharepoint.com,0.4
2896-ipv4v6e.clump.dprodmgd106.aa-rt.sharepoint.com,0.4
platformmca-prod-r53.awscommon.mcafee.com,0.4
nlb-platformmca-a9c25d0778721dd8.elb.us-west-2.amazonaws.com,0.4
tongyuanzhanqun.bit.edu.cn,0.4
statics.eoffcn.com.a.bdydns.com,0.4
w4dasvaxemnjmyu6fxqa-f-0c0e08405.ipv4-only.cname.clienttons.com,0.4
w4dasvaxfpylayu6faza-f-9638b067b.ipv4-only.cname.clienttons.com,0.4
w4dasyqxfdy4syu667ga-f-b0e239097.ipv4-only.cname.clienttons.com,0.4
blob.par60prdstr01a.store.core.windows.net,0.4
star2.cdn-pci.optimizely.com.edgekey.net,0.4
e10448.f.akamaiedge.net,0.4
w4dasvaxeqbfcyu6xufq-f-509875074.ipv4-only.cname.clienttons.com,0.4
zj2fdlixfqzxuyu6lqra-f-f34cd3df8.ipv4-only.cname.clienttons.com,0.4
gedu.fjnu.edu.cn.ctacdn.cn,0.4
mdanderson.pure.elsevier.com,0.4
zj2fdjyxjtqsmyu7a2xa-f-ad1e2930b.ipv4-only.cname.clienttons.com,0.4
specials.jd.hk.gslb.qianxun.com,0.4
adxstatic.vivo.com.cn.cdn.dnsv1.com.cn,0.4
faglo2ez.sched.d1p.tdnsdl1.cn,0.4
1253159997.vod2.myqcloud.com.cdn.dnsv1.com,0.4
28jarx2u.sched.vodlego-dk.tdnsvod4.cn,0.4
web.ssec.wisc.edu,0.4
mast.9xu.com,0.4
9xu.com,0.4
gw2.178.com.a.bdydns.com,0.4
202.116.81.14_s-23.63.243.153_ts-1654589867.cname.clienttons.com,0.4
xixiwg.com,0.4
marketplace.huaweicloud.com.cdn.dnsv1.com,0.4
6ujd49y1.sslego.tcloudscdn.com,0.4
w4dasvaxgluuqyu6weea-f-6cccbd5df.ipv4-only.cname.clienttons.com,0.4
thetestpage.39.net.cname1742.yjs-cdn.com,0.4
srvpool.eqxiu.com,0.4
middle.webapp.163.com,0.4
kgnopipv6.kugou.com,0.4
pcslowvideo.jomodns.com,0.4
picard.innan.net,0.4
w4dasvaxeqh5qyu7j77q-f-71f67c6fe.ipv4-only.cname.clienttons.com,0.4
mce-gateway.flyme.com,0.4
navimon.map.n.shifen.com,0.4
api.cupid.dns.iqiyi.com,0.4
w4dasvaxgyjlqyu64r5q-f-9d2cff78e.ipv4-only.cname.clienttons.com,0.4
dualstack.com.imgix.map.fastly.net,0.4
w4dasvaxeqh4eyu7kera-f-3867f32a4.ipv4-only.cname.clienttons.com,0.4
paradisestatic.vivo.com.cn.ctdns.cn,0.4
multi-domain.ctxcdn.net.w.cdngslb.com,0.4
w4dasvfyde4sqyu62qsq-f-d451f00ef.ipv4-only.cname.clienttons.com,0.4
resource-360dhf-cn-idvh9wp.qiniudns.com,0.4
chinaweb55.china.line.qiniudns.com,0.4
pm123.taobao.com.w.cdngslb.com,0.4
sls-qdou-app.cn-hangzhou-b.log.aliyuncs.com,0.4
w4dastqxfdy4syu6upxq-f-ab934cfb2.ipv4-only.cname.clienttons.com,0.4
cnews.chinadaily.com.cn.wjgslb.com,0.4
w4dasvaxij5asyu6qnzq-f-d24ea0c5a.ipv4-only.cname.clienttons.com,0.4
edge-232.hkhkg.ce.apple-dns.net,0.4
pro-succes2022-e3xf.azurewebsites.net,0.4
waws-prod-ty1-061.sip.azurewebsites.windows.net,0.4
waws-prod-ty1-061-ef5f.japaneast.cloudapp.azure.com,0.4
1255695498.rsc.cdn77.org,0.4
hlg-zs.oss-cn-zhangjiakou.aliyuncs.com.gds.alibabadns.com,0.4
portal.discover.com.edgekey.net,0.4
e14577.x.akamaiedge.net,0.4
sdarlasplitroute.gapx.yahoodns.net,0.4
us-east-1.route-1.000webhost.awex.io,0.4
uoweduau-lb01-production.terminalfour.net,0.4
zj2fdlixfqz3eyu6llva-f-15909d35b.ipv4-only.cname.clienttons.com,0.4
multi-az-ad.kuaishou.com,0.4
www.scidown.cn.w.kunlunpi.com,0.4
cb.sailthru.com,0.4
ha-link.sailthru.com,0.4
haproxy-prod-link-nlb-9484743b55d7f6b1.elb.us-east-1.amazonaws.com,0.4
all5joy-test.oss-cn-beijing.aliyuncs.com.gds.alibabadns.com,0.4
a4yy3c3.x.incapdns.net,0.4
app-os-exopge.epfl.ch,0.4
a301.w62d.akamai.net,0.4
a301.w62d.akamai.net.0.1.cn.akamaitech.net,0.4
pop.mail.10086.cn,0.4
crs-cloudapps.xglb.cisco.com,0.4
scontent.xx.fbcdn.net,0.4
zj2fdlixfqz3eyu6liza-f-74f224b52.ipv4-only.cname.clienttons.com,0.4
ins-tp848c10.ias.tencent-cloud.net,0.4
bf05fda04fa74e5cbf4c822b2d9c518f.waf.huaweicloud.com,0.4
zo5bsdfygntdgyu66qwa-f-217d64298.ipv4-only.cname.clienttons.com,0.4
eaaqeubqai4majqacqlxqaaaabrj55p7-prmh3u-87244db88.cname.clienttons.com,0.4
emoji.cdn.bcebos.com.a.bdydns.com,0.4
zj2fdlixfqz3eyu6s3pq-f-af29cbc7b.ipv4-only.cname.clienttons.com,0.4
pdwk5pg7o7yaqyu7hmoa-f-07a4003bc.ipv4-only.cname.clienttons.com,0.4
sowhat.gdown.baidu.com.a.bdydns.com,0.4
w4dasvax2ll5eyu6jpvq-f-6e2ebdeba.ipv4-only.cname.clienttons.com,0.4
www-2.byrd.osu.edu,0.4
ferctec.ng.impervadns.net,0.4
alb00000126.dpool.sina.com.cn,0.4
20.courier2-push-apple.com.akadns.net,0.4
apac-china-courier-vs.push-apple.com.akadns.net,0.4
all.to8to.com.w.kunlungr.com,0.4
ins-smjl8dck.ias.tencent-cloud.net,0.4
mbt.jd.com.gslb.qianxun.com,0.4
www.jdcdn.com,0.4
img20.360buyimg.com.s.galileo.jcloud-cdn.com,0.4
img20.jcloudimg.com,0.4
fp2dab.wpc.14a2ae.upsiloncdn.net,0.4
fp2dab.wpc.upsiloncdn.net,0.4
pdwk52qxfv7zqyu662ba-px7pfh-6048ae0a6.ipv4-only.cname.clienttons.com,0.4
zj2fdlixfqzxuyu6omda-f-d09e3a02f.ipv4-only.cname.clienttons.com,0.4
vision16.csail.mit.edu,0.4
torralba-titanxp-5.csail.mit.edu,0.4
ds-2020.oss-acc-allline.aliyuncs.com,0.4
ds-2020.oss-acc-allline.aliyuncs.com.gds.alibabadns.com,0.4
cn-shenzhen-ds-2020.oss-acc.aliyuncs.com,0.4
120.236.174.209_s-23.48.201.42_ts-1654579278.cname.clienttons.com,0.4
pdwk5waxfv7zqyu6zgbq-p5vhsk-c7757b7fc.ipv4-only.cname.clienttons.com,0.4
w4dasvdimj2kgyu7d4ea-f-eb8b2df1b.ipv4-only.cname.clienttons.com,0.4
gtm-prod-sso-idp-v2.trafficmanager.net,0.4
prod-sso-west-prod-v2.westus.cloudapp.azure.com,0.4
ins-7syfzeku.ias.tencent-cloud.net,0.4
peer.hebnews.cn.w.kunlunaq.com,0.4
ualdnp.hs.llnwd.net,0.4
183.6.9.102_s-23.196.47.105_ts-1654576471.cname.clienttons.com,0.4
picnjc.qpic.cn,0.4
d24vh86ip35v9x.cloudfront.net,0.4
w4dasvaxij5gayu6ogga-f-6059e7cd0.ipv4-only.cname.clienttons.com,0.4
2ehvttjknzpm.99box.com.eo.dnse2.com,0.4
www.meituan.com,0.4
kan.2345.com,0.4
statistic.zhaopin.cn.w.alikunlun.com,0.4
yqall02.n.shifen.com,0.4
zj2fdlixfqzxuyu6lmyq-f-3b222730a.ipv4-only.cname.clienttons.com,0.4
backup2.pixhost.to,0.4
teknoarge.com,0.4
chaohua.gslb.sinaedge.com,0.4
w4dasvc4po6vayu6g5dq-f-1d8f69e8c.ipv4-only.cname.clienttons.com,0.4
zj2fdntiksysoyu6x2xa-f-e4d34d42e.ipv4-only.cname.clienttons.com,0.4
public-10000230.image.myqcloud.com.cdn.dnsv1.com,0.4
dju9q6q3.sched.sma.tdnsstic1.cn,0.4
pdwk5qlijqcnuyu6v72q-f-0a31a2038.ipv4-only.cname.clienttons.com,0.4
mssldba.mssl.ucl.ac.uk,0.4
d09sina.gslb.sinaedge.com,0.4
zj2fdlixfqzxuyu6lqdq-f-aca9f1a92.ipv4-only.cname.clienttons.com,0.4
mltuzba.ng.impervadns.net,0.4
w4dasvaxgurbgyu64hfq-f-364d70982.ipv4-only.cname.clienttons.com,0.4
www.attsuppliers.com.edgekey.net,0.4
e9467.dscx.akamaiedge.net,0.4
afa2e9d7.cdn5.cc,0.4
cname.cdn5.cc,0.4
static.cnblogs.com.cdn.dnsv1.com,0.4
ets99n9a.sched.sma.tdnsstic1.cn,0.4
w4dasvaxemniqyu6gcla-f-ccda1732f.ipv4-only.cname.clienttons.com,0.4
zj2fdnqxg4x3wyu7m36q-ptnhgn-50dac1f1d.ipv4-only.cname.clienttons.com,0.4
w4dasvdikbmbqyu6iomq-pf1epv-02b0e835c.ipv4-only.cname.clienttons.com,0.4
wpengine.conroeisd.net,0.4
sso.lp12.cntaiping.com,0.4
d3vmvmej3wjbxn.cloudfront.net,0.4
qd.nest.n.shifen.com,0.4
zj2fdlixfqz3eyu6leba-f-6f58fce2d.ipv4-only.cname.clienttons.com,0.4
183.6.9.84_s-23.63.74.137_ts-1654556724.cname.clienttons.com,0.4
cs3.ifengcdn.com,0.4
lb-mtmecqgb-0lqt1cpsb9vnof6x.clb.ap-beijing.tencentclb.com,0.4
videoapi.vivo.com.cn.dsa.dnsv1.com.cn,0.4
47oyphcv.sched.d1.tdnsdp1.cn,0.4
w4dasyixiik5syu6yyhq-f-7f64b056d.ipv4-only.cname.clienttons.com,0.4
ins-oevfbrqc.ias.tencent-cloud.net,0.4
w4dasvdimj2seyu672ra-f-beefa51f9.ipv4-only.cname.clienttons.com,0.4
gdgspx.gspxonline.com.w.kunlunpi.com,0.4
183.6.9.84_s-104.123.154.43_ts-1654555956.cname.clienttons.com,0.4
fe-cvm-v6.op.58.com,0.4
w4dasvaxij5gayu6ofhq-f-e7486ed84.ipv4-only.cname.clienttons.com,0.4
fanya.aichaoxing.com,0.4
w4dasvax2ll2syu6ey2a-f-9516a53c6.ipv4-only.cname.clienttons.com,0.4
w4dasxvyde4nyyu6sv2q-peja6s-e1a7607aa.ipv4-only.cname.clienttons.com,0.4
appcashier.95516.com.wscdns.com,0.4
archives.fbi.gov.cdn.cloudflare.net,0.4
w4dast5ydj7scyu6zl7a-psknd3-985ab7b30.ipv4-only.cname.clienttons.com,0.4
s3-r-w.ap-southeast-1.amazonaws.com,0.4
992c065d165137e1.cname.365cyd.cn,0.4
w4dasyyxh4mt4yu6rcra-f-fd744eb72.ipv4-only.cname.clienttons.com,0.4
pic-finance.cctv.cn.w.cdngslb.com,0.4
pdwk56g7o7yaqyu6w5la-f-cab2470d5.ipv4-only.cname.clienttons.com,0.4
iduzm7a.qiniudns.com,0.4
chinavod235.china.line.qiniudns.com,0.4
vod-all.qiniu.com.volcgslb.com,0.4
w4dasznyde4ieyu633ra-pir2mr-3f3c29df6.ipv4-only.cname.clienttons.com,0.4
w4dasvax2cgiayu7fwnq-f-a48ee05d5.ipv4-only.cname.clienttons.com,0.4
kalp-s.com,0.4
ghs.googlehosted.com,0.4
fivb-prd-frontend-lb.westeurope.cloudapp.azure.com,0.4
wppkg.baidupcs.com.a.bdydns.com,0.4
w4dasvdiotzsgyu7m7iq-f-df202857f.ipv4-only.cname.clienttons.com,0.4
freeaaa.m2.qwerhost.com,0.4
yfdfff.qwerhost.com,0.4
pdwk5pyxiosmeyu6gdrq-f-fd4b45da1.ipv4-only.cname.clienttons.com,0.4
blob.bn3prdstr11a.store.core.windows.net,0.4
singerimg.tx.kugou.com.cdn.dnsv1.com,0.4
best.sched.sma-dk.tdnsstic1.cn,0.4
jmir-1510757477.us-east-2.elb.amazonaws.com,0.4
qu.sdo.com.wswebcdn.com,0.4
gz-lb2.internet.v6.spanner.alipaydns.com,0.4
cpc.people.com.cn.wswebpic.com,0.4
imap.qiye.aliyun.com,0.4
gd.a.sohu.com,0.4
f7shbgp.a.sohu.com,0.4
browser-backup.vivo.com.cn.ctdns.cn,0.4
w4dasvdijw3rwyu6gqyq-f-51c608a78.ipv4-only.cname.clienttons.com,0.4
mrmpprssapp01.hosts.jhmi.edu,0.4
uta-public.courseleaf.com,0.4
data-leopard1.vip.sankuai.com,0.4
esrppwedpwatm.trafficmanager.net,0.4
afsppwe-dp.afs.azure.net,0.4
wenzhen.jd.com.gslb.qianxun.com,0.4
183.6.9.84_s-23.213.175.163_ts-1654580371.cname.clienttons.com,0.4
w4dasvaxacrsqyu63yrq-f-587411da4.ipv4-only.cname.clienttons.com,0.4
wildcard.scene7.com.edgesuite.net,0.4
a1967.dscr.akamai.net,0.4
astat-bugly-tgw4l.mig.tencent-cloud.net,0.4
metacdn.yangkeduo.com.cdn.dnsv1.com,0.4
bvxinz6f.sched.pddlego-dk.tdnsstic1.cn,0.4
w4dasx3iksysoyu6viua-f-3a9c35d9e.ipv4-only.cname.clienttons.com,0.4
d1m0t9lizmpzst.cloudfront.net,0.4
r5.sn-i3belne6.gvt1.com,0.4
ins-34k401ta.ias.tencent-cloud.net,0.4
w4dasvc4po6vayu6g62q-f-9088e03ae.ipv4-only.cname.clienttons.com,0.4
static.makeamap.cn.w.kunluncan.com,0.4
ic3-skype-peopleservice-lb.prod-asse-a.ic3-skype-peopleservice.japaneast-prod.cosmic.office.net,0.4
cosmic-japaneast-ns-1fb89c751ac7.trafficmanager.net,0.4
cdn49211909.ahacdn.me,0.4
uapk.lenovomm.ccgslb.com.cn,0.4
english-cnipa-gov-cn.cname.saaswaf.com,0.4
sjimg.tc.qq.com,0.4
img1.sj.qq.com.x2.sched.dcloudstc.com,0.4
static.machenike.com.w.alikunlun.com,0.4
offer.hr.mioffice.cn.v.mi-dun.com,0.4
cname-app-com.w.mi-dun.com,0.4
i.pinimg.com.edgekey.net,0.4
e126505.dsca.akamaiedge.net,0.4
w4daszixzndsqyu6vmxq-f-02803af9e.ipv4-only.cname.clienttons.com,0.4
gtms01.alicdn.com.danuoyi.alicdn.com,0.4
udiab1.jianshu.com.cname2235.yjs-cdn.com,0.4
intelligentmap.n.shifen.com,0.4
sthjj.wenzhou.gov.cn.glvs.com,0.4
sthjj.wenzhou.gov.cn.v6lvs.com,0.4
open.alipay.com.w.cdngslb.com,0.4
taojin-his.cdn.bcebos.com.a.bdydns.com,0.4
ins-jqlgclnv.ias.tencent-cloud.net,0.4
cache.a.market.xiaomi.com.mgslb.com,0.4
cache.a.market.xiaomi.com.download.ks-cdn.com,0.4
k1-biligame.gslb.ksyuncdn.com,0.4
d9jtb745lejvk.cloudfront.net,0.4
npay.vip.com.vipgslb.com,0.4
ol.gamersky.com.cdn20.com,0.4
w4dasvax2cgiayu7fxyq-f-73a6d38be.ipv4-only.cname.clienttons.com,0.4
bl-files.fe.1drv.com,0.4
odc-bl-files-geo.onedrive.akadns.net,0.4
bl-files.ha.1drv.com,0.4
oss.sfacg.com.w.kunlunsl.com,0.4
w4dasvax2ll5eyu6na4q-f-fd0c9972c.ipv4-only.cname.clienttons.com,0.4
w4dastax2cgiayu6vjsa-f-8e081ae9b.ipv4-only.cname.clienttons.com,0.4
zj2fdlixfqzxuyu6nmnq-f-293263c52.ipv4-only.cname.clienttons.com,0.4
zj2fdlixfqzxuyu6n6ha-f-ae3d2be9a.ipv4-only.cname.clienttons.com,0.4
adns.zbj.com,0.4
cn-hn.adns.zbj.com,0.4
zj2fdlixfqz3eyu6svwa-f-c6b861c28.ipv4-only.cname.clienttons.com,0.4
dsg.images.harmony.epsilon.com.edgekey.net,0.4
e115559.d.akamaiedge.net,0.4
image-prd.celine.cn.w.kunluncan.com,0.4
res-health-heytapmobi-com.oss-cn-beijing.aliyuncs.com.gds.alibabadns.com,0.4
proxy.sjzu.edu.cn,0.4
pdwk54yx2mhseyu64fbq-f-bf191ba1b.ipv4-only.cname.clienttons.com,0.4
e.csd.link,0.4
edge-pr-alb-fk1rho2f1ct0-1564489668.us-west-2.elb.amazonaws.com,0.4
w4dasvfm5aieuyu6p7mq-f-f6bde6968.ipv4-only.cname.clienttons.com,0.4
login.wolterskluwer.com.cdn.cloudflare.net,0.4
pf-na-prd.oneid.wkgposvc.cloud,0.4
d1saehpxgj95og.cloudfront.cn,0.4
connkam.gj.qq.com,0.4
zj2fdlixfqz3eyu6lfia-f-1fd06d540.ipv4-only.cname.clienttons.com,0.4
vcwagxnrsbxre3ju.aliyunddos1029.com,0.4
120.236.174.229_s-23.32.236.105_ts-1654584325.cname.clienttons.com,0.4
epubserver-1252317822.file.myqcloud.com.cdn.dnsv1.com,0.4
cdn-7djbwadg.sched.sma-dk.tdnsstic1.cn,0.4
pwccw.gd.gov.cn,0.4
mchuijiyun.sharepoint.com,0.4
1733-ipv4v6e.clump.dprodmgd106.aa-rt.sharepoint.com,0.4
196010-ipv4v6e.farm.dprodmgd106.aa-rt.sharepoint.com,0.4
196010-ipv4v6w.farm.dprodmgd106.sharepointonline.com.akadns.net,0.4
196010-ipv4v6.farm.dprodmgd106.aa-rt.sharepoint.com.dual-spo-0005.spo-msedge.net,0.4
183.6.9.103_s-23.63.243.153_ts-1654564225.cname.clienttons.com,0.4
msrewards.afd.azureedge.net,0.4
h5.m.taobao.com.danuoyi.tbcache.com,0.4
w4dasvax373seyu6j3fa-f-cff6b39a2.ipv4-only.cname.clienttons.com,0.4
edge-269.hkhkg.ce.apple-dns.net,0.4
gate.n.shifen.com,0.4
w4dasvfyd2liuyu7io3a-f-6596475e6.ipv4-only.cname.clienttons.com,0.4
reg.tool.hexun.com.dsa.dnsv1.com.cn,0.4
ktf2zpzk.sched.d0.tdnsdp1.cn,0.4
perso115-g5.free.fr,0.4
jx3.178.com.wscdns.com,0.4
w4dasvcninkvqyu7dwqa-f-45edcf438.ipv4-only.cname.clienttons.com,0.4
183.6.9.84_s-23.48.214.105_ts-1654599490.cname.clienttons.com,0.4
w4dasvax2cgcgyu7fvhq-f-50d9d7696.ipv4-only.cname.clienttons.com,0.4
zpwzslb.95021.com,0.4
vw000287.ferozo.com,0.4
w4dasyoqxfzsgyu6565q-pql30r-a1c4cbc46.ipv4-only.cname.clienttons.com,0.4
w4dasvaxeqhvqyu7gvja-f-06d8e00aa.ipv4-only.cname.clienttons.com,0.4
jandan-news.b0.aicdn.com,0.4
hl4xaltiksysoyu6vp7a-f-7a0b5d1d7.ipv4-only.cname.clienttons.com,0.4
menww.com.xkeirofiowef.com,0.4
jubao.fjsen.com.v6lvs.com,0.4
imtt.dd.tc.qq.com,0.4
imtt.dd.qq.com.tcdn.qq.com,0.4
imttdd.legodlied1-dk.sched.dcloudstc.com,0.4
secgw-ipv6-aserver-heyi.m.taobao.com,0.4
secgw-ipv6-aserver-heyi.m.taobao.com.gds.alibabadns.com,0.4
hunan.weather.com.cn.c.cdnhwc1.com,0.4
global.nba.com.ssl.sc.omtrdc.net,0.4
w4dasvax2ll2syu6e3oq-f-ac318fa04.ipv4-only.cname.clienttons.com,0.4
slb.gslb.1234567.com.cn,0.4
vipmail.sharepoint.cn,0.4
583-ipv4v6.clump.gallatin.aa-rt.sharepoint.cn,0.4
zj2fdlixfqz3eyu6mxfq-f-49b96f83c.ipv4-only.cname.clienttons.com,0.4
music.pptv.com.suninggslb.cn,0.4
w4dasvaxeqh4eyu7kpta-f-8a50a677c.ipv4-only.cname.clienttons.com,0.4
routerpool11.rlb.teamviewer.com,0.4
202.116.81.14_s-184.26.127.51_ts-1654587156.cname.clienttons.com,0.4
zj2fdlixfqz3eyu6peda-f-0921564b8.ipv4-only.cname.clienttons.com,0.4
zhanqun11.hust.edu.cn,0.4
ssl-download.adobe.com.edgekey.net,0.4
e4578.dscd.akamaiedge.net,0.4
masterweb.gensee.com,0.4
waf95.vinahost.vn,0.4
support-center-api-public-prod-1210966413.us-west-2.elb.amazonaws.com,0.4
d1qculbqetckr8.cloudfront.net,0.4
5166w8e0oi4nfp1m.aliyunddos1030.com,0.4
api-login.akspeedy.com.volcgslb.com,0.4
sx-common-v4.volcgtm.com,0.4
bta.bg,0.4
heitu-1253120569.file.myqcloud.com.cdn.dnsv1.com,0.4
cdn-eaijw2zn.cn.cloudcdnv1.cn,0.4
img2.sycdn.kuwo.cn.scc.topgslb.com,0.4
08ae3baa98e0b9bc.qaxcloudwaf.com,0.4
spider.ws.126.net.163jiasu.com,0.4
spider.ws.126.net.bsgslb.cn,0.4
udrop.com,0.4
fibre2fashion.imagekit.io,0.4
d39rvgryml7e3u.cloudfront.net,0.4
fallcoweb.it,0.4
w4dasvaxfpylayu6e7ma-f-d288ffb8f.ipv4-only.cname.clienttons.com,0.4
w4dasvcfydneuyu7mrhq-f-ffeceaecc.ipv4-only.cname.clienttons.com,0.4
183.6.9.84_s-23.63.243.177_ts-1654571560.cname.clienttons.com,0.4
fhnfile.oss-cn-shenzhen.aliyuncs.com.gds.alibabadns.com,0.4
image.lceda.cn.w.kunluncan.com,0.4
service-pomdn87j-1258344700.sh.apigw.tencentcs.com,0.4
719-430-ap-shanghai.apigwtencent.com,0.4
w4dasvfygoo5syu66anq-f-2d7ad3c4a.ipv4-only.cname.clienttons.com,0.4
3840ut5hx74xchcv.aliyunddos1003.com,0.4
country.cnr.cn.wswebcdn.com,0.4
ccsdwbvip10.in2p3.fr,0.4
partnerinfo.xunyou.com.trpcdn.net,0.4
zxunydl.v.trpcdn.net,0.4
u9551.v.trpcdn.net,0.4
iucrweb3.iucr.org,0.4
mbd.n.shifen.com,0.4
w4dasvaxfdy2syu67ioa-f-9d762f946.ipv4-only.cname.clienttons.com,0.4
cdn-media.prettylittlething.com.edgekey.net,0.4
e12629.dsce4.akamaiedge.net,0.4
auth-unite-tts-audio.yuewen.com.cdn.dnsv1.com,0.4
ngdue683.sched.sma-dk.tdnsstic1.cn,0.4
voliamo.vibe.travel,0.4
ds-2078.oss-acc-allline.aliyuncs.com,0.4
ds-2078.oss-acc-allline.aliyuncs.com.gds.alibabadns.com,0.4
cn-shenzhen-ds-2078.oss-acc.aliyuncs.com,0.4
agree.jd.com.gslb.qianxun.com,0.4
zj2fcdqx37b2gyu6yooa-pypbri-ef41293d5.ipv4-only.cname.clienttons.com,0.4
backup5.pixhost.to,0.4
y59f5.x.incapdns.net,0.4
pdwk5tyxiosmeyu7njxa-f-8a5992281.ipv4-only.cname.clienttons.com,0.4
saleorder-dish-pro.oss-cn-beijing.aliyuncs.com.gds.alibabadns.com,0.4
w4dasvaxfdy2syu67gxa-f-b7978824d.ipv4-only.cname.clienttons.com,0.4
hl4xau3ilnccuyu67kwq-pfz99x-1da04a406.ipv4-only.cname.clienttons.com,0.4
w4dasvax373ssyu6kbdq-f-6e5ff07f1.ipv4-only.cname.clienttons.com,0.4
picsh.myqcloud.com,0.4
cf1.rackcdn.com.edgekey.net,0.4
e4845.g.akamaiedge.net,0.4
m.kin.naver.com.nheos.com,0.4
m.kin.nfront.nheos.com,0.4
cn-cache.marriott.com.edgekey.net,0.4
cn-cache.marriott.com.edgekey.net.globalredir.akadns.net,0.4
e2889.ca2.s.tl88.net,0.4
ssocgi.msf.tencent-cloud.com,0.4
huiyan.map.n.shifen.com,0.4
jbsintellij.ssl.zendesk.com,0.4
jbsintellij.zendesk.com,0.4
spool.grid.sinaedge.com,0.4
w4dasvfygntbgyu6ibiq-f-07ae11351.ipv4-only.cname.clienttons.com,0.4
w4dasvaxgyjlqyu6hz2q-f-768087753.ipv4-only.cname.clienttons.com,0.4
fanyi-bfe.n.shifen.com,0.4
nist-proxy-g.glb.nist.gov,0.4
router.tdm.qq.com,0.4
zj2fcdvydozewyu65lrq-f-5d4672c8a.ipv4-only.cname.clienttons.com,0.4
96971726abb8d4db.cdn.jiashule.com,0.4
ppe-sopush-public-https-new.elemecdn.com,0.4
fun.sohu.com.dsa.dnsv1.com,0.4
77uf1681.sched.d0.tdnsdp1.cn,0.4
player.xinpianchang.com.a.bdydns.com,0.4
download.pdf00.cn.cdn.dnsv1.com,0.4
29m4riyj.sched.sma.tdnsstic1.cn,0.4
kgnop2.kugou.com,0.4
hl4xaeqxzirjcyu6xs7a-pyoh0w-0534d2405.ipv4-only.cname.clienttons.com,0.4
pdwk54yxzbfmuyu66s2a-f-859ae1e68.ipv4-only.cname.clienttons.com,0.4
120.236.174.234_s-23.48.201.33_ts-1654584963.cname.clienttons.com,0.4
gd-acer-cdn.r53.acer.com,0.4
global-download.acer.com.cdnudns.com,0.4
202.116.81.14_s-23.196.47.105_ts-1654581791.cname.clienttons.com,0.4
71g2r6gyjh23p64e.aliyunddos1012.com,0.4
wargaming.360.cn,0.4
rc.yahoo.com,0.4
src.g03.yahoodns.net,0.4
applg.xmu.edu.cn,0.4
d1tx9otw9uuim.cloudfront.net,0.4
ssl-webplayer.unity3d.com.edgekey.net,0.4
e1435.g.akamaiedge.net,0.4
3c32636bb05e4297.cname.365cyd.cn,0.4
w4dasvaxfdy4syu65e3q-f-66fd29040.ipv4-only.cname.clienttons.com,0.4
rr2.sn-j5o76n7d.gvt1.com,0.4
wwwferraricom.ferrariglobalnetwork.com,0.4
dkehzmrflhws1.cloudfront.net,0.4
1126985245.rsc.cdn77.org,0.4
feitsui-www.b0.aicdn.com,0.4
nm.aicdn.com,0.4
newindycar.trafficmanager.net,0.4
indycar-cdb.northcentralus.cloudapp.azure.com,0.4
m.musicheng.com.cdn.dnsv1.com.cn,0.4
chbj5q2i.slt.sched.tdnsv8.com,0.4
view.ceros.com,0.4
view.ceros.com.cdn.cloudflare.net,0.4
ufc.pptv.com.suninggslb.cn,0.4
ea-platform.bytedance.com.w.cdngslb.com,0.4
ea-platform.bytedance.com.queniuiq.com,0.4
gslb-aws-us-west-1-02.v.fwmrm.net,0.4
msdx-cdn-y86ykn8r9v.azureedge.net,0.4
image93.360doc.com.w.kunlunle.com,0.4
nmtest.bdstatic.com.a.bdydns.com,0.4
opencdnnmtest.jomodns.com,0.4
java.com.ssl.d1.sc.omtrdc.net,0.4
hl4xatdilnccuyu6hseq-pxo7jb-316be2a45.ipv4-only.cname.clienttons.com,0.4
spectrum-patch.pathofexile.com,0.4
5c3e588941d14ffb8518633c807228b9.pacloudflare.com,0.4
w4dasvaxacrtuyu63x2q-f-6090d3f3e.ipv4-only.cname.clienttons.com,0.4
d3k15r8lrid7nh.cloudfront.net,0.4
cnc.dm5.com.wswebpic.com,0.4
zj2fcdqx2cgcgyu6ylzq-f-aaf37198c.ipv4-only.cname.clienttons.com,0.4
dlb.g1.mg.letvlb.com,0.4
websites.seas.wustl.edu,0.4
h5.zhaoonline.com.w.kunlunhuf.com,0.4
w4dasvgm5xt5iyu7b4ua-f-7df82319a.ipv4-only.cname.clienttons.com,0.4
w4dasvaxfdy2syu65gcq-f-bb624c8d7.ipv4-only.cname.clienttons.com,0.4
zj2fdlixfqz3eyu6rcka-f-bb7ae62d7.ipv4-only.cname.clienttons.com,0.4
ins-mk4punz8.ias.tencent-cloud.net,0.4
edge-block-previews-env.dropbox-dns.com,0.4
site.uthsc.edu,0.4
global.vncdn.vn,0.4
edge.vnetwork.swiftserve.com,0.4
edge.vnetwork.jns.swiftserve.com,0.4
lh2.l.google.com,0.4
itv.hexun.com.trpcdn.net,0.4
u966.v.trpcdn.net,0.4
charlotte.chem.gla.ac.uk,0.4
prod.ticketmaster.map.fastly.net,0.4
w4dasvfydj7tayu6z7kq-pofl03-c9a52eb8a.ipv4-only.cname.clienttons.com,0.4
g.sni.global.fastly.net,0.4
all.uuu9.com.w.kunlungr.com,0.4
zj2fdlixfqz3eyu6k7eq-f-df6565328.ipv4-only.cname.clienttons.com,0.4
csxd-02.contentsquare.net,0.4
d1lq7gghpl2sd6.cloudfront.net,0.4
cdn.chacuo.net,0.4
yjs-any.chacuo.net.cname.yunjiasu-cdn.net,0.4
common.tencentcloudapi.com,0.4
oss.cnstock.com.w.kunlungr.com,0.4
zj2fdbtikhr4syu7ba7q-f-4ded8123e.ipv4-only.cname.clienttons.com,0.4
blob.lvl03prdstr01c.store.core.windows.net,0.4
cluster94.instructure.com,0.4
canvas-iad-prod-c94-231504799.us-east-1.elb.amazonaws.com,0.4
zkbhfqyx2oecwyu6267a-poo9i8-b1c1b39ab.ipv4-only.cname.clienttons.com,0.4
w4dasvfydj7tayu6tocq-pe7b1x-79adc3b02.ipv4-only.cname.clienttons.com,0.4
f2d131b2.allsafeip.com,0.4
cluster64827249.allsafeip.com,0.4
58.249.112.36_s-23.48.214.105_ts-1654580477.cname.clienttons.com,0.4
ci75p8l6.dayugslb.com,0.4
img1.iqilu.com.download.ks-cdn.com,0.4
k1-ipv6.gslb.ksyuncdn.com,0.4
file-eu-1.file.samsungcloud.com,0.4
oneeyedjacks04.dai-cloud.uni-koeln.de,0.4
hl4xaslachnpcyu7fpfa-f-fd7b996dd.ipv4-only.cname.clienttons.com,0.4
extranet-alllines-pub-c3-c4.alb.xiaomi.com,0.4
pdwk5yyxedwtwyu7al4a-ppld5y-fd1e779f3.ipv4-only.cname.clienttons.com,0.4
csdn-test-oss.oss-cn-beijing.aliyuncs.com.gds.alibabadns.com,0.4
resource-1259244289.file.myqcloud.com.cdn.dnsv1.com,0.4
r39ygc4d.sched.sma.tdnsstic1.cn,0.4
www.thebay.com.edgekey.net,0.4
e110915.x.akamaiedge.net,0.4
w4dasvfyd4ameyu6vqmq-f-40747e888.ipv4-only.cname.clienttons.com,0.4
s1-daumcdn-ygmdfbl3.kgslb.com,0.4
group-digest-pi-1251316161.file.myqcloud.com.cdn.dnsv1.com,0.4
0i5xvd14.sched.sma.tdnsstic1.cn,0.4
w4dasvax2cgiayu6uedq-f-988db65c8.ipv4-only.cname.clienttons.com,0.4
edge-345.hkhkg.ce.apple-dns.net,0.4
pdwk5vo7o4zlwyu6z23q-f-8716171e9.ipv4-only.cname.clienttons.com,0.4
51trip.n.shifen.com,0.4
qywuneng.oss-cn-hangzhou.aliyuncs.com.gds.alibabadns.com,0.4
mstore.bj.meituan.net,0.4
mstore.vip.meituan.com,0.4
183.6.9.82_s-104.124.11.41_ts-1654565461.cname.clienttons.com,0.4
gke4.evernote.com,0.4
src1.minibai.com.cdn.dnsv1.com,0.4
lxnvo5h4.sched.sma.tdnsstic1.cn,0.4
drm-live.txgtm.cctvcdn.net,0.4
tt-vod-sched.jcloudimg.com,0.4
zj2fdlixfqz3eyu6pgla-f-1756accdc.ipv4-only.cname.clienttons.com,0.4
patient-upload.haodf.com,0.4
patient-upload.haodf.com.dsa.dnsv1.com,0.4
e1oi4ifh.sslego.tcloudscdn.com,0.4
info.bilibili.co.w.kunluncan.com,0.4
zhidao.baidu.com,0.4
iknow.baidu.com,0.4
iknow.n.shifen.com,0.4
tj3l-dlb.g1.mg.letvlb.com,0.4
w4dasvax2cgcgyu7nz4q-f-d827bfde0.ipv4-only.cname.clienttons.com,0.4
vc9-tx1-pl-agv.autohome.com.cn.cdn.dnsv1.com,0.4
cm8x3629.sched.vplego-dk.tdnsvod4.cn,0.4
trial-eum.cname.clienttons.com,0.4
w4dasvfygjme6yu6y5ya-f-ae392dc0c.ipv4-only.cname.clienttons.com,0.4
nginx.buaa.edu.cn,0.4
w4dasvaxeqbfcyu6xura-f-1927e4a72.ipv4-only.cname.clienttons.com,0.4
w4dasvaxzciyuyu6iowa-f-8cbc016f2.ipv4-only.cname.clienttons.com,0.4
agu.ejpress.com,0.4
fallback.msubmit.com,0.4
slot11847.ebay.com.edgekey.net,0.4
e11847.a.akamaiedge.net,0.4
w4daswyx362hiyu7jm4q-f-f3a027aab.ipv4-only.cname.clienttons.com,0.4
w4dasvaxhp6icyu6hjaq-f-548bfc436.ipv4-only.cname.clienttons.com,0.4
w4das2liksysoyu6vuxa-f-f30b755ee.ipv4-only.cname.clienttons.com,0.4
fe-ed4.wgcrowd.io,0.4
zj2fdlixfqz3eyu6lawa-f-b368d327a.ipv4-only.cname.clienttons.com,0.4
local-www.chuangkit.com.cdn.dnsv1.com.cn,0.4
dhlyl77e.sched.sma.tdnsstic1.cn,0.4
w4dasvfydozfeyu63dpq-f-e88549404.ipv4-only.cname.clienttons.com,0.4
wzq.ujs.edu.cn,0.4
180fdbddc1.lb.youdao.com,0.4
hiphotos.jomodns.com,0.4
sfe.huolala.cn,0.4
bj.kaoyan365.cn.ctadns.cn,0.4
w4dasytilnccuyu7ayxa-pnovag-9df0520cc.ipv4-only.cname.clienttons.com,0.4
w4dasvcfvypiyyu7jv2a-f-ca4edd3d9.ipv4-only.cname.clienttons.com,0.4
img.nfa.qq.com.sched.legopic2.tdnsv6.com,0.4
awx.smoba.qq.com,0.4
idv13t0.qiniudns.com,0.4
chinaweb171.china.line.qiniudns.com,0.4
w4dasvfyd4ameyu6vrpq-f-9d4a6461b.ipv4-only.cname.clienttons.com,0.4
cs500.wpc.phicdn.net,0.4
w4dasvfyd4ameyu6vtja-f-7220dabe2.ipv4-only.cname.clienttons.com,0.4
kslego-vod.cache.qcloudcdn.qq.com.cdn.dnsv1.com,0.4
488928.sched.vip-dk.tdnsvod1.cn,0.4
hub5pnc.sandai.net,0.4
cnc.hub5pnc.sandai.net,0.4
zj2fdlixfqz3eyu6tdbq-f-6c50014f0.ipv4-only.cname.clienttons.com,0.4
ngx-out-1.op.58.com,0.4
w4dasvdijw3rwyu6goha-f-76977e0be.ipv4-only.cname.clienttons.com,0.4
liveupdate01.asus.com.cn.cdnudns.com,0.4
moneycom.go-vip.net,0.4
rr1.sn-o097znse.gvt1.com,0.4
dl1023.tcdn.qq.com,0.4
eaaqeubqaiscajqacqlxqaaaabrj5rjy-f-053223adb.cname.clienttons.com,0.4
zj2fdlixfqz3eyu6quvq-f-ecb2b4265.ipv4-only.cname.clienttons.com,0.4
zj2fdlixfqzxuyu6l7jq-f-73b8f2462.ipv4-only.cname.clienttons.com,0.4
pointfs.vivo.com.cn.ctdns.cn,0.4
nfg9bx4cfic1ym.wscloudcdn.com,0.4
dsbamjrw.anyscdn.com,0.4
6nbdmah4.anyscdn.com,0.4
ringimgbssdl.ali.kugou.com.w.alikunlun.com,0.4
ewp-profileimages.services.bris.ac.uk,0.4
admin.neptune2-prod.bris.ac.uk,0.4
965f6d3fc817e7ade2ede077105a0dbf.iflysec.com,0.4
l.rcd.dns.iqiyi.com,0.4
d2x0ibf4l4f5es.cloudfront.net,0.4
r4.sn-2x3een7l.c.2mdn.net,0.4
club-static.sinosig.com.w.kunluncan.com,0.4
club-static.sinosig.com.queniusa.com,0.4
w4dasvax2cgcgyu7fbrq-f-9e4594152.ipv4-only.cname.clienttons.com,0.4
csite.ez2q5.cn.qh-cdn.com,0.4
csite.ez2q5.cn.webcdn.360qhcdn.com,0.4
r.mailin.fr,0.4
r1.mailin.fr,0.4
weather-page.vivo.com.cn.dsa.dnsv1.com.cn,0.4
lv91jzib.sched.d1.tdnsdp1.cn,0.4
eaaqeubqajbfejqacqhaabqaabquaqos-pah8yt-921565223.cname.clienttons.com,0.4
azurefd-t-prod.trafficmanager.net,0.4
w4dasvaxfdy2syu6u5qa-f-a39b7ae31.ipv4-only.cname.clienttons.com,0.4
bookkeeper-cdn.itunes-apple.com.akadns.net,0.4
w4dasvfydh7hqyu63otq-f-b86f23966.ipv4-only.cname.clienttons.com,0.4
ds-2005.oss-acc-allline.aliyuncs.com,0.4
ds-2005.oss-acc-allline.aliyuncs.com.gds.alibabadns.com,0.4
cn-shenzhen-ds-2005.oss-acc.aliyuncs.com,0.4
ds-2088.oss-acc-allline.aliyuncs.com,0.4
ds-2088.oss-acc-allline.aliyuncs.com.gds.alibabadns.com,0.4
cn-shenzhen-ds-2088.oss-acc.aliyuncs.com,0.4
zj2fdlixfqzxuyu6o7wa-f-598e24228.ipv4-only.cname.clienttons.com,0.4
w4dasvax2cgiayu7f3za-f-f2e9e4b81.ipv4-only.cname.clienttons.com,0.4
w4dasvaxeqhvqyu7gw2a-f-9d2aad05c.ipv4-only.cname.clienttons.com,0.4
w4dasvfydh7hqyu63uoq-f-d38ebb36c.ipv4-only.cname.clienttons.com,0.4
zj2fdlixfqz3eyu6qyjq-f-a82420f62.ipv4-only.cname.clienttons.com,0.4
120.236.174.248_s-23.32.236.105_ts-1654570107.cname.clienttons.com,0.4
static1.ssp.xunlei.com.w.kunlungr.com,0.4
dd0f0nbxmpu3x.cloudfront.net,0.4
sigma01-new-proxima.ntes53.netease.com,0.4
lbc-sigma01cn-new-proxima.ntes53.netease.com,0.4
idzigureeioj5ayeirrmj2yqtwcwm6ac.yundunwaf1.com,0.4
hao123.n.shifen.com,0.4
w4dasvaxfdy2syu7hiqa-f-7802ea640.ipv4-only.cname.clienttons.com,0.4
firesecurityproducts.zendesk.com,0.4
w4dasvaxhp6icyu6hjlq-f-2c02a8291.ipv4-only.cname.clienttons.com,0.4
efuli.oss-cn-hangzhou.aliyuncs.com.gds.alibabadns.com,0.4
w4dasvaxfdy2syu6z2iq-f-9796b84f7.ipv4-only.cname.clienttons.com,0.4
cn01.alma.exlibrisgroup.com,0.4
zj2fdlixfqz3eyu6lapq-f-9aceff9ab.ipv4-only.cname.clienttons.com,0.4
zj2fdlixfqzxuyu6kf5q-f-7c7725a9d.ipv4-only.cname.clienttons.com,0.4
s7.pub.sfmc-content.com,0.4
download.doumaibiji.cn.cdn.dnsv1.com,0.4
mrsi7wlo.sched.sma.tdnsstic1.cn,0.4
r1.sn-i3b7knsd.gvt1.com,0.4
notificationinbox.xboxlive.com.akadns.net,0.4
biz-alb-qx-391220566.cn-north-1.elb.amazonaws.com.cn,0.4
na.privatelink.msidentity.com,0.4
prdf.aadg.msidentity.com,0.4
www.tm.f.prd.aadg.akadns.net,0.4
6jydvlt.x.incapdns.net,0.4
w4dasr5yde4ieyu7aggq-pmxuhz-7a631956b.ipv4-only.cname.clienttons.com,0.4
w4dasvaxeqh5qyu7l47a-f-e71d0a9e6.ipv4-only.cname.clienttons.com,0.4
2022-crhba7deadh7eyab.z01.azurefd.net,0.4
morin-fioul.com,0.4
fibrxqdiksysoyu643iq-f-36ad03d7b.ipv4-only.cname.clienttons.com,0.4
hl4xalax2cgiayu6yika-f-eda47f041.ipv4-only.cname.clienttons.com,0.4
english.www.gov.cn.bsclink.cn,0.4
zgovweb1.v.bsclink.cn,0.4
192071-ipv4e.farm.dprodmgd105.aa-rt.sharepoint.com,0.4
192071-ipv4w.farm.dprodmgd105.sharepointonline.com.akadns.net,0.4
192071-ipv4.farm.dprodmgd105.aa-rt.sharepoint.com.dual-spo-0006.spo-msedge.net,0.4
edge-017.sgsin8.ce.apple-dns.net,0.4
res.x5m.qq.com.cloud.tc.qq.com,0.4
res.x5m.qq.com.sched.px.tdnsv6.com,0.4
120.236.174.223_s-23.48.201.42_ts-1654591204.cname.clienttons.com,0.4
iconpark.oceanengine.com.w.cdngslb.com,0.4
iconpark.oceanengine.com.queniurc.com,0.4
mobile-infobip-com-2f1fcfcb471ba5b1.elb.eu-central-1.amazonaws.com,0.4
ds-2010.oss-acc-allline.aliyuncs.com,0.4
ds-2010.oss-acc-allline.aliyuncs.com.gds.alibabadns.com,0.4
cn-shenzhen-ds-2010.oss-acc.aliyuncs.com,0.4
lmqhb1share01vpc.mqtt.aliyuncs.com,0.4
rbmh-platforms.multicdn.cloudinary.com,0.4
2-01-49b5-00a7.cdx.cedexis.net,0.4
s2-san.cloudinary.com.edgekey.net,0.4
e10755.dsca.akamaiedge.net,0.4
w4dasvax2nwjayu7eilq-f-367b20f0d.ipv4-only.cname.clienttons.com,0.4
w4dasvdimj2tayu7afkq-f-2bd181bd3.ipv4-only.cname.clienttons.com,0.4
w4dasvfydj7usyu6sgvq-f-edcfa99ba.ipv4-only.cname.clienttons.com,0.4
zj2fdlixfqz3eyu6m2qa-f-9ace644ba.ipv4-only.cname.clienttons.com,0.4
w4dasvaxfdy4syu7iyzq-f-943f31b38.ipv4-only.cname.clienttons.com,0.4
web.libarts.colostate.edu,0.4
secgw-na61-na62.wagbridge.alibaba.taobao.com.gds.alibabadns.com,0.4
ea15.com.edgekey.net,0.4
e16166.e12.akamaiedge.net,0.4
www.mobile.de.edgekey.net,0.4
e5891.dsce3.akamaiedge.net,0.4
fmf.fe2.apple-dns.net,0.4
sdnd46w3brgbilohguq8x5kl4wkaqjhs.yundunwaf1.com,0.4
yq.fjsen.com.v6lvs.com,0.4
yq.fjsen.com.volcgslb.com,0.4
w4dasvaxh5fdcyu6p6vq-px3s4s-578767007.ipv4-only.cname.clienttons.com,0.4
120.236.174.210_s-23.196.47.105_ts-1654617268.cname.clienttons.com,0.4
fximgbssdl.kugou.com.wswebcdn.com,0.4
ipv6.www.louisvuitton.com.edgekey.net,0.4
e7785.dscx.akamaiedge.net,0.4
img.res.meizu.com.w.alikunlun.com,0.4
web3.uwo.ca,0.4
v72.lzu.edu.cn,0.4
Cougar1.egr.uh.edu,0.4
w4dasvaxhp6icyu6hkia-f-ec7361843.ipv4-only.cname.clienttons.com,0.4
livevod.jia.360.cn.live.360vcloud.com,0.4
livevod.jia.360.cn.live001.vcloudgtm.com,0.4
3a472f8a22074587a65651707170a41c.vip1.huaweicloudwaf.com,0.4
koawere.sharepoint.com,0.4
3868-ipv4v6e.clump.dprodmgd105.aa-rt.sharepoint.com,0.4
193253-ipv4v6e.farm.dprodmgd105.aa-rt.sharepoint.com,0.4
193253-ipv4v6w.farm.dprodmgd105.sharepointonline.com.akadns.net,0.4
193253-ipv4v6.farm.dprodmgd105.aa-rt.sharepoint.com.dual-spo-0005.spo-msedge.net,0.4
zj2fdlixfqz3eyu6lipq-f-f66173bc9.ipv4-only.cname.clienttons.com,0.4
drivews.fe2.apple-dns.net,0.4
w4dasvaxhswuqyu7lsqq-f-16ae2f420.ipv4-only.cname.clienttons.com,0.4
cdn-1lv5gjo6.cdn.dnsv1.com,0.4
1lv5gjo6.sched.sma.tdnsstic1.cn,0.4
zj2fdlixfqz3eyu6mypq-f-2f7000d65.ipv4-only.cname.clienttons.com,0.4
seed.siri.apple.com,0.4
seed-siri-apple-com.v.aaplimg.com,0.4
wwwproxy2004.maths.cam.ac.uk,0.4
yx-voice.oss-cn-shanghai.aliyuncs.com.gds.alibabadns.com,0.4
pic-comment-shoulei-ssl.xunlei.com.w.kunlunca.com,0.4
oldpri3.vtuner.com,0.4
caldav.fe.apple-dns.cn,0.4
dsp-test-x.jd.com.gslb.qianxun.com,0.4
webstat.ws.126.net.163jiasu.com,0.4
webstat.ws.126.net.w.cdngslb.com,0.4
roboticaeducativa.pe,0.4
nat.liumingye.cn,0.4
v4v6.fanli.com,0.4
0b8ffbb9.lanzoum.com.0b8ffbb9.cdnhwc8.cn,0.4
jdall163-dpvs-dx.split.netease.com,0.4
shunt-h5.wdfangyi.com,0.4
shunt-h5-fy06bjb1.wdfangyi.com,0.4
w4dasvaxfdy4syu7bxpa-f-330c2b41e.ipv4-only.cname.clienttons.com,0.4
meeting.igtm-meeting-tencent.com,0.4
api-product.akspeedy.com.volcgslb.com,0.4
yjs-any.jjwxc.net.cname3212.yjs-cdn.com,0.4
alldomain.jjwxc.net.a.bdydns.com,0.4
condenast.map.fastly.net,0.4
w4dasvdildgkayu7owaa-f-e12650fef.ipv4-only.cname.clienttons.com,0.4
dingzhi.pchouse.com.cn.bsgslb.cn,0.4
u966.v.bsgslb.cn,0.4
okt.to,0.4
bridge.t.u-tokyo.ac.jp,0.4
a9.lanzou.com,0.4
help.hebnews.cn.w.kunlunpi.com,0.4
static.zjol.com.cn.w.cdngslb.com,0.4
s1.yy.com.w.kunlunhuf.com,0.4
googlehosted.l.googleusercontent.com,0.4
temp.163.com.163jiasu.com,0.4
temp.163.com.w.cdngslb.com,0.4
e309bf6fe63f49a4.huaweisafehub.cn,0.4
dg4gmk7.impervadns.net,0.4
d37qf8t9pe6csu.cloudfront.net,0.4
blob.bn3prdstr10a.store.core.windows.net,0.4
zj2fdlixfqz3eyu6p52q-f-5a7228be5.ipv4-only.cname.clienttons.com,0.4
star-ds.trendmicro.com.edgekey.net,0.4
e7801.dscd.akamaiedge.net,0.4
site.dgut.edu.cn,0.4
zjrcjd-1306893675.file.myqcloud.com.cdn.dnsv1.com,0.4
rk4h2i3p.slt.sched.tdnsv8.com,0.4
w4dasvfyd4ameyu6voea-f-9aa3756a0.ipv4-only.cname.clienttons.com,0.4
gdv.a.sohu.com,0.4
f7shbgpv.a.sohu.com,0.4
ayeyou2.gamersky.com,0.4
tx-free-imgs.acfun.cn.cdn.dnsv1.com,0.4
6oa21dyy.sched.kslego-dk.tdnsstic1.cn,0.4
unifiweb.scut.edu.cn,0.4
public.cctalk1.104.cdn20.com,0.4
ins-cy386m7n.ias.tencent-cloud.net,0.4
1142646296.rsc.cdn77.org,0.4
v5-lite-gzcm06.douyinvod.com.yangyi19.com,0.4
webplus.shisu.edu.cn,0.4
3gt.dxy.cn,0.4
w4dasvaxfdy2syu6yhaq-f-c823b9fae.ipv4-only.cname.clienttons.com,0.4
tauweb.tau.ac.il,0.4
pp-public-p-euw.piwik.pro,0.4
d2b532lzynlqb7.cloudfront.net,0.4
cs-camp-elb-2003709791.ap-northeast-1.elb.amazonaws.com,0.4
w4dasvax373seyu6jsfa-f-970db0766.ipv4-only.cname.clienttons.com,0.4
contacts.fe.apple-dns.cn,0.4
mobsec.n.shifen.com,0.4
fe3.edge.pantheon.io,0.4
hl4xaltimsudcyu7gc2a-pflmyc-b15851468.ipv4-only.cname.clienttons.com,0.4
public.hujia.104.cdn20.com,0.4
partner-canva-com.ct.impactradius.com,0.4
dchope.bepress.COM,0.4
abc.jia.com.wswebcdn.com,0.4
cn-smp-paymentservices.gcsis-apple.com.akadns.net,0.4
w4dasvaxemnjmyu6ftlq-f-fbcd2019c.ipv4-only.cname.clienttons.com,0.4
pull-rtmp-l6-xg.ixigua.com.rtmpvcloud.ks-cdn.com,0.4
s6130-ml.gslb.ksyuncdn.com,0.4
afae27413d3a40cc814e6500d87b69e0.vip1.huaweicloudwaf.com,0.4
www.nubia.com.dsa.dnsv1.com,0.4
1nup0w09.sched.d0.tdnsdp1.cn,0.4
hyattprd.g2s.edgekey.net,0.4
hyattprd.g2s.edgekey.net.globalredir.akadns.net,0.4
e40270.ca2.s.tl88.net,0.4
w4dasvaxeqh5qyu7idaa-f-babcf6d76.ipv4-only.cname.clienttons.com,0.4
newss3.zjol.com.cn,0.4
w4dasu5yde4sqyu62p5a-f-2f2bc6649.ipv4-only.cname.clienttons.com,0.4
ls2m4k40d3608u3b.aliyunddos1009.com,0.4
183.6.9.84_s-23.48.214.147_ts-1654584583.cname.clienttons.com,0.4
www.ing.com.edgekey.net,0.4
e7234.b.akamaiedge.net,0.4
1180325812.rsc.cdn77.org,0.4
w4dasvaxhxbggyu6utra-f-5ecb625da.ipv4-only.cname.clienttons.com,0.4
wildcard.element14.com.edgekey.net,0.4
e4404.a.akamaiedge.net,0.4
jubao.chinaso.com.bsclink.cn,0.4
pdwk5pqxiosmeyu6xv2a-f-0a8de3f2c.ipv4-only.cname.clienttons.com,0.4
w4dasvfygoo5iyu66hzq-f-a3c42d3e9.ipv4-only.cname.clienttons.com,0.4
s3-r-w.dualstack.us-east-1.amazonaws.com,0.4
7f3vyi2.ng.impervadns.net,0.4
seahorsebio.actonsoftware.com,0.4
ci66.actonsoftware.com,0.4
forpci66.actonsoftware.com,0.4
xmobilelearn.aichaoxing.com,0.4
datamore.native.qq.com,0.4
gamedev.net,0.4
zj2fdlixfqzxuyu6orma-f-d302a334c.ipv4-only.cname.clienttons.com,0.4
img05.zhaopin.cn.w.alikunlun.com,0.4
w4dasvaxhp6icyu6hpiq-f-ae9416161.ipv4-only.cname.clienttons.com,0.4
120.236.174.191_s-23.32.236.243_ts-1654560442.cname.clienttons.com,0.4
zj2fdlixfqzxuyu6ntha-f-aecd45894.ipv4-only.cname.clienttons.com,0.4
wsall.tts8.com.cdn30.com,0.4
x2.tc.qq.com,0.4
baoshi.qq.com.x2.sched.dcloudstc.com,0.4
rj.bangongtuku.com.cdn.dnsv1.com,0.4
hijrxsho.sched.sma.tdnsstic1.cn,0.4
a.changyou.com.cdn20.com,0.4
qujmfwqxgdkrgyu64jjq-pqjshy-98c14f52f.ipv4-only.cname.clienttons.com,0.4
lifeacademymnorg.sharepoint.com,0.4
5680-ipv4v6e.clump.dprodmgd105.aa-rt.sharepoint.com,0.4
193522-ipv4v6e.farm.dprodmgd105.aa-rt.sharepoint.com,0.4
193522-ipv4v6w.farm.dprodmgd105.sharepointonline.com.akadns.net,0.4
193522-ipv4v6.farm.dprodmgd105.aa-rt.sharepoint.com.dual-spo-0005.spo-msedge.net,0.4
193522-ipv4v6.farm.dprodmgd105.aa-rt.sharepoint.com,0.4
caldav.fe2.apple-dns.net,0.4
w4dasvdimj2seyu7miiq-f-25ddd062f.ipv4-only.cname.clienttons.com,0.4
r.us-west-1.awstrack.me,0.4
baconredirects-elb-nj8x5tmq4pkq-1463056069.us-west-1.elb.amazonaws.com,0.4
fdsys.njtech.edu.cn,0.4
m7cun4yxedwneyu7abma-pj1ge8-0ab67fce6.ipv4-only.cname.clienttons.com,0.4
hey-randomgirl.com.br,0.4
liveactivity.jd.com.gslb.qianxun.com,0.4
SECURE-US.LIBGUIDES.COM,0.4
region-us.LIBGUIDES.COM,0.4
seer.61.com.cdn.dnsv1.com,0.4
batch07.sched.sma.tdnsstic1.cn,0.4
w4dasvfygntbgyu6ibzq-f-f16a23cc2.ipv4-only.cname.clienttons.com,0.4
dysj.youth.cn.wswebcdn.com,0.4
zj2fdlixfqzxuyu6l67a-f-4674d7294.ipv4-only.cname.clienttons.com,0.4
www-prod2.media.mit.edu,0.4
w4dasvaxeqhvqyu7gxoq-f-1996bafad.ipv4-only.cname.clienttons.com,0.4
w4dasvax2cgiayu6umeq-f-3d9653ed6.ipv4-only.cname.clienttons.com,0.4
w4dasvax2cgcgyu7fevq-f-fea586825.ipv4-only.cname.clienttons.com,0.4
card-all.dpool.sina.com.cn,0.4
entry.aixifan.com,0.4
entry-ali.aixifan.com,0.4
pop-fashion-com.b0.aicdn.com,0.4
r6.sn-2x3eln76.c.2mdn.net,0.4
flash2-http.tc.qq.com,0.4
flash2-http.qq.sched.px.tdnsv6.com,0.4
d2umgsaby2ijp8.cloudfront.net,0.4
www.jzus.zju.edu.cn,0.4
spero-vision-app.cn-shanghai-b.log.aliyuncs.com,0.4
onlinev6.pconline.com.cn,0.4
app1.phy.cuhk.edu.hk,0.4
pugmaster-sg4.pubmatic.com,0.4
host.kaoyan365.cn,0.4
all.kaoyan365.cn.ctadns.cn,0.4
it-hw-waf.zhaopin.com,0.4
dfd4b295d9c54b0293d030063c91f87c.vip1.huaweicloudwaf.com,0.4
w4dasvax373ssyu6j4fq-f-a7eee26db.ipv4-only.cname.clienttons.com,0.4
www.ldplayer.net.w.kunlungr.com,0.4
xnzj1.lzu.edu.cn,0.4
luxurypropertiesfl.com,0.4
ds-2092.oss-acc-allline.aliyuncs.com,0.4
ds-2092.oss-acc-allline.aliyuncs.com.gds.alibabadns.com,0.4
cn-shenzhen-ds-2092.oss-acc.aliyuncs.com,0.4
update.yinxiang.com.cdn.dnsv1.com,0.4
cdn-6dlrwxwo.slt.sched.tdnsv8.com,0.4
zj2fdlixfqz3eyu6ms3a-f-e608bdcb6.ipv4-only.cname.clienttons.com,0.4
sunearth1.ssl.berkeley.edu,0.4
sketchfab.zendesk.com,0.4
ins-0stxi6qa.ias.tencent-cloud.net,0.4
bgp5.tgpro.top,0.4
zfsmweblb.fsm.northwestern.edu,0.4
252a0d65.lanzouw.com.cdn.dnsv1.com.cn,0.4
9fs5ej1e.slt.sched.tdnsv8.com,0.4
w4dasvdimj2seyu7mhea-f-af9dff0b5.ipv4-only.cname.clienttons.com,0.4
w4dasvfydh7hqyu63slq-f-29d88cec2.ipv4-only.cname.clienttons.com,0.4
wuyuyun-ningbo.tgpro.top,0.4
3bfda078.lanzoul.com.cdn.dnsv1.com.cn,0.4
htcj7tpx.slt.sched.tdnsv8.com,0.4
secure-web.harpe-cisco.com.akadns.net,0.4
chejiahao.m.autohome.com.cn.a.bdydns.com,0.4
fast.qiyou.cn.m.alikunlun.com,0.4
webtim-v2.msf.tencent-cloud.com,0.4
transportesevaristomadero.com,0.4
www.ibilibili.com.w.cdngslb.com,0.4
ali-online-gw001.medsci.cn,0.4
w4dasvaxeqh4eyu7kvoa-f-371bb26e0.ipv4-only.cname.clienttons.com,0.4
public.hujia.105.cdn20.com,0.4
pico.gtm.eset.com,0.4
dayi100.aichaoxing.com,0.4
nist-proxy.glb.nist.gov,0.4
apim-proxy.prod-p.expedia.com,0.4
apim-uswest2.prod-p.expedia.com,0.4
apim.expedia.com.edgekey.net,0.4
e9052.dscx.akamaiedge.net,0.4
static.dns.iq.com,0.4
qst3.qqupload.com,0.4
s325.photo.store.qq.com,0.4
gd.huatu.com.wswebcdn.com,0.4
news.youth.cn.wswebcdn.com,0.4
images.rfr-infra.net,0.4
img.rfr-infra.net,0.4
principal.rfr-infra.net,0.4
pcus.gslb.sinaedge.com,0.4
shasta-mrs-prod.trafficmanager.net,0.4
mue1-shasta-mrs-prod01.eastus.cloudapp.azure.com,0.4
corpcorp.honeywell.edgekey.net,0.4
e16783.a.akamaiedge.net,0.4
www.ge.com.cdn.cloudflare.net,0.4
m.sc-rh.com.cname4590.yjs-cdn.com,0.4
t2.shared.global.fastly.net,0.4
iu-news-prod.lwstory.com,0.4
useast1-public-ws.aws-ubiservices.ubi.com,0.4
useast1-public-im.aws-ubiservices.ubi.com,0.4
1251117883.vod2.myqcloud.com.cdn.dnsv1.com,0.4
lwy60830.sched.vodlego-dk.tdnsvod4.cn,0.4
ins-e7ibowu0.ias.tencent-cloud.net,0.4
itadspaprwebp01.ucalgary.ca,0.4
support.lenovo.com.edgekey.net,0.4
support.lenovo.com.edgekey.net.globalredir.akadns.net,0.4
e7741.ca2.s.tl88.net,0.4
coopsantodomingo.com,0.4
w4dasvaxfdy2syu65eqq-f-ac228ee54.ipv4-only.cname.clienttons.com,0.4
zj2fdndiksysoyu7jnsa-f-4092beec5.ipv4-only.cname.clienttons.com,0.4
dbe610da.feishu.cn.dsa.dnsv1.com,0.4
be01mr9s.sched.d2.tdnsdp1.cn,0.4
ins-qvfgsj93.ias.tencent-cloud.net,0.4
ivmyxjooxugn.igtm-d101.com,0.4
w4dasvaxfdy2syu6twma-f-8c784a3ff.ipv4-only.cname.clienttons.com,0.4
zj2fdlixfqz3eyu6k55a-f-ca66120e8.ipv4-only.cname.clienttons.com,0.4
cdn10.local.voccdn.com,0.4
cache.ctc1.voccdn.com,0.4
content-system.gog.com.edgesuite.net,0.4
a1933.b.akamai.net,0.4
imgf1-3-pop-fashion.b0.aicdn.com,0.4
openbox.mobilem.360.cn,0.4
695169ad.waf.365gcd.cn,0.4
w4dasvaxhswuqyu7lrpq-f-cc6a444f7.ipv4-only.cname.clienttons.com,0.4
hits-iubenda.b-cdn.net,0.4
miui-sec-pri-alisgp.alb.xiaomi.com,0.4
vms-sc.miguvideo.cdn.cmvideo.cn,0.4
vms-sc.miguvideo.com.w.kunluncan.com,0.4
hpom313.puzztake.com,0.4
websvr-alb-easebar-ban-cn-1476851339.ap-southeast-1.elb.amazonaws.com,0.4
w4dasxixilaz4yu7haya-f-a782b4639.ipv4-only.cname.clienttons.com,0.4
jstp-mpc.m.jd.com.gslb.qianxun.com,0.4
dualstack.d3.shared.global.fastly.net,0.4
w4dasvax373seyu6jyyq-f-4f7933e68.ipv4-only.cname.clienttons.com,0.4
psg4-excel-eap.officeapps.live.com.wac-0003.wac-dc-msedge.net.wac-0003.wac-msedge.net,0.4
wac-0003.wac-msedge.net,0.4
hckifxnttpqxzc6blcezrbyvuszbeyxq.aligfwaf.com,0.4
d21rtw920d79a.cloudfront.net,0.4
w4dasvax2cgiayu6uixa-f-9a8c0df75.ipv4-only.cname.clienttons.com,0.4
thepoemforyou.oss-cn-beijing.aliyuncs.com.gds.alibabadns.com,0.4
zj2fdlixfqzxuyu6pala-f-9fd790171.ipv4-only.cname.clienttons.com,0.4
abac.au.edu,0.4
download0.vivo.com.cn.ctdns.cn,0.4
all.tianqi.com.w.kunlungr.com,0.4
app-cname-target.cdck-prod-us.discourse.cloud,0.4
bb.img.qq.com.sched.px.tdnsv6.com,0.4
r1.sn-oguesn6d.gvt1.com,0.4
ew.phncdn.com.sds.rncdn7.com,0.4
hl4xavtilnccuyu7j42q-pi2poj-57d3b1a26.ipv4-only.cname.clienttons.com,0.4
w4dasvaxfdy2syu6tyhq-f-8827e1810.ipv4-only.cname.clienttons.com,0.4
120.236.174.249_s-23.2.16.25_ts-1654590977.cname.clienttons.com,0.4
w4dasxqxh5fkcyu63caq-pb8kt7-8ac3cd48c.ipv4-only.cname.clienttons.com,0.4
msu-prod.dotcmscloud.com,0.4
msu-prod.dotcms.cloud,0.4
w4dasvfygoo5iyu654qa-f-fdc554eec.ipv4-only.cname.clienttons.com,0.4
jacinto.hgsc.bcm.tmc.edu,0.4
d34boaysz7xs3v.cloudfront.net,0.4
acxfront-prod1.icpsr.umich.edu,0.4
cosmiccat.sharepoint.com,0.4
31-ipv4v6e.clump.dprodmgd106.aa-rt.sharepoint.com,0.4
195944-ipv4v6e.farm.dprodmgd106.aa-rt.sharepoint.com,0.4
195944-ipv4v6w.farm.dprodmgd106.sharepointonline.com.akadns.net,0.4
195944-ipv4v6.farm.dprodmgd106.aa-rt.sharepoint.com.dual-spo-0005.spo-msedge.net,0.4
195944-ipv4v6.farm.dprodmgd106.aa-rt.sharepoint.com,0.4
r15.sn-ni57rn7e.c.2mdn.net,0.4
d2f7d3uucz7yda.cloudfront.net,0.4
pg-bootstrap.education-apple.com.akadns.net,0.4
hl4xahqxjnkk4yu6wowq-f-23b9f1ff4.ipv4-only.cname.clienttons.com,0.4
mccmanagement-mid-prod1-all-cus.campaign.adobe.com,0.4
mccmanagement-mid-prod1-alb-411509890.ap-northeast-1.elb.amazonaws.com,0.4
hudong-moe-gov-cn.cname.saaswaf.com,0.4
www4-www4.bing.com.trafficmanager.net,0.4
cn.cn-0001.cn-msedge.net,0.4
cn-0001.cn-msedge.net,0.4
ds-2055.oss-acc-allline.aliyuncs.com.gds.alibabadns.com,0.4
cn-shenzhen-ds-2055.oss-acc.aliyuncs.com,0.4
w4dasvaxhp6icyu6hmeq-f-41b67e216.ipv4-only.cname.clienttons.com,0.4
www.haoword.com.w.kunlunca.com,0.4
fmipmobile.fe2.apple-dns.net,0.4
all.ug.ele.me.w.alikunlun.com,0.4
zt.cn.gifshow.com,0.4
v5-lite-zqcm.douyinvod.com.yangyi19.com,0.4
dy-vod-zqcm.netnew.5266.cn,0.4
web-lp-other.waf.liepin.com,0.4
hotfix.lenovo.com.cn.trpcdn.net,0.4
ipv4-ipv6-phase4.daodian.vip.meituan.com,0.4
eaaqeubqaijeajqacqlxqaaaabrj3j42-f-2f92fa68d.cname.clienttons.com,0.4
gspe19-kittyhawk-ssl.ls.apple.com.edgekey.net,0.4
e10499.dscd.akamaiedge.net,0.4
xj.cnr.cn.wswebcdn.com,0.4
w4dasvfydj7usyu6seda-f-1969f9dd6.ipv4-only.cname.clienttons.com,0.4
a.w.bilicdn1.com,0.4
web.ele.me.w.cdngslb.com,0.4
w4dasvdimj2leyu7bqqq-f-72243a812.ipv4-only.cname.clienttons.com,0.4
coherentpath.link,0.4
fenxiao.eoffcn.com,0.4
gzcname.gzmama.com,0.4
ah.cri.cn.wsglb0.com,0.4
a64c581d0efab43adc8c02bf4726155e.dlied1.cdntips.net.tztc.cdn.techingrid.net,0.4
sohucominc.gcs-web.com,0.4
leapfrog-ssl-35.gcs-web.com.edgekey.net,0.4
e105846.dsca.akamaiedge.net,0.4
all.hangzhou.com.cn.w.kunlunhuf.com,0.4
medrive.sharepoint.cn,0.4
610-ipv4v6.clump.gallatin.aa-rt.sharepoint.cn,0.4
ecdd85f7.cdn.ucloud.com.cn,0.4
news.jxcn.cn.ucloudnaming.cn,0.4
sz-ucloud-ipv4.ucloudnaming.info,0.4
zj2fdlixfqzxuyu6n4yq-f-c17b66d37.ipv4-only.cname.clienttons.com,0.4
img1.write.qq.com.cloud.tc.qq.com,0.4
img1.write.qq.com.x2s.sched.dcloudstc.com,0.4
emid1-lt-out.hy.qcloudcdn.qq.com.dsa.dnsv1.com,0.4
l429e2e6.sched.d0.tdnsdp1.cn,0.4
storage.360buyimg.com.gslb.qianxun.com,0.4
storage.360buyimg.com.s.galileo.jcloud-cdn.com,0.4
storage.360buyimg.com.trpcdn.net,0.4
u360.v.trpcdn.net,0.4
1280.usda.gov.edgekey.net,0.4
e1280.dscb.akamaiedge.net,0.4
e1280.dscb.akamaiedge.net.0.1.cn.akamaiedge.net,0.4
d3gr9drwf7yuhc.cloudfront.net,0.4
cms2015.dxt.buaa.edu.cn,0.4
cms2015-proxy.buaa.edu.cn,0.4
theoretical-bug-jkxmrbjv6gezwf02cuzph819.herokudns.com,0.4
czkal.sharepoint.com,0.4
637-ipv4v6e.clump.dprodmgd106.aa-rt.sharepoint.com,0.4
195991-ipv4v6e.farm.dprodmgd106.aa-rt.sharepoint.com,0.4
195991-ipv4v6w.farm.dprodmgd106.sharepointonline.com.akadns.net,0.4
195991-ipv4v6.farm.dprodmgd106.aa-rt.sharepoint.com.dual-spo-0005.spo-msedge.net,0.4
sequoia.nci.nih.gov,0.4
region-au.libguides.com,0.4
t.market.c.mgslb.com,0.4
t1.market.xiaomi.com.w.cdngslb.com,0.4
ardownload.adobe.com.edgesuite.net,0.4
a1953.dscd.akamai.net,0.4
w4dasvax2cgiayu6ud4q-f-e15a7137a.ipv4-only.cname.clienttons.com,0.4
w4dasvaxfdy4syu7bwsq-f-e5f14bb0d.ipv4-only.cname.clienttons.com,0.4
mpcover.ysp.cctv.cn.cdn.dnsv1.com,0.4
event.sched.skalego-dk.tdnsstic1.cn,0.4
download.caihong.com.volcgslb.com,0.4
sz-51-v4.volcgtm.com,0.4
w4dasvfydplsgyu66wrq-f-4e278cb2e.ipv4-only.cname.clienttons.com,0.4
pdwk5n3iksysoyu7nt3q-f-53412efed.ipv4-only.cname.clienttons.com,0.4
vector0.map.bdimg.com.a.bdydns.com,0.4
opencdnbaidumap.jomodns.com,0.4
cdn.justjaredjr.com.cdn.cloudflare.net,0.4
w4dasvaxgurbgyu64hbq-f-252f398ca.ipv4-only.cname.clienttons.com,0.4
d3w3qspccqbd90.cloudfront.net,0.4
m.zjstv.com.m.alikunlun.com,0.4
b.youdao.com,0.4
phpwmiknfirsjeestplniblhnlh3sdzd.yundunwaf5.com,0.4
r3.sn-nx57ynsl.gvt1.com,0.4
movie.jump-center.com,0.4
w4dasvdimj2seyu67xyq-f-f627d36d9.ipv4-only.cname.clienttons.com,0.4
w4dasrqx2h2ngyu7ljfa-f-d9fd87e5b.ipv4-only.cname.clienttons.com,0.4
euunistore.weibo.cn.w.cdngslb.com,0.4
lgame-alpha-1300955520.file.myqcloud.com.cdn.dnsv1.com,0.4
488928.ovslegodl.sched.ovscdns.com,0.4
pdwk56w7o4zlwyu6zkjq-f-17a5295d0.ipv4-only.cname.clienttons.com,0.4
w4dasryxilaz4yu7b45q-f-f8b26407c.ipv4-only.cname.clienttons.com,0.4
profile.img.afgslb.afreecatv.com,0.4
w4dasvfm5aieuyu6qe6a-f-165286ccf.ipv4-only.cname.clienttons.com,0.4
w4dasvaxemnjmyu6fvwq-f-b3f1193cf.ipv4-only.cname.clienttons.com,0.4
pdwk553ii3vrsyu64hsa-f-50e422f63.ipv4-only.cname.clienttons.com,0.4
am-direct.taboola.com,0.4
am-vip001.taboola.com,0.4
fang.chinadaily.com.cn.wjgslb.com,0.4
w4dasvc4po6vayu6g53q-f-f1c94978e.ipv4-only.cname.clienttons.com,0.4
wan-lb-5.tuhu.cn,0.4
account.microsoft.com.edgekey.net,0.4
e9412.b.akamaiedge.net,0.4
zj2fdlixfqz3eyu6my7a-f-d8b2b0989.ipv4-only.cname.clienttons.com,0.4
w4dasyyxfq2uwyu6qxgq-f-7ab25c41e.ipv4-only.cname.clienttons.com,0.4
fs.focusky.com.cn.w.kunlunar.com,0.4
w4dasvdimj2tayu67rwq-f-ed30b51dc.ipv4-only.cname.clienttons.com,0.4
blob.sat09prdstrz08a.store.core.windows.net,0.4
blob.SAT09PrdStrz08A.trafficmanager.net,0.4
s3-r-w.eu-west-1.amazonaws.com,0.4
esdk.dangbei.com.w.kunlunar.com,0.4
w4dasvdijw3rwyu6gmxa-f-293dda09f.ipv4-only.cname.clienttons.com,0.4
ican-ils-seu-edu-cn.cname.saaswaf.com,0.4
eaaqeubqaijeajqacqlxqaaaabrj6ao2-f-38065a848.cname.clienttons.com,0.4
blob.lvl08prdstr08a.store.core.windows.net,0.4
zb-443-wagbridge.advertisement.alibaba-inc.com,0.4
zb-443-wagbridge.advertisement.alibaba-inc.com.gds.alibabadns.com,0.4
mnt.eeo.cn.cdn.dnsv1.com,0.4
mnt.eeo.cn.sched.sma.tdnsstic1.cn,0.4
w4dasvfygntjwyu6iv7a-f-e73bd27b3.ipv4-only.cname.clienttons.com,0.4
w4dasvcninkvqyu7daga-f-9df5a038e.ipv4-only.cname.clienttons.com,0.4
apac-storm.aws-storm.ubi.com,0.4
provisioning-blue.public-prodservices-ap-southeast-1.aws-storm.ubi.com,0.4
health.harvard.edu,0.4
5gcenter.people.cn.wscdns.com,0.4
w4dasvax2cgcgyu7oduq-f-f97fb7f54.ipv4-only.cname.clienttons.com,0.4
verycloudcdncmnet.inter.iqiyi.com.rgslb.cn,0.4
verycloudcdncmnet.inter.iqiyi.com.ctdns.cn,0.4
offline.ctxcdn.com,0.4
zj2fdlixfqz5ayu6tpja-f-87884bdd6.ipv4-only.cname.clienttons.com,0.4
live-howl-v1alpha1-359030110.us-east-1.elb.amazonaws.com,0.4
cdn53833466.ahacdn.me,0.4
www.pkpm.cn.w.kunlungr.com,0.4
mediaservices.cdn-apple.com.akadns.net,0.4
mediaservices.cdn-apple.com.edgesuite.net,0.4
a1915.dscw154.akamai.net,0.4
a1915.dscw154.akamai.net.0.1.cn.akamaitech.net,0.4
music-video-bos.cdn.bcebos.com.a.bdydns.com,0.4
motacilla.lib.uchicago.edu,0.4
lba.cau.edu.cn,0.4
source.aladdin-e.com.w.kunluncan.com,0.4
d34hfsfvvicot8.cloudfront.net,0.4
pdwk5ptiksysoyu7nsfq-f-3bd41a3f7.ipv4-only.cname.clienttons.com,0.4
a1339.g2.akamai.net,0.4
mentimeter-cname-realtime.ably.io,0.4
d153rykij53cph.cloudfront.net,0.4
huishou.m.jd.com.gslb.qianxun.com,0.4
w4dasvaxfdy2syu65gga-f-5a2a05c45.ipv4-only.cname.clienttons.com,0.4
w4dasvc4po6vayu6g5pa-f-78f47da5b.ipv4-only.cname.clienttons.com,0.4
ddos.youzan.com,0.4
bj.ksy.bigtap.pubproxy.hd.mi.com,0.4
w4dasvaxgyjlqyu6hxjq-f-09570e8f4.ipv4-only.cname.clienttons.com,0.4
cdn-qnfo226u.cdn.dnsv1.com,0.4
qnfo226u.sched.sma.tdnsstic1.cn,0.4
vmss-clarity-ingest-eus-e.eastus.cloudapp.azure.com,0.4
w4dasvax2ll5eyu6jreq-f-7c35035a2.ipv4-only.cname.clienttons.com,0.4
playapigateway-svc-gafmewsoly.trafficmanager.net,0.4
gsp85-ssl.ls2-apple.com.akadns.net,0.4
images-sbd.dealer.com.edgekey.net,0.4
e117654.dscx.akamaiedge.net,0.4
zj2fdlixfqzxuyu6uaza-f-249a6a4cd.ipv4-only.cname.clienttons.com,0.4
XSP-efz.ms-acdc.office.com,0.4
mhudong.cztv.com.w.kunlunno.com,0.4
hl4xavtilncdwyu7kvpq-p9do4c-e49c1b51c.ipv4-only.cname.clienttons.com,0.4
45.151.132.220_s-23.59.188.97_ts-1654612806.cname.clienttons.com,0.4
app.oeeee.com.s.galileo.jcloud-cdn.com,0.4
mfn-sched.jcloud-cdn.com,0.4
pushws.fe2.apple-dns.net,0.4
alb001-push-cc2s01.push.usw2.np.cn.s0.playstation.net,0.4
6dcf0960fee7d415fda1eba5d5fd6b96.dlied1.cdntips.net.tztc.cdn.duanxb.com,0.4
d90217e044ebbbed.cdn.jiashule.com,0.4
fcfd-prodp-outer.trafficmanager.net,0.4
loki2.channel.mgtv.com,0.4
hw2z.gateway.mgtv.com,0.4
4f193623-65cb-5068-aa48-c4ff04142174.prd.edge-inf.net,0.4
3ivgup7.x.incapdns.net,0.4
internal-api.postscript.io,0.4
ipv4-ipv6-phase4.gct-web.vip.meituan.com,0.4
a.mp.uc.cn,0.4
na610-ea134.uc.cn,0.4
default.cn.hz.wagbridge.ad.alibabacorp.com,0.4
default.cn.hz.wagbridge.ad.alibabacorp.com.gds.alibabadns.com,0.4
wild.rnps.dl.playstation.net.edgesuite.net,0.4
a1092.d.akamai.net,0.4
www-tc.digi-prod.pbs.org,0.4
theme.360doc.com.w.kunlunle.com,0.4
atsv2-fp-shed.wg1.b.yahoo.com,0.4
pdwk5tnygntbgyu7bnoq-f-7834f7454.ipv4-only.cname.clienttons.com,0.4
ab8d56e9f590d41f553afe6997760d4b.dlied1.cdntips.net.tztc.fs.fclouddns.net,0.4
ukc-collabrtc.rtc.trafficmanager.net.b-0016.b-msedge.net,0.4
b-0016.b-msedge.net,0.4
blob.dm2prdstr11a.store.core.windows.net,0.4
w4dasvdipqavcyu6232a-f-18d0c55f2.ipv4-only.cname.clienttons.com,0.4
login.itg.aligntech.com,0.4
ciam-common-prd-use1-prd.itg.aligntech.com,0.4
w4dasvaxhxbggyu6vxtq-f-d65fb6506.ipv4-only.cname.clienttons.com,0.4
hl4xakdilncdwyu7kvdq-pivh0t-8ae856391.ipv4-only.cname.clienttons.com,0.4
zj2fdlixfqz3eyu6ku7a-f-37b724810.ipv4-only.cname.clienttons.com,0.4
n9ri1khnevhmpvvqwvgvqnr7ijb5cq3q.yundunwaf.com,0.4
sydata.soyoung.com.bsclink.cn,0.4
ux71.v.bsclink.cn,0.4
whc-odedi100701.uqam.ca,0.4
fp-ycpi.g03.yahoodns.net,0.4
405733.sched.px-dk.tdnsv6.com,0.4
tjhz.upan.cc.w.alikunlun.com,0.4
120.236.174.248_s-184.27.185.72_ts-1654606840.cname.clienttons.com,0.4
azcdubvermedia.ec.azureedge.net,0.4
rr4.sn-j5o76n7l.gvt1.com,0.4
wildcard.moatads.com.edgekey.net,0.4
e13136.g.akamaiedge.net,0.4
la4lbg.uae2grp.ucweb.com,0.4
img3.kwcdn.kuwo.cn.scc.topgslb.com,0.4
w4dasvaxfdy4syu7fmgq-f-18708481a.ipv4-only.cname.clienttons.com,0.4
weebly.map.fastly.net,0.4
unidesk.alicdn.com.danuoyi.tbcache.com,0.4
w4dasvaxij5gayu6ojna-f-bd88eafd7.ipv4-only.cname.clienttons.com,0.4
quanben-xiaoshuo.com,0.4
w4dasvax2ll2syu6gtdq-f-b444de191.ipv4-only.cname.clienttons.com,0.4
remindersws.fe.apple-dns.cn,0.4
s3-r-w.dualstack.us-west-2.amazonaws.com,0.4
eaaqeubqaijeajqacql6qaaaabrj5t23-pgw46t-06cb8261c.cname.clienttons.com,0.4
mobilebackup.fe.apple-dns.cn,0.4
module.iqilu.com.download.ks-cdn.com,0.4
k5-v6.gslb.ksyuncdn.com,0.4
ggx09.miguvideo.com,0.4
sync-1778368690.ap-northeast-1.elb.amazonaws.com,0.4
ok8-tls12-ga-a29f6da37079096c2.tng.okta.com,0.4
a29f6da37079096c2.awsglobalaccelerator.com,0.4
assets-cdn.kf5.com.w.kunlunno.com,0.4
app2.hongmengshijie.net.bsclink.cn,0.4
2.66law.cn.cname211.yjs-cdn.com,0.4
www.gz.xinhuanet.com.ctadns.cn,0.4
w4dasvaxh7zfqyu7jjfq-pyxswo-880739dcd.ipv4-only.cname.clienttons.com,0.4
image2.135editor.com.a.bdydns.com,0.4
www.dealmoon.com.edgekey.net,0.4
www.dealmoon.com.edgekey.net.globalredir.akadns.net,0.4
e1916.ca.s.tl88.net,0.4
fs-conn.qq.com,0.4
s277.photo.store.qq.com,0.4
w4dasxqxggboqyu7h3ya-f-d4f355f3f.ipv4-only.cname.clienttons.com,0.4
elsevier5.custhelp.com,0.4
120.236.174.190_s-23.48.201.42_ts-1654593712.cname.clienttons.com,0.4
users314.jg.jugem.jp,0.4
snopes.com,0.4
www.newson6.com,0.4
www3.bjfu.edu.cn,0.4
www.bjfu.edu.cn,0.4
tiku.huatu.com.cdn20.com,0.4
w4dassix362hiyu6vgxq-f-13965943b.ipv4-only.cname.clienttons.com,0.4
zj2fdlixfqzxuyu6t3xa-f-65b777295.ipv4-only.cname.clienttons.com,0.4
w4dasvdimj2seyu67qma-f-1d9b12591.ipv4-only.cname.clienttons.com,0.4
azeus1-client-s.msnmessenger.msn.com.akadns.net,0.4
ip.azeus1-client-s.msnmessenger.msn.com.akadns.net,0.4
wd-en.custhelp.com,0.4
w4dasvax2nwguyu7dqqa-f-337b6c4a9.ipv4-only.cname.clienttons.com,0.4
blob.iad01prdstr12a.store.core.windows.net,0.4
wzq169.upc.edu.cn,0.4
cdn.tynt.com.cdn.cloudflare.net,0.4
alb-2-217222415.ap-northeast-1.elb.amazonaws.com,0.4
www.telemundo.com.edgekey.net,0.4
e9743.g.akamaiedge.net,0.4
gspe85-ssl.g.aaplimg.com,0.4
trumpf.edgekey.net,0.4
e8475.b.akamaiedge.net,0.4
cs397.cc.adn.xicdn.net,0.4
motorsports.porsche.cn.bscedge.com,0.4
www.eis.de.edgekey.net,0.4
e296.g.akamaiedge.net,0.4
ds-2068.oss-acc-allline.aliyuncs.com,0.4
ds-2068.oss-acc-allline.aliyuncs.com.gds.alibabadns.com,0.4
cn-shenzhen-ds-2068.oss-acc.aliyuncs.com,0.4
zj2fdlixfqz3eyu6mxyq-f-1229472ec.ipv4-only.cname.clienttons.com,0.4
wlanapktxdl-ipv6.vivo.com.cn.cdn.dnsv1.com.cn,0.4
9lh1430x.sched.dma-dk.tdnsdl1.cn,0.4
zj2fdlixfqzxuyu6n6nq-f-b2f314aeb.ipv4-only.cname.clienttons.com,0.4
el.sagepub.com.cdn.cloudflare.net,0.4
sec.lenovo.com.cn.wswebcdn.com,0.4
w4dasvax373seyu6jyra-f-cdd0aad36.ipv4-only.cname.clienttons.com,0.4
fmip.fe2.apple-dns.net,0.4
ph-odc.gw.samsungapps.com,0.4
fe-pew1-ext-s1store-elb-1955050857.eu-west-1.elb.amazonaws.com,0.4
nil.lcs.mit.edu,0.4
qdserver.jd.com.gslb.qianxun.com,0.4
contacts.fe2.apple-dns.net,0.4
sanhaostreet.com,0.4
zj2fdlixfqz3eyu6krma-f-cfabb6a63.ipv4-only.cname.clienttons.com,0.4
h52di94l3h6wwps9.aliyunddos1029.com,0.4
shop.m.taobao.com,0.4
tao.apple.cn.zb.dualstack.aserver.alibabacorp.com,0.4
tao.apple.cn.zb.dualstack.aserver.alibabacorp.com.gds.alibabadns.com,0.4
cos.ap-nanjing.myqcloud.com,0.4
kc-swarovski.oss-cn-shanghai.aliyuncs.com.gds.alibabadns.com,0.4
leplus-mrd.jd.com.gslb.qianxun.com,0.4
w4dasvfygntbgyu6h54a-f-ce63a8833.ipv4-only.cname.clienttons.com,0.4
webads.one-mobile-prod.aws.oath.cloud,0.4
200-service-tang-1544055741.us-east-1.elb.amazonaws.com,0.4
eaaq3kbacyzeajqacqlxqaaaabrj5h6m-f-465e1ffac.cname.clienttons.com,0.4
nanchang.offcn.com,0.4
w4dasvax2cgcgyu7n3ya-f-28eb656d1.ipv4-only.cname.clienttons.com,0.4
w4dasvfydh7hqyu63wuq-f-e0e99cb6a.ipv4-only.cname.clienttons.com,0.4
sc04.alicdn.com.gds.alibabadns.com,0.4
sc04.alicdn.com.danuoyi.tbcache.com,0.4
cbs-img.sports.cctv.com.wsglb0.com,0.4
ds-2044.oss-acc-allline.aliyuncs.com,0.4
ds-2044.oss-acc-allline.aliyuncs.com.gds.alibabadns.com,0.4
cn-shenzhen-ds-2044.oss-acc.aliyuncs.com,0.4
bfp.global.dual.dotomi.weighted.com.akadns.net,0.4
homegroup.aichaoxing.com,0.4
api.mckuai.com.allwinso.com,0.4
api.mckuai.com.volcgslb.com,0.4
wp.wpenginepowered.com,0.4
zj2fdlixfqz3eyu6lt2a-f-4b597267f.ipv4-only.cname.clienttons.com,0.4
w4dasvfygjme4yu652ia-f-cd97a332c.ipv4-only.cname.clienttons.com,0.4
zj2fdlixfqzxuyu6paoq-f-4311a5c87.ipv4-only.cname.clienttons.com,0.4
all.yzz.cn.w.kunlungr.com,0.4
w4dasvaxeqh5qyu7ka5a-f-7a3b79616.ipv4-only.cname.clienttons.com,0.4
fhslbejcpbitduwdqxwndk7kt7w4ijcq.yundunwaf3.com,0.4
down-ww2.bituq.com.w.kunluncan.com,0.4
w4dasvfm5aieuyu6qduq-f-55ea10bdb.ipv4-only.cname.clienttons.com,0.4
www.gs.com,0.4
www.gs.com.edgekey.net,0.4
e17133.x.akamaiedge.net,0.4
icdmain.azurewebsites.net,0.4
waws-prod-db3-017a.sip.azurewebsites.windows.net,0.4
waws-prod-db3-017.northeurope.cloudapp.azure.com,0.4
ec-elb01.formassembly.com,0.4
ec-elbec-wg945jtfutnz-913366995.us-east-1.elb.amazonaws.com,0.4
xacm02.n.shifen.com,0.4
vs-www.liv.ac.uk,0.4
ftp.ext.hp.com,0.4
ftp.ext.hp.com.edgekey.net,0.4
e2690.dscd.akamaiedge.net,0.4
rp6.gxnu.edu.cn,0.4
easylist-downloads.adblockplus.org,0.4
w4dasvaxhonoqyu62aqa-f-398a9ec17.ipv4-only.cname.clienttons.com,0.4
sbcfastlogistics.com,0.4
cdn-4bbcj9hc.cdn.dnsv1.com,0.4
4bbcj9hc.sched.sma.tdnsstic1.cn,0.4
9480bf8688d44e83ac4d52f536cd7c75.z3c.jin10.com,0.4
alb-uoa76bzbds3dypdb2j.cn-hangzhou.alb.aliyuncs.com,0.4
live-rtl.pantheonsite.io,0.4
fe1.edge.pantheon.io,0.4
w4dasvaxgluuqyu7okoq-f-f6245b6b9.ipv4-only.cname.clienttons.com,0.4
aiakujundus.ee,0.4
w4dasvfygoo5syu6hgpq-f-a334d2aa7.ipv4-only.cname.clienttons.com,0.4
images.platform.data-axle.com,0.4
zhengxinpeixun.oss-cn-qingdao.aliyuncs.com.gds.alibabadns.com,0.4
uom.elsevierpure.com,0.4
nlb-eu.elsevierpure.com,0.4
ds-2099.oss-acc-allline.aliyuncs.com,0.4
ds-2099.oss-acc-allline.aliyuncs.com.gds.alibabadns.com,0.4
cn-shenzhen-ds-2099.oss-acc.aliyuncs.com,0.4
blob.sat12prdstr08a.store.core.windows.net,0.4
202.116.81.14_s-23.196.47.91_ts-1654585395.cname.clienttons.com,0.4
944-ipv4v6e.clump.dprodmgd106.aa-rt.sharepoint.com,0.4
weibo.com,0.4
mup-amp-r53.awsconsumer.mcafee.com,0.4
mup.mcafee.com.akadns.net,0.4
mup-apac.mcafee.com.akadns.net,0.4
swzx-wmu-edu-cn.cname.saaswaf.com,0.4
wmuv6.cache.saaswaf.com,0.4
zj2fdlixfqzxuyu6ubua-f-33c75f27c.ipv4-only.cname.clienttons.com,0.4
manoramanews.manoramaonline.com.edgekey.net,0.4
e1193.dsca.akamaiedge.net,0.4
hepshow-image-formal.oss-cn-beijing.aliyuncs.com.gds.alibabadns.com,0.4
pdwk5y67o7yaqyu7h64a-f-50fcb54f9.ipv4-only.cname.clienttons.com,0.4
w4dasvaxhxbggyu6uu5a-f-d8050838e.ipv4-only.cname.clienttons.com,0.4
zj2fdnaxjem3cyu6mzaq-f-8424094f3.ipv4-only.cname.clienttons.com,0.4
www1stwaf.bjut.edu.cn,0.4
bjut-edu-cn.cname.saaswaf.com,0.4
zbjutipv6.cache.saaswaf.com,0.4
sftx-api.gifshow.com,0.4
kuke-prod.oss-cn-qingdao.aliyuncs.com.gds.alibabadns.com,0.4
turnitin.map.fastly.net,0.4
second.hdshop.ipv4.37.com,0.4
www.groupon.com.edgekey.net,0.4
e13056.x.akamaiedge.net,0.4
eqe9a2w.ng.impervadns.net,0.4
img-cdn-tc.dcloud.net.cn.cdn.dnsv1.com,0.4
fz8ddcvs.sched.sma-dk.tdnsstic1.cn,0.4
contactsws.fe.apple-dns.cn,0.4
www-new.rutgers.edu,0.4
www.crazyegg.com,0.4
www.crazyegg.com.cdn.cloudflare.net,0.4
hl4xaklionjbayu66plq-f-bd9b59575.ipv4-only.cname.clienttons.com,0.4
njgxlvs-vas.gslb.pptv.com,0.4
njgxlvs.gslb.pptv.com,0.4
pic.gmw.cn.bsgslb.cn,0.4
zgovweb.v.bsccdn.com,0.4
cs820.wac.ad26d.taucdn.net,0.4
cs820205996.wac.taucdn.net,0.4
zj2fdlixfqzxuyu6ok3a-f-ff6279413.ipv4-only.cname.clienttons.com,0.4
a120554.sandai.net,0.4
drivews.fe.apple-dns.cn,0.4
zj2fdjicce5ryyu6zb7q-f-9fec2c629.ipv4-only.cname.clienttons.com,0.4
netease-publish-gdlv4.cdn.ntes53.netease.com,0.4
netease-publish-gdlgphs.w.alikunlun.com,0.4
w4dasvfm5aieuyu6qgna-f-abc8b0317.ipv4-only.cname.clienttons.com,0.4
536878a188d31ddb.qaxcloudwaf.com,0.4
w4dasvax2cgcgyu6yprq-f-056297823.ipv4-only.cname.clienttons.com,0.4
w4dasvfm5aieuyu6p6mq-f-642f9a55b.ipv4-only.cname.clienttons.com,0.4
reg.suning.com.suninggslb.cn,0.4
origin-cs872.sinclairstoryline.com,0.4
cs872.wac.alphacdn.net,0.4
zj2fdlixfqz3eyu6rcpa-f-efca3cb43.ipv4-only.cname.clienttons.com,0.4
zj2fdkom5xghoyu7cooq-f-9b39e1285.ipv4-only.cname.clienttons.com,0.4
mip.youth.cn.wswebcdn.com,0.4
aecc9f1da6f74cbba973d5033a40d14e.vip1.huaweicloudwaf.com,0.4
hl4xaeyxzirxsyu6v37a-pgh2gs-2a8d7fc92.ipv4-only.cname.clienttons.com,0.4
img.ashow.pcpop.com.trpcdn.net,0.4
itch.io,0.4
medialab.map.fastly.net,0.4
1400104471.vod2.myqcloud.com.cdn.dnsv1.com,0.4
q1ajvins.sched.vodlego-dk.tdnsvod4.cn,0.4
weiboimgwximg.gslb.sinaedge.com,0.4
ww1.sinaimg.cn.cdn.dnsv1.com,0.4
1931354.sched.skalego-dk.tdnsstic1.cn,0.4
g70.region.linkedcare.cn,0.4
eastconsults.com,0.4
bookmarks.fe2.apple-dns.net,0.4
chi01pcor001-meta.fe.1drv.com,0.4
odc-chi01pap001-meta-geo.onedrive.akadns.net,0.4
chi01pcor001-meta.be.1drv.com,0.4
i-chi01p-cor001.api.p001.1drv.com,0.4
3aa13a49de615fb3b071f913e2918338-1854188095.ap-northeast-2.elb.amazonaws.com,0.4
dcuky.bepress.com,0.4
globallaborsupply.com,0.4
img2.hackhome.com.m.alikunlun.com,0.4
120.133.69.95,0.5
142.251.42.225,0.5
157.148.69.252,0.5
47.95.29.218,0.5
172.96.187.89,0.5
120.53.10.71,0.5
220.181.174.228,0.5
122.205.109.35,0.5
184.28.218.27,0.5
184.28.218.51,0.5
84.247.172.224,0.5
103.244.235.53,0.5
85.187.128.42,0.5
142.251.43.1,0.5
69.57.162.15,0.5
164.160.91.30,0.5
108.160.167.159,0.5
127.64.0.128,0.5
203.119.144.20,0.5
172.217.163.33,0.5
173.201.185.36,0.5
140.114.87.21,0.5
77.72.0.86,0.5
42.186.175.121,0.5
40.99.202.18,0.5
40.99.215.66,0.5
40.99.215.18,0.5
40.99.202.50,0.5
40.99.215.2,0.5
52.97.230.178,0.5
52.97.230.130,0.5
40.99.202.34,0.5
69.57.172.21,0.5
128.32.213.142,0.5
210.34.85.104,0.5
85.23.207.211,0.5
162.241.60.249,0.5
74.86.3.208,0.5
47.95.85.25,0.5
45.253.145.76,0.5
45.253.145.73,0.5
42.186.120.205,0.5
54.192.18.24,0.5
54.192.18.66,0.5
54.192.18.48,0.5
54.192.18.103,0.5
151.106.116.212,0.5
175.27.49.56,0.5
175.27.48.99,0.5
120.92.71.185,0.5
144.208.127.144,0.5
23.101.10.141,0.5
172.217.160.97,0.5
216.137.67.66,0.5
69.57.172.25,0.5
192.0.72.30,0.5
192.0.72.31,0.5
157.148.50.157,0.5
157.148.51.91,0.5
157.148.50.71,0.5
157.148.51.103,0.5
157.148.50.104,0.5
157.148.50.117,0.5
157.148.50.121,0.5
157.148.50.141,0.5
157.148.50.167,0.5
157.148.51.100,0.5
185.2.4.101,0.5
66.29.132.60,0.5
91.103.252.33,0.5
172.65.251.78,0.5
198.54.114.193,0.5
192.225.158.3,0.5
162.125.6.1,0.5
172.67.170.93,0.5
104.21.47.39,0.5
3.33.130.190,0.5
15.197.148.33,0.5
50.116.112.232,0.5
34.149.66.100,0.5
52.105.208.55,0.5
198.54.114.133,0.5
199.59.243.225,0.5
175.27.37.181,0.5
175.27.38.131,0.5
40.99.202.114,0.5
52.97.211.114,0.5
52.97.211.162,0.5
52.97.211.194,0.5
40.99.148.242,0.5
52.97.202.82,0.5
40.99.150.162,0.5
40.100.174.18,0.5
222.192.186.100,0.5
78.153.214.24,0.5
69.49.247.244,0.5
54.192.18.27,0.5
54.192.18.82,0.5
54.192.18.40,0.5
54.192.18.99,0.5
162.0.232.41,0.5
223.119.151.93,0.5
203.107.40.218,0.5
74.6.160.106,0.5
74.6.160.107,0.5
192.185.20.31,0.5
108.181.20.35,0.5
162.125.18.129,0.5
52.219.108.204,0.5
52.219.102.108,0.5
52.219.101.3,0.5
52.219.102.236,0.5
52.219.102.84,0.5
52.219.101.20,0.5
52.219.105.51,0.5
52.219.176.252,0.5
121.51.166.101,0.5
52.98.149.146,0.5
52.98.154.146,0.5
52.98.149.130,0.5
52.98.154.130,0.5
72.11.141.67,0.5
120.240.79.106,0.5
157.240.3.8,0.5
52.114.15.99,0.5
64.31.47.66,0.5
172.67.70.135,0.5
104.26.2.83,0.5
104.26.3.83,0.5
58.205.193.79,0.5
58.205.193.77,0.5
58.205.193.78,0.5
13.225.103.60,0.5
13.225.103.18,0.5
13.225.103.38,0.5
13.225.103.77,0.5
43.129.184.3,0.5
85.208.102.239,0.5
222.198.120.211,0.5
135.181.125.9,0.5
68.168.220.235,0.5
218.197.151.153,0.5
59.72.0.32,0.5
222.192.186.76,0.5
222.192.186.77,0.5
162.0.209.142,0.5
91.213.99.91,0.5
136.243.192.65,0.5
43.141.50.146,0.5
43.141.49.43,0.5
43.141.49.92,0.5
43.141.49.107,0.5
43.141.49.119,0.5
23.48.214.147,0.5
59.110.244.70,0.5
103.11.101.59,0.5
127.129.0.128,0.5
190.8.176.187,0.5
183.84.6.65,0.5
124.251.101.26,0.5
3.219.65.165,0.5
54.160.161.87,0.5
3.232.59.33,0.5
34.237.48.90,0.5
54.146.5.150,0.5
3.222.96.189,0.5
223.95.183.232,0.5
122.9.167.87,0.5
104.21.57.139,0.5
172.67.164.22,0.5
52.97.229.178,0.5
52.97.229.162,0.5
52.97.229.130,0.5
52.97.229.146,0.5
54.243.58.51,0.5
167.114.163.236,0.5
63.140.48.210,0.5
63.140.48.227,0.5
63.140.48.230,0.5
52.96.223.2,0.5
52.96.79.114,0.5
52.96.170.82,0.5
52.96.226.178,0.5
52.96.79.66,0.5
52.96.79.210,0.5
52.96.79.82,0.5
52.96.190.226,0.5
162.159.128.7,0.5
162.159.138.6,0.5
162.241.85.69,0.5
154.47.17.210,0.5
208.86.224.90,0.5
115.238.119.113,0.5
106.14.228.148,0.5
176.9.208.67,0.5
77.95.113.15,0.5
13.105.28.1,0.5
13.224.167.129,0.5
13.224.167.123,0.5
13.224.167.29,0.5
13.224.167.108,0.5
192.185.223.37,0.5
129.125.66.217,0.5
51.210.34.171,0.5
132.188.65.12,0.5
185.221.216.3,0.5
116.202.253.42,0.5
49.12.165.216,0.5
49.12.165.218,0.5
116.202.253.46,0.5
116.202.253.44,0.5
202.207.177.42,0.5
81.69.54.68,0.5
81.69.54.171,0.5
81.69.54.64,0.5
81.69.54.122,0.5
103.112.245.9,0.5
103.28.36.106,0.5
167.89.115.147,0.5
167.89.115.54,0.5
167.89.115.121,0.5
167.89.123.147,0.5
167.89.123.122,0.5
167.89.123.16,0.5
213.180.204.183,0.5
204.16.169.54,0.5
104.21.18.250,0.5
172.67.184.70,0.5
34.233.90.125,0.5
3.221.198.208,0.5
18.210.135.182,0.5
35.168.166.60,0.5
50.19.17.105,0.5
50.16.35.88,0.5
34.236.47.73,0.5
52.21.5.158,0.5
199.188.206.63,0.5
3.86.129.56,0.5
54.174.87.69,0.5
175.27.22.80,0.5
91.227.16.6,0.5
13.225.103.81,0.5
13.225.103.54,0.5
13.225.103.36,0.5
13.225.103.101,0.5
47.95.225.127,0.5
52.96.166.194,0.5
52.96.55.194,0.5
52.96.165.98,0.5
52.96.188.178,0.5
52.96.64.194,0.5
52.96.110.66,0.5
52.96.70.130,0.5
52.96.165.114,0.5
162.241.61.39,0.5
43.141.10.181,0.5
13.107.43.254,0.5
31.186.254.83,0.5
172.217.160.65,0.5
173.201.188.91,0.5
40.99.201.178,0.5
52.97.201.210,0.5
52.97.186.146,0.5
52.97.201.226,0.5
40.99.201.194,0.5
52.97.201.194,0.5
52.97.232.210,0.5
52.98.168.178,0.5
162.254.39.17,0.5
20.150.89.196,0.5
121.201.115.112,0.5
50.116.239.150,0.5
210.39.12.28,0.5
45.127.4.111,0.5
121.194.8.25,0.5
49.4.34.1,0.5
49.4.19.251,0.5
190.8.176.181,0.5
154.83.14.134,0.5
175.27.37.108,0.5
175.27.37.249,0.5
106.55.113.47,0.5
106.55.113.149,0.5
106.55.113.183,0.5
192.0.72.20,0.5
192.0.72.21,0.5
199.16.156.38,0.5
179.60.193.16,0.5
116.62.42.25,0.5
47.99.87.125,0.5
218.95.237.22,0.5
218.95.237.17,0.5
218.95.237.11,0.5
218.95.237.13,0.5
218.95.237.15,0.5
218.95.237.4,0.5
218.95.237.19,0.5
125.74.61.246,0.5
218.95.237.8,0.5
218.95.237.21,0.5
218.95.237.14,0.5
218.95.237.16,0.5
218.95.237.12,0.5
218.95.237.18,0.5
23.146.184.71,0.5
35.199.7.244,0.5
172.64.33.228,0.5
173.245.59.228,0.5
108.162.193.228,0.5
202.116.81.230,0.5
170.114.0.20,0.5
101.132.134.207,0.5
170.33.13.246,0.5
0.0.0.1,0.5
13.107.244.2,0.5
150.171.254.2,0.5
150.171.0.2,0.5
208.84.4.2,0.5
52.185.159.32,0.5
52.96.119.194,0.5
52.96.119.162,0.5
52.96.58.66,0.5
52.96.42.178,0.5
52.96.6.2,0.5
52.96.119.242,0.5
52.96.20.210,0.5
52.96.7.226,0.5
52.96.69.50,0.5
52.96.87.242,0.5
52.96.64.130,0.5
52.96.19.82,0.5
52.96.111.18,0.5
52.96.111.66,0.5
52.96.87.226,0.5
52.96.111.2,0.5
185.208.164.110,0.5
172.67.210.190,0.5
104.21.45.66,0.5
222.200.254.4,0.5
222.200.254.2,0.5
222.200.254.3,0.5
52.98.40.34,0.5
52.98.65.178,0.5
52.98.90.178,0.5
52.98.50.18,0.5
52.98.77.114,0.5
40.99.9.98,0.5
52.98.66.98,0.5
52.98.90.2,0.5
141.136.39.86,0.5
144.208.78.130,0.5
88.119.169.108,0.5
37.221.67.141,0.5
123.255.65.109,0.5
115.29.192.122,0.5
13.224.167.102,0.5
13.224.167.52,0.5
13.224.167.18,0.5
13.224.167.47,0.5
121.199.204.42,0.5
120.133.57.22,0.5
23.162.152.36,0.5
162.0.232.223,0.5
154.83.15.45,0.5
121.194.4.240,0.5
104.18.24.19,0.5
104.18.25.19,0.5
74.119.119.130,0.5
192.250.227.11,0.5
167.250.5.70,0.5
40.99.249.66,0.5
40.99.247.18,0.5
40.99.247.34,0.5
52.96.47.82,0.5
154.0.165.53,0.5
202.108.0.238,0.5
40.99.27.2,0.5
40.99.26.178,0.5
40.99.26.210,0.5
40.99.27.18,0.5
127.192.0.128,0.5
218.18.98.47,0.5
45.77.52.227,0.5
153.92.7.230,0.5
52.98.51.178,0.5
40.100.51.18,0.5
40.99.9.194,0.5
40.99.67.210,0.5
40.99.9.242,0.5
40.99.67.162,0.5
40.99.9.210,0.5
52.98.51.130,0.5
203.205.235.236,0.5
195.201.116.222,0.5
13.56.122.152,0.5
47.93.84.149,0.5
52.114.44.79,0.5
64.31.22.34,0.5
67.223.118.124,0.5
5.134.122.15,0.5
66.29.146.16,0.5
162.144.181.171,0.5
112.137.173.77,0.5
192.185.185.62,0.5
129.43.40.106,0.5
185.200.118.51,0.5
81.218.224.20,0.5
203.107.54.59,0.5
162.241.2.176,0.5
120.78.115.73,0.5
13.226.123.169,0.5
13.226.123.162,0.5
13.226.123.161,0.5
13.226.123.193,0.5
199.16.156.7,0.5
162.220.63.238,0.5
103.27.232.14,0.5
50.31.176.7,0.5
202.119.32.7,0.5
106.53.137.173,0.5
68.178.148.77,0.5
103.55.39.181,0.5
13.225.103.70,0.5
13.225.103.113,0.5
13.225.103.96,0.5
13.225.103.80,0.5
67.217.34.66,0.5
172.247.127.151,0.5
39.105.120.64,0.5
108.186.165.95,0.5
185.12.116.192,0.5
198.59.144.21,0.5
198.59.144.17,0.5
13.226.120.4,0.5
13.226.120.18,0.5
13.226.120.60,0.5
13.226.120.83,0.5
40.99.253.146,0.5
52.96.229.242,0.5
52.96.93.146,0.5
52.96.85.18,0.5
40.99.227.210,0.5
40.99.253.98,0.5
40.99.164.226,0.5
52.96.93.226,0.5
87.229.120.63,0.5
184.26.91.171,0.5
23.202.34.219,0.5
195.35.44.225,0.5
104.21.53.3,0.5
172.67.206.142,0.5
195.252.110.247,0.5
103.55.39.182,0.5
108.179.192.117,0.5
104.26.11.108,0.5
172.67.72.214,0.5
104.26.10.108,0.5
140.210.72.168,0.5
140.210.72.164,0.5
140.210.72.162,0.5
140.210.88.152,0.5
140.210.72.160,0.5
140.210.72.170,0.5
140.210.88.151,0.5
140.210.72.166,0.5
50.116.62.225,0.5
89.117.157.214,0.5
162.241.86.206,0.5
198.54.120.25,0.5
198.54.116.4,0.5
107.180.107.138,0.5
192.185.140.127,0.5
20.2.232.53,0.5
118.190.210.73,0.5
14.29.214.217,0.5
40.99.10.2,0.5
40.99.10.18,0.5
40.99.10.98,0.5
40.99.8.194,0.5
178.218.165.208,0.5
80.158.18.157,0.5
162.241.85.210,0.5
45.142.182.93,0.5
166.1.173.27,0.5
52.40.134.57,0.5
35.165.68.166,0.5
34.213.114.77,0.5
172.64.149.20,0.5
104.18.38.236,0.5
18.180.14.235,0.5
166.111.4.39,0.5
116.255.187.176,0.5
52.97.3.178,0.5
52.97.11.66,0.5
52.97.78.130,0.5
52.97.33.146,0.5
52.97.26.130,0.5
52.97.4.162,0.5
52.97.26.82,0.5
52.97.0.226,0.5
108.160.162.109,0.5
172.67.207.81,0.5
104.21.85.155,0.5
120.78.115.88,0.5
23.224.70.179,0.5
104.219.248.46,0.5
52.196.128.139,0.5
35.74.58.174,0.5
35.73.126.78,0.5
52.192.46.121,0.5
52.97.153.146,0.5
52.97.214.146,0.5
52.97.153.130,0.5
52.98.159.226,0.5
52.97.215.114,0.5
52.97.213.162,0.5
52.98.206.178,0.5
52.97.215.98,0.5
116.206.105.148,0.5
109.236.93.10,0.5
131.153.81.145,0.5
202.197.224.10,0.5
117.149.203.43,0.5
123.129.227.49,0.5
220.185.184.29,0.5
185.234.22.26,0.5
185.234.22.18,0.5
185.164.72.121,0.5
35.209.156.147,0.5
190.8.176.153,0.5
80.77.4.20,0.5
52.10.227.39,0.5
40.126.16.163,0.5
20.190.148.166,0.5
20.190.144.161,0.5
20.190.144.163,0.5
20.190.148.163,0.5
20.190.148.164,0.5
20.190.144.162,0.5
20.190.148.167,0.5
211.156.195.121,0.5
103.154.177.123,0.5
194.56.72.110,0.5
139.159.110.147,0.5
47.106.53.90,0.5
92.205.3.203,0.5
106.14.228.183,0.5
183.230.127.25,0.5
103.226.221.161,0.5
107.180.25.2,0.5
85.128.158.245,0.5
217.144.104.54,0.5
192.40.34.49,0.5
199.26.84.21,0.5
42.194.252.6,0.5
175.178.31.185,0.5
103.253.215.19,0.5
167.235.180.68,0.5
104.18.0.8,0.5
104.18.1.8,0.5
40.101.81.130,0.5
40.99.204.34,0.5
52.98.232.2,0.5
52.98.232.34,0.5
40.99.204.50,0.5
40.99.204.210,0.5
52.97.179.194,0.5
40.101.80.194,0.5
50.87.153.90,0.5
172.96.190.223,0.5
172.64.147.209,0.5
104.18.40.47,0.5
58.213.157.229,0.5
104.219.248.113,0.5
86.107.32.110,0.5
68.65.123.225,0.5
167.86.113.96,0.5
162.125.2.6,0.5
103.83.194.110,0.5
42.157.129.124,0.5
185.84.28.37,0.5
162.241.62.140,0.5
192.124.249.104,0.5
162.14.132.229,0.5
23.33.184.240,0.5
23.33.184.226,0.5
202.114.64.221,0.5
208.113.162.130,0.5
208.71.185.243,0.5
120.77.167.136,0.5
47.110.66.113,0.5
104.16.55.111,0.5
3.9.182.46,0.5
80.87.199.46,0.5
118.193.121.60,0.5
223.119.50.160,0.5
223.119.240.17,0.5
27.123.26.66,0.5
217.160.0.103,0.5
45.13.133.57,0.5
52.98.63.34,0.5
52.98.63.18,0.5
52.98.63.50,0.5
192.0.72.16,0.5
192.0.72.17,0.5
52.98.89.66,0.5
52.98.64.2,0.5
52.98.64.18,0.5
52.98.89.18,0.5
40.99.16.226,0.5
52.98.89.130,0.5
40.99.69.130,0.5
40.99.34.18,0.5
118.145.0.213,0.5
104.247.162.115,0.5
77.72.0.94,0.5
170.72.100.114,0.5
162.0.215.33,0.5
217.160.0.19,0.5
201.148.104.97,0.5
88.212.202.2,0.5
107.180.103.210,0.5
211.144.24.246,0.5
172.67.69.251,0.5
104.26.0.107,0.5
104.26.1.107,0.5
34.225.72.82,0.5
34.199.191.2,0.5
35.215.65.19,0.5
183.95.190.162,0.5
59.111.183.195,0.5
52.98.152.242,0.5
52.98.175.18,0.5
52.98.243.18,0.5
52.97.135.98,0.5
40.99.222.178,0.5
52.98.241.178,0.5
52.98.241.194,0.5
52.98.243.50,0.5
118.144.88.216,0.5
192.0.72.24,0.5
192.0.72.25,0.5
172.64.145.144,0.5
104.18.42.112,0.5
152.199.39.108,0.5
204.44.192.63,0.5
131.153.147.186,0.5
118.212.233.135,0.5
119.39.205.19,0.5
103.1.220.17,0.5
109.244.194.105,0.5
109.244.193.226,0.5
104.156.48.38,0.5
104.21.61.123,0.5
172.67.210.73,0.5
43.141.52.160,0.5
43.141.49.65,0.5
43.141.49.175,0.5
43.141.49.223,0.5
43.141.49.28,0.5
43.141.52.98,0.5
43.141.49.12,0.5
43.141.52.197,0.5
43.141.49.85,0.5
43.141.52.46,0.5
43.141.49.88,0.5
43.141.49.22,0.5
162.144.12.240,0.5
204.74.99.100,0.5
104.37.183.1,0.5
89.252.138.195,0.5
202.197.190.71,0.5
222.200.254.144,0.5
196.41.122.177,0.5
37.187.73.9,0.5
34.149.87.45,0.5
108.160.163.112,0.5
13.226.210.34,0.5
13.226.210.81,0.5
13.226.210.45,0.5
13.226.210.44,0.5
108.167.142.4,0.5
162.241.61.48,0.5
101.71.145.132,0.5
106.3.18.133,0.5
20.49.104.35,0.5
103.163.138.26,0.5
68.65.123.145,0.5
179.61.189.218,0.5
176.126.200.9,0.5
64.34.156.160,0.5
210.2.169.220,0.5
121.43.233.78,0.5
118.31.236.10,0.5
119.28.87.227,0.5
94.46.181.141,0.5
51.195.14.65,0.5
67.220.184.154,0.5
13.107.4.50,0.5
46.137.195.11,0.5
18.139.194.139,0.5
198.50.125.94,0.5
60.199.107.159,0.5
192.185.209.248,0.5
104.16.114.45,0.5
104.16.113.45,0.5
123.58.177.135,0.5
123.58.177.237,0.5
198.54.126.33,0.5
36.110.136.93,0.5
199.59.148.209,0.5
74.86.142.55,0.5
191.101.228.244,0.5
39.156.165.121,0.5
39.156.165.120,0.5
39.156.165.106,0.5
39.156.165.107,0.5
124.70.113.29,0.5
178.236.247.167,0.5
185.199.109.153,0.5
185.199.108.153,0.5
185.199.111.153,0.5
185.199.110.153,0.5
13.105.28.16,0.5
45.82.28.86,0.5
142.132.192.182,0.5
191.101.228.137,0.5
178.79.186.170,0.5
108.160.167.30,0.5
69.63.180.173,0.5
191.101.228.174,0.5
139.162.33.238,0.5
162.0.215.182,0.5
162.213.251.199,0.5
209.204.224.171,0.5
138.128.170.18,0.5
172.67.26.162,0.5
104.22.63.219,0.5
104.22.62.219,0.5
101.33.34.113,0.5
43.128.61.71,0.5
23.227.38.65,0.5
172.217.160.78,0.5
183.66.100.53,0.5
183.66.100.54,0.5
40.99.8.210,0.5
52.98.43.130,0.5
52.98.43.146,0.5
52.98.94.226,0.5
52.98.94.146,0.5
52.98.94.178,0.5
52.98.94.210,0.5
52.98.43.162,0.5
43.250.33.90,0.5
162.241.85.236,0.5
47.110.177.107,0.5
141.193.213.10,0.5
141.193.213.11,0.5
103.217.209.85,0.5
198.46.93.155,0.5
183.6.211.135,0.5
59.82.23.172,0.5
40.99.86.242,0.5
40.99.95.162,0.5
40.99.86.226,0.5
52.98.38.82,0.5
52.98.38.34,0.5
40.99.95.114,0.5
40.99.63.194,0.5
52.98.38.2,0.5
102.130.114.179,0.5
192.254.184.81,0.5
141.95.157.111,0.5
103.53.42.238,0.5
18.177.159.243,0.5
120.92.80.46,0.5
192.64.118.78,0.5
212.45.63.20,0.5
104.17.71.206,0.5
104.17.70.206,0.5
104.17.72.206,0.5
104.17.73.206,0.5
104.17.74.206,0.5
67.223.118.23,0.5
40.126.16.165,0.5
20.190.148.162,0.5
20.190.144.164,0.5
40.126.16.167,0.5
13.224.167.105,0.5
13.224.167.90,0.5
13.224.167.87,0.5
13.224.167.110,0.5
94.100.180.35,0.5
217.69.139.148,0.5
94.100.180.36,0.5
223.4.77.85,0.5
61.240.220.8,0.5
123.6.40.212,0.5
107.154.171.90,0.5
107.154.157.90,0.5
40.101.78.114,0.5
52.97.148.210,0.5
52.97.181.66,0.5
40.101.70.2,0.5
40.101.71.98,0.5
40.101.70.178,0.5
52.97.160.178,0.5
52.97.176.98,0.5
103.163.138.21,0.5
142.251.43.3,0.5
197.248.5.10,0.5
192.64.118.66,0.5
192.185.5.80,0.5
180.235.151.11,0.5
104.21.55.162,0.5
172.67.149.50,0.5
112.213.89.130,0.5
117.27.244.178,0.5
154.56.51.221,0.5
65.99.252.113,0.5
186.64.119.120,0.5
139.196.243.64,0.5
123.124.19.65,0.5
168.119.150.53,0.5
103.6.196.210,0.5
47.94.116.123,0.5
211.226.25.200,0.5
220.117.190.132,0.5
221.165.139.2,0.5
185.111.89.230,0.5
66.29.132.30,0.5
203.119.169.81,0.5
13.225.103.93,0.5
13.225.103.62,0.5
13.225.103.109,0.5
213.239.209.195,0.5
34.174.56.63,0.5
200.69.23.212,0.5
149.56.221.90,0.5
184.168.118.91,0.5
52.94.205.108,0.5
162.254.39.6,0.5
108.179.252.235,0.5
180.153.34.76,0.5
69.16.175.10,0.5
69.16.175.42,0.5
104.21.27.147,0.5
172.67.142.240,0.5
151.106.118.19,0.5
162.241.85.94,0.5
202.116.64.202,0.5
202.130.245.42,0.5
49.7.2.171,0.5
52.97.28.130,0.5
52.97.23.226,0.5
52.97.23.210,0.5
52.97.3.130,0.5
52.97.2.130,0.5
52.97.28.146,0.5
52.97.28.178,0.5
52.97.23.130,0.5
43.141.49.215,0.5
43.141.49.187,0.5
43.141.49.171,0.5
43.141.49.115,0.5
43.141.49.112,0.5
43.141.49.246,0.5
43.141.49.146,0.5
43.141.49.170,0.5
80.96.6.73,0.5
185.198.59.26,0.5
52.104.26.41,0.5
108.160.173.207,0.5
34.246.211.47,0.5
54.72.18.47,0.5
136.243.63.184,0.5
121.194.14.85,0.5
121.194.14.84,0.5
190.107.176.64,0.5
194.181.228.25,0.5
205.185.124.198,0.5
142.202.240.89,0.5
209.141.48.188,0.5
45.155.36.71,0.5
139.162.30.170,0.5
199.127.60.238,0.5
104.19.154.92,0.5
107.180.41.250,0.5
50.116.87.74,0.5
77.81.2.127,0.5
52.97.233.114,0.5
40.101.138.2,0.5
40.99.153.146,0.5
52.98.234.226,0.5
52.97.201.34,0.5
52.97.233.50,0.5
52.98.178.146,0.5
52.98.151.242,0.5
109.244.236.52,0.5
109.244.232.120,0.5
171.161.108.109,0.5
80.251.18.108,0.5
162.213.255.28,0.5
104.21.85.135,0.5
172.67.206.106,0.5
172.104.160.57,0.5
140.143.255.246,0.5
140.143.255.232,0.5
36.110.180.184,0.5
104.21.32.56,0.5
172.67.183.241,0.5
15.197.130.221,0.5
52.98.16.242,0.5
52.98.23.242,0.5
52.98.16.194,0.5
52.98.21.50,0.5
52.98.16.210,0.5
52.98.16.226,0.5
52.98.21.18,0.5
52.98.21.34,0.5
135.181.19.51,0.5
210.32.4.143,0.5
69.46.21.170,0.5
67.23.238.47,0.5
103.112.139.163,0.5
223.194.62.23,0.5
23.106.66.242,0.5
192.124.249.34,0.5
162.125.32.10,0.5
70.32.23.26,0.5
210.30.199.10,0.5
128.121.243.77,0.5
103.233.59.42,0.5
179.61.189.41,0.5
182.254.61.174,0.5
121.51.49.252,0.5
43.141.11.235,0.5
43.141.11.213,0.5
43.141.131.34,0.5
43.141.131.178,0.5
43.141.11.180,0.5
43.141.9.151,0.5
43.141.69.34,0.5
121.51.49.82,0.5
43.141.9.34,0.5
43.141.11.71,0.5
43.141.131.233,0.5
43.141.11.119,0.5
121.51.49.158,0.5
104.21.47.246,0.5
172.67.174.145,0.5
154.216.126.58,0.5
172.67.169.89,0.5
104.21.79.77,0.5
167.235.182.50,0.5
13.225.103.120,0.5
13.225.103.66,0.5
13.225.103.13,0.5
13.225.103.63,0.5
172.67.73.148,0.5
104.26.5.72,0.5
104.26.4.72,0.5
14.215.106.74,0.5
192.110.165.157,0.5
194.94.44.170,0.5
185.120.71.25,0.5
185.120.71.24,0.5
185.120.71.26,0.5
185.94.99.249,0.5
162.125.32.15,0.5
68.66.226.79,0.5
124.71.160.2,0.5
13.248.213.45,0.5
76.223.67.189,0.5
51.91.30.159,0.5
121.194.14.142,0.5
195.242.92.3,0.5
104.115.38.194,0.5
104.115.38.209,0.5
69.49.241.187,0.5
151.106.119.126,0.5
203.208.32.91,0.5
175.27.16.188,0.5
104.21.50.235,0.5
172.67.213.216,0.5
103.163.246.135,0.5
103.227.176.22,0.5
64.31.43.234,0.5
157.255.240.197,0.5
192.185.209.193,0.5
185.7.252.206,0.5
85.187.128.11,0.5
220.181.174.165,0.5
103.12.31.251,0.5
104.218.54.34,0.5
103.97.176.73,0.5
198.23.59.249,0.5
198.50.127.12,0.5
13.50.184.192,0.5
13.251.69.97,0.5
18.136.37.69,0.5
13.49.212.207,0.5
34.225.127.72,0.5
44.228.206.170,0.5
54.161.105.65,0.5
34.213.101.254,0.5
20.83.140.13,0.5
170.114.52.6,0.5
85.187.128.61,0.5
108.179.193.198,0.5
119.39.205.30,0.5
208.109.225.44,0.5
50.116.52.228,0.5
172.64.145.179,0.5
104.18.42.77,0.5
103.175.163.186,0.5
180.163.56.219,0.5
125.212.243.254,0.5
204.11.59.209,0.5
192.0.72.18,0.5
192.0.72.19,0.5
205.185.216.10,0.5
205.185.216.42,0.5
52.35.253.88,0.5
52.35.253.87,0.5
52.35.253.86,0.5
68.66.216.6,0.5
182.61.200.229,0.5
182.61.200.195,0.5
66.135.17.87,0.5
122.115.55.11,0.5
104.21.9.76,0.5
172.67.159.77,0.5
108.179.194.17,0.5
3.33.152.147,0.5
15.197.142.173,0.5
64.176.202.181,0.5
64.31.43.178,0.5
120.78.115.63,0.5
104.21.50.119,0.5
172.67.163.3,0.5
23.202.34.114,0.5
23.202.34.160,0.5
5.144.130.33,0.5
106.0.62.71,0.5
165.22.218.25,0.5
180.76.165.174,0.5
49.233.94.15,0.5
180.76.135.44,0.5
180.76.154.166,0.5
43.231.112.138,0.5
108.179.253.33,0.5
104.26.12.237,0.5
172.67.72.127,0.5
104.26.13.237,0.5
185.221.216.49,0.5
185.51.191.23,0.5
190.107.177.243,0.5
108.167.149.254,0.5
194.163.180.153,0.5
157.240.17.35,0.5
198.54.120.135,0.5
104.21.20.130,0.5
172.67.192.232,0.5
81.71.56.194,0.5
81.71.57.143,0.5
193.137.200.187,0.5
69.46.21.234,0.5
121.4.234.229,0.5
121.4.234.190,0.5
194.143.219.136,0.5
31.13.96.192,0.5
199.16.158.8,0.5
128.121.146.235,0.5
104.244.46.165,0.5
128.242.240.59,0.5
168.119.213.43,0.5
172.67.184.144,0.5
104.21.76.2,0.5
104.21.9.75,0.5
172.67.159.76,0.5
192.254.225.122,0.5
94.23.145.248,0.5
104.18.59.150,0.5
104.18.51.106,0.5
198.59.144.141,0.5
116.62.93.193,0.5
8.139.72.143,0.5
192.53.104.242,0.5
84.246.215.168,0.5
103.21.59.208,0.5
149.248.211.108,0.5
69.171.224.36,0.5
190.8.176.162,0.5
151.106.17.132,0.5
104.244.43.136,0.5
40.99.68.34,0.5
52.98.32.2,0.5
40.99.70.194,0.5
40.99.70.210,0.5
40.99.70.226,0.5
52.98.95.210,0.5
52.98.61.50,0.5
52.98.61.34,0.5
223.99.3.27,0.5
124.128.84.59,0.5
78.142.63.230,0.5
79.139.61.7,0.5
66.29.146.173,0.5
104.244.43.231,0.5
66.7.221.165,0.5
210.38.3.61,0.5
62.60.162.100,0.5
198.54.114.248,0.5
199.250.201.95,0.5
108.167.188.247,0.5
107.180.55.16,0.5
23.33.184.232,0.5
23.33.184.246,0.5
172.66.42.247,0.5
172.66.41.9,0.5
138.1.127.49,0.5
160.153.76.8,0.5
59.110.190.49,0.5
213.227.129.195,0.5
54.205.31.215,0.5
162.240.233.198,0.5
154.0.162.57,0.5
172.234.25.151,0.5
20.135.17.54,0.5
167.250.5.7,0.5
192.229.232.200,0.5
121.40.54.198,0.5
47.106.53.217,0.5
111.230.164.64,0.5
191.101.228.51,0.5
108.179.193.123,0.5
167.250.5.42,0.5
43.255.154.107,0.5
118.31.181.250,0.5
52.96.222.130,0.5
40.99.140.242,0.5
40.99.229.226,0.5
52.96.230.66,0.5
40.99.230.2,0.5
52.96.104.226,0.5
52.96.104.242,0.5
52.96.104.210,0.5
42.202.154.23,0.5
162.241.203.16,0.5
111.13.24.202,0.5
149.28.239.184,0.5
129.2.126.86,0.5
180.235.149.74,0.5
203.98.7.65,0.5
188.42.124.132,0.5
188.42.123.124,0.5
188.42.124.20,0.5
188.42.124.92,0.5
23.109.73.84,0.5
188.42.124.140,0.5
188.42.122.76,0.5
117.18.232.200,0.5
202.92.7.54,0.5
86.107.32.26,0.5
54.230.48.18,0.5
54.230.48.202,0.5
54.230.48.149,0.5
54.230.48.72,0.5
109.234.160.137,0.5
119.3.210.249,0.5
139.9.135.197,0.5
129.148.159.155,0.5
170.64.170.244,0.5
172.67.208.119,0.5
104.21.23.30,0.5
138.201.53.95,0.5
107.189.161.150,0.5
128.30.2.143,0.5
103.117.180.55,0.5
78.157.218.220,0.5
61.147.108.5,0.5
159.226.242.44,0.5
162.19.164.200,0.5
192.185.139.151,0.5
198.50.215.64,0.5
218.4.189.20,0.5
216.172.172.88,0.5
119.235.250.91,0.5
8.139.74.188,0.5
172.67.151.48,0.5
104.21.56.130,0.5
117.169.96.250,0.5
69.50.221.20,0.5
192.124.249.54,0.5
74.119.239.234,0.5
104.18.38.24,0.5
172.64.149.232,0.5
103.30.147.103,0.5
196.41.122.201,0.5
65.49.26.97,0.5
162.159.26.155,0.5
162.0.215.10,0.5
40.99.44.18,0.5
40.99.44.2,0.5
40.99.44.66,0.5
40.99.44.34,0.5
13.107.18.254,0.5
40.99.155.242,0.5
52.98.239.194,0.5
52.98.229.146,0.5
52.98.240.98,0.5
52.98.239.146,0.5
40.99.148.82,0.5
52.97.229.210,0.5
52.98.239.114,0.5
59.82.31.182,0.5
103.247.10.177,0.5
162.0.229.162,0.5
92.205.147.238,0.5
120.46.186.177,0.5
185.70.162.11,0.5
99.86.37.85,0.5
99.86.37.194,0.5
99.86.37.137,0.5
99.86.37.129,0.5
119.39.205.87,0.5
167.114.30.174,0.5
213.52.128.70,0.5
223.119.214.175,0.5
213.181.199.12,0.5
213.181.199.13,0.5
213.181.199.11,0.5
111.221.46.82,0.5
192.185.121.217,0.5
75.126.135.131,0.5
131.153.147.98,0.5
99.86.195.154,0.5
99.86.195.138,0.5
99.86.195.98,0.5
99.86.195.221,0.5
49.13.31.59,0.5
192.99.170.14,0.5
92.204.221.10,0.5
141.144.196.217,0.5
18.191.18.139,0.5
104.21.19.253,0.5
172.67.190.183,0.5
182.61.62.184,0.5
45.56.127.148,0.5
172.67.169.24,0.5
104.21.27.91,0.5
23.203.135.27,0.5
23.203.135.8,0.5
128.6.46.88,0.5
192.185.210.56,0.5
20.209.40.65,0.5
149.248.5.27,0.5
213.238.183.89,0.5
52.97.202.2,0.5
52.97.186.18,0.5
52.97.186.98,0.5
52.97.232.242,0.5
52.97.232.226,0.5
52.97.202.18,0.5
216.172.172.242,0.5
198.12.217.149,0.5
210.38.3.62,0.5
192.254.233.85,0.5
172.64.155.161,0.5
104.18.32.95,0.5
43.141.70.250,0.5
43.141.68.141,0.5
52.98.95.130,0.5
52.98.47.130,0.5
40.99.32.98,0.5
40.99.9.146,0.5
40.99.9.130,0.5
52.98.95.66,0.5
52.98.47.146,0.5
183.62.34.177,0.5
78.46.94.44,0.5
52.96.228.242,0.5
52.96.92.18,0.5
52.96.182.226,0.5
52.96.228.226,0.5
52.96.17.2,0.5
52.96.241.66,0.5
52.96.119.210,0.5
52.96.182.194,0.5
108.170.48.91,0.5
172.64.151.101,0.5
104.18.36.155,0.5
18.9.108.55,0.5
162.241.123.163,0.5
46.4.52.149,0.5
54.192.18.26,0.5
54.192.18.100,0.5
54.192.18.9,0.5
54.192.18.77,0.5
61.160.62.36,0.5
171.105.62.2,0.5
171.105.61.5,0.5
61.160.62.37,0.5
198.16.88.90,0.5
59.110.185.245,0.5
46.105.248.137,0.5
51.222.47.171,0.5
104.21.234.174,0.5
104.21.234.175,0.5
192.185.4.103,0.5
182.239.94.254,0.5
198.251.88.162,0.5
199.79.62.149,0.5
198.54.114.238,0.5
68.65.121.151,0.5
179.61.189.12,0.5
141.14.141.170,0.5
212.224.86.103,0.5
20.193.183.130,0.5
104.16.114.74,0.5
104.16.113.74,0.5
107.161.183.211,0.5
185.123.191.107,0.5
23.146.184.23,0.5
46.29.21.46,0.5
104.21.63.69,0.5
172.67.143.243,0.5
34.212.206.175,0.5
42.245.248.126,0.5
62.171.153.247,0.5
192.254.234.235,0.5
45.77.186.255,0.5
42.186.224.58,0.5
128.242.240.212,0.5
23.254.167.73,0.5
27.254.144.41,0.5
45.63.109.237,0.5
190.107.177.239,0.5
106.0.62.88,0.5
67.223.118.122,0.5
177.234.152.226,0.5
222.195.8.206,0.5
114.55.46.240,0.5
120.55.222.223,0.5
47.98.3.87,0.5
47.98.3.4,0.5
47.96.32.255,0.5
47.98.3.211,0.5
120.55.222.227,0.5
120.55.222.235,0.5
121.194.4.35,0.5
45.60.98.209,0.5
45.60.22.209,0.5
23.227.38.74,0.5
117.52.158.128,0.5
117.52.158.36,0.5
117.52.158.79,0.5
117.52.158.127,0.5
170.249.236.236,0.5
134.117.206.206,0.5
209.42.193.242,0.5
162.241.134.11,0.5
51.81.253.125,0.5
134.213.42.208,0.5
104.21.11.97,0.5
172.67.165.184,0.5
58.192.131.110,0.5
13.233.100.173,0.5
52.216.62.153,0.5
52.217.191.25,0.5
54.231.235.89,0.5
16.182.39.217,0.5
52.216.54.145,0.5
16.182.65.201,0.5
54.231.129.185,0.5
54.231.195.145,0.5
183.194.243.242,0.5
185.196.101.150,0.5
180.76.198.77,0.5
34.98.67.3,0.5
124.128.19.248,0.5
45.119.60.179,0.5
81.88.52.215,0.5
13.225.95.145,0.5
13.225.95.63,0.5
13.225.95.223,0.5
13.225.95.183,0.5
104.21.15.252,0.5
172.67.165.156,0.5
182.61.62.10,0.5
182.61.62.111,0.5
91.234.194.177,0.5
192.185.177.26,0.5
31.13.84.34,0.5
51.79.201.42,0.5
36.153.62.244,0.5
61.160.198.57,0.5
172.67.140.131,0.5
104.21.49.31,0.5
157.245.210.164,0.5
203.119.169.239,0.5
135.181.164.5,0.5
54.192.18.28,0.5
54.192.18.32,0.5
54.192.18.116,0.5
54.192.18.4,0.5
140.210.72.5,0.5
42.62.107.229,0.5
42.62.107.226,0.5
140.210.72.6,0.5
98.142.110.10,0.5
46.252.157.162,0.5
172.67.185.136,0.5
104.21.40.113,0.5
122.14.229.90,0.5
13.224.167.100,0.5
13.224.167.61,0.5
13.224.167.11,0.5
13.224.167.74,0.5
5.100.152.23,0.5
117.25.139.82,0.5
68.70.164.9,0.5
43.141.0.241,0.5
43.141.0.245,0.5
43.141.0.8,0.5
103.159.239.49,0.5
120.241.124.33,0.5
104.18.35.226,0.5
172.64.152.30,0.5
47.106.53.157,0.5
199.59.149.202,0.5
68.66.248.53,0.5
103.142.175.21,0.5
109.234.161.155,0.5
204.152.206.15,0.5
198.54.126.139,0.5
104.21.56.78,0.5
172.67.181.107,0.5
74.125.12.135,0.5
107.161.23.159,0.5
150.109.146.239,0.5
104.247.162.67,0.5
139.177.201.91,0.5
211.37.179.219,0.5
103.56.149.111,0.5
66.29.138.8,0.5
43.231.168.206,0.5
211.65.195.75,0.5
131.153.147.106,0.5
128.151.77.39,0.5
119.18.54.76,0.5
222.192.186.109,0.5
18.210.205.70,0.5
104.21.37.191,0.5
172.67.212.109,0.5
13.224.167.76,0.5
13.224.167.101,0.5
13.224.167.5,0.5
13.224.167.33,0.5
192.29.194.182,0.5
203.208.57.159,0.5
15.235.118.15,0.5
172.67.219.254,0.5
104.21.70.50,0.5
146.75.93.91,0.5
59.110.185.37,0.5
91.234.195.182,0.5
121.196.55.135,0.5
82.221.129.39,0.5
185.27.134.179,0.5
202.120.35.203,0.5
172.67.142.117,0.5
104.21.95.4,0.5
68.65.122.112,0.5
185.230.63.171,0.5
185.230.63.186,0.5
185.230.63.107,0.5
190.8.176.96,0.5
162.125.32.6,0.5
103.131.51.7,0.5
190.8.176.211,0.5
221.122.85.69,0.5
218.92.216.56,0.5
218.92.216.53,0.5
183.131.178.88,0.5
173.252.88.133,0.5
67.222.38.82,0.5
8.248.159.254,0.5
185.178.208.137,0.5
162.241.60.20,0.5
213.108.246.141,0.5
40.101.65.146,0.5
40.101.126.210,0.5
40.101.65.130,0.5
40.101.84.18,0.5
40.101.65.226,0.5
40.101.65.162,0.5
40.101.84.2,0.5
40.101.126.194,0.5
185.27.135.48,0.5
167.250.5.21,0.5
66.29.137.56,0.5
154.41.227.142,0.5
40.73.129.53,0.5
185.94.97.12,0.5
155.138.164.5,0.5
198.54.114.169,0.5
202.117.18.236,0.5
144.76.75.181,0.5
191.101.228.219,0.5
40.100.18.18,0.5
52.98.94.162,0.5
52.98.94.130,0.5
173.252.248.244,0.5
46.101.8.199,0.5
52.97.34.2,0.5
52.97.11.146,0.5
52.97.2.162,0.5
52.97.78.2,0.5
52.97.4.242,0.5
52.97.78.34,0.5
52.97.14.98,0.5
52.97.34.194,0.5
163.177.18.92,0.5
153.3.237.19,0.5
69.57.172.41,0.5
129.232.219.34,0.5
162.252.83.203,0.5
190.8.176.175,0.5
47.101.88.18,0.5
193.203.185.216,0.5
148.66.133.142,0.5
109.244.197.45,0.5
121.194.5.47,0.5
85.187.142.75,0.5
109.106.252.80,0.5
111.221.45.74,0.5
198.187.31.48,0.5
65.9.156.58,0.5
65.9.156.175,0.5
65.9.156.85,0.5
65.9.156.72,0.5
172.104.224.52,0.5
199.59.242.150,0.5
92.204.135.173,0.5
172.217.160.67,0.5
185.181.11.249,0.5
175.27.37.184,0.5
114.255.219.34,0.5
152.136.163.230,0.5
62.234.30.133,0.5
43.138.106.77,0.5
43.143.167.39,0.5
101.43.153.189,0.5
152.136.33.42,0.5
185.210.94.123,0.5
68.178.236.62,0.5
52.97.151.18,0.5
52.98.214.82,0.5
40.99.150.194,0.5
52.97.151.146,0.5
52.98.219.50,0.5
52.97.135.82,0.5
52.97.149.242,0.5
52.97.212.194,0.5
109.234.161.10,0.5
68.66.248.31,0.5
210.43.24.6,0.5
104.22.55.234,0.5
172.67.28.237,0.5
104.22.54.234,0.5
131.153.147.178,0.5
172.104.190.111,0.5
178.22.85.9,0.5
178.22.85.8,0.5
178.22.85.11,0.5
178.22.85.10,0.5
119.28.83.110,0.5
195.78.67.65,0.5
13.107.246.73,0.5
13.107.213.73,0.5
64.31.43.194,0.5
150.253.210.77,0.5
92.205.1.180,0.5
52.111.234.0,0.5
20.198.139.26,0.5
103.226.246.99,0.5
52.98.83.2,0.5
40.101.146.178,0.5
40.101.146.98,0.5
52.98.74.178,0.5
40.99.6.146,0.5
40.99.36.146,0.5
52.98.89.50,0.5
120.79.11.102,0.5
5.134.11.248,0.5
92.223.29.13,0.5
190.90.160.165,0.5
104.18.34.126,0.5
172.64.153.130,0.5
52.105.243.39,0.5
43.141.32.108,0.5
43.141.32.192,0.5
43.141.32.194,0.5
109.234.161.247,0.5
52.98.43.178,0.5
52.98.94.194,0.5
40.99.211.2,0.5
40.99.211.18,0.5
40.99.218.146,0.5
40.99.210.2,0.5
58.205.220.63,0.5
39.107.90.133,0.5
104.21.71.41,0.5
172.67.143.23,0.5
43.201.151.179,0.5
43.201.151.181,0.5
43.201.151.180,0.5
103.141.96.123,0.5
89.39.208.40,0.5
172.67.154.113,0.5
104.21.32.196,0.5
44.206.66.219,0.5
172.217.163.46,0.5
185.226.52.160,0.5
77.95.113.12,0.5
3.163.125.44,0.5
3.163.125.121,0.5
3.163.125.29,0.5
3.163.125.33,0.5
142.251.43.14,0.5
139.155.212.46,0.5
139.155.212.182,0.5
104.21.49.86,0.5
172.67.189.108,0.5
81.69.87.159,0.5
175.27.5.237,0.5
172.67.82.228,0.5
104.24.183.15,0.5
104.24.182.15,0.5
52.97.48.210,0.5
52.97.12.98,0.5
52.97.19.130,0.5
52.97.11.226,0.5
52.97.12.114,0.5
52.97.33.178,0.5
194.62.52.25,0.5
108.179.192.28,0.5
52.98.123.178,0.5
52.98.123.194,0.5
40.99.9.34,0.5
52.98.57.114,0.5
40.99.9.162,0.5
52.98.57.130,0.5
52.98.59.18,0.5
40.99.9.66,0.5
13.226.120.16,0.5
13.226.120.68,0.5
13.226.120.6,0.5
13.226.120.12,0.5
210.209.84.142,0.5
186.64.114.60,0.5
49.233.98.165,0.5
154.8.189.71,0.5
154.8.191.127,0.5
59.82.122.140,0.5
3.73.196.124,0.5
103.75.155.254,0.5
121.41.49.177,0.5
223.119.233.113,0.5
47.97.69.119,0.5
198.50.228.145,0.5
162.19.138.79,0.5
172.67.144.241,0.5
104.21.89.170,0.5
174.136.53.254,0.5
184.168.115.49,0.5
173.236.212.42,0.5
50.31.174.151,0.5
104.21.73.2,0.5
172.67.156.4,0.5
101.35.76.214,0.5
39.96.244.149,0.5
111.124.200.106,0.5
52.105.229.27,0.5
65.108.123.19,0.5
50.116.87.168,0.5
43.141.58.9,0.5
58.49.125.254,0.5
13.225.189.191,0.5
13.225.189.162,0.5
13.225.189.89,0.5
13.225.189.112,0.5
44.239.150.27,0.5
201.148.104.121,0.5
20.143.38.0,0.5
54.192.18.16,0.5
54.192.18.46,0.5
54.192.18.43,0.5
54.192.18.59,0.5
185.147.219.87,0.5
54.152.199.146,0.5
52.96.184.34,0.5
52.96.165.50,0.5
40.97.228.178,0.5
40.97.230.178,0.5
52.96.37.210,0.5
52.96.97.162,0.5
52.96.183.242,0.5
52.96.222.194,0.5
194.181.228.205,0.5
123.126.45.14,0.5
103.76.228.28,0.5
172.67.188.145,0.5
104.21.19.191,0.5
13.226.120.114,0.5
13.226.120.36,0.5
13.226.120.39,0.5
13.226.120.66,0.5
172.67.82.137,0.5
104.25.60.55,0.5
104.25.59.55,0.5
54.192.18.113,0.5
54.192.18.67,0.5
54.192.18.30,0.5
107.181.166.244,0.5
101.47.80.233,0.5
139.177.246.196,0.5
120.26.137.17,0.5
197.243.23.6,0.5
10.9.64.15,0.5
10.9.2.189,0.5
10.9.128.166,0.5
54.192.18.53,0.5
54.192.18.106,0.5
192.241.101.140,0.5
103.129.97.213,0.5
45.13.255.228,0.5
43.248.79.70,0.5
103.76.249.40,0.5
202.38.242.1,0.5
67.223.118.49,0.5
186.66.89.101,0.5
128.8.10.68,0.5
128.8.70.200,0.5
206.247.43.32,0.5
40.90.133.99,0.5
50.31.174.202,0.5
20.85.72.68,0.5
52.98.250.178,0.5
52.98.248.194,0.5
52.98.248.210,0.5
52.98.250.162,0.5
172.64.151.209,0.5
104.18.36.47,0.5
144.202.2.30,0.5
218.77.183.126,0.5
62.12.116.118,0.5
112.126.119.150,0.5
35.186.223.180,0.5
183.47.113.192,0.5
91.134.167.169,0.5
190.8.176.189,0.5
121.194.7.250,0.5
121.194.7.251,0.5
157.240.2.14,0.5
52.98.47.98,0.5
40.99.43.2,0.5
40.99.77.130,0.5
40.99.76.130,0.5
40.99.42.146,0.5
52.98.49.82,0.5
40.99.76.210,0.5
40.99.95.210,0.5
104.21.4.168,0.5
172.67.132.71,0.5
191.101.228.139,0.5
185.200.116.51,0.5
5.2.85.51,0.5
103.212.121.63,0.5
172.67.139.23,0.5
104.21.94.181,0.5
31.13.75.12,0.5
31.14.70.252,0.5
116.202.50.58,0.5
101.37.44.53,0.5
109.234.162.68,0.5
108.167.188.45,0.5
52.96.230.18,0.5
40.100.162.18,0.5
52.96.230.130,0.5
52.96.230.98,0.5
40.99.236.114,0.5
52.96.88.146,0.5
52.96.190.178,0.5
52.96.245.242,0.5
54.145.67.8,0.5
34.192.130.140,0.5
201.148.107.213,0.5
118.27.112.48,0.5
108.156.105.76,0.5
108.156.105.134,0.5
108.156.105.195,0.5
108.156.105.26,0.5
50.87.147.114,0.5
13.224.167.120,0.5
13.224.167.109,0.5
13.224.167.21,0.5
13.224.167.58,0.5
178.236.246.185,0.5
69.57.172.23,0.5
23.235.205.208,0.5
106.14.229.61,0.5
162.254.200.130,0.5
109.70.148.33,0.5
192.254.235.135,0.5
120.53.132.173,0.5
195.178.106.195,0.5
62.171.162.105,0.5
198.27.74.131,0.5
65.8.4.5,0.5
65.8.4.144,0.5
65.8.4.130,0.5
65.8.4.184,0.5
52.98.88.242,0.5
52.98.88.66,0.5
40.100.141.162,0.5
52.98.34.194,0.5
40.100.55.2,0.5
52.98.71.210,0.5
52.98.70.130,0.5
52.98.65.2,0.5
52.98.65.18,0.5
200.52.68.202,0.5
52.196.73.189,0.5
18.180.194.249,0.5
192.185.145.53,0.5
104.16.95.80,0.5
104.16.96.80,0.5
104.16.94.80,0.5
104.16.93.80,0.5
104.16.92.80,0.5
192.185.24.13,0.5
172.67.158.141,0.5
104.21.14.94,0.5
162.240.62.41,0.5
52.217.224.153,0.5
3.5.27.107,0.5
54.231.135.225,0.5
3.5.1.120,0.5
3.5.25.89,0.5
52.217.225.113,0.5
52.217.227.225,0.5
52.217.233.73,0.5
208.73.202.147,0.5
52.92.0.49,0.5
52.92.17.241,0.5
52.218.41.90,0.5
52.92.36.145,0.5
52.92.36.41,0.5
52.92.17.97,0.5
52.92.17.1,0.5
52.218.90.10,0.5
85.209.11.167,0.5
198.187.29.122,0.5
54.89.145.37,0.5
52.4.47.158,0.5
34.206.147.111,0.5
54.87.105.231,0.5
191.101.228.65,0.5
23.195.108.95,0.5
149.104.32.77,0.5
122.205.109.36,0.5
103.191.240.198,0.5
119.39.205.79,0.5
118.212.233.167,0.5
20.190.144.172,0.5
20.190.144.169,0.5
20.190.144.170,0.5
20.190.144.171,0.5
40.101.76.162,0.5
52.97.142.178,0.5
52.97.160.2,0.5
52.97.141.82,0.5
40.101.69.194,0.5
52.97.128.2,0.5
40.99.220.2,0.5
40.101.69.2,0.5
202.160.128.40,0.5
95.216.76.20,0.5
168.119.104.103,0.5
131.153.147.50,0.5
113.108.239.197,0.5
60.29.202.88,0.5
94.199.206.24,0.5
185.2.168.12,0.5
50.87.248.38,0.5
101.236.69.56,0.5
103.37.152.41,0.5
198.54.125.199,0.5
190.8.176.58,0.5
45.136.22.143,0.5
91.234.194.113,0.5
162.0.215.44,0.5
148.251.122.235,0.5
103.27.32.40,0.5
104.21.70.47,0.5
172.67.219.251,0.5
195.179.238.232,0.5
23.92.16.148,0.5
13.226.220.209,0.5
13.226.220.183,0.5
13.226.220.112,0.5
13.226.220.173,0.5
218.18.98.103,0.5
141.95.126.90,0.5
65.21.106.75,0.5
89.201.175.205,0.5
195.252.110.146,0.5
31.13.88.26,0.5
198.35.26.96,0.5
173.231.241.130,0.5
122.205.109.41,0.5
172.67.200.59,0.5
104.21.68.236,0.5
198.23.59.238,0.5
115.29.171.82,0.5
52.98.33.162,0.5
40.99.33.146,0.5
15.235.181.69,0.5
185.12.56.137,0.5
106.14.165.126,0.5
122.147.53.75,0.5
101.237.39.45,0.5
138.128.189.154,0.5
156.67.222.118,0.5
72.18.130.50,0.5
47.96.132.26,0.5
190.8.176.191,0.5
31.13.85.34,0.5
31.13.82.33,0.5
66.29.146.83,0.5
182.61.244.116,0.5
182.61.201.88,0.5
185.210.95.31,0.5
81.69.153.67,0.5
107.191.55.29,0.5
216.172.161.107,0.5
169.48.178.40,0.5
139.162.54.98,0.5
13.107.138.11,0.5
13.107.136.11,0.5
136.143.190.68,0.5
192.254.234.204,0.5
185.165.46.55,0.5
122.205.109.46,0.5
103.108.220.224,0.5
103.30.147.98,0.5
35.74.47.20,0.5
3.115.96.141,0.5
199.188.200.254,0.5
222.199.191.48,0.5
47.101.88.46,0.5
109.244.190.112,0.5
175.27.37.31,0.5
43.137.214.108,0.5
43.137.221.74,0.5
175.27.57.28,0.5
104.21.83.165,0.5
172.67.178.184,0.5
104.18.41.219,0.5
172.64.146.37,0.5
219.118.202.109,0.5
165.22.134.91,0.5
174.138.188.6,0.5
31.13.84.2,0.5
31.13.87.9,0.5
31.13.91.6,0.5
39.96.251.72,0.5
111.42.127.177,0.5
85.187.128.36,0.5
95.216.42.246,0.5
185.237.144.202,0.5
213.6.58.209,0.5
185.107.92.224,0.5
104.20.6.109,0.5
104.20.7.109,0.5
190.8.176.234,0.5
158.255.238.182,0.5
72.29.120.21,0.5
185.221.216.35,0.5
131.243.228.58,0.5
138.201.14.18,0.5
172.105.94.109,0.5
162.0.215.26,0.5
52.98.253.34,0.5
52.97.189.98,0.5
52.98.252.130,0.5
52.98.179.98,0.5
40.99.149.98,0.5
52.98.253.82,0.5
52.98.178.210,0.5
52.98.252.242,0.5
192.185.121.29,0.5
192.124.249.112,0.5
42.62.98.167,0.5
120.46.72.241,0.5
120.46.70.243,0.5
162.241.203.171,0.5
139.99.124.237,0.5
192.254.232.125,0.5
146.88.24.58,0.5
104.21.29.204,0.5
172.67.149.201,0.5
192.168.1.100,0.5
94.102.15.166,0.5
104.22.31.152,0.5
172.67.41.44,0.5
104.22.30.152,0.5
13.224.161.47,0.5
13.224.161.61,0.5
13.224.161.87,0.5
13.224.161.207,0.5
104.19.242.83,0.5
104.19.241.83,0.5
120.24.1.222,0.5
107.161.183.34,0.5
103.56.16.112,0.5
23.106.127.52,0.5
23.106.127.165,0.5
23.106.127.38,0.5
23.106.127.39,0.5
23.106.127.164,0.5
23.106.127.53,0.5
85.187.128.50,0.5
172.67.143.192,0.5
104.21.54.252,0.5
13.224.167.39,0.5
13.224.167.95,0.5
13.224.167.7,0.5
59.82.121.163,0.5
104.18.32.9,0.5
172.64.155.247,0.5
83.246.80.37,0.5
104.21.29.156,0.5
172.67.149.110,0.5
66.29.132.209,0.5
118.193.240.37,0.5
23.106.223.55,0.5
172.67.160.41,0.5
104.21.14.189,0.5
199.48.254.8,0.5
35.241.3.184,0.5
192.185.31.182,0.5
124.232.177.50,0.5
124.232.177.27,0.5
62.77.153.110,0.5
104.36.113.43,0.5
66.225.201.55,0.5
185.12.116.99,0.5
216.150.65.190,0.5
216.150.65.200,0.5
138.117.148.151,0.5
223.119.235.247,0.5
190.8.176.35,0.5
8.139.74.35,0.5
58.205.220.230,0.5
58.205.220.229,0.5
202.194.15.5,0.5
103.138.151.34,0.5
172.217.134.202,0.5
193.168.194.219,0.5
54.192.16.133,0.5
54.192.16.40,0.5
54.192.16.37,0.5
54.192.16.114,0.5
68.65.122.52,0.5
5.75.183.199,0.5
62.77.153.140,0.5
101.200.222.125,0.5
49.233.238.8,0.5
51.159.77.78,0.5
192.185.160.58,0.5
192.185.57.139,0.5
223.119.129.213,0.5
31.13.76.65,0.5
162.215.241.65,0.5
207.174.213.22,0.5
104.196.165.184,0.5
62.133.61.203,0.5
66.198.240.13,0.5
104.21.56.201,0.5
172.67.187.218,0.5
101.132.162.63,0.5
106.15.180.58,0.5
47.100.179.176,0.5
200.58.112.83,0.5
59.56.29.216,0.5
52.98.21.2,0.5
52.98.20.226,0.5
65.108.79.152,0.5
67.217.34.70,0.5
111.124.200.101,0.5
223.119.130.182,0.5
207.174.215.2,0.5
198.59.144.126,0.5
162.43.104.63,0.5
66.29.141.209,0.5
203.192.9.9,0.5
40.119.240.74,0.5
104.21.10.152,0.5
172.67.163.158,0.5
148.251.83.25,0.5
104.21.72.199,0.5
172.67.187.77,0.5
199.101.98.91,0.5
109.234.160.199,0.5
210.129.39.88,0.5
210.129.39.2,0.5
5.230.92.244,0.5
113.125.197.82,0.5
212.23.3.1,0.5
108.138.24.204,0.5
108.138.24.65,0.5
108.138.24.30,0.5
108.138.24.137,0.5
104.244.46.185,0.5
218.7.43.9,0.5
95.216.112.243,0.5
172.67.129.129,0.5
104.21.2.174,0.5
104.244.125.30,0.5
160.119.252.132,0.5
192.133.77.145,0.5
65.181.111.155,0.5
31.31.198.122,0.5
40.99.32.114,0.5
40.99.70.178,0.5
103.131.51.70,0.5
163.44.198.57,0.5
18.162.136.202,0.5
43.198.145.198,0.5
192.185.39.36,0.5
103.227.176.14,0.5
104.19.155.83,0.5
104.19.154.83,0.5
109.244.209.41,0.5
108.167.141.130,0.5
123.56.37.132,0.5
123.56.37.133,0.5
59.110.101.150,0.5
59.110.73.142,0.5
39.97.141.111,0.5
39.106.236.99,0.5
59.110.73.151,0.5
123.56.37.131,0.5
190.8.176.224,0.5
85.187.128.58,0.5
163.237.214.191,0.5
47.93.93.10,0.5
41.185.8.171,0.5
66.235.200.251,0.5
192.254.189.113,0.5
13.225.95.213,0.5
13.225.95.57,0.5
13.225.95.196,0.5
13.225.95.229,0.5
67.225.240.114,0.5
172.67.150.153,0.5
104.21.30.52,0.5
122.225.83.74,0.5
122.225.83.77,0.5
122.225.83.8,0.5
122.225.83.40,0.5
122.225.83.50,0.5
122.225.83.79,0.5
122.225.83.47,0.5
122.225.83.84,0.5
122.225.83.41,0.5
122.225.83.73,0.5
122.225.83.52,0.5
122.225.83.76,0.5
122.225.83.82,0.5
122.225.83.53,0.5
122.225.83.85,0.5
122.225.83.49,0.5
212.53.194.169,0.5
118.184.169.35,0.5
172.217.163.35,0.5
220.181.106.176,0.5
118.26.252.220,0.5
202.115.32.43,0.5
170.72.100.163,0.5
104.21.78.229,0.5
172.67.137.244,0.5
67.228.121.165,0.5
223.119.226.192,0.5
63.33.180.119,0.5
54.74.196.56,0.5
54.77.233.145,0.5
104.21.93.245,0.5
172.67.216.227,0.5
104.22.49.198,0.5
104.22.48.198,0.5
172.67.12.112,0.5
153.92.7.211,0.5
38.124.220.161,0.5
108.163.217.86,0.5
202.160.130.118,0.5
100.74.146.78,0.5
193.34.145.204,0.5
172.67.204.140,0.5
104.21.22.111,0.5
101.42.126.142,0.5
50.28.99.227,0.5
209.124.66.28,0.5
94.73.151.195,0.5
162.0.215.56,0.5
58.215.180.63,0.5
113.108.82.148,0.5
36.110.128.147,0.5
54.192.18.41,0.5
54.192.18.105,0.5
54.192.18.95,0.5
104.21.62.193,0.5
172.67.138.170,0.5
192.124.249.60,0.5
92.204.68.48,0.5
192.185.162.66,0.5
104.21.47.230,0.5
172.67.173.212,0.5
162.241.27.21,0.5
193.32.162.240,0.5
162.125.17.131,0.5
34.195.2.150,0.5
34.199.190.172,0.5
120.233.71.194,0.5
223.119.142.239,0.5
117.21.187.230,0.5
117.21.187.227,0.5
117.21.187.225,0.5
117.21.187.226,0.5
117.21.187.228,0.5
117.21.187.229,0.5
121.194.9.204,0.5
121.194.9.205,0.5
192.185.217.23,0.5
68.178.148.52,0.5
103.169.142.0,0.5
172.67.168.3,0.5
104.21.74.93,0.5
1.117.136.158,0.5
110.87.25.235,0.5
52.98.237.162,0.5
52.98.237.146,0.5
52.98.243.146,0.5
52.98.242.226,0.5
59.82.14.25,0.5
54.231.137.145,0.5
3.5.28.115,0.5
3.5.25.134,0.5
52.216.208.217,0.5
52.216.88.243,0.5
52.216.146.11,0.5
54.231.231.81,0.5
54.231.226.145,0.5
103.50.162.86,0.5
185.38.109.109,0.5
104.244.46.52,0.5
179.61.189.51,0.5
172.104.58.116,0.5
43.243.118.97,0.5
52.42.102.218,0.5
198.54.115.171,0.5
173.201.180.75,0.5
67.23.254.96,0.5
190.8.176.123,0.5
42.186.120.59,0.5
13.107.138.10,0.5
13.107.136.10,0.5
103.16.198.143,0.5
159.153.64.177,0.5
198.54.126.163,0.5
92.205.3.29,0.5
86.107.32.84,0.5
162.0.209.160,0.5
45.133.44.26,0.5
45.133.44.27,0.5
159.138.90.59,0.5
40.100.175.146,0.5
52.97.241.162,0.5
52.98.207.178,0.5
40.99.150.146,0.5
40.99.213.82,0.5
52.97.211.210,0.5
52.98.207.130,0.5
103.139.175.29,0.5
89.42.218.27,0.5
203.175.8.105,0.5
120.55.149.168,0.5
198.187.29.124,0.5
202.119.200.206,0.5
192.0.72.26,0.5
192.0.72.27,0.5
119.29.41.66,0.5
120.78.115.82,0.5
38.132.109.115,0.5
167.235.182.68,0.5
223.119.229.148,0.5
185.60.216.169,0.5
68.178.245.211,0.5
42.187.161.125,0.5
92.204.128.29,0.5
132.148.19.59,0.5
52.96.164.242,0.5
52.96.121.2,0.5
52.96.119.98,0.5
52.96.165.18,0.5
40.97.205.18,0.5
52.96.164.114,0.5
52.96.166.34,0.5
52.96.166.66,0.5
104.17.194.118,0.5
104.17.195.118,0.5
52.193.68.25,0.5
35.76.192.116,0.5
103.153.3.146,0.5
192.254.185.55,0.5
108.167.169.52,0.5
130.179.18.200,0.5
103.53.40.79,0.5
45.41.44.2,0.5
191.101.228.13,0.5
103.42.110.29,0.5
74.120.9.121,0.5
74.120.8.15,0.5
74.120.9.234,0.5
74.120.9.233,0.5
74.120.8.6,0.5
74.120.9.89,0.5
74.120.8.13,0.5
74.120.9.235,0.5
74.120.9.90,0.5
74.120.8.7,0.5
94.199.206.49,0.5
170.10.161.89,0.5
185.15.40.85,0.5
173.201.189.67,0.5
13.226.120.7,0.5
13.226.120.127,0.5
13.226.120.109,0.5
13.226.120.52,0.5
184.154.173.94,0.5
47.94.81.199,0.5
103.20.190.60,0.5
162.213.255.52,0.5
31.13.64.7,0.5
40.97.116.14,0.5
14.22.6.212,0.5
216.158.231.179,0.5
149.56.155.8,0.5
190.8.176.219,0.5
174.138.187.134,0.5
199.79.63.186,0.5
68.66.226.126,0.5
216.10.252.108,0.5
192.185.131.73,0.5
192.185.210.86,0.5
108.160.169.174,0.5
172.66.43.12,0.5
172.66.40.244,0.5
20.109.209.108,0.5
173.254.212.116,0.5
169.60.130.140,0.5
37.9.93.179,0.5
104.21.83.126,0.5
172.67.175.220,0.5
52.97.230.162,0.5
40.99.202.2,0.5
40.99.215.34,0.5
52.97.230.146,0.5
220.181.12.191,0.5
202.119.245.249,0.5
52.98.85.226,0.5
52.98.75.82,0.5
40.99.36.50,0.5
40.99.65.98,0.5
40.99.34.2,0.5
66.199.141.105,0.5
192.185.102.249,0.5
103.6.182.100,0.5
51.210.207.87,0.5
173.244.217.42,0.5
162.241.2.254,0.5
104.244.46.63,0.5
58.205.220.28,0.5
58.205.220.38,0.5
58.205.220.43,0.5
58.205.220.16,0.5
65.108.128.36,0.5
104.21.84.147,0.5
172.67.194.43,0.5
69.90.161.95,0.5
162.213.251.149,0.5
134.219.220.117,0.5
47.97.125.2,0.5
108.167.189.52,0.5
192.124.249.184,0.5
213.165.237.9,0.5
64.9.169.159,0.5
172.67.186.216,0.5
104.21.60.12,0.5
3.68.163.0,0.5
50.116.84.75,0.5
43.250.142.120,0.5
52.97.131.226,0.5
52.97.146.82,0.5
52.97.146.114,0.5
40.99.148.194,0.5
52.97.131.242,0.5
52.97.146.50,0.5
52.98.205.82,0.5
52.98.198.242,0.5
162.240.160.251,0.5
34.91.218.141,0.5
34.147.12.223,0.5
207.174.214.89,0.5
172.96.185.180,0.5
162.241.60.30,0.5
198.54.115.173,0.5
192.185.5.210,0.5
156.146.56.82,0.5
119.39.205.74,0.5
112.84.222.52,0.5
42.96.248.192,0.5
104.21.29.103,0.5
172.67.171.112,0.5
13.226.115.209,0.5
93.123.85.149,0.5
188.241.62.232,0.5
103.161.46.26,0.5
172.67.155.30,0.5
104.21.34.56,0.5
202.204.60.12,0.5
41.185.8.147,0.5
13.107.42.15,0.5
173.255.204.62,0.5
192.185.174.27,0.5
184.28.218.16,0.5
18.208.58.25,0.5
43.132.239.160,0.5
204.79.197.200,0.5
223.119.233.75,0.5
66.228.55.89,0.5
162.125.82.7,0.5
123.58.177.185,0.5
13.107.18.11,0.5
112.124.226.250,0.5
172.96.191.113,0.5
66.29.146.78,0.5
59.24.3.173,0.5
66.42.127.203,0.5
210.30.204.80,0.5
108.179.232.87,0.5
66.235.200.147,0.5
77.222.40.238,0.5
162.241.169.27,0.5
47.245.49.18,0.5
150.95.78.24,0.5
43.159.119.198,0.5
43.159.118.250,0.5
172.67.142.48,0.5
104.21.87.71,0.5
104.23.125.189,0.5
162.252.87.58,0.5
13.224.167.104,0.5
13.224.167.103,0.5
13.224.167.30,0.5
13.224.167.36,0.5
183.134.26.23,0.5
86.107.32.124,0.5
167.250.49.16,0.5
47.113.187.212,0.5
104.21.6.247,0.5
172.67.135.130,0.5
69.172.198.161,0.5
23.45.176.223,0.5
23.45.176.198,0.5
181.140.64.44,0.5
20.135.25.3,0.5
148.66.136.68,0.5
94.73.149.212,0.5
192.185.79.225,0.5
68.178.244.64,0.5
183.240.211.78,0.5
199.96.62.21,0.5
13.224.167.79,0.5
13.224.167.68,0.5
13.224.167.67,0.5
52.98.250.130,0.5
52.97.135.50,0.5
52.98.163.18,0.5
52.98.206.242,0.5
172.67.220.231,0.5
104.21.94.75,0.5
208.117.41.169,0.5
45.13.255.249,0.5
68.66.200.215,0.5
104.244.43.208,0.5
108.160.163.108,0.5
58.205.218.19,0.5
58.205.218.3,0.5
65.109.28.42,0.5
208.97.138.37,0.5
91.216.107.240,0.5
162.241.60.234,0.5
77.79.249.152,0.5
77.79.249.151,0.5
185.32.190.5,0.5
69.63.184.30,0.5
64.37.48.8,0.5
66.29.153.87,0.5
40.72.101.73,0.5
172.253.113.188,0.5
185.199.109.133,0.5
185.199.108.133,0.5
185.199.111.133,0.5
185.199.110.133,0.5
167.114.27.228,0.5
104.21.88.37,0.5
172.67.172.71,0.5
153.92.220.205,0.5
107.189.160.195,0.5
95.111.243.75,0.5
109.234.161.184,0.5
192.185.41.195,0.5
124.236.47.19,0.5
61.163.243.12,0.5
59.82.121.200,0.5
23.48.214.66,0.5
13.33.21.98,0.5
13.33.21.79,0.5
13.33.21.21,0.5
13.33.21.24,0.5
40.101.65.194,0.5
40.101.84.210,0.5
40.101.84.226,0.5
40.101.65.210,0.5
122.112.139.77,0.5
183.60.150.17,0.5
122.228.207.55,0.5
124.236.103.55,0.5
182.131.21.252,0.5
103.138.189.139,0.5
190.8.176.241,0.5
185.146.22.247,0.5
122.114.185.239,0.5
13.225.103.108,0.5
13.225.103.28,0.5
13.225.103.84,0.5
107.180.55.10,0.5
185.160.67.92,0.5
187.17.160.8,0.5
104.21.76.213,0.5
172.67.201.63,0.5
81.70.61.220,0.5
192.185.159.44,0.5
172.64.149.23,0.5
104.18.38.233,0.5
23.88.8.238,0.5
139.99.29.128,0.5
103.13.112.160,0.5
13.224.167.69,0.5
13.224.167.107,0.5
52.82.86.247,0.5
69.231.183.244,0.5
5.230.92.202,0.5
162.254.193.102,0.5
103.26.141.194,0.5
223.26.138.4,0.5
113.108.140.189,0.5
135.181.180.74,0.5
103.227.176.24,0.5
23.111.132.90,0.5
64.90.51.110,0.5
110.85.21.35,0.5
34.117.126.186,0.5
176.9.99.156,0.5
203.119.169.82,0.5
68.178.150.149,0.5
202.116.7.241,0.5
203.124.44.30,0.5
119.39.205.13,0.5
148.72.23.181,0.5
49.50.80.123,0.5
172.67.138.233,0.5
104.21.56.244,0.5
103.241.192.49,0.5
18.166.70.145,0.5
40.73.115.125,0.5
66.29.128.34,0.5
109.244.194.204,0.5
109.244.193.158,0.5
85.124.51.103,0.5
85.187.128.59,0.5
104.21.16.211,0.5
172.67.215.240,0.5
60.190.50.232,0.5
148.72.153.209,0.5
162.213.255.17,0.5
108.179.243.101,0.5
47.92.21.242,0.5
47.92.40.30,0.5
47.92.40.26,0.5
47.92.40.17,0.5
47.92.62.11,0.5
47.92.40.19,0.5
47.92.40.24,0.5
47.92.21.243,0.5
47.92.21.241,0.5
47.92.40.29,0.5
47.92.40.28,0.5
47.92.21.244,0.5
47.92.40.18,0.5
47.92.62.8,0.5
47.92.62.9,0.5
47.92.62.10,0.5
47.92.40.27,0.5
47.92.21.3,0.5
47.92.40.25,0.5
47.92.21.240,0.5
5.230.92.243,0.5
54.192.18.33,0.5
54.192.18.5,0.5
54.192.18.44,0.5
45.158.14.4,0.5
103.8.160.219,0.5
139.162.186.93,0.5
85.92.73.33,0.5
15.235.144.173,0.5
162.0.215.8,0.5
59.110.185.67,0.5
108.160.166.137,0.5
51.89.254.255,0.5
51.89.104.24,0.5
222.192.186.96,0.5
203.107.36.164,0.5
136.143.191.104,0.5
108.160.167.147,0.5
148.66.137.115,0.5
59.82.120.37,0.5
103.160.170.164,0.5
177.11.53.207,0.5
220.181.153.229,0.5
101.237.40.99,0.5
198.187.31.253,0.5
172.64.149.245,0.5
104.18.38.11,0.5
162.241.194.174,0.5
47.108.93.150,0.5
103.82.23.11,0.5
146.75.94.92,0.5
157.240.2.36,0.5
131.153.147.90,0.5
103.200.23.160,0.5
52.85.187.109,0.5
52.85.187.82,0.5
52.85.187.87,0.5
52.85.187.221,0.5
38.111.114.142,0.5
52.98.38.66,0.5
52.98.38.98,0.5
40.99.63.82,0.5
40.99.63.178,0.5
52.98.38.50,0.5
52.98.38.114,0.5
40.99.63.162,0.5
185.187.73.140,0.5
69.90.161.130,0.5
91.195.240.12,0.5
67.212.175.162,0.5
157.7.107.192,0.5
85.128.241.220,0.5
109.234.166.187,0.5
108.179.193.188,0.5
103.21.221.24,0.5
216.172.160.202,0.5
188.132.217.107,0.5
109.106.253.174,0.5
140.179.149.27,0.5
52.80.15.39,0.5
162.0.209.108,0.5
217.21.91.165,0.5
49.12.121.200,0.5
132.245.230.0,0.5
52.98.151.82,0.5
52.98.228.210,0.5
40.101.1.25,0.5
40.101.1.15,0.5
40.101.1.34,0.5
52.98.149.162,0.5
52.98.228.226,0.5
42.194.172.205,0.5
199.59.149.208,0.5
88.198.63.72,0.5
46.30.215.208,0.5
35.227.225.220,0.5
195.159.29.212,0.5
193.201.82.76,0.5
35.214.23.13,0.5
76.223.54.146,0.5
13.248.169.48,0.5
162.241.203.175,0.5
186.147.159.149,0.5
187.156.79.158,0.5
14.33.209.147,0.5
195.158.3.162,0.5
175.126.109.15,0.5
211.119.84.112,0.5
175.119.10.231,0.5
190.12.87.61,0.5
211.181.24.132,0.5
187.211.34.211,0.5
79.139.61.131,0.5
211.149.230.178,0.5
103.152.79.50,0.5
67.220.184.146,0.5
68.65.122.106,0.5
88.198.65.21,0.5
67.23.226.24,0.5
123.56.97.136,0.5
50.87.148.59,0.5
54.164.46.111,0.5
44.220.108.58,0.5
141.136.39.31,0.5
141.136.43.213,0.5
162.214.155.142,0.5
179.61.189.129,0.5
31.192.212.174,0.5
204.11.56.48,0.5
198.54.114.198,0.5
81.71.56.12,0.5
108.181.102.67,0.5
62.72.50.113,0.5
220.248.68.222,0.5
103.253.213.48,0.5
40.99.9.114,0.5
52.98.50.66,0.5
52.98.71.50,0.5
202.232.238.39,0.5
223.119.128.155,0.5
172.67.189.99,0.5
104.21.57.68,0.5
45.154.214.145,0.5
65.108.16.111,0.5
101.42.130.11,0.5
101.42.128.221,0.5
101.42.133.54,0.5
101.42.130.103,0.5
139.84.139.146,0.5
198.59.144.147,0.5
200.58.119.215,0.5
137.227.229.42,0.5
40.99.229.210,0.5
40.99.140.210,0.5
40.99.229.162,0.5
40.99.191.162,0.5
40.99.229.194,0.5
23.111.141.202,0.5
49.77.204.17,0.5
13.224.167.25,0.5
13.224.167.80,0.5
13.224.167.43,0.5
13.224.167.42,0.5
162.241.27.64,0.5
142.251.85.70,0.5
111.118.215.19,0.5
148.251.5.11,0.5
185.185.85.130,0.5
174.136.53.197,0.5
112.19.142.108,0.5
112.19.142.120,0.5
112.19.142.240,0.5
112.19.142.236,0.5
112.19.142.112,0.5
112.19.142.248,0.5
203.175.8.63,0.5
5.9.68.247,0.5
192.185.221.156,0.5
154.26.134.246,0.5
130.185.238.40,0.5
8.254.13.3,0.5
108.160.166.253,0.5
54.151.156.30,0.5
13.250.129.152,0.5
108.156.223.7,0.5
108.156.223.168,0.5
108.156.223.20,0.5
108.156.223.200,0.5
166.62.28.100,0.5
183.79.248.124,0.5
94.130.141.30,0.5
106.11.43.158,0.5
198.54.116.5,0.5
185.12.116.120,0.5
142.251.42.227,0.5
131.72.236.108,0.5
61.152.229.51,0.5
91.229.245.137,0.5
103.153.182.50,0.5
192.185.5.223,0.5
172.64.146.132,0.5
104.18.41.124,0.5
219.222.48.6,0.5
219.222.48.5,0.5
185.33.54.12,0.5
104.18.9.226,0.5
104.18.8.226,0.5
185.119.89.230,0.5
34.117.98.166,0.5
103.71.99.232,0.5
202.115.16.62,0.5
184.168.113.149,0.5
192.0.66.88,0.5
223.119.134.136,0.5
191.101.228.133,0.5
47.91.162.12,0.5
199.91.155.80,0.5
81.69.145.238,0.5
128.242.240.85,0.5
123.206.1.227,0.5
104.21.95.136,0.5
172.67.144.254,0.5
217.146.69.53,0.5
13.107.3.254,0.5
46.101.235.154,0.5
198.23.58.146,0.5
34.225.242.50,0.5
34.193.4.92,0.5
185.60.216.11,0.5
61.129.47.23,0.5
192.248.149.21,0.5
144.76.114.106,0.5
192.185.57.189,0.5
115.126.100.160,0.5
68.178.145.134,0.5
185.199.220.45,0.5
52.219.200.38,0.5
52.219.162.238,0.5
3.5.158.180,0.5
52.219.137.34,0.5
3.5.157.161,0.5
52.219.151.90,0.5
52.219.152.138,0.5
52.219.199.18,0.5
141.136.33.187,0.5
35.155.82.19,0.5
45.127.4.68,0.5
216.239.32.21,0.5
216.239.34.21,0.5
216.239.36.21,0.5
216.239.38.21,0.5
120.24.154.106,0.5
184.168.119.226,0.5
199.59.148.20,0.5
162.0.235.66,0.5
151.101.193.91,0.5
151.101.1.91,0.5
151.101.65.91,0.5
151.101.129.91,0.5
130.126.151.8,0.5
216.137.39.116,0.5
216.137.39.41,0.5
216.137.39.5,0.5
216.137.39.86,0.5
173.236.197.177,0.5
146.75.94.133,0.5
61.139.65.249,0.5
31.13.88.169,0.5
185.50.70.31,0.5
144.76.136.253,0.5
103.224.93.248,0.5
66.29.146.182,0.5
27.54.85.145,0.5
94.199.200.138,0.5
113.200.143.7,0.5
104.18.33.195,0.5
172.64.154.61,0.5
202.202.1.250,0.5
104.21.71.71,0.5
172.67.143.226,0.5
104.21.234.90,0.5
104.21.234.91,0.5
20.150.82.196,0.5
172.67.202.28,0.5
104.21.60.230,0.5
199.188.201.155,0.5
185.92.193.126,0.5
202.52.255.107,0.5
49.4.56.18,0.5
117.78.24.34,0.5
49.4.56.17,0.5
162.254.39.9,0.5
192.185.96.120,0.5
172.67.185.104,0.5
104.21.80.142,0.5
49.7.36.181,0.5
185.229.118.74,0.5
50.31.138.137,0.5
162.0.229.241,0.5
27.50.82.15,0.5
188.212.22.252,0.5
185.32.191.185,0.5
223.119.142.223,0.5
139.99.150.21,0.5
172.64.155.134,0.5
104.18.32.122,0.5
103.251.94.168,0.5
94.182.171.83,0.5
172.67.181.96,0.5
104.21.67.213,0.5
74.81.94.139,0.5
192.124.249.152,0.5
160.153.247.102,0.5
109.234.162.114,0.5
13.225.103.22,0.5
13.225.103.10,0.5
13.225.103.56,0.5
192.185.35.62,0.5
220.181.174.162,0.5
67.210.244.228,0.5
64.188.2.194,0.5
13.224.161.148,0.5
13.224.161.104,0.5
13.224.161.65,0.5
13.224.161.173,0.5
104.22.38.184,0.5
172.67.24.106,0.5
104.22.39.184,0.5
109.244.196.55,0.5
109.244.197.142,0.5
52.87.102.243,0.5
54.204.126.181,0.5
54.145.244.254,0.5
54.152.79.96,0.5
50.17.222.45,0.5
52.207.116.50,0.5
103.174.153.18,0.5
47.110.23.18,0.5
66.29.141.143,0.5
104.25.244.47,0.5
172.67.80.163,0.5
104.25.243.47,0.5
31.13.85.53,0.5
202.45.144.24,0.5
118.31.232.192,0.5
160.153.74.9,0.5
218.18.98.41,0.5
103.55.113.80,0.5
174.136.52.227,0.5
192.185.147.10,0.5
209.142.65.27,0.5
172.105.182.26,0.5
183.168.162.4,0.5
183.168.162.3,0.5
207.198.113.230,0.5
85.187.128.6,0.5
201.148.105.197,0.5
13.226.123.8,0.5
13.226.123.52,0.5
13.226.123.35,0.5
13.226.123.92,0.5
209.200.104.105,0.5
192.248.155.84,0.5
58.250.205.178,0.5
142.4.196.160,0.5
185.221.175.15,0.5
43.141.52.210,0.5
43.141.52.241,0.5
124.237.208.36,0.5
168.235.116.112,0.5
162.0.230.27,0.5
188.40.66.158,0.5
151.101.128.194,0.5
151.101.64.194,0.5
151.101.0.194,0.5
151.101.192.194,0.5
202.120.92.71,0.5
68.178.149.116,0.5
51.91.16.25,0.5
139.224.214.226,0.5
139.196.142.30,0.5
36.110.136.84,0.5
39.156.68.75,0.5
40.99.10.114,0.5
40.99.10.34,0.5
52.96.50.130,0.5
52.96.230.82,0.5
40.99.226.210,0.5
40.99.227.18,0.5
52.96.230.226,0.5
40.99.227.98,0.5
52.96.88.226,0.5
52.96.191.146,0.5
222.200.254.129,0.5
27.152.126.83,0.5
198.54.114.156,0.5
35.75.208.61,0.5
52.194.199.39,0.5
13.231.21.204,0.5
52.68.226.218,0.5
54.238.247.67,0.5
18.177.56.66,0.5
3.113.144.29,0.5
52.198.170.136,0.5
13.224.167.71,0.5
13.224.167.41,0.5
13.224.167.128,0.5
13.224.167.117,0.5
222.199.255.27,0.5
199.48.208.126,0.5
211.79.72.1,0.5
40.99.77.82,0.5
40.99.43.114,0.5
40.99.95.226,0.5
40.99.77.162,0.5
52.98.77.66,0.5
52.98.81.178,0.5
40.99.43.34,0.5
52.98.47.114,0.5
35.166.238.207,0.5
37.247.112.61,0.5
119.3.116.220,0.5
119.3.116.219,0.5
124.251.100.134,0.5
183.84.6.190,0.5
140.249.254.79,0.5
119.167.234.48,0.5
120.221.80.179,0.5
49.233.94.149,0.5
36.248.38.100,0.5
112.50.95.96,0.5
101.226.41.136,0.5
59.37.129.211,0.5
222.66.109.32,0.5
202.120.188.98,0.5
69.49.230.125,0.5
91.92.254.27,0.5
8.29.155.210,0.5
114.67.99.76,0.5
39.108.42.244,0.5
163.5.169.23,0.5
199.193.119.12,0.5
47.100.172.59,0.5
47.100.226.173,0.5
14.29.103.44,0.5
163.237.221.28,0.5
93.174.123.207,0.5
199.59.150.43,0.5
93.93.51.223,0.5
89.46.6.188,0.5
89.39.208.172,0.5
65.21.134.164,0.5
17.248.216.64,0.5
106.55.117.76,0.5
106.55.114.129,0.5
185.161.209.243,0.5
190.8.176.194,0.5
91.234.195.128,0.5
78.135.105.12,0.5
35.241.30.194,0.5
108.61.251.9,0.5
198.54.120.122,0.5
66.29.146.145,0.5
65.108.108.217,0.5
121.40.90.170,0.5
218.30.110.25,0.5
45.254.50.196,0.5
108.162.193.95,0.5
173.245.59.95,0.5
172.64.33.95,0.5
162.0.215.28,0.5
162.105.129.99,0.5
13.226.120.84,0.5
13.226.120.37,0.5
13.226.120.65,0.5
49.233.247.200,0.5
202.142.221.141,0.5
104.21.45.94,0.5
172.67.212.218,0.5
65.99.205.170,0.5
50.116.86.53,0.5
139.224.204.61,0.5
125.94.240.72,0.5
206.221.182.74,0.5
198.54.120.211,0.5
92.204.53.216,0.5
198.54.114.176,0.5
194.181.228.15,0.5
109.95.157.20,0.5
162.241.60.177,0.5
172.96.187.248,0.5
129.43.254.39,0.5
104.247.167.227,0.5
191.101.50.240,0.5
52.97.218.82,0.5
52.98.213.98,0.5
52.98.213.242,0.5
52.97.153.162,0.5
52.98.207.194,0.5
52.98.213.50,0.5
40.101.124.194,0.5
99.79.153.200,0.5
3.99.97.213,0.5
35.182.20.127,0.5
221.7.196.227,0.5
178.79.158.122,0.5
5.9.19.146,0.5
76.76.21.9,0.5
76.76.21.241,0.5
172.67.218.34,0.5
104.21.38.28,0.5
160.153.0.42,0.5
103.27.74.63,0.5
72.167.59.130,0.5
123.56.108.55,0.5
39.106.153.55,0.5
52.232.227.249,0.5
172.67.198.107,0.5
104.21.60.167,0.5
65.2.24.150,0.5
64.31.40.18,0.5
57.129.1.142,0.5
209.182.203.32,0.5
185.88.60.242,0.5
17.248.216.67,0.5
184.86.217.95,0.5
202.192.149.15,0.5
23.111.188.219,0.5
109.234.162.20,0.5
82.180.174.153,0.5
103.147.154.71,0.5
172.67.181.9,0.5
104.21.83.199,0.5
173.255.209.47,0.5
117.52.47.45,0.5
142.171.100.10,0.5
89.208.107.232,0.5
45.132.157.199,0.5
130.211.34.183,0.5
107.178.240.159,0.5
35.186.241.51,0.5
35.190.25.25,0.5
115.28.36.100,0.5
173.208.182.68,0.5
91.194.91.202,0.5
192.185.177.238,0.5
18.66.92.25,0.5
18.66.92.83,0.5
18.66.92.117,0.5
18.66.92.14,0.5
103.246.246.144,0.5
196.203.63.106,0.5
93.188.2.53,0.5
31.13.67.33,0.5
69.26.167.37,0.5
104.21.44.121,0.5
172.67.199.149,0.5
139.162.132.15,0.5
58.205.213.52,0.5
179.61.12.110,0.5
162.0.229.138,0.5
103.198.69.53,0.5
43.243.118.222,0.5
49.233.116.92,0.5
123.57.39.91,0.5
185.50.70.20,0.5
137.221.105.232,0.5
192.185.191.5,0.5
23.74.15.9,0.5
23.74.15.64,0.5
23.74.15.16,0.5
54.192.18.55,0.5
54.192.18.128,0.5
92.205.13.202,0.5
52.97.146.2,0.5
52.97.146.66,0.5
52.98.205.66,0.5
52.97.178.66,0.5
52.98.214.114,0.5
23.229.182.165,0.5
108.167.157.170,0.5
172.104.191.132,0.5
162.254.39.113,0.5
104.238.220.140,0.5
104.238.221.169,0.5
104.238.222.11,0.5
108.167.151.39,0.5
192.185.169.10,0.5
104.18.192.136,0.5
104.18.193.136,0.5
104.18.191.136,0.5
104.18.190.136,0.5
104.18.189.136,0.5
41.185.8.60,0.5
204.11.59.250,0.5
104.21.81.28,0.5
172.67.137.157,0.5
54.192.18.17,0.5
54.192.18.34,0.5
54.192.18.69,0.5
23.33.184.235,0.5
132.66.11.65,0.5
128.211.151.252,0.5
52.96.157.162,0.5
52.96.226.146,0.5
52.96.164.146,0.5
52.96.79.18,0.5
52.96.79.50,0.5
52.96.157.66,0.5
52.96.163.18,0.5
52.96.222.210,0.5
223.119.139.239,0.5
185.2.5.24,0.5
65.108.69.93,0.5
198.187.29.28,0.5
40.99.214.34,0.5
40.99.149.210,0.5
40.99.150.66,0.5
52.98.179.34,0.5
52.98.228.50,0.5
173.252.105.21,0.5
185.137.168.76,0.5
173.254.72.89,0.5
192.185.210.12,0.5
40.99.60.2,0.5
47.110.223.99,0.5
13.230.227.99,0.5
52.194.230.131,0.5
103.104.74.204,0.5
111.243.214.169,0.5
128.242.245.93,0.5
212.1.211.82,0.5
192.169.82.226,0.5
77.245.149.43,0.5
166.111.4.79,0.5
172.105.63.144,0.5
35.195.220.65,0.5
23.195.110.162,0.5
119.18.54.131,0.5
52.104.43.55,0.5
94.73.148.70,0.5
202.226.39.185,0.5
43.141.68.183,0.5
43.141.11.225,0.5
43.141.100.192,0.5
43.141.131.151,0.5
43.141.100.141,0.5
43.141.69.55,0.5
43.141.69.11,0.5
43.141.70.222,0.5
43.141.70.200,0.5
43.141.69.92,0.5
43.141.69.86,0.5
43.141.69.239,0.5
43.141.100.60,0.5
43.141.69.118,0.5
43.141.68.62,0.5
140.205.122.88,0.5
179.61.189.95,0.5
157.255.244.15,0.5
157.255.244.95,0.5
175.27.16.230,0.5
179.61.189.201,0.5
103.226.222.34,0.5
107.178.101.172,0.5
172.67.156.237,0.5
104.21.8.75,0.5
205.251.195.213,0.5
209.95.55.152,0.5
119.39.205.23,0.5
118.212.233.249,0.5
185.78.164.180,0.5
103.21.59.27,0.5
103.191.76.170,0.5
203.208.57.25,0.5
195.144.11.125,0.5
195.144.11.124,0.5
192.185.185.204,0.5
192.185.35.39,0.5
104.21.35.27,0.5
172.67.212.72,0.5
108.186.177.241,0.5
139.162.61.148,0.5
61.152.229.70,0.5
192.185.62.74,0.5
146.75.94.248,0.5
104.208.16.9,0.5
49.233.120.82,0.5
47.74.196.251,0.5
24.75.44.61,0.5
112.78.2.108,0.5
172.67.211.100,0.5
104.21.83.40,0.5
104.21.52.84,0.5
172.67.197.68,0.5
174.136.25.123,0.5
104.160.75.139,0.5
182.61.200.83,0.5
43.137.214.75,0.5
43.137.221.209,0.5
162.241.61.98,0.5
52.96.88.162,0.5
40.100.163.178,0.5
52.96.88.130,0.5
52.96.163.242,0.5
40.99.236.82,0.5
52.96.190.162,0.5
172.67.217.51,0.5
104.21.86.90,0.5
13.227.9.150,0.5
13.227.9.15,0.5
13.227.9.12,0.5
13.227.9.40,0.5
69.171.227.37,0.5
202.195.181.101,0.5
65.181.111.129,0.5
182.161.73.136,0.5
118.26.32.34,0.5
123.59.180.202,0.5
117.122.209.130,0.5
103.224.247.222,0.5
117.21.178.113,0.5
51.79.192.74,0.5
104.21.96.132,0.5
172.67.180.253,0.5
198.54.115.114,0.5
217.21.85.20,0.5
13.224.167.122,0.5
13.224.167.86,0.5
13.224.167.93,0.5
13.224.167.99,0.5
119.96.5.57,0.5
119.96.5.56,0.5
119.96.5.59,0.5
119.96.5.58,0.5
69.171.247.71,0.5
104.156.54.137,0.5
218.207.156.205,0.5
59.110.9.225,0.5
59.82.133.194,0.5
108.179.194.69,0.5
52.199.214.187,0.5
52.68.62.192,0.5
52.69.206.59,0.5
52.194.202.79,0.5
57.180.92.97,0.5
54.95.102.201,0.5
92.205.3.193,0.5
119.18.54.49,0.5
103.11.191.14,0.5
185.45.6.57,0.5
45.79.24.154,0.5
120.133.12.123,0.5
120.133.12.124,0.5
89.187.187.25,0.5
185.180.13.210,0.5
89.187.187.11,0.5
89.187.187.19,0.5
89.187.187.15,0.5
143.244.51.207,0.5
3.35.183.58,0.5
43.202.159.188,0.5
13.224.167.20,0.5
160.153.131.155,0.5
85.187.128.60,0.5
13.225.103.25,0.5
13.225.103.15,0.5
192.96.211.25,0.5
172.67.131.212,0.5
104.21.11.233,0.5
172.67.175.58,0.5
104.21.31.64,0.5
42.62.2.171,0.5
106.12.1.64,0.5
51.195.117.192,0.5
211.64.164.2,0.5
74.117.154.59,0.5
198.187.29.25,0.5
161.97.124.97,0.5
104.21.23.184,0.5
172.67.212.188,0.5
222.198.120.20,0.5
5.181.161.235,0.5
108.167.188.187,0.5
184.168.110.22,0.5
178.16.136.234,0.5
42.187.172.54,0.5
77.111.240.35,0.5
41.185.8.53,0.5
66.29.142.23,0.5
104.21.63.185,0.5
172.67.149.81,0.5
40.101.147.114,0.5
52.98.89.2,0.5
40.99.93.210,0.5
40.99.69.114,0.5
40.101.146.194,0.5
52.98.68.178,0.5
208.113.154.18,0.5
177.229.198.250,0.5
5.230.92.251,0.5
162.213.255.13,0.5
67.15.129.210,0.5
138.201.165.90,0.5
66.96.162.140,0.5
102.130.117.242,0.5
40.99.140.226,0.5
40.99.181.130,0.5
124.251.58.58,0.5
183.84.5.170,0.5
106.14.229.146,0.5
131.153.148.82,0.5
68.66.226.75,0.5
162.215.241.127,0.5
23.162.200.183,0.5
217.175.192.16,0.5
103.92.235.87,0.5
87.107.163.3,0.5
17.120.252.48,0.5
75.102.22.59,0.5
51.75.233.80,0.5
222.218.189.241,0.5
192.185.142.81,0.5
101.237.39.51,0.5
202.118.1.66,0.5
103.74.50.134,0.5
101.42.132.206,0.5
96.127.183.34,0.5
193.108.119.142,0.5
162.0.232.190,0.5
103.134.152.2,0.5
40.99.215.98,0.5
89.41.38.22,0.5
74.86.151.167,0.5
52.98.159.194,0.5
52.98.206.210,0.5
52.98.202.82,0.5
59.41.66.229,0.5
159.226.185.4,0.5
148.72.177.212,0.5
109.106.254.157,0.5
216.172.172.203,0.5
52.97.34.146,0.5
52.97.34.114,0.5
52.97.78.66,0.5
52.97.33.130,0.5
52.97.26.98,0.5
52.97.79.226,0.5
52.97.33.162,0.5
209.204.225.211,0.5
104.21.38.19,0.5
172.67.218.5,0.5
185.143.234.120,0.5
185.143.233.120,0.5
66.102.128.81,0.5
104.21.7.249,0.5
172.67.156.141,0.5
217.160.0.234,0.5
104.18.39.2,0.5
172.64.148.254,0.5
72.167.67.139,0.5
148.72.247.58,0.5
110.75.69.67,0.5
52.96.10.242,0.5
40.99.168.242,0.5
52.96.222.226,0.5
52.96.191.98,0.5
40.99.245.66,0.5
52.96.57.66,0.5
52.96.121.114,0.5
40.97.121.34,0.5
192.185.184.206,0.5
118.31.232.218,0.5
54.250.35.105,0.5
13.115.192.207,0.5
192.185.76.23,0.5
91.189.114.25,0.5
167.71.197.144,0.5
207.244.246.140,0.5
217.21.77.153,0.5
91.195.240.94,0.5
202.205.86.27,0.5
111.13.25.27,0.5
54.192.18.85,0.5
210.75.252.109,0.5
39.107.243.96,0.5
149.56.185.74,0.5
157.240.12.50,0.5
221.228.79.225,0.5
14.17.109.72,0.5
40.99.10.50,0.5
40.99.33.162,0.5
52.98.54.130,0.5
199.188.200.236,0.5
68.178.145.51,0.5
5.230.92.235,0.5
217.182.198.238,0.5
203.119.175.235,0.5
178.32.203.125,0.5
162.241.2.177,0.5
52.98.20.130,0.5
52.98.18.18,0.5
52.98.18.2,0.5
52.98.22.2,0.5
52.98.22.18,0.5
52.98.18.34,0.5
52.98.20.146,0.5
52.98.20.162,0.5
185.196.9.94,0.5
54.192.16.4,0.5
54.192.16.144,0.5
54.192.16.115,0.5
54.192.16.179,0.5
104.21.2.96,0.5
172.67.129.13,0.5
162.241.203.96,0.5
185.237.145.240,0.5
162.240.225.226,0.5
106.0.62.85,0.5
104.18.37.111,0.5
172.64.150.145,0.5
103.129.97.254,0.5
23.235.232.236,0.5
52.36.181.111,0.5
54.201.229.245,0.5
52.37.183.94,0.5
192.185.100.106,0.5
43.132.107.229,0.5
104.194.11.167,0.5
192.185.222.87,0.5
104.21.83.42,0.5
172.67.212.26,0.5
18.211.36.69,0.5
52.71.45.199,0.5
3.215.28.100,0.5
18.215.52.19,0.5
172.67.166.102,0.5
104.21.16.49,0.5
111.13.24.98,0.5
59.82.133.185,0.5
160.119.252.27,0.5
66.29.132.24,0.5
175.27.0.129,0.5
175.27.0.14,0.5
162.254.196.84,0.5
185.208.130.64,0.5
140.117.11.1,0.5
77.72.1.24,0.5
162.55.238.178,0.5
35.173.69.207,0.5
146.75.94.62,0.5
95.217.201.6,0.5
34.120.190.48,0.5
140.210.69.130,0.5
140.210.69.131,0.5
42.62.2.150,0.5
140.210.69.133,0.5
140.210.69.132,0.5
103.20.234.45,0.5
112.19.242.77,0.5
118.144.88.131,0.5
43.192.37.20,0.5
140.179.122.235,0.5
52.83.70.25,0.5
52.83.128.157,0.5
54.223.86.57,0.5
52.81.170.225,0.5
170.114.52.2,0.5
192.185.184.35,0.5
192.254.187.6,0.5
107.180.21.14,0.5
52.96.28.2,0.5
52.96.182.18,0.5
52.96.165.146,0.5
52.96.165.194,0.5
52.96.165.226,0.5
52.96.54.210,0.5
72.167.142.126,0.5
34.226.75.67,0.5
52.45.20.177,0.5
44.212.160.251,0.5
173.201.184.177,0.5
42.62.107.166,0.5
199.116.250.7,0.5
198.54.120.106,0.5
208.109.36.87,0.5
75.2.106.189,0.5
99.83.129.174,0.5
210.35.90.23,0.5
98.159.108.71,0.5
185.94.236.254,0.5
50.62.143.90,0.5
47.75.18.199,0.5
139.19.206.74,0.5
204.44.195.29,0.5
172.67.69.9,0.5
104.26.1.150,0.5
104.26.0.150,0.5
106.3.18.143,0.5
202.120.92.30,0.5
199.192.24.109,0.5
151.101.1.195,0.5
151.101.65.195,0.5
38.111.114.212,0.5
109.234.162.163,0.5
207.174.215.190,0.5
203.107.36.9,0.5
172.67.220.101,0.5
104.21.78.112,0.5
183.136.184.32,0.5
176.9.63.14,0.5
82.180.158.52,0.5
64.34.65.10,0.5
75.98.175.71,0.5
111.63.147.98,0.5
111.48.136.169,0.5
110.242.72.5,0.5
111.13.235.63,0.5
122.190.65.153,0.5
123.126.131.45,0.5
123.151.108.7,0.5
116.211.202.129,0.5
125.39.121.6,0.5
124.237.225.7,0.5
111.31.104.136,0.5
13.226.120.89,0.5
13.226.120.122,0.5
13.226.120.81,0.5
192.254.184.208,0.5
192.133.77.133,0.5
106.75.78.165,0.5
198.27.124.186,0.5
69.163.252.10,0.5
70.32.23.71,0.5
52.98.149.178,0.5
132.245.230.9,0.5
172.67.157.52,0.5
104.21.74.106,0.5
139.5.85.158,0.5
103.21.59.25,0.5
68.178.245.23,0.5
202.121.252.119,0.5
182.254.48.74,0.5
68.66.226.89,0.5
128.135.10.200,0.5
223.119.150.164,0.5
115.152.253.74,0.5
115.152.254.83,0.5
109.234.164.234,0.5
3.239.232.161,0.5
69.57.172.24,0.5
120.55.35.37,0.5
120.55.35.2,0.5
116.62.99.1,0.5
47.97.242.12,0.5
120.55.35.34,0.5
47.96.247.70,0.5
47.96.247.68,0.5
120.27.176.229,0.5
47.97.242.13,0.5
47.96.247.67,0.5
120.55.35.38,0.5
163.177.79.214,0.5
191.101.228.240,0.5
69.57.172.26,0.5
81.88.52.200,0.5
47.113.75.122,0.5
52.96.27.178,0.5
52.96.41.146,0.5
52.96.4.2,0.5
52.96.34.194,0.5
185.199.220.28,0.5
107.180.43.37,0.5
103.112.245.8,0.5
162.213.255.27,0.5
51.210.156.16,0.5
70.38.21.229,0.5
104.18.17.236,0.5
104.18.16.236,0.5
5.230.92.190,0.5
67.22.39.42,0.5
185.75.253.87,0.5
185.75.252.140,0.5
121.40.236.57,0.5
86.107.32.150,0.5
45.151.132.171,0.5
104.18.6.148,0.5
104.18.7.148,0.5
192.185.93.104,0.5
199.96.63.163,0.5
76.76.21.21,0.5
41.187.109.247,0.5
54.190.118.53,0.5
100.20.45.87,0.5
35.81.8.39,0.5
54.201.24.189,0.5
65.99.205.164,0.5
195.8.222.36,0.5
112.17.54.139,0.5
34.120.137.41,0.5
103.228.130.61,0.5
185.111.89.173,0.5
52.96.10.82,0.5
52.96.42.82,0.5
52.96.21.242,0.5
52.96.59.162,0.5
52.96.36.82,0.5
52.96.59.226,0.5
52.96.166.226,0.5
50.6.138.84,0.5
66.29.137.23,0.5
10.1.81.151,0.5
172.67.138.105,0.5
104.21.78.233,0.5
162.241.218.223,0.5
194.39.124.150,0.5
23.106.253.205,0.5
104.21.52.188,0.5
172.67.202.220,0.5
52.97.4.194,0.5
52.97.34.178,0.5
52.97.4.226,0.5
52.97.33.194,0.5
75.119.139.55,0.5
210.89.168.70,0.5
210.89.168.38,0.5
103.153.3.138,0.5
131.153.148.98,0.5
217.160.0.24,0.5
103.133.215.169,0.5
94.46.20.69,0.5
185.15.20.150,0.5
183.47.247.161,0.5
211.151.8.171,0.5
184.168.115.128,0.5
40.100.18.2,0.5
185.182.192.8,0.5
42.245.248.124,0.5
172.67.174.11,0.5
104.21.88.78,0.5
34.214.116.176,0.5
159.226.242.46,0.5
68.65.123.242,0.5
92.223.84.254,0.5
162.0.235.234,0.5
212.1.210.97,0.5
144.91.67.127,0.5
61.129.249.250,0.5
192.185.167.136,0.5
50.63.17.74,0.5
52.98.140.2,0.5
52.98.0.210,0.5
52.98.143.114,0.5
52.98.8.66,0.5
52.98.2.2,0.5
52.98.128.146,0.5
52.98.140.18,0.5
52.98.143.178,0.5
45.13.133.94,0.5
36.110.181.204,0.5
120.46.187.71,0.5
136.0.111.126,0.5
156.233.67.243,0.5
99.83.229.113,0.5
223.4.221.197,0.5
15.235.82.87,0.5
110.4.45.76,0.5
199.101.132.252,0.5
169.47.128.197,0.5
223.109.148.180,0.5
223.109.148.143,0.5
223.109.148.129,0.5
223.109.148.142,0.5
68.66.248.52,0.5
13.211.119.48,0.5
13.55.171.246,0.5
162.0.209.213,0.5
116.203.15.101,0.5
185.61.152.57,0.5
213.159.2.43,0.5
54.192.18.93,0.5
54.192.18.81,0.5
54.192.18.64,0.5
54.192.18.76,0.5
195.201.179.80,0.5
148.66.136.1,0.5
217.21.95.61,0.5
103.252.114.101,0.5
64.37.52.32,0.5
69.147.88.8,0.5
69.147.88.7,0.5
120.77.13.115,0.5
94.24.36.58,0.5
103.224.212.213,0.5
151.106.103.109,0.5
113.200.67.196,0.5
147.124.222.6,0.5
78.16.49.15,0.5
40.101.70.18,0.5
52.97.168.178,0.5
40.101.69.34,0.5
40.101.78.130,0.5
52.97.128.178,0.5
52.97.152.114,0.5
185.199.220.71,0.5
199.91.155.81,0.5
202.160.128.203,0.5
128.6.34.95,0.5
120.236.186.139,0.5
218.19.148.199,0.5
23.21.19.136,0.5
34.197.82.182,0.5
52.73.19.197,0.5
199.59.148.247,0.5
108.167.168.37,0.5
160.16.219.57,0.5
44.213.186.112,0.5
44.196.147.180,0.5
44.195.204.75,0.5
3.210.131.224,0.5
18.214.107.103,0.5
52.206.224.21,0.5
212.76.85.5,0.5
199.91.155.39,0.5
104.219.248.114,0.5
42.186.111.89,0.5
202.121.140.184,0.5
47.75.19.53,0.5
178.63.45.64,0.5
15.235.164.67,0.5
64.120.89.67,0.5
64.120.89.66,0.5
104.21.12.160,0.5
172.67.195.34,0.5
192.175.118.245,0.5
58.205.193.76,0.5
160.153.131.187,0.5
109.244.26.228,0.5
109.244.26.227,0.5
174.127.110.229,0.5
34.198.122.35,0.5
108.160.172.200,0.5
172.96.187.60,0.5
153.92.11.41,0.5
116.62.151.250,0.5
77.72.1.34,0.5
41.185.8.159,0.5
106.4.158.122,0.5
77.158.88.68,0.5
104.21.96.30,0.5
172.67.150.162,0.5
192.124.249.89,0.5
192.185.51.97,0.5
13.226.120.79,0.5
13.226.120.29,0.5
13.226.120.40,0.5
13.226.120.71,0.5
104.21.41.228,0.5
172.67.195.151,0.5
190.8.176.107,0.5
68.178.145.225,0.5
135.181.164.29,0.5
15.235.51.182,0.5
17.248.216.69,0.5
47.98.80.30,0.5
64.20.35.186,0.5
185.61.153.78,0.5
119.39.205.81,0.5
112.84.222.32,0.5
69.26.167.53,0.5
156.238.128.17,0.5
107.155.25.117,0.5
107.155.25.116,0.5
222.166.0.194,0.5
156.238.128.19,0.5
107.155.25.119,0.5
222.166.0.195,0.5
156.238.128.16,0.5
156.238.128.18,0.5
107.155.25.120,0.5
203.119.169.166,0.5
146.59.70.14,0.5
132.248.200.1,0.5
153.92.215.76,0.5
102.130.117.180,0.5
103.252.114.11,0.5
192.185.222.75,0.5
40.101.126.226,0.5
104.168.139.198,0.5
179.61.189.105,0.5
106.15.241.149,0.5
47.102.32.249,0.5
47.101.100.1,0.5
106.15.147.56,0.5
47.102.32.245,0.5
106.15.147.173,0.5
106.15.241.244,0.5
106.15.241.212,0.5
139.196.197.251,0.5
95.216.236.26,0.5
65.99.252.203,0.5
23.229.205.233,0.5
139.196.217.38,0.5
80.237.128.10,0.5
68.178.147.207,0.5
65.181.111.157,0.5
104.244.46.9,0.5
117.161.4.157,0.5
103.224.212.216,0.5
52.98.84.114,0.5
52.98.84.98,0.5
198.143.149.138,0.5
203.192.9.18,0.5
65.9.37.89,0.5
65.9.37.94,0.5
65.9.37.146,0.5
65.9.37.229,0.5
120.77.167.41,0.5
67.227.198.47,0.5
40.99.227.178,0.5
52.96.93.130,0.5
40.99.164.210,0.5
40.99.253.82,0.5
40.99.170.2,0.5
40.99.172.130,0.5
40.99.165.98,0.5
40.99.170.18,0.5
91.215.85.228,0.5
72.167.69.35,0.5
95.216.72.210,0.5
106.39.41.16,0.5
47.99.112.78,0.5
103.92.235.32,0.5
47.106.53.220,0.5
192.0.72.29,0.5
192.0.72.28,0.5
143.244.50.84,0.5
172.104.18.233,0.5
104.21.9.136,0.5
172.67.130.224,0.5
65.8.62.191,0.5
65.8.62.169,0.5
65.8.62.21,0.5
65.8.62.93,0.5
109.70.148.66,0.5
92.205.134.72,0.5
23.168.193.44,0.5
137.205.33.47,0.5
198.38.89.136,0.5
111.8.11.25,0.5
13.224.167.64,0.5
13.224.167.55,0.5
13.224.167.53,0.5
172.67.204.216,0.5
104.21.77.58,0.5
122.205.109.49,0.5
190.8.176.168,0.5
199.59.149.231,0.5
35.208.33.149,0.5
47.97.247.71,0.5
47.111.48.239,0.5
47.98.0.183,0.5
47.97.242.6,0.5
47.98.2.203,0.5
47.96.32.142,0.5
47.97.242.7,0.5
120.55.220.188,0.5
120.55.220.55,0.5
14.128.14.10,0.5
143.204.238.94,0.5
143.204.238.141,0.5
143.204.238.30,0.5
143.204.238.55,0.5
52.96.79.226,0.5
52.96.242.34,0.5
52.96.73.50,0.5
52.96.191.226,0.5
52.96.79.98,0.5
52.96.191.210,0.5
201.148.105.178,0.5
107.180.4.14,0.5
34.107.221.82,0.5
103.117.212.5,0.5
18.65.171.215,0.5
18.65.171.139,0.5
18.65.171.173,0.5
18.65.171.205,0.5
104.21.28.60,0.5
172.67.170.101,0.5
104.21.63.170,0.5
172.67.148.210,0.5
95.111.239.188,0.5
67.223.118.86,0.5
54.36.237.183,0.5
111.74.23.97,0.5
104.21.21.55,0.5
172.67.196.131,0.5
212.227.247.250,0.5
223.119.242.166,0.5
45.77.71.136,0.5
223.4.220.233,0.5
124.223.124.68,0.5
116.62.210.227,0.5
114.55.126.25,0.5
192.185.151.7,0.5
190.8.176.49,0.5
119.18.54.145,0.5
185.113.25.57,0.5
185.113.25.58,0.5
162.213.251.218,0.5
74.86.12.173,0.5
46.17.175.43,0.5
39.107.195.101,0.5
103.75.184.26,0.5
39.106.53.223,0.5
157.240.2.50,0.5
41.185.8.155,0.5
153.92.10.181,0.5
5.9.177.7,0.5
202.118.254.194,0.5
202.118.254.192,0.5
92.223.95.95,0.5
146.75.94.46,0.5
193.84.177.245,0.5
172.67.187.57,0.5
104.21.4.239,0.5
192.185.162.69,0.5
183.60.26.46,0.5
172.67.70.228,0.5
104.26.9.249,0.5
104.26.8.249,0.5
194.30.182.75,0.5
103.73.189.211,0.5
195.28.168.104,0.5
148.66.136.2,0.5
104.21.72.206,0.5
172.67.187.84,0.5
172.67.74.108,0.5
104.26.5.129,0.5
104.26.4.129,0.5
210.140.45.147,0.5
162.55.232.49,0.5
81.19.82.105,0.5
81.19.82.104,0.5
81.19.82.106,0.5
223.119.211.85,0.5
31.13.67.19,0.5
91.234.46.96,0.5
157.240.6.35,0.5
54.192.18.84,0.5
54.192.18.115,0.5
54.192.18.117,0.5
45.60.22.98,0.5
45.60.98.98,0.5
31.13.69.169,0.5
52.98.140.82,0.5
40.99.130.66,0.5
40.99.128.66,0.5
52.98.76.146,0.5
40.99.129.2,0.5
40.100.148.18,0.5
40.100.149.162,0.5
40.99.128.146,0.5
66.42.57.15,0.5
172.67.203.7,0.5
104.21.93.25,0.5
175.24.154.130,0.5
42.192.175.15,0.5
81.69.167.241,0.5
46.4.98.169,0.5
203.191.149.72,0.5
52.96.164.66,0.5
52.96.113.242,0.5
52.96.113.226,0.5
52.96.166.82,0.5
52.96.121.50,0.5
103.53.43.12,0.5
212.1.211.132,0.5
145.14.152.121,0.5
207.174.214.247,0.5
166.62.28.105,0.5
149.255.62.95,0.5
13.225.103.3,0.5
13.225.103.29,0.5
13.225.103.49,0.5
170.249.205.194,0.5
49.7.36.44,0.5
184.105.99.75,0.5
23.185.0.3,0.5
51.254.111.187,0.5
5.230.92.186,0.5
13.107.6.175,0.5
163.43.247.106,0.5
202.210.188.69,0.5
133.242.69.210,0.5
163.43.243.44,0.5
202.210.188.70,0.5
163.43.147.141,0.5
202.210.188.68,0.5
202.210.188.67,0.5
202.210.188.66,0.5
172.67.217.91,0.5
104.21.24.70,0.5
157.240.8.36,0.5
212.1.210.24,0.5
23.111.165.2,0.5
157.240.9.36,0.5
91.189.91.124,0.5
185.125.190.37,0.5
185.125.190.40,0.5
91.189.91.123,0.5
13.225.103.47,0.5
13.225.103.105,0.5
13.225.103.115,0.5
35.158.87.123,0.5
103.102.202.106,0.5
103.107.217.26,0.5
103.102.202.144,0.5
103.102.202.125,0.5
176.31.101.42,0.5
184.168.101.228,0.5
59.82.43.198,0.5
78.47.126.253,0.5
212.27.63.116,0.5
179.61.189.127,0.5
72.29.120.12,0.5
13.227.141.205,0.5
13.227.141.52,0.5
13.227.141.4,0.5
13.227.141.159,0.5
119.31.238.20,0.5
181.214.31.3,0.5
208.97.137.171,0.5
34.228.87.160,0.5
52.20.42.208,0.5
3.225.69.55,0.5
34.226.35.247,0.5
52.96.109.178,0.5
52.96.109.130,0.5
40.97.188.2,0.5
52.96.109.226,0.5
52.96.87.210,0.5
52.96.88.114,0.5
52.96.9.2,0.5
72.167.124.129,0.5
179.61.189.180,0.5
216.55.143.19,0.5
52.44.155.197,0.5
52.55.227.221,0.5
52.2.126.83,0.5
52.5.154.105,0.5
190.8.176.134,0.5
23.192.44.225,0.5
23.192.44.235,0.5
47.113.75.156,0.5
35.160.146.56,0.5
115.236.118.51,0.5
43.230.202.147,0.5
81.70.61.138,0.5
23.225.141.210,0.5
103.247.8.34,0.5
45.158.12.111,0.5
52.97.137.162,0.5
52.97.170.66,0.5
52.98.208.114,0.5
40.101.124.2,0.5
52.98.206.162,0.5
52.97.151.50,0.5
52.97.151.130,0.5
52.98.208.98,0.5
223.119.239.233,0.5
162.250.126.19,0.5
102.130.123.180,0.5
192.169.170.16,0.5
106.120.215.194,0.5
18.211.96.40,0.5
54.242.231.254,0.5
18.213.28.217,0.5
44.210.74.1,0.5
34.203.47.29,0.5
100.24.112.11,0.5
199.60.103.29,0.5
199.60.103.227,0.5
192.124.249.38,0.5
39.108.66.130,0.5
101.226.7.200,0.5
172.67.194.123,0.5
104.21.20.215,0.5
192.0.66.91,0.5
13.226.120.5,0.5
13.226.120.73,0.5
13.226.120.85,0.5
13.226.120.112,0.5
192.169.145.218,0.5
195.201.202.58,0.5
36.97.228.97,0.5
35.227.219.39,0.5
20.239.79.153,0.5
49.51.35.169,0.5
78.153.209.27,0.5
108.160.162.98,0.5
52.98.83.178,0.5
52.98.89.146,0.5
40.99.52.130,0.5
52.98.77.242,0.5
52.98.79.162,0.5
192.232.216.157,0.5
23.225.33.226,0.5
156.251.139.70,0.5
218.4.189.27,0.5
23.226.128.140,0.5
185.110.51.115,0.5
183.207.51.132,0.5
120.77.134.57,0.5
186.64.118.185,0.5
103.57.222.11,0.5
218.18.98.90,0.5
13.224.161.225,0.5
13.224.161.27,0.5
13.224.161.30,0.5
13.224.161.90,0.5
35.209.136.79,0.5
172.67.180.202,0.5
104.21.31.237,0.5
31.13.95.18,0.5
122.227.148.198,0.5
123.56.172.17,0.5
39.105.225.174,0.5
39.96.67.81,0.5
59.110.41.160,0.5
182.92.255.203,0.5
54.243.108.69,0.5
3.217.85.170,0.5
45.90.58.120,0.5
91.220.131.27,0.5
27.152.137.83,0.5
202.104.121.210,0.5
202.104.121.211,0.5
141.98.10.67,0.5
199.250.207.71,0.5
202.52.248.148,0.5
13.225.103.26,0.5
13.225.103.94,0.5
13.225.103.97,0.5
77.238.176.98,0.5
152.89.234.70,0.5
218.193.160.195,0.5
125.77.134.239,0.5
218.63.8.132,0.5
132.148.236.119,0.5
127.0.0.1,0.5
192.185.5.227,0.5
64.37.50.173,0.5
64.124.159.101,0.5
109.106.253.130,0.5
153.92.215.17,0.5
42.187.161.231,0.5
162.213.251.214,0.5
210.42.108.5,0.5
159.65.26.166,0.5
121.5.99.8,0.5
121.5.97.85,0.5
176.74.28.34,0.5
107.148.237.99,0.5
103.117.212.145,0.5
66.29.146.165,0.5
104.21.62.135,0.5
172.67.136.46,0.5
52.224.31.34,0.5
84.234.97.94,0.5
172.67.210.117,0.5
104.21.37.162,0.5
202.92.7.99,0.5
23.101.230.162,0.5
69.171.228.74,0.5
202.114.120.1,0.5
35.208.5.83,0.5
209.85.228.72,0.5
85.9.19.56,0.5
45.60.48.54,0.5
66.211.163.156,0.5
66.211.162.98,0.5
198.59.144.130,0.5
67.220.187.210,0.5
141.95.99.203,0.5
103.108.220.123,0.5
92.223.29.19,0.5
92.223.29.20,0.5
121.51.248.245,0.5
202.114.88.8,0.5
64.6.254.76,0.5
40.99.10.82,0.5
40.99.10.66,0.5
218.75.241.211,0.5
45.136.20.147,0.5
223.119.50.163,0.5
223.119.50.153,0.5
41.185.8.145,0.5
199.188.200.78,0.5
47.101.88.27,0.5
210.39.4.1,0.5
113.125.197.184,0.5
116.62.114.59,0.5
31.31.196.209,0.5
58.192.129.37,0.5
92.204.40.196,0.5
151.101.64.84,0.5
151.101.0.84,0.5
151.101.192.84,0.5
151.101.128.84,0.5
10.204.31.200,0.5
222.192.186.98,0.5
186.64.119.125,0.5
35.212.63.98,0.5
162.241.216.107,0.5
173.201.179.231,0.5
183.136.169.131,0.5
83.150.213.159,0.5
162.254.39.139,0.5
192.185.186.177,0.5
162.0.232.184,0.5
185.193.66.168,0.5
103.102.202.67,0.5
104.21.37.88,0.5
172.67.206.81,0.5
18.142.253.203,0.5
94.46.168.93,0.5
65.181.111.130,0.5
173.214.172.75,0.5
35.227.233.104,0.5
179.61.189.224,0.5
162.241.203.41,0.5
202.192.1.45,0.5
159.226.242.62,0.5
104.218.53.10,0.5
148.66.138.163,0.5
52.98.20.178,0.5
52.98.18.50,0.5
107.20.44.207,0.5
201.148.107.236,0.5
213.179.181.8,0.5
13.33.21.117,0.5
13.33.21.82,0.5
13.33.21.110,0.5
13.33.21.122,0.5
172.67.166.151,0.5
104.21.42.214,0.5
128.121.146.228,0.5
13.224.167.14,0.5
13.224.167.85,0.5
13.224.167.88,0.5
74.125.101.202,0.5
83.143.116.3,0.5
113.55.13.95,0.5
118.31.219.216,0.5
201.217.240.18,0.5
103.146.112.65,0.5
104.21.9.57,0.5
172.67.159.33,0.5
43.242.212.45,0.5
183.66.110.144,0.5
172.67.210.16,0.5
104.21.42.204,0.5
173.252.88.67,0.5
122.10.26.79,0.5
182.161.73.138,0.5
103.27.32.4,0.5
209.45.87.140,0.5
43.141.49.217,0.5
43.141.49.66,0.5
43.141.49.46,0.5
43.141.49.99,0.5
43.141.49.24,0.5
43.141.49.167,0.5
43.141.49.54,0.5
43.141.49.100,0.5
17.248.216.66,0.5
202.157.187.224,0.5
149.255.60.178,0.5
104.21.36.5,0.5
172.67.182.171,0.5
49.7.78.240,0.5
68.66.216.21,0.5
217.182.43.2,0.5
61.19.247.169,0.5
67.23.226.169,0.5
188.165.196.209,0.5
43.137.149.173,0.5
52.98.252.226,0.5
52.98.253.162,0.5
40.99.149.130,0.5
52.98.179.162,0.5
52.98.178.242,0.5
40.99.157.34,0.5
104.19.147.9,0.5
104.19.146.9,0.5
103.163.246.154,0.5
89.46.105.23,0.5
103.104.51.142,0.5
66.165.226.10,0.5
217.21.72.240,0.5
167.114.41.192,0.5
195.178.106.105,0.5
31.170.162.135,0.5
220.181.33.128,0.5
40.99.95.146,0.5
107.161.183.130,0.5
69.65.10.231,0.5
217.144.107.57,0.5
108.179.193.48,0.5
52.123.170.33,0.5
108.179.252.236,0.5
162.241.60.120,0.5
108.179.253.218,0.5
223.119.142.18,0.5
157.90.212.183,0.5
185.101.225.51,0.5
186.202.135.207,0.5
199.101.134.238,0.5
204.155.149.140,0.5
52.96.90.18,0.5
40.99.168.194,0.5
40.99.168.226,0.5
52.96.121.146,0.5
52.96.121.178,0.5
52.96.57.82,0.5
52.96.103.50,0.5
52.96.121.98,0.5
104.22.1.232,0.5
172.67.8.238,0.5
104.22.0.232,0.5
160.153.41.3,0.5
3.0.211.1,0.5
13.215.233.24,0.5
36.158.45.44,0.5
154.26.134.200,0.5
45.150.227.215,0.5
138.201.140.197,0.5
103.6.196.60,0.5
185.107.57.30,0.5
66.45.230.3,0.5
183.129.228.126,0.5
65.109.137.42,0.5
172.67.187.228,0.5
104.21.64.217,0.5
223.119.227.25,0.5
208.109.75.135,0.5
185.216.79.133,0.5
184.154.70.198,0.5
89.252.186.212,0.5
104.21.45.138,0.5
172.67.215.45,0.5
198.12.253.60,0.5
68.65.122.95,0.5
183.181.86.132,0.5
52.118.136.156,0.5
109.234.162.61,0.5
192.254.234.176,0.5
92.42.109.119,0.5
185.45.7.165,0.5
210.41.152.19,0.5
84.19.186.27,0.5
103.138.128.66,0.5
40.101.137.66,0.5
40.99.217.98,0.5
40.99.220.162,0.5
40.99.220.50,0.5
40.99.153.130,0.5
52.98.178.178,0.5
40.99.220.146,0.5
40.99.220.210,0.5
104.21.95.72,0.5
172.67.143.128,0.5
170.114.52.3,0.5
131.153.49.218,0.5
103.252.114.61,0.5
66.29.146.54,0.5
119.18.54.126,0.5
199.96.58.85,0.5
172.217.163.59,0.5
142.251.42.251,0.5
142.251.43.27,0.5
172.217.160.123,0.5
199.167.144.243,0.5
172.67.175.27,0.5
104.21.55.254,0.5
35.215.114.175,0.5
50.116.112.103,0.5
199.250.208.14,0.5
192.185.115.199,0.5
103.131.51.14,0.5
34.252.11.32,0.5
52.49.85.224,0.5
34.242.180.89,0.5
104.21.18.57,0.5
172.67.180.110,0.5
81.88.52.31,0.5
162.215.15.35,0.5
107.180.57.111,0.5
173.236.209.30,0.5
191.96.52.6,0.5
31.170.162.104,0.5
159.106.121.75,0.5
159.226.242.50,0.5
104.21.3.215,0.5
172.67.131.56,0.5
116.202.95.225,0.5
178.128.105.203,0.5
183.134.40.131,0.5
206.189.98.140,0.5
63.141.254.250,0.5
50.17.15.95,0.5
172.105.80.154,0.5
161.132.46.35,0.5
121.4.133.202,0.5
202.197.120.88,0.5
66.97.39.32,0.5
119.59.102.40,0.5
13.57.92.51,0.5
50.18.241.247,0.5
103.86.177.194,0.5
134.100.36.5,0.5
198.12.227.3,0.5
144.76.229.26,0.5
119.23.252.45,0.5
51.83.37.101,0.5
103.233.0.127,0.5
50.62.143.135,0.5
175.178.32.60,0.5
119.91.230.82,0.5
160.153.71.66,0.5
47.108.6.60,0.5
91.210.232.135,0.5
173.201.186.200,0.5
54.218.92.168,0.5
108.163.227.58,0.5
65.181.111.145,0.5
65.109.70.136,0.5
162.0.209.23,0.5
104.21.91.119,0.5
172.67.218.50,0.5
203.170.86.201,0.5
108.179.193.68,0.5
64.34.75.145,0.5
108.179.193.33,0.5
92.223.17.197,0.5
23.33.92.39,0.5
23.33.92.54,0.5
210.2.169.145,0.5
111.202.89.80,0.5
198.54.116.25,0.5
193.34.188.186,0.5
185.25.20.210,0.5
67.23.238.56,0.5
192.185.225.230,0.5
204.79.197.254,0.5
124.11.210.175,0.5
162.216.5.96,0.5
80.77.122.180,0.5
47.113.75.174,0.5
52.98.83.184,0.5
40.99.58.136,0.5
40.99.36.248,0.5
52.98.37.104,0.5
40.99.16.232,0.5
40.99.58.24,0.5
40.99.78.136,0.5
40.99.93.248,0.5
192.124.249.37,0.5
52.114.92.35,0.5
69.57.172.27,0.5
104.21.33.59,0.5
172.67.141.182,0.5
162.210.99.65,0.5
185.132.179.211,0.5
199.16.156.39,0.5
43.141.52.62,0.5
43.141.52.42,0.5
43.141.51.44,0.5
43.141.52.217,0.5
43.141.52.179,0.5
43.141.52.114,0.5
120.41.151.223,0.5
74.63.241.27,0.5
211.97.84.79,0.5
61.240.220.74,0.5
139.99.69.239,0.5
204.138.94.134,0.5
108.186.149.240,0.5
103.211.217.166,0.5
103.7.8.251,0.5
182.50.139.56,0.5
66.29.146.48,0.5
199.59.149.210,0.5
119.18.54.31,0.5
179.61.189.80,0.5
89.47.1.10,0.5
85.9.26.184,0.5
95.216.246.154,0.5
69.57.172.38,0.5
13.224.161.162,0.5
13.224.161.168,0.5
13.224.161.14,0.5
52.98.242.178,0.5
52.98.248.114,0.5
52.98.177.2,0.5
52.97.164.178,0.5
52.97.211.2,0.5
52.98.242.194,0.5
52.97.179.162,0.5
52.98.230.226,0.5
165.232.107.237,0.5
31.43.191.130,0.5
142.44.226.116,0.5
47.113.75.141,0.5
119.110.118.108,0.5
183.6.211.61,0.5
220.181.174.98,0.5
202.108.0.131,0.5
69.57.172.37,0.5
210.152.48.21,0.5
188.166.14.36,0.5
103.193.72.22,0.5
51.89.123.225,0.5
157.240.0.18,0.5
173.249.27.120,0.5
188.68.47.54,0.5
162.55.131.89,0.5
103.191.76.50,0.5
31.13.95.34,0.5
86.107.36.36,0.5
108.181.20.36,0.5
157.90.209.246,0.5
61.187.64.7,0.5
104.21.18.38,0.5
172.67.180.67,0.5
196.41.127.70,0.5
162.241.203.220,0.5
162.159.134.42,0.5
192.185.165.168,0.5
47.107.249.22,0.5
52.197.71.3,0.5
52.198.63.109,0.5
103.28.36.168,0.5
103.147.30.18,0.5
100.67.214.229,0.5
101.42.129.233,0.5
89.32.250.19,0.5
198.54.126.100,0.5
118.145.19.6,0.5
162.214.80.170,0.5
89.42.218.29,0.5
109.244.196.71,0.5
202.38.64.246,0.5
199.16.158.104,0.5
50.87.253.11,0.5
69.7.0.34,0.5
69.163.163.174,0.5
223.119.240.18,0.5
223.119.50.161,0.5
37.187.135.80,0.5
92.204.208.251,0.5
172.67.209.91,0.5
104.21.69.147,0.5
174.138.183.254,0.5
121.51.58.145,0.5
121.51.50.163,0.5
59.79.168.144,0.5
172.67.158.167,0.5
104.21.14.108,0.5
172.67.189.118,0.5
104.21.41.58,0.5
144.76.45.75,0.5
153.92.215.223,0.5
219.142.71.53,0.5
41.73.116.156,0.5
138.1.81.94,0.5
52.98.33.130,0.5
192.185.195.246,0.5
54.238.98.43,0.5
140.206.220.105,0.5
140.206.225.167,0.5
34.214.162.221,0.5
131.112.125.41,0.5
45.130.231.91,0.5
162.0.215.248,0.5
82.156.94.45,0.5
82.156.94.47,0.5
82.156.94.17,0.5
82.156.94.13,0.5
82.156.94.48,0.5
101.199.125.7,0.5
209.205.218.2,0.5
185.254.95.5,0.5
162.241.2.56,0.5
45.90.230.26,0.5
13.226.120.69,0.5
13.226.120.2,0.5
13.226.120.62,0.5
13.226.120.124,0.5
172.67.207.214,0.5
104.21.37.117,0.5
172.67.201.79,0.5
104.21.66.55,0.5
23.106.253.219,0.5
160.153.129.23,0.5
52.96.79.194,0.5
52.96.201.114,0.5
52.96.239.178,0.5
52.97.21.146,0.5
52.97.28.162,0.5
213.227.139.194,0.5
14.0.44.247,0.5
138.113.137.5,0.5
138.113.139.204,0.5
40.99.215.50,0.5
40.99.215.114,0.5
192.0.78.33,0.5
192.0.78.32,0.5
192.185.185.210,0.5
162.254.39.100,0.5
223.119.50.179,0.5
223.119.50.193,0.5
43.141.50.114,0.5
78.46.105.27,0.5
199.60.103.228,0.5
199.60.103.28,0.5
75.119.133.125,0.5
108.170.44.75,0.5
198.54.115.228,0.5
120.78.115.55,0.5
162.248.54.77,0.5
198.187.31.208,0.5
109.234.162.113,0.5
68.65.122.51,0.5
198.54.120.43,0.5
70.32.23.89,0.5
178.210.174.44,0.5
198.54.125.88,0.5
153.92.10.122,0.5
162.241.217.192,0.5
40.90.130.207,0.5
110.52.56.73,0.5
182.91.255.213,0.5
118.31.232.201,0.5
192.185.221.166,0.5
85.9.63.174,0.5
104.21.2.226,0.5
172.67.129.195,0.5
40.101.84.242,0.5
213.165.242.4,0.5
162.0.215.18,0.5
199.59.148.97,0.5
47.113.23.100,0.5
162.0.229.125,0.5
115.71.237.171,0.5
158.182.168.124,0.5
68.65.120.234,0.5
68.65.123.230,0.5
35.155.239.199,0.5
17.248.216.65,0.5
18.9.60.23,0.5
192.185.92.91,0.5
47.110.177.106,0.5
192.185.5.242,0.5
54.94.204.65,0.5
66.29.137.51,0.5
217.160.0.215,0.5
134.2.5.1,0.5
198.136.59.49,0.5
192.185.117.59,0.5
65.39.193.30,0.5
67.228.235.93,0.5
195.78.67.19,0.5
202.38.193.168,0.5
121.194.4.105,0.5
170.249.205.58,0.5
74.125.101.166,0.5
51.79.17.68,0.5
67.223.118.35,0.5
148.163.100.133,0.5
192.185.149.237,0.5
202.66.173.109,0.5
139.191.221.15,0.5
101.99.70.17,0.5
40.99.227.66,0.5
40.99.164.82,0.5
52.96.215.82,0.5
40.99.226.178,0.5
52.96.88.194,0.5
40.99.227.2,0.5
104.16.50.19,0.5
104.16.51.19,0.5
104.21.58.117,0.5
172.67.159.105,0.5
144.196.98.51,0.5
162.144.13.253,0.5
143.95.230.102,0.5
118.25.34.53,0.5
52.98.196.34,0.5
52.98.204.178,0.5
52.98.204.162,0.5
46.20.5.15,0.5
198.54.120.134,0.5
190.8.176.111,0.5
109.244.232.148,0.5
109.244.190.3,0.5
175.27.16.222,0.5
88.198.170.159,0.5
61.110.197.11,0.5
45.60.35.183,0.5
162.0.209.171,0.5
104.21.42.224,0.5
172.67.167.33,0.5
47.110.23.50,0.5
59.37.89.7,0.5
172.67.217.105,0.5
104.21.86.94,0.5
162.241.3.5,0.5
68.178.145.115,0.5
66.85.46.93,0.5
40.99.150.50,0.5
52.98.152.194,0.5
40.99.150.34,0.5
40.99.150.98,0.5
52.98.241.162,0.5
116.148.161.90,0.5
68.178.170.72,0.5
192.185.210.83,0.5
94.46.181.247,0.5
13.224.167.126,0.5
222.192.186.120,0.5
222.192.186.122,0.5
99.80.227.4,0.5
52.209.121.193,0.5
34.246.127.31,0.5
20.135.6.15,0.5
62.72.25.118,0.5
108.167.180.121,0.5
185.154.139.199,0.5
206.247.54.54,0.5
202.96.209.134,0.5
172.96.191.206,0.5
103.229.73.110,0.5
52.97.208.34,0.5
52.97.146.162,0.5
52.98.224.130,0.5
52.97.133.162,0.5
40.100.174.226,0.5
40.100.174.2,0.5
52.98.207.18,0.5
103.16.100.155,0.5
173.233.72.81,0.5
52.96.36.114,0.5
52.96.110.18,0.5
52.96.46.66,0.5
52.96.110.34,0.5
52.96.187.226,0.5
52.96.188.146,0.5
52.96.188.162,0.5
44.217.158.154,0.5
52.97.173.2,0.5
52.98.200.226,0.5
52.98.159.2,0.5
52.97.168.210,0.5
52.97.168.194,0.5
40.101.93.242,0.5
52.97.173.18,0.5
52.98.200.178,0.5
171.67.77.70,0.5
89.40.19.92,0.5
108.167.151.98,0.5
34.78.230.18,0.5
216.117.129.6,0.5
46.4.98.12,0.5
208.91.199.108,0.5
78.46.204.42,0.5
194.57.138.148,0.5
176.126.202.250,0.5
106.120.80.216,0.5
176.126.201.5,0.5
94.26.232.34,0.5
88.212.218.45,0.5
5.188.198.130,0.5
82.148.14.205,0.5
82.148.14.197,0.5
185.162.95.86,0.5
88.212.218.1,0.5
77.223.110.35,0.5
88.212.218.22,0.5
88.212.218.51,0.5
5.188.198.147,0.5
77.223.110.49,0.5
185.162.95.72,0.5
94.26.232.42,0.5
192.28.155.3,0.5
66.225.241.24,0.5
192.185.16.143,0.5
210.41.224.124,0.5
109.234.162.97,0.5
149.255.58.16,0.5
52.98.33.226,0.5
58.205.193.81,0.5
58.205.193.82,0.5
58.205.193.83,0.5
58.205.193.80,0.5
18.246.203.136,0.5
54.187.67.162,0.5
34.210.61.208,0.5
52.36.236.199,0.5
44.235.114.69,0.5
54.191.66.174,0.5
41.185.8.154,0.5
160.153.52.224,0.5
39.102.38.83,0.5
51.79.17.210,0.5
13.224.246.147,0.5
13.224.246.208,0.5
13.224.246.7,0.5
13.224.246.10,0.5
186.64.114.65,0.5
198.251.84.141,0.5
68.70.164.11,0.5
94.130.36.147,0.5
13.224.167.78,0.5
13.224.167.10,0.5
13.224.167.63,0.5
208.109.41.233,0.5
45.60.83.135,0.5
52.98.240.82,0.5
52.98.239.98,0.5
52.98.229.82,0.5
52.98.240.66,0.5
52.98.240.18,0.5
52.98.240.146,0.5
162.241.148.9,0.5
103.224.247.210,0.5
41.185.8.219,0.5
104.18.22.224,0.5
104.18.23.224,0.5
220.181.174.38,0.5
202.116.64.201,0.5
42.121.253.195,0.5
3.5.129.114,0.5
52.219.111.106,0.5
52.219.93.170,0.5
52.219.176.186,0.5
3.5.130.156,0.5
52.219.179.50,0.5
52.219.92.66,0.5
3.5.129.167,0.5
172.217.145.71,0.5
45.143.81.228,0.5
93.113.174.170,0.5
87.120.9.10,0.5
151.101.2.209,0.5
151.101.130.209,0.5
151.101.66.209,0.5
151.101.194.209,0.5
114.55.63.110,0.5
187.103.240.254,0.5
192.0.72.23,0.5
192.0.72.22,0.5
13.225.103.11,0.5
13.225.103.123,0.5
52.97.48.226,0.5
52.97.78.146,0.5
202.92.7.105,0.5
191.252.83.183,0.5
13.226.120.53,0.5
13.226.120.99,0.5
13.226.120.78,0.5
64.251.13.137,0.5
109.234.161.226,0.5
40.99.34.146,0.5
40.99.34.226,0.5
40.100.137.242,0.5
40.99.34.162,0.5
40.99.34.194,0.5
40.99.8.226,0.5
52.98.87.66,0.5
52.98.86.162,0.5
211.87.178.203,0.5
183.3.221.166,0.5
162.247.5.69,0.5
162.247.5.67,0.5
35.190.20.88,0.5
203.76.217.36,0.5
98.136.144.138,0.5
194.87.216.191,0.5
195.35.39.87,0.5
170.72.74.132,0.5
54.222.54.181,0.5
54.222.97.35,0.5
54.222.48.46,0.5
54.222.97.55,0.5
54.222.54.109,0.5
54.222.54.108,0.5
54.222.54.188,0.5
54.222.97.31,0.5
108.167.188.46,0.5
130.214.229.153,0.5
101.50.8.33,0.5
103.63.160.33,0.5
45.119.60.189,0.5
45.119.60.190,0.5
223.119.222.139,0.5
62.72.5.114,0.5
52.96.165.130,0.5
52.96.184.18,0.5
52.96.222.162,0.5
52.96.173.194,0.5
52.96.97.178,0.5
124.232.141.143,0.5
103.131.51.15,0.5
91.234.194.249,0.5
85.214.213.211,0.5
40.79.150.121,0.5
74.86.118.24,0.5
68.66.216.37,0.5
202.120.35.162,0.5
172.67.207.174,0.5
104.21.74.241,0.5
66.45.244.220,0.5
172.67.203.23,0.5
104.21.77.13,0.5
139.153.255.100,0.5
124.243.239.171,0.5
124.243.239.172,0.5
192.185.107.116,0.5
68.65.123.36,0.5
172.66.43.105,0.5
172.66.40.151,0.5
195.35.39.112,0.5
66.29.132.26,0.5
216.10.253.241,0.5
162.0.209.165,0.5
120.25.247.135,0.5
103.45.229.40,0.5
202.118.177.139,0.5
213.186.33.4,0.5
59.151.113.122,0.5
104.21.4.152,0.5
172.67.154.52,0.5
198.59.144.139,0.5
223.15.248.215,0.5
194.76.118.35,0.5
185.115.177.138,0.5
103.20.212.67,0.5
146.75.94.132,0.5
45.66.248.78,0.5
192.185.25.100,0.5
143.89.5.15,0.5
74.125.164.202,0.5
61.133.3.34,0.5
43.137.223.140,0.5
43.137.223.154,0.5
185.151.30.202,0.5
13.224.167.127,0.5
13.224.167.12,0.5
103.109.0.125,0.5
103.152.79.149,0.5
147.135.84.19,0.5
52.44.35.155,0.5
54.179.62.4,0.5
52.77.31.25,0.5
101.227.27.38,0.5
190.8.176.201,0.5
34.174.156.58,0.5
23.95.242.25,0.5
121.8.171.52,0.5
180.167.160.50,0.5
104.244.46.85,0.5
104.244.46.93,0.5
104.244.43.229,0.5
159.203.0.117,0.5
104.26.0.49,0.5
104.26.1.49,0.5
172.67.71.220,0.5
47.93.50.168,0.5
43.255.154.55,0.5
52.96.104.194,0.5
204.44.192.33,0.5
65.2.133.111,0.5
183.84.13.70,0.5
157.240.21.9,0.5
59.111.160.246,0.5
155.33.16.47,0.5
172.67.140.98,0.5
104.21.40.243,0.5
13.88.31.235,0.5
192.185.21.149,0.5
198.54.126.53,0.5
169.197.131.94,0.5
104.21.66.140,0.5
172.67.204.133,0.5
104.17.181.163,0.5
104.17.179.163,0.5
104.17.180.163,0.5
104.17.177.163,0.5
104.17.178.163,0.5
47.95.85.24,0.5
35.227.219.245,0.5
98.137.68.83,0.5
199.188.200.241,0.5
198.50.179.85,0.5
67.222.13.126,0.5
34.160.255.215,0.5
69.16.230.42,0.5
23.225.197.172,0.5
23.225.197.173,0.5
47.254.30.25,0.5
8.214.46.209,0.5
47.241.65.164,0.5
203.175.8.58,0.5
74.208.236.79,0.5
142.44.213.77,0.5
31.13.81.4,0.5
138.197.147.223,0.5
184.168.109.145,0.5
172.67.183.198,0.5
104.21.56.104,0.5
202.160.130.66,0.5
52.98.179.210,0.5
52.98.252.114,0.5
52.97.188.66,0.5
52.98.253.98,0.5
52.98.253.18,0.5
52.98.178.226,0.5
52.98.252.82,0.5
52.98.179.242,0.5
192.124.249.133,0.5
39.96.126.90,0.5
176.9.35.126,0.5
153.92.215.12,0.5
13.224.167.84,0.5
13.224.167.59,0.5
17.157.64.66,0.5
111.203.3.103,0.5
190.8.176.248,0.5
104.20.3.64,0.5
104.20.2.64,0.5
50.31.174.6,0.5
138.128.182.50,0.5
141.94.248.177,0.5
70.38.21.233,0.5
66.29.141.47,0.5
198.143.149.154,0.5
92.205.64.116,0.5
157.240.16.50,0.5
157.240.3.50,0.5
191.101.50.140,0.5
192.250.227.12,0.5
149.56.159.7,0.5
161.97.100.113,0.5
85.187.128.40,0.5
104.18.171.3,0.5
104.18.170.3,0.5
103.212.121.75,0.5
66.29.132.9,0.5
150.95.66.106,0.5
94.46.25.210,0.5
59.82.44.8,0.5
65.21.166.30,0.5
181.214.31.79,0.5
180.163.251.3,0.5
72.167.103.117,0.5
31.170.162.85,0.5
178.218.165.74,0.5
72.167.57.45,0.5
162.241.61.253,0.5
198.7.62.150,0.5
104.21.58.215,0.5
172.67.207.184,0.5
128.214.199.10,0.5
161.97.185.6,0.5
52.112.127.65,0.5
198.54.116.237,0.5
110.242.70.52,0.5
110.242.70.51,0.5
194.163.41.14,0.5
104.26.12.130,0.5
104.26.13.130,0.5
172.67.68.8,0.5
104.152.222.128,0.5
192.185.91.202,0.5
104.16.68.125,0.5
104.16.67.125,0.5
104.16.69.125,0.5
104.16.70.125,0.5
104.16.71.125,0.5
162.240.68.167,0.5
59.82.122.80,0.5
185.146.22.232,0.5
120.77.167.34,0.5
192.185.212.206,0.5
210.36.16.44,0.5
198.38.94.115,0.5
40.100.29.242,0.5
50.28.38.224,0.5
202.90.108.6,0.5
202.90.110.9,0.5
204.79.197.201,0.5
192.185.147.195,0.5
223.119.131.158,0.5
157.240.12.35,0.5
174.138.166.194,0.5
120.53.64.207,0.5
17.137.184.180,0.5
192.254.225.196,0.5
13.224.167.4,0.5
104.21.3.191,0.5
172.67.131.29,0.5
69.90.221.109,0.5
172.67.144.242,0.5
104.21.95.124,0.5
192.185.131.105,0.5
38.124.220.165,0.5
104.21.52.79,0.5
172.67.196.234,0.5
179.61.199.2,0.5
162.214.105.247,0.5
192.185.16.114,0.5
223.119.143.70,0.5
112.213.89.25,0.5
216.172.173.226,0.5
103.56.204.29,0.5
194.163.42.58,0.5
202.114.50.127,0.5
198.54.126.148,0.5
3.74.57.15,0.5
18.196.37.120,0.5
192.225.158.132,0.5
104.244.46.17,0.5
110.4.45.89,0.5
190.92.138.206,0.5
179.61.189.62,0.5
106.11.23.48,0.5
104.21.32.131,0.5
172.67.152.53,0.5
188.165.46.189,0.5
68.66.226.110,0.5
162.125.80.6,0.5
202.108.14.127,0.5
202.108.14.130,0.5
111.202.74.191,0.5
111.206.13.63,0.5
111.206.13.64,0.5
111.202.74.192,0.5
202.108.14.129,0.5
202.108.14.128,0.5
112.47.7.2,0.5
85.239.233.132,0.5
213.108.240.48,0.5
35.244.159.8,0.5
34.98.64.218,0.5
51.222.163.60,0.5
104.20.94.138,0.5
104.20.95.138,0.5
192.185.208.146,0.5
109.234.161.172,0.5
192.124.249.59,0.5
5.230.92.198,0.5
132.245.231.0,0.5
52.98.151.66,0.5
192.0.78.12,0.5
192.0.78.13,0.5
78.141.226.157,0.5
59.82.60.159,0.5
23.111.188.34,0.5
210.76.80.134,0.5
169.254.254.254,0.5
91.234.195.212,0.5
107.180.2.81,0.5
72.167.47.4,0.5
172.105.52.49,0.5
14.215.182.91,0.5
104.21.25.208,0.5
172.67.134.168,0.5
13.224.167.94,0.5
183.239.106.47,0.5
183.239.106.42,0.5
183.239.106.48,0.5
69.48.156.120,0.5
104.26.12.40,0.5
172.67.69.201,0.5
104.26.13.40,0.5
104.21.34.201,0.5
172.67.164.123,0.5
199.59.149.136,0.5
52.98.230.2,0.5
52.97.156.2,0.5
52.97.145.178,0.5
52.98.230.34,0.5
148.72.86.249,0.5
104.23.124.189,0.5
106.11.40.57,0.5
139.59.9.134,0.5
162.125.1.8,0.5
202.113.2.198,0.5
47.96.140.51,0.5
192.64.117.204,0.5
50.31.177.39,0.5
13.227.230.73,0.5
13.227.230.160,0.5
13.227.230.52,0.5
13.227.230.75,0.5
139.162.173.118,0.5
13.226.120.44,0.5
13.226.120.128,0.5
23.106.53.137,0.5
192.185.216.249,0.5
13.225.142.51,0.5
13.225.142.59,0.5
13.225.142.94,0.5
13.225.142.5,0.5
94.199.200.108,0.5
18.130.28.77,0.5
16.12.36.143,0.5
52.219.160.207,0.5
52.219.64.0,0.5
52.219.62.64,0.5
52.219.158.207,0.5
52.219.160.15,0.5
3.5.210.253,0.5
52.219.158.15,0.5
81.95.110.105,0.5
104.21.72.246,0.5
172.67.136.177,0.5
217.160.0.106,0.5
68.66.200.212,0.5
14.215.182.181,0.5
18.4.1.128,0.5
141.8.195.205,0.5
185.90.59.208,0.5
172.67.37.192,0.5
104.22.29.212,0.5
104.22.28.212,0.5
104.21.77.53,0.5
172.67.204.170,0.5
206.119.117.204,0.5
103.83.194.100,0.5
184.154.108.230,0.5
213.108.104.108,0.5
104.200.65.50,0.5
104.26.8.97,0.5
172.67.70.215,0.5
104.26.9.97,0.5
68.170.2.83,0.5
162.0.209.77,0.5
65.99.205.174,0.5
52.217.128.1,0.5
54.231.136.81,0.5
16.182.98.217,0.5
52.217.137.169,0.5
3.5.16.171,0.5
52.216.211.9,0.5
52.217.118.105,0.5
54.231.204.169,0.5
110.43.52.207,0.5
67.225.140.14,0.5
106.12.68.185,0.5
104.18.165.219,0.5
104.18.166.219,0.5
47.97.220.11,0.5
47.97.200.210,0.5
185.128.81.45,0.5
5.42.76.169,0.5
82.180.138.134,0.5
128.195.135.4,0.5
172.67.142.246,0.5
104.21.27.153,0.5
198.57.241.176,0.5
172.96.191.147,0.5
27.126.235.25,0.5
109.234.165.219,0.5
119.18.54.195,0.5
52.96.164.210,0.5
40.97.205.2,0.5
52.96.121.18,0.5
52.96.223.50,0.5
52.96.113.178,0.5
52.96.164.194,0.5
61.143.225.112,0.5
150.229.7.40,0.5
52.222.232.24,0.5
52.222.232.11,0.5
52.222.232.141,0.5
52.222.232.41,0.5
15.197.212.58,0.5
46.4.168.156,0.5
122.112.232.216,0.5
122.112.236.97,0.5
122.112.220.205,0.5
49.4.79.208,0.5
117.78.27.148,0.5
117.78.31.119,0.5
117.78.31.216,0.5
122.112.240.80,0.5
49.4.87.32,0.5
122.112.229.82,0.5
49.4.79.222,0.5
122.112.236.83,0.5
117.50.36.103,0.5
106.75.118.232,0.5
117.50.39.99,0.5
195.226.74.6,0.5
193.233.233.233,0.5
51.75.234.193,0.5
38.6.193.13,0.5
92.205.98.20,0.5
175.107.63.112,0.5
172.67.3.36,0.5
104.20.14.194,0.5
104.20.15.194,0.5
104.18.34.186,0.5
172.64.153.70,0.5
169.255.57.93,0.5
202.160.128.238,0.5
172.67.181.48,0.5
104.21.43.160,0.5
185.98.5.209,0.5
46.252.152.22,0.5
198.54.115.41,0.5
104.26.11.39,0.5
104.26.10.39,0.5
172.67.70.99,0.5
49.7.37.16,0.5
87.250.250.207,0.5
199.96.58.157,0.5
52.104.3.41,0.5
151.106.119.233,0.5
112.13.172.121,0.5
64.68.104.140,0.5
183.181.81.48,0.5
198.12.220.156,0.5
185.146.22.240,0.5
31.13.68.169,0.5
145.239.1.188,0.5
109.234.164.139,0.5
43.250.140.15,0.5
50.212.33.41,0.5
223.119.131.112,0.5
123.56.128.218,0.5
172.67.188.59,0.5
104.21.48.223,0.5
216.158.234.2,0.5
107.161.23.150,0.5
202.120.163.196,0.5
185.146.22.237,0.5
91.191.211.241,0.5
104.18.33.121,0.5
172.64.154.135,0.5
81.0.218.211,0.5
104.21.58.114,0.5
172.67.159.102,0.5
104.26.11.251,0.5
172.67.70.66,0.5
104.26.10.251,0.5
121.194.5.14,0.5
39.102.100.233,0.5
20.202.43.102,0.5
103.4.188.110,0.5
193.108.130.11,0.5
162.0.229.243,0.5
148.66.132.187,0.5
198.187.29.150,0.5
204.44.192.12,0.5
43.243.130.13,0.5
92.205.17.236,0.5
103.101.52.6,0.5
192.95.55.92,0.5
15.235.187.139,0.5
68.178.159.70,0.5
199.254.199.17,0.5
52.97.28.194,0.5
132.148.102.119,0.5
103.30.147.80,0.5
117.131.17.19,0.5
54.71.73.97,0.5
74.124.218.226,0.5
67.223.118.76,0.5
52.98.202.66,0.5
183.2.143.68,0.5
52.96.228.210,0.5
40.99.170.34,0.5
52.96.93.178,0.5
40.99.164.194,0.5
52.96.93.162,0.5
42.186.122.250,0.5
91.207.50.50,0.5
103.6.198.28,0.5
162.125.80.5,0.5
104.21.46.229,0.5
172.67.142.184,0.5
128.172.22.128,0.5
40.99.33.178,0.5
5.2.84.78,0.5
141.95.84.137,0.5
89.117.9.230,0.5
52.96.69.2,0.5
52.96.179.226,0.5
52.96.15.178,0.5
52.96.88.50,0.5
52.96.70.242,0.5
52.96.109.210,0.5
52.96.181.98,0.5
159.75.57.118,0.5
159.75.57.28,0.5
159.75.57.35,0.5
15.164.196.132,0.5
43.202.7.161,0.5
63.250.38.3,0.5
223.113.241.83,0.5
54.154.127.60,0.5
162.125.32.2,0.5
104.26.5.70,0.5
172.67.71.60,0.5
104.26.4.70,0.5
208.109.76.254,0.5
217.160.0.214,0.5
101.236.69.94,0.5
103.37.152.48,0.5
176.227.168.129,0.5
172.67.131.210,0.5
104.21.11.223,0.5
66.45.244.235,0.5
35.171.231.237,0.5
18.233.40.101,0.5
37.187.205.99,0.5
120.92.66.52,0.5
124.251.58.94,0.5
190.107.177.32,0.5
219.94.128.31,0.5
218.24.113.30,0.5
119.84.93.129,0.5
190.8.176.151,0.5
190.8.176.246,0.5
39.106.186.56,0.5
68.66.224.38,0.5
185.208.130.80,0.5
52.98.3.2,0.5
40.99.132.18,0.5
40.99.129.194,0.5
40.99.133.66,0.5
40.99.131.226,0.5
40.99.130.162,0.5
52.98.143.226,0.5
52.98.141.82,0.5
109.234.161.236,0.5
162.213.251.133,0.5
153.92.215.36,0.5
212.129.20.7,0.5
210.38.3.59,0.5
83.169.32.219,0.5
103.28.36.123,0.5
13.224.161.159,0.5
13.224.161.101,0.5
13.224.161.34,0.5
40.101.92.178,0.5
40.101.92.2,0.5
40.101.92.194,0.5
52.98.200.242,0.5
52.98.163.50,0.5
40.101.93.226,0.5
108.167.141.127,0.5
142.104.177.248,0.5
202.74.239.25,0.5
103.147.154.152,0.5
35.201.76.231,0.5
202.160.129.36,0.5
66.29.146.163,0.5
52.96.230.194,0.5
40.99.164.98,0.5
52.96.215.2,0.5
40.99.226.146,0.5
52.96.230.210,0.5
151.101.0.95,0.5
202.116.48.68,0.5
222.158.205.72,0.5
89.187.187.17,0.5
185.180.13.211,0.5
89.187.187.12,0.5
89.187.187.20,0.5
104.18.191.39,0.5
104.18.190.39,0.5
54.192.18.124,0.5
54.192.18.7,0.5
54.192.18.25,0.5
103.53.43.114,0.5
104.21.73.95,0.5
172.67.189.90,0.5
199.59.148.89,0.5
104.21.54.192,0.5
172.67.141.87,0.5
88.208.31.2,0.5
115.27.240.94,0.5
51.15.20.154,0.5
188.166.213.238,0.5
150.95.141.209,0.5
202.205.80.176,0.5
190.2.72.24,0.5
34.238.3.223,0.5
18.213.123.180,0.5
210.32.8.133,0.5
162.241.203.180,0.5
47.110.178.65,0.5
68.66.248.9,0.5
107.161.23.171,0.5
162.241.2.192,0.5
192.185.177.240,0.5
46.28.45.84,0.5
52.98.175.2,0.5
52.98.179.50,0.5
52.98.243.2,0.5
40.99.150.82,0.5
180.235.151.14,0.5
23.168.193.26,0.5
185.112.83.145,0.5
192.185.119.217,0.5
172.67.197.161,0.5
104.21.21.95,0.5
66.97.34.127,0.5
183.203.36.17,0.5
198.12.125.52,0.5
109.234.164.188,0.5
172.67.145.176,0.5
104.21.89.178,0.5
192.40.35.210,0.5
107.180.25.39,0.5
47.102.253.246,0.5
190.8.176.14,0.5
68.66.224.55,0.5
42.157.129.47,0.5
85.159.66.62,0.5
108.160.172.1,0.5
108.160.170.52,0.5
117.30.235.106,0.5
3.114.73.84,0.5
57.181.77.250,0.5
52.197.103.199,0.5
54.199.241.229,0.5
54.64.238.12,0.5
35.76.76.196,0.5
3.112.155.114,0.5
54.64.218.175,0.5
103.198.69.16,0.5
109.106.252.16,0.5
108.160.172.232,0.5
198.245.89.182,0.5
210.76.73.17,0.5
157.122.49.25,0.5
210.76.73.46,0.5
120.197.33.25,0.5
157.122.49.26,0.5
120.197.33.26,0.5
120.197.33.24,0.5
157.122.49.24,0.5
210.76.73.13,0.5
104.156.59.38,0.5
66.7.221.153,0.5
65.108.102.57,0.5
17.248.216.68,0.5
77.95.113.183,0.5
91.213.11.8,0.5
119.188.250.141,0.5
119.188.250.185,0.5
119.188.250.219,0.5
103.146.63.70,0.5
37.48.76.105,0.5
129.164.179.114,0.5
104.21.56.14,0.5
172.67.175.175,0.5
128.242.240.91,0.5
104.21.91.34,0.5
172.67.165.96,0.5
65.181.111.167,0.5
210.32.3.87,0.5
104.194.8.204,0.5
50.16.179.33,0.5
18.210.93.203,0.5
172.105.174.17,0.5
203.146.127.133,0.5
203.161.184.84,0.5
172.253.56.127,0.5
23.33.184.247,0.5
128.232.132.21,0.5
216.172.172.29,0.5
157.240.10.32,0.5
41.77.112.114,0.5
172.67.183.93,0.5
104.21.18.210,0.5
195.35.44.82,0.5
34.214.202.81,0.5
172.67.155.146,0.5
104.21.90.100,0.5
217.144.105.83,0.5
172.67.182.226,0.5
104.21.83.235,0.5
13.226.123.123,0.5
13.226.123.33,0.5
13.226.123.199,0.5
13.226.123.151,0.5
47.113.24.199,0.5
8.131.249.163,0.5
190.210.132.165,0.5
13.224.161.91,0.5
13.224.161.214,0.5
13.224.161.174,0.5
13.224.161.100,0.5
43.137.23.170,0.5
192.243.110.16,0.5
59.111.205.2,0.5
59.111.248.114,0.5
183.136.182.36,0.5
65.55.5.244,0.5
65.55.121.248,0.5
172.105.250.34,0.5
52.96.42.98,0.5
52.96.166.146,0.5
52.96.20.82,0.5
52.96.42.66,0.5
52.96.166.210,0.5
52.96.66.226,0.5
52.96.110.82,0.5
89.248.99.186,0.5
89.187.162.25,0.5
43.141.43.99,0.5
134.209.0.195,0.5
40.100.45.210,0.5
40.100.22.2,0.5
40.100.47.98,0.5
52.98.40.2,0.5
40.99.8.146,0.5
40.100.20.210,0.5
40.100.47.66,0.5
40.100.47.114,0.5
162.215.129.220,0.5
151.101.2.217,0.5
151.101.66.217,0.5
151.101.130.217,0.5
151.101.194.217,0.5
202.204.52.104,0.5
103.247.176.174,0.5
8.217.239.138,0.5
107.180.1.199,0.5
140.211.9.79,0.5
202.116.48.29,0.5
52.74.166.77,0.5
13.228.199.255,0.5
3.218.226.95,0.5
44.208.114.73,0.5
184.73.48.221,0.5
192.64.117.79,0.5
185.176.40.204,0.5
54.192.18.104,0.5
54.192.18.119,0.5
104.26.3.107,0.5
172.67.74.36,0.5
104.26.2.107,0.5
120.41.45.100,0.5
49.234.16.151,0.5
218.59.175.15,0.5
163.44.185.239,0.5
162.241.203.111,0.5
195.35.39.187,0.5
198.175.150.30,0.5
131.72.236.63,0.5
20.150.17.228,0.5
50.116.95.58,0.5
148.137.11.75,0.5
34.174.240.237,0.5
57.180.139.23,0.5
13.112.42.168,0.5
111.13.29.149,0.5
67.220.187.50,0.5
119.18.54.171,0.5
160.91.186.31,0.5
172.217.160.99,0.5
172.67.138.77,0.5
104.21.38.199,0.5
61.129.248.95,0.5
183.136.162.253,0.5
35.168.227.219,0.5
34.202.14.235,0.5
52.202.177.21,0.5
54.237.164.205,0.5
34.225.35.205,0.5
44.207.120.235,0.5
64.190.113.10,0.5
101.53.136.247,0.5
36.110.220.112,0.5
36.110.220.111,0.5
36.110.220.110,0.5
58.223.161.43,0.5
36.110.220.113,0.5
36.110.220.114,0.5
162.241.62.141,0.5
183.181.88.118,0.5
104.21.47.137,0.5
172.67.148.32,0.5
101.76.160.55,0.5
152.32.130.150,0.5
18.140.42.80,0.5
13.251.76.191,0.5
13.250.221.195,0.5
18.136.65.59,0.5
18.136.31.110,0.5
18.139.55.31,0.5
54.255.112.220,0.5
52.221.1.199,0.5
51.79.216.166,0.5
223.119.144.112,0.5
123.125.81.148,0.5
36.110.240.89,0.5
66.96.146.84,0.5
45.223.140.5,0.5
104.16.235.10,0.5
104.16.234.10,0.5
148.66.136.52,0.5
222.218.85.20,0.5
45.13.255.214,0.5
92.204.218.227,0.5
5.9.29.72,0.5
54.192.18.23,0.5
54.192.18.42,0.5
178.128.23.65,0.5
51.89.87.112,0.5
217.79.242.34,0.5
157.240.0.35,0.5
103.211.216.223,0.5
222.204.6.206,0.5
185.181.126.136,0.5
162.241.219.191,0.5
125.212.221.47,0.5
65.99.225.177,0.5
23.195.108.23,0.5
188.241.62.73,0.5
109.203.109.244,0.5
52.111.243.18,0.5
172.105.249.195,0.5
35.164.18.226,0.5
193.203.185.196,0.5
167.114.55.144,0.5
42.202.38.31,0.5
198.54.116.212,0.5
199.59.149.230,0.5
202.116.65.232,0.5
52.83.220.50,0.5
52.82.91.65,0.5
69.162.134.178,0.5
179.61.189.30,0.5
185.66.41.145,0.5
87.236.16.241,0.5
50.23.209.199,0.5
172.67.68.36,0.5
104.26.2.186,0.5
104.26.3.186,0.5
199.59.150.45,0.5
104.18.23.179,0.5
104.18.22.179,0.5
66.220.147.11,0.5
40.99.71.210,0.5
52.98.56.210,0.5
52.98.87.242,0.5
203.175.9.73,0.5
223.119.50.187,0.5
223.119.240.50,0.5
104.26.3.143,0.5
172.67.68.11,0.5
104.26.2.143,0.5
154.0.167.180,0.5
94.126.169.173,0.5
185.2.5.95,0.5
151.106.124.65,0.5
199.127.62.122,0.5
192.185.209.43,0.5
103.66.218.58,0.5
206.119.126.2,0.5
65.60.61.13,0.5
42.186.69.35,0.5
92.205.210.119,0.5
103.147.154.38,0.5
65.21.234.24,0.5
40.108.150.33,0.5
162.0.209.91,0.5
217.160.0.227,0.5
40.90.136.180,0.5
31.170.163.199,0.5
42.187.180.48,0.5
202.52.146.201,0.5
192.185.93.3,0.5
212.1.210.135,0.5
98.113.174.186,0.5
192.185.129.235,0.5
188.212.37.72,0.5
88.135.68.89,0.5
203.119.169.77,0.5
104.26.15.118,0.5
172.67.73.137,0.5
104.26.14.118,0.5
47.110.172.28,0.5
209.124.69.179,0.5
190.8.176.62,0.5
199.59.148.7,0.5
60.216.32.88,0.5
158.106.139.211,0.5
168.119.90.215,0.5
203.119.145.40,0.5
104.26.5.30,0.5
104.26.4.30,0.5
172.67.74.163,0.5
54.192.18.3,0.5
54.192.18.92,0.5
54.192.18.118,0.5
54.39.44.216,0.5
68.65.123.97,0.5
102.130.115.217,0.5
191.101.228.249,0.5
103.53.168.176,0.5
165.224.131.184,0.5
40.101.121.2,0.5
40.99.204.194,0.5
40.101.82.66,0.5
40.101.83.194,0.5
40.99.204.162,0.5
52.97.158.162,0.5
52.98.231.242,0.5
59.110.185.96,0.5
120.232.169.1,0.5
104.21.32.236,0.5
172.67.188.74,0.5
110.232.143.45,0.5
104.115.38.170,0.5
104.115.38.184,0.5
180.163.251.81,0.5
119.188.208.5,0.5
223.119.243.107,0.5
168.143.171.93,0.5
104.21.8.20,0.5
172.67.156.180,0.5
67.223.118.65,0.5
182.254.59.182,0.5
43.141.70.40,0.5
43.141.70.90,0.5
108.179.232.76,0.5
104.18.13.101,0.5
104.18.12.101,0.5
198.54.116.133,0.5
185.51.191.54,0.5
92.204.243.218,0.5
121.4.186.15,0.5
89.42.218.162,0.5
61.160.213.174,0.5
68.65.123.245,0.5
220.181.174.161,0.5
59.55.120.106,0.5
89.42.218.142,0.5
101.6.6.219,0.5
66.29.141.214,0.5
39.107.142.93,0.5
120.133.33.167,0.5
89.42.218.239,0.5
184.28.218.25,0.5
184.28.218.10,0.5
69.63.190.26,0.5
80.158.21.209,0.5
190.64.214.121,0.5
217.21.72.235,0.5
132.245.230.20,0.5
40.101.1.0,0.5
24.153.22.14,0.5
95.216.16.237,0.5
172.67.185.209,0.5
104.21.84.35,0.5
103.100.211.218,0.5
162.214.147.57,0.5
190.8.176.44,0.5
86.107.32.83,0.5
194.66.233.215,0.5
162.241.203.60,0.5
128.242.245.189,0.5
91.215.85.223,0.5
50.6.138.209,0.5
148.163.121.28,0.5
191.101.228.150,0.5
111.13.225.138,0.5
52.54.154.201,0.5
35.171.111.162,0.5
44.218.15.144,0.5
128.242.240.29,0.5
110.75.129.1,0.5
203.209.245.75,0.5
110.76.30.69,0.5
203.209.245.119,0.5
65.99.225.45,0.5
128.242.240.117,0.5
198.54.115.175,0.5
107.180.58.40,0.5
119.18.54.141,0.5
47.106.53.213,0.5
89.42.218.111,0.5
198.59.144.28,0.5
179.61.189.153,0.5
5.230.92.167,0.5
76.223.4.21,0.5
13.248.132.235,0.5
162.0.215.20,0.5
128.42.169.27,0.5
117.40.29.100,0.5
192.185.155.194,0.5
104.21.7.45,0.5
172.67.135.189,0.5
216.55.100.106,0.5
128.135.20.80,0.5
172.67.195.66,0.5
104.21.21.2,0.5
148.72.120.246,0.5
103.227.176.27,0.5
128.121.243.75,0.5
198.202.70.65,0.5
207.189.124.87,0.5
61.238.239.140,0.5
63.250.38.111,0.5
34.120.88.34,0.5
196.203.251.37,0.5
178.218.165.218,0.5
202.192.230.233,0.5
194.233.73.18,0.5
209.182.199.157,0.5
43.141.49.47,0.5
43.141.49.11,0.5
43.141.49.158,0.5
43.141.49.181,0.5
43.141.49.253,0.5
43.141.49.137,0.5
137.166.254.15,0.5
172.105.42.216,0.5
108.160.170.39,0.5
217.160.0.202,0.5
85.204.69.217,0.5
202.194.15.78,0.5
69.160.38.2,0.5
8.131.208.112,0.5
5.180.185.136,0.5
207.58.149.159,0.5
40.99.36.210,0.5
40.99.65.114,0.5
52.98.63.66,0.5
52.219.99.50,0.5
3.5.133.179,0.5
52.219.109.194,0.5
3.5.131.128,0.5
3.5.128.119,0.5
3.5.133.165,0.5
52.219.105.58,0.5
52.219.110.90,0.5
222.20.95.101,0.5
112.84.222.30,0.5
184.75.248.35,0.5
40.99.149.146,0.5
52.98.253.146,0.5
52.98.253.178,0.5
103.104.51.74,0.5
172.13.41.50,0.5
177.221.140.242,0.5
51.68.35.61,0.5
119.18.54.167,0.5
202.116.7.242,0.5
120.241.18.101,0.5
183.232.91.141,0.5
183.232.118.11,0.5
117.144.243.8,0.5
112.60.1.140,0.5
112.53.0.140,0.5
183.232.96.140,0.5
66.29.156.36,0.5
202.91.238.42,0.5
112.84.222.65,0.5
172.67.182.7,0.5
104.21.59.178,0.5
192.185.24.40,0.5
69.63.176.15,0.5
138.201.255.226,0.5
45.67.39.205,0.5
13.226.123.38,0.5
13.226.123.178,0.5
13.226.123.2,0.5
13.226.123.137,0.5
103.118.16.247,0.5
111.13.28.191,0.5
162.241.61.254,0.5
108.170.27.18,0.5
68.178.151.63,0.5
106.53.111.110,0.5
191.101.228.239,0.5
120.78.115.68,0.5
54.192.18.68,0.5
54.192.18.52,0.5
54.192.18.65,0.5
185.111.89.210,0.5
198.54.125.130,0.5
109.70.148.39,0.5
172.67.177.251,0.5
104.21.51.89,0.5
199.36.158.100,0.5
99.86.83.76,0.5
99.86.83.140,0.5
99.86.83.126,0.5
99.86.83.118,0.5
52.96.230.146,0.5
40.100.162.2,0.5
167.114.131.220,0.5
40.99.33.130,0.5
104.21.35.252,0.5
172.67.181.198,0.5
142.171.121.178,0.5
160.153.129.221,0.5
23.111.12.177,0.5
18.214.58.99,0.5
54.144.163.130,0.5
162.254.39.20,0.5
185.206.26.29,0.5
108.159.79.141,0.5
108.159.79.107,0.5
108.159.79.72,0.5
108.159.79.181,0.5
122.9.119.16,0.5
190.8.176.102,0.5
108.179.192.66,0.5
108.179.192.49,0.5
104.21.51.98,0.5
172.67.178.135,0.5
5.180.25.89,0.5
162.241.118.15,0.5
46.3.114.74,0.5
23.33.92.49,0.5
23.33.92.65,0.5
104.21.49.140,0.5
172.67.145.246,0.5
108.167.151.64,0.5
52.92.137.41,0.5
52.92.251.9,0.5
52.92.178.121,0.5
52.92.212.145,0.5
52.92.209.97,0.5
52.92.193.169,0.5
52.92.238.137,0.5
52.218.176.123,0.5
218.77.183.3,0.5
173.254.56.16,0.5
185.199.220.79,0.5
162.241.123.66,0.5
162.0.235.217,0.5
203.208.57.27,0.5
139.196.135.139,0.5
91.207.212.232,0.5
52.98.229.114,0.5
52.98.240.114,0.5
52.98.240.2,0.5
40.99.148.114,0.5
172.67.73.187,0.5
104.26.9.154,0.5
104.26.8.154,0.5
150.109.91.62,0.5
150.109.90.122,0.5
104.26.15.191,0.5
104.26.14.191,0.5
172.67.69.123,0.5
162.251.85.146,0.5
45.33.42.226,0.5
58.205.193.74,0.5
58.205.193.75,0.5
58.205.193.73,0.5
93.158.134.236,0.5
213.180.204.236,0.5
108.179.252.192,0.5
110.232.143.41,0.5
13.248.215.233,0.5
76.223.85.27,0.5
39.98.1.140,0.5
121.251.249.35,0.5
121.251.249.34,0.5
162.241.60.254,0.5
163.14.19.54,0.5
141.98.10.70,0.5
162.252.214.5,0.5
62.182.81.131,0.5
107.190.131.210,0.5
68.183.124.255,0.5
174.136.29.220,0.5
54.172.19.235,0.5
52.20.169.120,0.5
3.225.154.37,0.5
54.152.120.98,0.5
88.99.5.100,0.5
58.216.30.196,0.5
121.228.190.68,0.5
213.136.93.171,0.5
103.210.56.139,0.5
198.252.100.170,0.5
198.187.31.161,0.5
94.152.13.125,0.5
175.97.144.229,0.5
116.90.51.251,0.5
104.206.225.200,0.5
157.240.15.8,0.5
18.180.38.66,0.5
106.0.62.80,0.5
20.205.243.165,0.5
160.153.53.224,0.5
216.172.184.191,0.5
50.116.87.63,0.5
119.18.54.136,0.5
54.239.162.16,0.5
54.239.162.77,0.5
54.239.162.68,0.5
54.239.162.180,0.5
162.241.3.30,0.5
179.61.189.135,0.5
199.188.200.149,0.5
148.66.137.118,0.5
183.240.65.192,0.5
183.240.65.191,0.5
194.59.142.227,0.5
160.153.0.188,0.5
139.162.1.137,0.5
110.242.69.51,0.5
107.181.238.82,0.5
52.52.206.66,0.5
18.144.134.31,0.5
38.6.167.171,0.5
107.180.2.217,0.5
148.72.158.178,0.5
46.30.215.249,0.5
67.215.236.186,0.5
34.117.47.241,0.5
49.12.121.47,0.5
54.230.189.3,0.5
54.230.189.220,0.5
54.230.189.198,0.5
54.230.189.154,0.5
109.244.194.174,0.5
109.244.194.199,0.5
23.185.0.1,0.5
203.107.42.115,0.5
217.160.0.165,0.5
35.201.109.167,0.5
40.101.76.178,0.5
40.99.220.18,0.5
40.101.78.98,0.5
104.21.71.79,0.5
172.67.143.246,0.5
74.125.164.170,0.5
220.181.153.225,0.5
223.119.240.35,0.5
223.119.240.40,0.5
199.250.203.186,0.5
192.185.48.205,0.5
222.29.240.141,0.5
223.119.227.200,0.5
185.146.22.248,0.5
202.53.137.209,0.5
109.244.184.118,0.5
218.16.123.238,0.5
104.244.46.186,0.5
103.133.133.73,0.5
186.209.113.101,0.5
213.165.242.218,0.5
202.92.6.43,0.5
31.13.95.37,0.5
104.18.37.84,0.5
172.64.150.172,0.5
124.70.121.4,0.5
213.239.193.13,0.5
190.8.176.197,0.5
104.18.248.37,0.5
104.18.249.37,0.5
192.64.117.92,0.5
135.181.215.231,0.5
131.153.147.42,0.5
159.65.158.216,0.5
162.0.235.197,0.5
184.168.117.149,0.5
160.153.132.203,0.5
107.180.21.56,0.5
103.172.151.230,0.5
162.241.3.20,0.5
66.147.238.174,0.5
131.130.30.234,0.5
141.136.33.68,0.5
104.21.57.5,0.5
172.67.139.93,0.5
191.101.228.214,0.5
205.166.161.4,0.5
222.202.239.5,0.5
172.67.211.12,0.5
104.21.53.90,0.5
121.14.7.15,0.5
121.14.7.16,0.5
121.14.7.13,0.5
121.14.7.14,0.5
128.173.242.147,0.5
106.55.127.94,0.5
106.55.209.135,0.5
106.55.209.216,0.5
106.55.209.241,0.5
106.53.142.76,0.5
106.55.123.243,0.5
216.139.141.171,0.5
221.176.60.132,0.5
221.176.60.131,0.5
20.60.59.33,0.5
59.63.125.18,0.5
72.167.204.164,0.5
8.131.208.190,0.5
173.201.181.53,0.5
141.193.213.20,0.5
141.193.213.21,0.5
202.120.224.82,0.5
41.185.8.140,0.5
43.239.121.3,0.5
103.23.108.92,0.5
93.113.111.188,0.5
217.144.104.57,0.5
103.6.196.43,0.5
23.106.66.58,0.5
172.67.218.61,0.5
104.21.83.85,0.5
202.192.88.51,0.5
85.95.234.104,0.5
208.31.254.33,0.5
172.67.147.166,0.5
104.21.47.126,0.5
51.195.19.98,0.5
109.234.161.192,0.5
208.91.199.125,0.5
186.209.113.99,0.5
121.199.204.118,0.5
192.124.249.106,0.5
209.94.61.163,0.5
103.6.198.202,0.5
172.217.160.74,0.5
172.217.160.106,0.5
142.251.43.10,0.5
142.251.42.234,0.5
172.217.163.42,0.5
92.204.133.132,0.5
216.40.34.41,0.5
65.109.69.194,0.5
188.240.20.155,0.5
52.84.150.43,0.5
52.84.150.39,0.5
52.84.150.63,0.5
52.84.150.45,0.5
103.83.194.50,0.5
192.40.34.44,0.5
204.79.197.212,0.5
65.181.111.132,0.5
180.163.196.53,0.5
193.233.49.136,0.5
8.131.86.18,0.5
54.39.104.138,0.5
107.161.75.132,0.5
192.185.195.34,0.5
8.140.122.21,0.5
172.67.221.239,0.5
104.21.54.8,0.5
92.249.45.93,0.5
111.13.149.165,0.5
120.52.87.112,0.5
106.39.170.41,0.5
184.171.252.234,0.5
67.207.89.116,0.5
162.0.209.144,0.5
64.37.50.172,0.5
59.110.185.0,0.5
120.192.67.158,0.5
140.249.254.82,0.5
119.167.148.121,0.5
199.59.149.201,0.5
121.40.114.137,0.5
162.215.230.37,0.5
222.192.186.74,0.5
222.192.186.73,0.5
109.234.162.145,0.5
104.18.39.181,0.5
172.64.148.75,0.5
192.185.191.49,0.5
52.219.40.109,0.5
52.219.164.188,0.5
52.219.164.30,0.5
52.219.133.38,0.5
52.219.124.2,0.5
52.219.128.78,0.5
52.219.184.28,0.5
52.219.36.58,0.5
107.154.172.104,0.5
107.154.158.104,0.5
67.223.118.155,0.5
173.201.185.205,0.5
52.98.163.34,0.5
52.98.200.210,0.5
52.98.200.146,0.5
54.73.26.109,0.5
108.128.72.146,0.5
54.216.252.255,0.5
58.40.126.3,0.5
104.21.74.181,0.5
172.67.161.54,0.5
31.13.75.5,0.5
217.21.77.19,0.5
172.67.141.71,0.5
104.21.49.38,0.5
66.45.227.43,0.5
91.188.227.37,0.5
52.98.230.50,0.5
52.97.200.242,0.5
40.99.221.2,0.5
52.98.230.18,0.5
40.101.96.2,0.5
52.98.161.18,0.5
45.122.222.221,0.5
40.99.133.226,0.5
52.98.14.130,0.5
52.98.0.146,0.5
52.98.0.194,0.5
52.98.143.50,0.5
52.98.128.130,0.5
50.31.176.9,0.5
112.74.1.127,0.5
192.185.157.35,0.5
103.169.160.90,0.5
84.46.245.6,0.5
109.70.148.52,0.5
40.100.49.210,0.5
40.99.16.194,0.5
40.99.67.178,0.5
52.98.51.146,0.5
40.99.9.226,0.5
40.99.67.226,0.5
162.241.123.122,0.5
151.101.2.132,0.5
103.55.39.180,0.5
163.181.78.246,0.5
163.181.78.240,0.5
163.181.78.242,0.5
163.181.78.244,0.5
163.181.78.241,0.5
163.181.78.245,0.5
163.181.78.243,0.5
163.181.78.248,0.5
66.29.141.36,0.5
64.112.43.47,0.5
54.192.18.31,0.5
54.192.18.10,0.5
54.192.18.129,0.5
172.67.69.4,0.5
104.26.7.148,0.5
104.26.6.148,0.5
172.64.146.192,0.5
104.18.41.64,0.5
75.102.58.71,0.5
192.250.239.58,0.5
172.67.74.99,0.5
104.26.14.244,0.5
104.26.15.244,0.5
172.66.43.22,0.5
172.66.40.234,0.5
68.65.120.93,0.5
112.213.89.121,0.5
199.96.59.19,0.5
172.67.143.47,0.5
104.21.46.241,0.5
209.133.196.210,0.5
104.16.13.120,0.5
104.16.15.120,0.5
104.16.14.120,0.5
104.16.17.120,0.5
104.16.16.120,0.5
134.68.220.227,0.5
129.79.1.61,0.5
222.186.162.52,0.5
58.205.220.30,0.5
58.205.220.21,0.5
58.205.220.14,0.5
58.205.220.13,0.5
58.205.220.17,0.5
58.205.220.24,0.5
54.155.206.86,0.5
54.194.23.113,0.5
114.142.162.57,0.5
5.2.84.236,0.5
52.96.122.66,0.5
52.96.122.50,0.5
52.96.173.146,0.5
52.96.43.162,0.5
43.250.142.57,0.5
148.66.136.8,0.5
185.213.11.60,0.5
162.244.93.2,0.5
47.110.215.83,0.5
52.98.92.2,0.5
40.99.36.226,0.5
40.99.36.242,0.5
52.98.92.178,0.5
104.21.34.18,0.5
172.67.153.46,0.5
175.6.47.134,0.5
42.245.248.92,0.5
116.162.78.54,0.5
103.172.92.181,0.5
49.7.81.102,0.5
49.7.81.149,0.5
49.7.81.141,0.5
49.7.81.142,0.5
49.7.81.93,0.5
49.7.81.89,0.5
49.7.81.148,0.5
54.39.115.219,0.5
142.251.85.199,0.5
203.107.44.247,0.5
185.237.144.237,0.5
192.40.34.59,0.5
198.54.115.138,0.5
54.72.246.83,0.5
52.208.154.187,0.5
18.200.8.90,0.5
129.226.10.209,0.5
111.118.215.168,0.5
216.10.252.252,0.5
35.166.175.91,0.5
95.158.162.200,0.5
211.119.84.111,0.5
210.182.29.70,0.5
95.86.30.3,0.5
196.188.169.138,0.5
109.175.29.39,0.5
67.211.212.134,0.5
210.28.80.79,0.5
209.42.197.125,0.5
210.116.108.238,0.5
52.105.217.25,0.5
65.39.193.37,0.5
185.120.222.153,0.5
52.175.9.80,0.5
194.67.71.121,0.5
13.225.142.76,0.5
13.225.142.128,0.5
13.225.142.111,0.5
13.225.142.86,0.5
209.182.204.177,0.5
13.224.161.102,0.5
13.224.161.231,0.5
13.224.161.3,0.5
13.224.161.151,0.5
52.97.11.162,0.5
52.97.34.210,0.5
52.97.47.194,0.5
52.97.4.210,0.5
52.97.47.178,0.5
114.55.34.185,0.5
172.67.148.148,0.5
104.21.29.73,0.5
34.100.247.25,0.5
116.202.229.248,0.5
103.234.21.36,0.5
54.219.90.174,0.5
54.153.125.134,0.5
69.234.203.219,0.5
52.83.164.72,0.5
52.82.90.213,0.5
54.192.16.139,0.5
54.192.16.13,0.5
54.192.16.2,0.5
54.192.16.48,0.5
217.160.0.109,0.5
65.181.111.162,0.5
191.101.228.60,0.5
60.29.238.115,0.5
8.131.208.144,0.5
192.185.96.248,0.5
54.169.0.192,0.5
39.101.214.182,0.5
119.31.235.60,0.5
66.29.146.152,0.5
199.96.63.75,0.5
210.32.15.177,0.5
47.89.36.109,0.5
218.57.134.76,0.5
45.253.144.31,0.5
52.98.214.2,0.5
52.98.207.210,0.5
52.97.223.82,0.5
52.98.212.226,0.5
52.97.137.194,0.5
52.98.213.18,0.5
52.97.151.66,0.5
52.98.223.162,0.5
188.40.132.95,0.5
212.1.210.109,0.5
40.119.214.250,0.5
223.119.213.180,0.5
103.219.36.12,0.5
103.213.96.61,0.5
108.167.172.151,0.5
192.99.207.151,0.5
162.254.149.166,0.5
192.129.25.101,0.5
87.120.9.204,0.5
62.171.189.234,0.5
202.118.76.129,0.5
109.234.161.71,0.5
135.181.140.122,0.5
77.95.248.78,0.5
199.79.63.203,0.5
131.153.147.162,0.5
170.249.254.43,0.5
104.21.44.219,0.5
172.67.204.31,0.5
217.144.104.53,0.5
45.121.144.58,0.5
192.185.209.154,0.5
208.113.196.91,0.5
69.27.38.85,0.5
202.114.224.51,0.5
3.218.148.89,0.5
3.94.142.143,0.5
179.61.189.58,0.5
223.252.215.4,0.5
162.33.177.34,0.5
8.212.5.145,0.5
52.216.251.112,0.5
52.217.135.234,0.5
54.231.226.130,0.5
54.231.234.98,0.5
52.217.233.58,0.5
52.217.102.0,0.5
54.231.195.66,0.5
52.217.194.26,0.5
35.164.215.98,0.5
66.235.200.146,0.5
139.215.227.7,0.5
59.82.121.73,0.5
216.246.46.21,0.5
43.249.39.223,0.5
104.18.9.137,0.5
104.18.8.137,0.5
65.0.198.111,0.5
79.124.78.33,0.5
52.98.58.50,0.5
40.99.31.130,0.5
52.98.123.242,0.5
40.99.111.18,0.5
40.99.31.162,0.5
108.179.232.59,0.5
13.224.146.56,0.5
13.224.146.130,0.5
13.224.146.219,0.5
13.224.146.22,0.5
40.99.58.18,0.5
52.98.68.2,0.5
40.99.32.18,0.5
199.188.205.15,0.5
42.99.34.129,0.5
42.99.34.130,0.5
116.7.234.143,0.5
41.185.8.225,0.5
200.35.157.219,0.5
40.99.150.2,0.5
52.98.242.242,0.5
52.98.152.162,0.5
104.18.197.95,0.5
104.18.124.73,0.5
5.230.92.203,0.5
223.119.242.50,0.5
108.60.152.234,0.5
40.97.204.18,0.5
52.96.113.162,0.5
54.192.16.101,0.5
54.192.16.145,0.5
54.192.16.76,0.5
192.185.78.170,0.5
104.21.35.250,0.5
172.67.181.196,0.5
45.253.170.223,0.5
139.162.237.168,0.5
119.18.54.130,0.5
106.10.242.139,0.5
103.131.51.28,0.5
68.178.145.1,0.5
188.40.59.244,0.5
188.241.222.8,0.5
154.85.102.30,0.5
61.185.238.230,0.5
157.240.8.41,0.5
43.255.154.31,0.5
138.197.240.19,0.5
87.236.16.214,0.5
94.199.200.195,0.5
223.119.202.169,0.5
195.178.106.125,0.5
121.199.204.231,0.5
40.99.164.66,0.5
52.96.215.34,0.5
40.99.164.114,0.5
40.99.226.194,0.5
81.70.60.19,0.5
81.70.60.226,0.5
52.86.6.113,0.5
3.94.41.167,0.5
129.170.136.154,0.5
223.119.136.212,0.5
139.159.110.148,0.5
103.228.162.58,0.5
47.96.234.219,0.5
116.196.114.88,0.5
103.247.8.148,0.5
162.214.94.198,0.5
35.157.20.88,0.5
191.101.228.132,0.5
118.180.24.107,0.5
119.39.205.68,0.5
42.202.155.151,0.5
104.21.235.69,0.5
104.21.235.70,0.5
222.31.2.241,0.5
54.192.18.110,0.5
52.97.190.2,0.5
52.98.239.162,0.5
52.98.240.34,0.5
176.223.122.122,0.5
109.70.148.61,0.5
103.150.214.135,0.5
198.59.144.120,0.5
198.44.185.131,0.5
162.0.235.51,0.5
182.61.200.214,0.5
182.61.200.81,0.5
185.237.145.5,0.5
140.249.154.3,0.5
40.99.172.178,0.5
52.96.85.34,0.5
52.96.85.50,0.5
192.29.202.200,0.5
115.148.39.109,0.5
104.21.68.191,0.5
172.67.198.9,0.5
10.10.10.10,0.5
212.7.207.87,0.5
152.195.221.42,0.5
123.58.180.101,0.5
123.58.180.39,0.5
23.229.193.164,0.5
192.185.158.163,0.5
192.254.231.251,0.5
120.55.163.188,0.5
47.104.177.36,0.5
47.108.232.182,0.5
47.113.218.252,0.5
39.107.37.123,0.5
139.220.243.139,0.5
8.130.100.90,0.5
39.104.168.123,0.5
139.220.243.134,0.5
47.93.122.134,0.5
112.74.99.153,0.5
118.31.56.50,0.5
139.224.75.108,0.5
115.231.37.21,0.5
49.7.81.104,0.5
143.95.75.217,0.5
45.56.79.157,0.5
157.240.17.41,0.5
89.42.31.13,0.5
37.48.80.198,0.5
157.240.10.41,0.5
192.185.56.74,0.5
152.136.248.85,0.5
104.21.10.148,0.5
172.67.163.154,0.5
148.72.207.203,0.5
208.122.221.162,0.5
192.124.249.128,0.5
148.72.155.31,0.5
46.82.174.69,0.5
45.138.44.231,0.5
106.14.207.159,0.5
42.186.125.46,0.5
42.186.82.32,0.5
186.209.113.130,0.5
166.62.28.125,0.5
52.219.132.84,0.5
52.219.129.28,0.5
52.219.36.20,0.5
52.219.124.124,0.5
52.219.40.168,0.5
52.219.36.252,0.5
52.219.129.81,0.5
52.219.132.252,0.5
117.187.129.251,0.5
23.203.135.34,0.5
23.203.135.9,0.5
87.98.129.23,0.5
213.158.94.184,0.5
162.213.196.78,0.5
199.188.200.75,0.5
13.32.118.38,0.5
13.32.118.223,0.5
13.32.118.12,0.5
13.32.118.27,0.5
136.0.111.125,0.5
162.241.123.49,0.5
37.32.98.129,0.5
216.137.39.103,0.5
216.137.39.33,0.5
216.137.39.34,0.5
216.137.39.98,0.5
84.32.84.33,0.5
172.67.194.166,0.5
104.21.44.38,0.5
209.145.51.44,0.5
5.189.148.71,0.5
172.67.213.243,0.5
104.21.23.218,0.5
117.25.139.6,0.5
65.99.252.10,0.5
43.243.118.129,0.5
40.99.34.242,0.5
40.99.60.226,0.5
40.99.34.210,0.5
202.120.35.204,0.5
192.29.67.219,0.5
115.236.121.25,0.5
114.114.114.114,0.5
198.119.164.111,0.5
23.195.108.187,0.5
120.27.217.63,0.5
166.62.10.139,0.5
153.92.215.34,0.5
174.136.37.108,0.5
52.219.47.77,0.5
52.219.169.231,0.5
52.219.75.185,0.5
52.219.169.103,0.5
52.219.170.159,0.5
52.219.170.147,0.5
52.219.169.251,0.5
34.117.223.223,0.5
72.167.85.170,0.5
104.21.45.31,0.5
172.67.208.56,0.5
175.99.135.161,0.5
104.22.52.71,0.5
172.67.29.26,0.5
104.22.53.71,0.5
156.67.73.73,0.5
176.28.14.172,0.5
3.163.128.104,0.5
3.163.128.171,0.5
3.163.128.42,0.5
3.163.128.136,0.5
210.77.177.3,0.5
103.97.3.19,0.5
195.88.80.7,0.5
104.243.46.26,0.5
42.201.68.121,0.5
111.161.65.49,0.5
67.205.187.107,0.5
67.207.84.65,0.5
67.205.189.237,0.5
124.251.58.202,0.5
87.76.27.17,0.5
80.96.7.164,0.5
162.241.203.245,0.5
65.181.111.168,0.5
47.97.158.45,0.5
36.142.2.54,0.5
52.95.143.77,0.5
52.95.142.37,0.5
52.95.148.193,0.5
52.95.148.80,0.5
52.95.191.37,0.5
52.95.143.29,0.5
52.95.142.1,0.5
52.95.150.144,0.5
173.236.140.121,0.5
119.39.205.76,0.5
112.84.222.68,0.5
192.252.132.219,0.5
35.156.139.134,0.5
35.156.139.245,0.5
91.194.110.3,0.5
104.18.1.16,0.5
104.18.0.16,0.5
47.113.75.134,0.5
218.16.123.234,0.5
108.179.193.99,0.5
34.251.5.225,0.5
52.214.72.228,0.5
103.255.237.239,0.5
17.248.165.4,0.5
59.151.60.56,0.5
117.122.209.139,0.5
123.59.180.212,0.5
23.33.92.67,0.5
23.33.92.53,0.5
192.185.114.25,0.5
217.160.0.250,0.5
86.105.14.18,0.5
198.100.46.219,0.5
104.26.6.223,0.5
172.67.71.63,0.5
104.26.7.223,0.5
65.108.198.252,0.5
13.226.228.10,0.5
13.226.228.32,0.5
13.226.228.23,0.5
13.226.228.60,0.5
3.5.144.187,0.5
52.219.60.111,0.5
52.219.56.51,0.5
3.5.143.149,0.5
52.219.146.90,0.5
52.219.148.86,0.5
52.219.202.74,0.5
3.5.145.124,0.5
146.75.93.55,0.5
66.235.200.171,0.5
52.177.241.160,0.5
188.75.128.101,0.5
218.196.40.80,0.5
209.58.153.193,0.5
202.172.26.46,0.5
54.192.18.39,0.5
54.192.18.120,0.5
54.192.18.6,0.5
54.192.18.58,0.5
45.129.66.3,0.5
47.101.83.171,0.5
44.238.132.71,0.5
54.68.184.133,0.5
34.217.156.146,0.5
84.32.84.32,0.5
58.254.137.131,0.5
211.68.9.205,0.5
216.246.47.22,0.5
13.110.65.224,0.5
13.110.68.224,0.5
13.110.40.224,0.5
202.95.8.172,0.5
18.67.153.79,0.5
18.67.153.17,0.5
18.67.153.28,0.5
18.67.153.205,0.5
41.185.8.217,0.5
108.160.162.102,0.5
89.117.188.241,0.5
52.200.83.238,0.5
8.135.128.14,0.5
178.162.218.69,0.5
108.160.163.102,0.5
51.77.72.43,0.5
20.209.8.43,0.5
172.247.47.110,0.5
192.185.76.179,0.5
223.119.217.164,0.5
13.111.152.229,0.5
103.16.116.66,0.5
108.167.169.121,0.5
102.130.123.81,0.5
23.235.204.142,0.5
120.86.191.148,0.5
180.97.162.25,0.5
180.97.162.33,0.5
114.55.209.149,0.5
13.226.148.49,0.5
13.226.148.113,0.5
13.226.148.153,0.5
13.226.148.221,0.5
222.200.191.33,0.5
52.211.153.138,0.5
34.251.187.95,0.5
34.243.82.39,0.5
47.98.36.230,0.5
5.181.216.230,0.5
121.194.8.74,0.5
107.180.58.47,0.5
124.128.19.244,0.5
198.23.61.42,0.5
103.138.189.138,0.5
173.254.24.55,0.5
160.119.248.8,0.5
104.21.83.84,0.5
172.67.218.60,0.5
72.167.59.125,0.5
108.160.166.142,0.5
103.9.100.83,0.5
103.107.90.189,0.5
144.202.25.106,0.5
43.141.49.113,0.5
43.141.49.173,0.5
104.152.110.42,0.5
34.120.195.249,0.5
69.61.26.76,0.5
89.42.218.226,0.5
211.72.207.198,0.5
120.77.127.4,0.5
153.92.7.180,0.5
66.29.146.201,0.5
128.104.111.211,0.5
202.117.18.248,0.5
13.213.46.141,0.5
68.66.248.35,0.5
122.225.105.23,0.5
40.101.144.98,0.5
40.99.57.66,0.5
103.86.176.251,0.5
102.218.215.9,0.5
179.61.189.209,0.5
103.133.93.87,0.5
108.160.169.55,0.5
58.205.220.61,0.5
58.205.220.62,0.5
119.84.93.131,0.5
162.241.2.207,0.5
185.50.70.18,0.5
175.24.253.141,0.5
49.234.245.22,0.5
42.186.241.52,0.5
103.247.11.238,0.5
46.30.215.54,0.5
183.47.99.196,0.5
183.47.99.153,0.5
183.2.140.209,0.5
183.2.144.188,0.5
184.154.24.162,0.5
198.187.31.39,0.5
198.54.116.234,0.5
212.3.13.59,0.5
14.152.79.165,0.5
91.216.90.85,0.5
14.128.139.238,0.5
14.128.139.237,0.5
14.128.139.236,0.5
14.128.139.239,0.5
14.215.182.36,0.5
104.22.36.120,0.5
172.67.28.201,0.5
104.22.37.120,0.5
167.86.118.100,0.5
116.211.202.140,0.5
116.211.198.128,0.5
116.211.202.162,0.5
173.236.195.219,0.5
13.226.120.43,0.5
13.226.120.104,0.5
13.226.120.64,0.5
13.226.120.45,0.5
146.75.94.208,0.5
154.83.15.20,0.5
202.112.154.27,0.5
116.253.28.210,0.5
116.253.28.209,0.5
180.163.71.3,0.5
54.192.16.49,0.5
54.192.16.196,0.5
54.192.16.187,0.5
107.180.54.186,0.5
52.98.51.162,0.5
40.100.50.114,0.5
91.212.166.66,0.5
54.192.18.80,0.5
54.192.18.11,0.5
192.185.129.4,0.5
212.100.250.8,0.5
104.21.90.106,0.5
172.67.199.220,0.5
192.124.249.18,0.5
103.75.155.241,0.5
23.185.0.4,0.5
223.119.50.245,0.5
223.119.50.231,0.5
59.188.250.54,0.5
199.59.148.201,0.5
18.220.193.195,0.5
83.138.82.177,0.5
205.251.194.123,0.5
68.66.225.137,0.5
50.6.138.124,0.5
204.11.58.150,0.5
104.22.24.131,0.5
104.22.25.131,0.5
172.67.38.66,0.5
52.96.181.82,0.5
52.96.64.162,0.5
40.99.226.130,0.5
40.97.200.178,0.5
52.96.12.178,0.5
52.96.54.226,0.5
52.96.119.178,0.5
172.67.73.30,0.5
104.26.11.76,0.5
104.26.10.76,0.5
217.160.0.44,0.5
195.35.44.22,0.5
144.126.157.127,0.5
13.224.167.26,0.5
68.178.222.80,0.5
146.190.62.30,0.5
199.59.148.15,0.5
115.236.14.209,0.5
199.85.209.169,0.5
13.226.120.105,0.5
13.226.120.96,0.5
13.226.120.129,0.5
99.83.152.162,0.5
111.67.5.164,0.5
159.138.20.20,0.5
20.210.64.0,0.5
187.45.181.109,0.5
72.167.254.234,0.5
72.167.56.50,0.5
210.76.57.251,0.5
174.136.37.109,0.5
39.98.1.115,0.5
223.119.235.132,0.5
65.181.111.161,0.5
52.209.182.183,0.5
54.194.139.253,0.5
172.67.143.99,0.5
104.21.87.135,0.5
119.18.54.44,0.5
104.16.241.62,0.5
104.16.238.62,0.5
104.16.239.62,0.5
104.16.240.62,0.5
104.16.242.62,0.5
50.63.134.115,0.5
192.185.106.107,0.5
149.56.0.253,0.5
145.14.145.16,0.5
124.217.241.92,0.5
172.67.148.30,0.5
104.21.55.127,0.5
13.211.196.239,0.5
13.55.73.175,0.5
52.65.196.58,0.5
103.102.202.74,0.5
103.102.202.42,0.5
103.102.202.151,0.5
103.102.202.80,0.5
103.86.176.8,0.5
185.193.27.54,0.5
208.109.226.64,0.5
108.179.252.162,0.5
3.226.166.212,0.5
107.20.71.201,0.5
3.222.82.214,0.5
202.197.99.16,0.5
45.223.22.138,0.5
128.178.222.83,0.5
198.187.31.49,0.5
172.67.169.208,0.5
104.21.27.232,0.5
185.2.4.10,0.5
68.178.247.221,0.5
202.118.254.136,0.5
106.75.21.125,0.5
104.90.7.18,0.5
104.90.7.35,0.5
223.25.237.173,0.5
120.232.169.28,0.5
40.99.43.130,0.5
40.99.77.146,0.5
52.98.49.66,0.5
40.99.33.226,0.5
40.99.77.66,0.5
40.99.77.114,0.5
40.99.14.178,0.5
108.167.141.190,0.5
202.116.73.186,0.5
52.114.36.227,0.5
101.0.114.66,0.5
104.244.43.228,0.5
104.21.63.101,0.5
172.67.170.139,0.5
52.83.74.124,0.5
52.83.76.112,0.5
186.64.114.240,0.5
119.28.61.168,0.5
125.94.240.73,0.5
198.54.114.233,0.5
192.185.213.186,0.5
194.163.42.136,0.5
203.161.184.57,0.5
85.17.187.35,0.5
104.21.63.103,0.5
172.67.170.141,0.5
139.162.152.24,0.5
211.97.73.22,0.5
114.132.188.250,0.5
173.36.127.17,0.5
139.99.8.7,0.5
52.96.226.130,0.5
52.96.157.130,0.5
52.96.79.130,0.5
52.96.66.162,0.5
52.96.163.34,0.5
52.96.164.162,0.5
150.70.186.27,0.5
112.86.240.83,0.5
157.240.211.13,0.5
93.174.123.192,0.5
88.198.103.172,0.5
207.45.187.7,0.5
35.227.242.56,0.5
109.244.194.55,0.5
106.53.101.112,0.5
31.13.90.19,0.5
117.78.24.40,0.5
117.78.24.32,0.5
104.21.40.20,0.5
172.67.174.146,0.5
91.194.110.8,0.5
221.122.132.134,0.5
197.221.2.16,0.5
149.28.140.74,0.5
31.170.163.157,0.5
173.231.207.57,0.5
108.167.136.40,0.5
163.44.198.51,0.5
103.219.34.26,0.5
204.197.253.214,0.5
40.101.137.34,0.5
52.98.151.226,0.5
40.99.214.50,0.5
52.98.227.226,0.5
40.101.137.2,0.5
52.97.201.18,0.5
216.172.172.207,0.5
95.217.113.101,0.5
128.242.250.148,0.5
202.116.64.131,0.5
184.94.213.93,0.5
216.172.172.49,0.5
52.97.47.162,0.5
52.97.3.226,0.5
52.97.33.242,0.5
52.97.47.210,0.5
52.97.33.226,0.5
198.103.198.139,0.5
104.21.71.238,0.5
172.67.172.95,0.5
185.111.89.131,0.5
108.179.232.68,0.5
107.180.28.116,0.5
192.254.189.157,0.5
140.254.56.234,0.5
45.223.169.40,0.5
202.108.0.146,0.5
49.7.36.192,0.5
106.63.15.74,0.5
106.14.236.64,0.5
17.57.145.149,0.5
17.57.145.152,0.5
17.57.145.151,0.5
17.57.145.148,0.5
17.57.145.150,0.5
52.96.58.98,0.5
52.96.44.162,0.5
52.96.40.242,0.5
52.96.9.178,0.5
52.96.38.82,0.5
52.96.111.98,0.5
52.96.179.114,0.5
40.99.236.130,0.5
40.99.236.98,0.5
52.96.230.34,0.5
183.60.156.140,0.5
20.143.38.2,0.5
118.89.55.134,0.5
109.244.197.163,0.5
109.244.197.225,0.5
67.23.238.41,0.5
104.26.11.126,0.5
104.26.10.126,0.5
172.67.68.242,0.5
66.97.37.52,0.5
5.230.92.189,0.5
67.222.18.18,0.5
119.188.208.2,0.5
104.21.62.134,0.5
172.67.136.45,0.5
35.71.119.192,0.5
152.199.40.54,0.5
122.201.127.153,0.5
134.224.209.147,0.5
101.95.48.170,0.5
128.30.200.19,0.5
47.113.75.151,0.5
47.93.194.183,0.5
39.106.173.98,0.5
94.199.206.96,0.5
137.184.19.130,0.5
54.192.18.35,0.5
54.192.18.12,0.5
213.239.217.74,0.5
132.248.10.149,0.5
45.32.110.36,0.5
122.201.127.227,0.5
20.189.140.38,0.5
198.252.102.209,0.5
92.249.45.100,0.5
198.187.29.252,0.5
103.147.154.45,0.5
139.162.207.229,0.5
103.227.176.26,0.5
150.171.21.208,0.5
64.20.41.122,0.5
175.27.35.63,0.5
43.141.59.185,0.5
222.192.186.94,0.5
203.77.191.14,0.5
203.77.190.60,0.5
139.224.18.91,0.5
172.67.138.145,0.5
104.21.40.201,0.5
52.96.164.82,0.5
52.96.113.130,0.5
52.96.121.34,0.5
52.96.91.50,0.5
198.54.115.198,0.5
52.98.200.130,0.5
52.98.159.18,0.5
109.244.228.144,0.5
109.244.228.47,0.5
3.163.125.64,0.5
3.163.125.37,0.5
3.163.125.2,0.5
3.163.125.81,0.5
31.13.86.52,0.5
104.255.106.60,0.5
187.17.111.35,0.5
198.12.221.104,0.5
116.253.60.48,0.5
104.21.3.94,0.5
172.67.153.68,0.5
180.101.190.124,0.5
88.99.162.137,0.5
50.87.145.254,0.5
172.64.145.186,0.5
104.18.42.70,0.5
103.55.39.178,0.5
40.90.133.100,0.5
113.137.57.1,0.5
64.34.156.153,0.5
94.229.45.2,0.5
120.232.233.133,0.5
212.12.151.74,0.5
65.109.37.144,0.5
45.113.122.174,0.5
13.224.9.3,0.5
13.224.9.55,0.5
13.224.9.14,0.5
13.224.9.208,0.5
117.58.240.162,0.5
171.221.172.137,0.5
52.217.115.169,0.5
16.182.106.145,0.5
54.231.194.225,0.5
52.216.144.75,0.5
3.5.25.16,0.5
3.5.28.184,0.5
16.182.107.217,0.5
52.217.122.161,0.5
104.21.45.142,0.5
172.67.215.49,0.5
104.21.67.49,0.5
172.67.213.208,0.5
108.179.232.17,0.5
128.40.69.204,0.5
131.153.203.163,0.5
67.43.226.3,0.5
104.21.21.180,0.5
172.67.199.174,0.5
45.136.21.134,0.5
104.21.69.158,0.5
172.67.209.167,0.5
91.234.195.40,0.5
191.101.228.231,0.5
38.124.220.167,0.5
41.185.8.228,0.5
103.18.109.171,0.5
52.219.199.58,0.5
52.219.8.55,0.5
52.219.137.2,0.5
52.219.150.166,0.5
3.5.157.119,0.5
3.5.159.158,0.5
52.219.9.38,0.5
52.219.8.94,0.5
162.241.61.248,0.5
223.119.213.217,0.5
18.178.225.48,0.5
39.102.38.2,0.5
39.102.47.69,0.5
39.102.46.14,0.5
39.102.51.193,0.5
39.102.53.240,0.5
39.102.52.213,0.5
39.102.36.159,0.5
39.102.43.152,0.5
39.102.49.199,0.5
39.102.46.145,0.5
39.102.47.80,0.5
39.102.40.202,0.5
39.102.39.228,0.5
39.102.50.149,0.5
39.102.43.209,0.5
39.102.36.238,0.5
39.102.46.141,0.5
39.102.48.6,0.5
39.102.39.7,0.5
39.102.54.46,0.5
202.61.141.209,0.5
216.83.52.220,0.5
118.107.10.119,0.5
118.107.10.138,0.5
172.247.242.179,0.5
202.61.141.203,0.5
23.224.179.148,0.5
199.59.148.8,0.5
45.239.108.200,0.5
199.59.148.246,0.5
91.215.85.209,0.5
198.50.122.248,0.5
172.64.155.141,0.5
104.18.32.115,0.5
104.21.21.254,0.5
172.67.201.168,0.5
89.238.66.41,0.5
199.59.148.206,0.5
52.98.229.130,0.5
52.98.240.50,0.5
52.98.239.130,0.5
13.249.178.218,0.5
13.249.178.90,0.5
13.249.178.50,0.5
13.249.178.152,0.5
210.32.4.48,0.5
3.214.233.46,0.5
54.235.128.66,0.5
62.129.236.84,0.5
195.3.220.30,0.5
8.131.208.235,0.5
162.0.215.51,0.5
104.238.69.152,0.5
185.111.89.207,0.5
106.75.218.188,0.5
45.79.122.222,0.5
103.174.10.14,0.5
40.99.215.82,0.5
113.57.220.180,0.5
101.100.205.58,0.5
69.30.25.21,0.5
13.226.120.87,0.5
13.226.120.107,0.5
13.226.120.121,0.5
140.249.34.56,0.5
110.4.45.55,0.5
104.21.87.58,0.5
172.67.141.249,0.5
162.241.27.28,0.5
118.212.233.215,0.5
118.212.233.151,0.5
140.143.215.224,0.5
43.141.49.42,0.5
43.141.49.97,0.5
175.27.37.71,0.5
175.27.37.2,0.5
13.224.167.34,0.5
92.63.103.175,0.5
35.165.117.112,0.5
37.48.121.26,0.5
172.67.197.234,0.5
104.21.34.45,0.5
172.104.159.251,0.5
144.76.43.185,0.5
185.140.32.107,0.5
107.161.176.178,0.5
137.73.130.135,0.5
13.225.96.217,0.5
13.248.243.5,0.5
76.223.105.230,0.5
107.180.2.79,0.5
185.237.145.155,0.5
170.10.161.27,0.5
192.185.4.63,0.5
217.11.48.208,0.5
109.234.162.216,0.5
104.16.149.244,0.5
104.16.148.244,0.5
52.219.132.131,0.5
52.219.128.255,0.5
52.219.36.47,0.5
52.219.184.14,0.5
52.219.36.91,0.5
52.219.125.39,0.5
52.219.36.163,0.5
108.179.192.43,0.5
103.203.216.33,0.5
103.28.36.218,0.5
52.85.205.187,0.5
52.85.205.186,0.5
52.85.205.147,0.5
52.85.205.175,0.5
46.4.205.200,0.5
219.229.80.70,0.5
13.105.28.18,0.5
119.39.205.24,0.5
112.84.222.44,0.5
192.124.249.28,0.5
184.171.250.66,0.5
72.167.66.67,0.5
192.254.233.176,0.5
103.130.217.240,0.5
206.87.224.37,0.5
31.13.67.41,0.5
169.239.218.30,0.5
41.185.8.152,0.5
104.21.59.112,0.5
172.67.175.158,0.5
68.178.145.107,0.5
172.67.187.170,0.5
104.21.84.65,0.5
103.8.25.82,0.5
162.214.80.24,0.5
103.58.102.38,0.5
172.217.163.51,0.5
156.67.213.89,0.5
148.72.24.98,0.5
13.81.84.41,0.5
104.21.23.29,0.5
172.67.208.118,0.5
190.8.176.31,0.5
101.200.213.15,0.5
101.200.130.234,0.5
111.29.20.90,0.5
192.169.69.26,0.5
172.247.27.147,0.5
162.144.89.210,0.5
169.255.57.48,0.5
52.239.222.100,0.5
3.140.101.233,0.5
3.133.14.194,0.5
3.132.240.51,0.5
34.120.177.193,0.5
192.250.227.13,0.5
93.174.123.215,0.5
135.181.142.217,0.5
110.75.129.2,0.5
110.76.30.76,0.5
185.102.77.33,0.5
132.148.164.84,0.5
142.44.142.153,0.5
140.142.234.152,0.5
4.224.62.153,0.5
185.146.22.242,0.5
188.213.22.129,0.5
103.102.1.13,0.5
173.249.6.16,0.5
59.82.9.180,0.5
59.82.44.41,0.5
59.82.8.66,0.5
59.82.13.252,0.5
93.113.55.206,0.5
162.14.132.230,0.5
60.188.100.89,0.5
204.44.192.21,0.5
103.102.0.169,0.5
128.220.195.58,0.5
103.75.185.38,0.5
210.44.151.56,0.5
13.224.98.4,0.5
13.224.98.63,0.5
13.224.98.150,0.5
13.224.98.163,0.5
104.21.59.169,0.5
172.67.181.91,0.5
103.152.248.194,0.5
13.224.167.124,0.5
13.224.167.97,0.5
13.224.167.70,0.5
13.224.167.75,0.5
104.21.79.68,0.5
172.67.169.60,0.5
109.95.212.8,0.5
104.21.33.167,0.5
172.67.165.8,0.5
12.175.6.38,0.5
74.124.203.123,0.5
97.74.83.136,0.5
198.54.120.180,0.5
20.50.1.1,0.5
106.14.228.10,0.5
91.185.187.181,0.5
103.147.154.131,0.5
111.13.28.112,0.5
66.220.149.18,0.5
66.220.149.32,0.5
40.99.169.162,0.5
40.97.212.2,0.5
52.96.22.2,0.5
52.96.121.162,0.5
52.96.122.226,0.5
209.204.225.145,0.5
149.255.58.38,0.5
172.67.135.128,0.5
104.21.6.245,0.5
65.99.225.160,0.5
88.198.51.221,0.5
45.87.28.58,0.5
223.119.248.24,0.5
223.119.248.19,0.5
192.185.147.102,0.5
143.198.249.236,0.5
121.51.130.146,0.5
43.141.49.230,0.5
43.141.49.234,0.5
43.141.49.183,0.5
43.141.49.103,0.5
43.141.49.196,0.5
43.141.49.62,0.5
43.141.49.231,0.5
69.171.247.32,0.5
18.164.174.118,0.5
18.164.174.49,0.5
18.164.174.81,0.5
18.164.174.113,0.5
172.66.42.239,0.5
172.66.41.17,0.5
173.194.4.170,0.5
66.29.153.243,0.5
149.255.58.65,0.5
75.126.33.156,0.5
104.16.251.55,0.5
191.101.228.175,0.5
186.64.114.110,0.5
66.29.137.46,0.5
175.27.37.190,0.5
175.27.37.72,0.5
185.94.98.195,0.5
142.93.241.56,0.5
163.44.185.207,0.5
103.57.222.17,0.5
70.32.23.113,0.5
202.138.242.1,0.5
50.116.86.19,0.5
198.38.86.93,0.5
104.21.41.180,0.5
172.67.149.23,0.5
188.185.79.172,0.5
188.184.103.159,0.5
188.184.98.238,0.5
104.21.23.88,0.5
172.67.209.222,0.5
20.78.118.165,0.5
50.116.87.139,0.5
108.179.192.59,0.5
108.167.188.244,0.5
172.67.152.75,0.5
104.21.32.135,0.5
170.72.100.45,0.5
108.167.188.218,0.5
162.241.2.132,0.5
31.14.70.246,0.5
186.64.114.25,0.5
111.46.49.118,0.5
103.9.76.110,0.5
45.133.44.4,0.5
45.133.44.3,0.5
72.167.65.249,0.5
81.19.145.156,0.5
123.129.198.243,0.5
61.164.153.48,0.5
122.228.10.42,0.5
103.58.102.52,0.5
43.141.70.232,0.5
43.141.70.219,0.5
185.62.73.79,0.5
162.222.226.38,0.5
112.213.89.145,0.5
121.199.204.200,0.5
183.84.6.70,0.5
124.251.58.49,0.5
203.170.87.177,0.5
223.119.248.88,0.5
223.119.248.33,0.5
13.224.106.94,0.5
13.224.106.57,0.5
13.224.106.59,0.5
13.224.106.225,0.5
172.67.167.215,0.5
104.21.34.30,0.5
40.99.31.178,0.5
52.98.57.162,0.5
40.99.111.34,0.5
40.99.9.178,0.5
223.252.234.102,0.5
151.106.17.133,0.5
50.87.151.104,0.5
137.226.35.171,0.5
172.105.41.172,0.5
162.214.191.42,0.5
40.99.58.146,0.5
40.101.144.2,0.5
51.255.149.48,0.5
69.90.163.190,0.5
107.180.26.71,0.5
162.241.2.187,0.5
121.36.104.232,0.5
210.241.69.226,0.5
119.84.93.132,0.5
13.226.220.229,0.5
13.226.220.161,0.5
13.226.220.81,0.5
13.226.220.171,0.5
51.79.19.13,0.5
50.116.86.23,0.5
14.215.182.128,0.5
13.226.120.59,0.5
13.226.120.42,0.5
13.226.120.88,0.5
160.153.0.164,0.5
139.99.233.31,0.5
203.208.43.223,0.5
134.209.23.229,0.5
128.103.64.74,0.5
120.195.166.58,0.5
172.67.188.71,0.5
104.21.40.197,0.5
20.135.17.53,0.5
121.36.101.177,0.5
52.96.69.66,0.5
52.96.165.66,0.5
52.96.110.98,0.5
52.96.188.130,0.5
50.87.147.113,0.5
222.192.186.121,0.5
222.192.186.99,0.5
103.28.37.70,0.5
40.99.58.130,0.5
40.99.36.130,0.5
40.99.36.34,0.5
40.99.36.178,0.5
40.101.147.98,0.5
52.98.63.114,0.5
31.170.164.240,0.5
182.161.74.16,0.5
124.150.141.220,0.5
93.115.53.199,0.5
134.214.126.72,0.5
68.178.145.219,0.5
41.76.208.46,0.5
210.56.9.181,0.5
54.192.18.56,0.5
94.156.67.13,0.5
5.181.80.61,0.5
5.181.80.140,0.5
204.76.203.58,0.5
204.76.203.53,0.5
91.92.242.159,0.5
5.181.80.130,0.5
5.181.80.59,0.5
5.181.80.149,0.5
94.156.67.14,0.5
45.95.147.209,0.5
204.76.203.60,0.5
204.76.203.62,0.5
204.76.203.54,0.5
14.119.64.133,0.5
165.73.84.24,0.5
204.93.169.73,0.5
3.212.66.87,0.5
182.92.150.235,0.5
217.144.105.105,0.5
200.58.109.250,0.5
131.153.147.34,0.5
114.116.194.22,0.5
50.116.87.184,0.5
40.99.65.66,0.5
20.135.4.163,0.5
167.99.84.109,0.5
222.192.186.102,0.5
92.205.1.120,0.5
112.213.89.123,0.5
192.185.187.230,0.5
179.61.189.219,0.5
172.105.90.92,0.5
172.67.145.108,0.5
104.21.65.127,0.5
172.67.143.189,0.5
104.21.54.249,0.5
203.216.254.19,0.5
27.121.68.115,0.5
108.167.132.188,0.5
154.92.16.97,0.5
89.42.218.209,0.5
144.217.61.179,0.5
43.254.2.246,0.5
196.3.96.206,0.5
192.40.34.92,0.5
54.89.135.129,0.5
223.119.240.42,0.5
223.119.50.219,0.5
122.115.55.103,0.5
103.244.234.28,0.5
190.8.176.232,0.5
121.89.3.230,0.5
92.205.15.171,0.5
185.169.183.4,0.5
202.199.64.22,0.5
162.241.203.176,0.5
198.57.166.122,0.5
40.99.170.50,0.5
52.96.93.210,0.5
40.99.165.66,0.5
40.99.165.2,0.5
52.96.49.82,0.5
40.99.227.162,0.5
52.96.229.130,0.5
192.185.185.217,0.5
50.112.91.103,0.5
34.210.47.135,0.5
191.101.228.117,0.5
54.84.67.200,0.5
3.219.18.2,0.5
58.254.138.27,0.5
58.254.138.20,0.5
58.254.138.3,0.5
58.254.138.23,0.5
121.51.124.71,0.5
199.83.210.95,0.5
172.64.152.176,0.5
104.18.35.80,0.5
162.241.2.208,0.5
104.21.0.231,0.5
172.67.128.95,0.5
174.136.30.134,0.5
185.190.250.44,0.5
162.241.2.249,0.5
192.185.28.98,0.5
42.62.107.158,0.5
146.163.252.208,0.5
222.197.166.2,0.5
163.44.198.39,0.5
172.67.135.117,0.5
104.21.6.236,0.5
173.254.24.49,0.5
23.111.160.170,0.5
149.255.62.20,0.5
192.254.232.89,0.5
112.74.1.32,0.5
54.217.3.182,0.5
52.19.19.210,0.5
74.6.129.124,0.5
172.67.160.47,0.5
104.21.9.147,0.5
44.240.92.125,0.5
54.68.177.160,0.5
47.106.117.106,0.5
8.210.106.189,0.5
157.240.1.33,0.5
38.49.48.250,0.5
69.10.51.218,0.5
51.159.138.107,0.5
183.62.100.239,0.5
172.67.74.34,0.5
104.26.4.199,0.5
104.26.5.199,0.5
216.239.32.27,0.5
162.255.119.162,0.5
167.114.32.111,0.5
23.78.217.245,0.5
13.224.161.98,0.5
13.224.161.187,0.5
13.224.161.60,0.5
13.224.161.88,0.5
85.209.152.51,0.5
40.99.58.152,0.5
40.99.34.8,0.5
52.98.89.56,0.5
40.99.36.168,0.5
40.99.36.56,0.5
179.61.189.186,0.5
104.21.8.222,0.5
172.67.158.17,0.5
108.167.143.137,0.5
172.67.162.113,0.5
104.21.66.172,0.5
174.138.182.154,0.5
192.227.112.134,0.5
183.131.48.98,0.5
186.202.153.53,0.5
52.97.129.242,0.5
40.99.201.146,0.5
40.99.201.130,0.5
40.99.148.226,0.5
52.98.145.66,0.5
40.99.202.82,0.5
40.99.213.66,0.5
144.195.179.213,0.5
104.21.11.241,0.5
172.67.150.196,0.5
110.242.68.12,0.5
5.77.39.102,0.5
213.186.33.3,0.5
217.144.105.174,0.5
47.103.57.5,0.5
162.0.232.230,0.5
196.40.106.50,0.5
51.89.40.80,0.5
52.31.11.242,0.5
34.255.15.69,0.5
54.220.241.189,0.5
136.243.113.211,0.5
159.203.110.77,0.5
68.66.226.109,0.5
27.54.81.161,0.5
104.21.57.100,0.5
172.67.162.239,0.5
178.211.133.36,0.5
212.27.63.115,0.5
52.19.138.45,0.5
115.124.119.210,0.5
31.13.94.10,0.5
31.13.73.9,0.5
211.88.33.151,0.5
199.250.205.216,0.5
18.166.190.123,0.5
43.198.159.74,0.5
16.162.56.140,0.5
43.199.5.4,0.5
18.162.159.39,0.5
18.166.87.146,0.5
43.198.176.90,0.5
16.163.193.164,0.5
173.214.162.133,0.5
162.125.7.1,0.5
74.211.109.22,0.5
184.28.218.42,0.5
202.70.64.2,0.5
68.178.148.233,0.5
65.99.252.251,0.5
148.72.10.105,0.5
173.201.181.247,0.5
109.70.144.51,0.5
185.103.156.50,0.5
88.208.52.135,0.5
61.129.249.47,0.5
43.250.251.20,0.5
72.167.86.11,0.5
45.55.49.15,0.5
94.155.47.65,0.5
31.13.112.4,0.5
31.13.80.169,0.5
31.13.95.169,0.5
217.160.188.130,0.5
198.143.141.16,0.5
82.180.154.113,0.5
200.58.111.84,0.5
198.54.121.188,0.5
72.29.120.6,0.5
173.236.198.217,0.5
172.67.163.160,0.5
104.21.10.154,0.5
204.93.193.35,0.5
45.79.117.22,0.5
162.253.224.18,0.5
104.17.174.93,0.5
104.17.175.93,0.5
104.17.173.93,0.5
104.17.172.93,0.5
104.17.176.93,0.5
162.241.203.121,0.5
100.24.194.182,0.5
34.195.158.181,0.5
204.51.224.37,0.5
67.225.186.167,0.5
202.92.6.242,0.5
203.119.175.226,0.5
103.230.123.190,0.5
106.0.62.70,0.5
52.96.35.178,0.5
40.97.4.6,0.5
52.96.87.194,0.5
162.0.226.174,0.5
149.28.147.199,0.5
58.250.174.76,0.5
92.204.222.171,0.5
69.10.39.19,0.5
178.124.141.132,0.5
52.96.165.2,0.5
52.96.113.194,0.5
52.96.184.146,0.5
47.242.126.50,0.5
132.145.107.101,0.5
124.217.255.44,0.5
183.252.23.10,0.5
110.84.228.242,0.5
77.4.7.92,0.5
31.186.254.142,0.5
104.21.51.193,0.5
172.67.185.36,0.5
72.52.142.199,0.5
203.119.169.171,0.5
89.42.218.231,0.5
173.194.174.81,0.5
202.75.51.52,0.5
154.0.164.144,0.5
44.198.246.147,0.5
101.52.251.77,0.5
120.136.132.138,0.5
185.94.99.174,0.5
192.185.183.29,0.5
83.150.213.143,0.5
192.185.121.44,0.5
109.234.162.70,0.5
198.54.115.119,0.5
172.67.152.158,0.5
104.21.88.197,0.5
103.120.80.165,0.5
103.120.80.164,0.5
34.64.34.71,0.5
213.227.170.135,0.5
188.172.201.136,0.5
34.81.162.3,0.5
34.151.74.131,0.5
180.126.205.188,0.5
37.187.75.164,0.5
119.23.180.115,0.5
119.23.180.114,0.5
119.23.180.173,0.5
119.23.180.253,0.5
119.23.180.92,0.5
112.74.122.51,0.5
120.25.112.99,0.5
119.23.180.139,0.5
119.23.180.198,0.5
119.23.180.215,0.5
162.241.2.14,0.5
172.67.191.186,0.5
104.21.41.167,0.5
210.42.108.11,0.5
5.230.92.170,0.5
195.220.198.93,0.5
202.116.64.55,0.5
101.198.0.113,0.5
209.124.66.11,0.5
23.235.223.72,0.5
45.84.190.3,0.5
211.150.89.129,0.5
125.212.220.95,0.5
130.92.9.52,0.5
69.63.176.143,0.5
45.130.41.108,0.5
143.89.190.134,0.5
139.196.248.149,0.5
54.202.88.220,0.5
52.40.163.46,0.5
35.163.16.252,0.5
103.50.162.107,0.5
116.52.249.197,0.5
116.52.249.121,0.5
104.219.248.94,0.5
162.213.251.217,0.5
162.241.60.63,0.5
210.75.252.40,0.5
178.211.133.30,0.5
209.159.145.76,0.5
166.111.4.5,0.5
104.21.21.57,0.5
172.67.196.133,0.5
51.222.41.85,0.5
40.100.22.178,0.5
40.100.47.18,0.5
162.144.21.207,0.5
199.59.149.203,0.5
178.63.195.65,0.5
217.145.164.11,0.5
207.180.210.245,0.5
103.250.186.101,0.5
103.77.162.28,0.5
81.88.53.37,0.5
40.99.229.178,0.5
202.106.125.193,0.5
174.136.38.38,0.5
154.31.3.10,0.5
111.202.89.77,0.5
119.18.54.60,0.5
149.56.200.84,0.5
64.37.52.95,0.5
162.241.2.20,0.5
202.120.0.9,0.5
192.185.48.122,0.5
104.18.12.192,0.5
104.18.13.192,0.5
104.249.63.34,0.5
65.103.40.169,0.5
13.225.103.34,0.5
5.100.228.18,0.5
199.16.156.75,0.5
49.233.242.187,0.5
52.97.26.34,0.5
52.97.12.82,0.5
162.55.208.83,0.5
59.152.235.207,0.5
62.108.228.161,0.5
210.1.224.79,0.5
93.174.123.220,0.5
5.230.92.250,0.5
34.95.69.104,0.5
109.71.43.243,0.5
162.254.39.21,0.5
162.55.242.134,0.5
36.110.136.83,0.5
106.10.244.211,0.5
103.96.117.68,0.5
137.59.110.246,0.5
39.108.31.34,0.5
120.78.115.77,0.5
107.152.42.183,0.5
13.224.161.39,0.5
13.224.161.123,0.5
104.219.248.111,0.5
74.48.5.108,0.5
194.29.187.57,0.5
124.223.146.50,0.5
78.47.165.65,0.5
54.67.76.137,0.5
54.177.66.90,0.5
103.13.101.227,0.5
212.46.38.157,0.5
103.138.151.22,0.5
183.63.187.39,0.5
203.107.55.151,0.5
203.82.48.212,0.5
172.67.221.224,0.5
104.21.70.82,0.5
198.187.31.105,0.5
193.48.96.91,0.5
192.70.242.28,0.5
5.230.92.201,0.5
182.61.200.239,0.5
182.61.200.56,0.5
166.62.28.104,0.5
162.0.229.53,0.5
154.16.119.57,0.5
149.137.44.30,0.5
93.189.168.31,0.5
104.194.8.58,0.5
103.42.110.13,0.5
162.0.209.70,0.5
41.185.64.193,0.5
64.37.52.52,0.5
18.154.132.36,0.5
18.154.132.81,0.5
18.154.132.33,0.5
18.154.132.63,0.5
162.0.215.29,0.5
23.56.21.192,0.5
103.29.214.247,0.5
195.54.41.228,0.5
108.160.165.53,0.5
172.67.215.163,0.5
104.21.83.67,0.5
92.205.147.248,0.5
192.133.77.59,0.5
119.18.54.186,0.5
172.67.179.14,0.5
104.21.43.119,0.5
64.90.38.40,0.5
87.246.113.139,0.5
94.46.181.142,0.5
67.211.210.46,0.5
104.21.63.20,0.5
172.67.142.106,0.5
128.242.240.61,0.5
104.21.45.83,0.5
172.67.212.67,0.5
192.124.249.58,0.5
185.208.128.128,0.5
42.202.141.139,0.5
191.101.228.248,0.5
54.36.120.36,0.5
109.234.164.18,0.5
47.113.75.115,0.5
52.85.230.148,0.5
52.85.230.103,0.5
52.85.230.205,0.5
52.85.230.157,0.5
123.121.146.242,0.5
109.234.161.215,0.5
103.200.30.143,0.5
8.130.28.143,0.5
104.18.34.234,0.5
172.64.153.22,0.5
45.60.15.227,0.5
59.110.185.66,0.5
13.226.120.126,0.5
13.226.120.97,0.5
83.150.213.229,0.5
106.52.220.203,0.5
185.86.210.46,0.5
67.205.43.231,0.5
180.101.49.110,0.5
183.232.231.43,0.5
112.80.248.191,0.5
182.61.200.171,0.5
39.156.66.206,0.5
163.177.151.160,0.5
111.202.114.60,0.5
220.181.33.243,0.5
222.85.132.128,0.5
72.29.120.20,0.5
50.6.138.130,0.5
185.87.187.120,0.5
160.121.144.65,0.5
3.234.127.227,0.5
175.24.219.75,0.5
175.24.218.2,0.5
175.24.218.173,0.5
175.24.218.201,0.5
175.24.218.30,0.5
109.244.145.101,0.5
175.24.218.100,0.5
175.24.219.53,0.5
175.24.218.219,0.5
175.24.219.152,0.5
47.101.69.255,0.5
106.14.32.14,0.5
106.14.125.34,0.5
47.101.68.166,0.5
172.105.33.197,0.5
101.100.210.30,0.5
180.235.151.100,0.5
223.119.131.180,0.5
23.33.92.47,0.5
23.33.92.8,0.5
188.241.222.42,0.5
70.32.23.31,0.5
108.167.188.207,0.5
210.89.168.65,0.5
210.89.168.33,0.5
47.103.164.12,0.5
124.251.58.127,0.5
52.98.179.130,0.5
52.98.179.226,0.5
52.98.252.66,0.5
157.240.20.18,0.5
115.152.251.43,0.5
203.161.184.20,0.5
192.185.21.72,0.5
113.108.81.161,0.5
216.246.112.6,0.5
14.215.182.239,0.5
172.67.220.196,0.5
104.21.38.82,0.5
162.222.227.105,0.5
198.37.123.32,0.5
89.42.13.207,0.5
13.229.38.226,0.5
121.199.204.206,0.5
54.230.241.95,0.5
54.230.241.116,0.5
54.230.241.169,0.5
54.230.241.63,0.5
109.234.160.82,0.5
162.0.217.63,0.5
110.232.143.48,0.5
157.148.69.131,0.5
153.3.237.229,0.5
110.242.68.186,0.5
129.6.13.19,0.5
62.72.24.234,0.5
43.141.129.154,0.5
175.27.2.139,0.5
192.185.226.178,0.5
201.148.104.110,0.5
135.148.188.205,0.5
220.181.38.148,0.5
220.181.38.251,0.5
39.156.66.10,0.5
104.21.38.245,0.5
172.67.141.37,0.5
118.212.233.163,0.5
119.39.205.91,0.5
107.180.32.184,0.5
192.185.224.38,0.5
59.82.120.155,0.5
77.79.249.19,0.5
77.79.249.123,0.5
103.131.196.210,0.5
5.45.213.2,0.5
72.18.131.224,0.5
106.14.93.21,0.5
104.16.250.233,0.5
104.16.251.233,0.5
157.240.17.36,0.5
42.225.97.3,0.5
34.230.187.113,0.5
18.210.206.67,0.5
54.192.18.71,0.5
54.192.18.14,0.5
109.234.164.192,0.5
212.53.161.134,0.5
91.234.194.231,0.5
103.119.110.240,0.5
3.64.30.29,0.5
3.122.9.216,0.5
18.157.204.76,0.5
153.101.64.231,0.5
45.250.38.189,0.5
52.98.38.18,0.5
198.54.116.73,0.5
40.101.137.18,0.5
40.101.138.210,0.5
52.97.233.82,0.5
40.101.137.50,0.5
40.101.136.242,0.5
40.99.217.82,0.5
218.11.13.25,0.5
222.143.34.3,0.5
184.168.100.30,0.5
174.138.187.20,0.5
203.107.52.6,0.5
172.247.143.93,0.5
172.247.143.94,0.5
172.247.143.92,0.5
180.163.237.143,0.5
172.64.152.5,0.5
104.18.35.251,0.5
103.8.27.115,0.5
35.201.102.79,0.5
185.229.118.9,0.5
205.251.197.185,0.5
44.215.135.31,0.5
219.229.81.200,0.5
13.225.103.118,0.5
13.225.103.2,0.5
13.225.103.42,0.5
13.225.103.57,0.5
223.119.144.28,0.5
119.39.205.67,0.5
47.114.236.50,0.5
47.114.236.84,0.5
120.55.220.4,0.5
121.43.10.93,0.5
47.96.32.228,0.5
114.55.47.138,0.5
47.114.208.4,0.5
47.114.236.51,0.5
121.199.107.25,0.5
107.155.106.234,0.5
120.233.71.195,0.5
54.192.18.107,0.5
54.192.18.18,0.5
191.101.228.100,0.5
161.117.155.96,0.5
143.244.51.206,0.5
61.139.65.250,0.5
199.59.148.106,0.5
67.223.118.144,0.5
87.120.9.71,0.5
20.236.98.14,0.5
172.67.170.226,0.5
104.21.28.150,0.5
108.156.61.88,0.5
108.156.61.86,0.5
108.156.61.26,0.5
108.156.61.158,0.5
190.8.176.129,0.5
210.73.215.103,0.5
199.16.156.40,0.5
23.111.138.149,0.5
34.90.35.162,0.5
144.208.78.210,0.5
52.98.240.130,0.5
52.97.190.34,0.5
104.21.13.6,0.5
172.67.154.20,0.5
97.79.238.26,0.5
5.144.130.43,0.5
172.64.147.4,0.5
104.18.40.252,0.5
120.232.169.15,0.5
104.21.29.62,0.5
172.67.148.131,0.5
103.102.234.70,0.5
52.98.66.210,0.5
192.124.249.163,0.5
15.235.14.85,0.5
67.228.102.32,0.5
40.99.94.2,0.5
88.99.228.11,0.5
136.0.111.15,0.5
40.101.121.18,0.5
52.97.144.2,0.5
40.99.204.98,0.5
52.97.163.2,0.5
52.97.176.34,0.5
40.101.121.34,0.5
40.99.205.34,0.5
52.97.201.114,0.5
103.50.163.157,0.5
174.138.184.18,0.5
122.205.109.38,0.5
103.191.51.242,0.5
52.72.156.141,0.5
54.208.27.141,0.5
52.23.1.151,0.5
198.251.81.30,0.5
107.161.23.204,0.5
209.141.38.71,0.5
65.99.252.208,0.5
45.178.224.191,0.5
185.210.94.91,0.5
172.67.166.14,0.5
104.21.16.31,0.5
46.182.4.120,0.5
123.100.226.69,0.5
52.96.166.162,0.5
52.96.18.178,0.5
52.96.39.162,0.5
52.96.31.2,0.5
52.96.190.194,0.5
74.86.17.48,0.5
172.65.204.172,0.5
185.81.157.213,0.5
68.66.226.76,0.5
52.96.157.114,0.5
41.185.110.59,0.5
54.192.18.79,0.5
188.213.19.81,0.5
120.55.86.76,0.5
185.138.142.181,0.5
69.90.162.0,0.5
173.254.56.17,0.5
69.46.9.194,0.5
104.26.2.16,0.5
172.67.75.40,0.5
104.26.3.16,0.5
210.76.73.29,0.5
210.76.73.33,0.5
210.76.73.44,0.5
210.76.73.62,0.5
210.76.73.7,0.5
210.76.73.10,0.5
94.20.21.50,0.5
104.21.41.10,0.5
172.67.158.214,0.5
58.63.233.5,0.5
109.244.5.83,0.5
103.52.175.100,0.5
103.52.175.101,0.5
109.244.5.84,0.5
49.7.81.105,0.5
92.205.25.98,0.5
162.125.18.133,0.5
128.252.21.223,0.5
222.192.186.103,0.5
68.178.145.184,0.5
185.243.77.110,0.5
40.99.9.82,0.5
94.46.180.1,0.5
31.22.4.101,0.5
204.11.59.190,0.5
44.224.167.25,0.5
109.244.194.34,0.5
109.244.194.129,0.5
192.185.24.184,0.5
162.125.85.16,0.5
198.136.59.239,0.5
150.109.29.171,0.5
104.194.10.93,0.5
128.169.0.107,0.5
68.183.189.146,0.5
212.47.208.142,0.5
113.21.194.213,0.5
113.21.194.215,0.5
195.16.73.18,0.5
195.16.73.15,0.5
138.128.186.100,0.5
175.6.29.184,0.5
116.253.62.142,0.5
58.49.197.143,0.5
58.49.197.144,0.5
108.160.165.139,0.5
130.209.220.188,0.5
80.96.6.18,0.5
146.75.93.204,0.5
193.53.245.52,0.5
104.47.73.16,0.5
104.47.73.144,0.5
146.75.94.114,0.5
104.17.80.85,0.5
104.17.79.85,0.5
13.226.120.8,0.5
104.152.222.136,0.5
216.219.87.194,0.5
23.227.60.200,0.5
116.255.187.252,0.5
175.178.30.135,0.5
42.194.253.74,0.5
119.91.230.113,0.5
52.98.208.50,0.5
52.97.147.2,0.5
52.97.149.82,0.5
52.98.213.226,0.5
40.99.200.18,0.5
52.98.214.18,0.5
59.110.117.98,0.5
162.213.251.91,0.5
52.98.179.66,0.5
52.98.243.34,0.5
20.209.68.129,0.5
3.219.85.187,0.5
44.199.2.129,0.5
44.196.163.28,0.5
3.5.2.190,0.5
54.231.165.185,0.5
52.217.117.193,0.5
3.5.8.170,0.5
16.182.73.73,0.5
3.5.3.159,0.5
54.231.130.57,0.5
52.217.226.185,0.5
77.222.40.147,0.5
183.36.43.155,0.5
183.240.203.68,0.5
183.240.203.67,0.5
183.36.43.156,0.5
212.64.63.194,0.5
103.138.151.14,0.5
107.180.41.242,0.5
66.206.22.98,0.5
34.213.95.22,0.5
52.97.211.242,0.5
52.97.211.98,0.5
52.97.146.130,0.5
52.97.211.66,0.5
40.99.213.34,0.5
52.97.133.210,0.5
54.192.18.29,0.5
54.192.18.89,0.5
54.192.18.111,0.5
217.160.0.195,0.5
98.142.108.122,0.5
192.185.109.121,0.5
18.201.228.41,0.5
108.61.0.122,0.5
184.168.121.183,0.5
52.96.97.146,0.5
52.96.104.18,0.5
52.96.104.34,0.5
52.96.173.210,0.5
52.96.173.226,0.5
134.95.80.111,0.5
108.160.170.26,0.5
94.46.180.55,0.5
70.32.23.95,0.5
104.18.42.158,0.5
172.64.145.98,0.5
183.84.7.4,0.5
120.133.33.137,0.5
124.251.34.42,0.5
183.84.7.187,0.5
176.126.200.12,0.5
52.96.229.226,0.5
40.99.169.242,0.5
52.96.229.194,0.5
52.96.229.146,0.5
40.99.172.162,0.5
35.214.214.177,0.5
23.33.92.42,0.5
23.33.92.23,0.5
117.36.52.38,0.5
86.107.78.129,0.5
148.72.215.58,0.5
27.0.236.138,0.5
139.217.227.231,0.5
198.54.116.107,0.5
108.179.192.232,0.5
107.181.238.60,0.5
108.160.169.178,0.5
198.23.59.222,0.5
190.93.245.83,0.5
190.93.244.83,0.5
141.101.114.84,0.5
190.93.246.83,0.5
190.93.247.83,0.5
162.214.80.91,0.5
104.21.64.147,0.5
172.67.151.150,0.5
14.215.183.96,0.5
103.20.200.121,0.5
107.180.44.152,0.5
5.23.50.56,0.5
192.3.201.45,0.5
144.76.136.153,0.5
185.199.220.72,0.5
198.187.29.36,0.5
47.88.102.65,0.5
160.119.252.105,0.5
172.67.183.101,0.5
104.21.18.218,0.5
54.39.116.179,0.5
103.37.152.72,0.5
101.236.69.35,0.5
13.33.124.71,0.5
13.33.124.42,0.5
13.33.124.89,0.5
13.33.124.73,0.5
104.26.10.25,0.5
172.67.73.228,0.5
104.26.11.25,0.5
34.36.31.173,0.5
31.13.87.19,0.5
192.185.100.215,0.5
13.48.123.203,0.5
38.242.136.171,0.5
179.61.189.7,0.5
128.121.243.235,0.5
35.166.109.33,0.5
172.67.217.20,0.5
104.21.24.52,0.5
172.67.169.191,0.5
104.21.27.211,0.5
192.124.249.158,0.5
68.178.150.172,0.5
115.182.9.79,0.5
39.107.0.153,0.5
115.182.217.91,0.5
115.182.217.92,0.5
115.182.9.78,0.5
13.226.120.58,0.5
54.213.57.101,0.5
52.36.41.182,0.5
52.42.122.248,0.5
35.165.175.3,0.5
15.254.26.161,0.5
54.71.121.97,0.5
54.68.144.221,0.5
54.70.6.178,0.5
52.98.219.34,0.5
52.98.198.226,0.5
52.98.196.2,0.5
52.98.215.82,0.5
52.97.146.98,0.5
52.97.166.162,0.5
13.224.161.8,0.5
13.224.161.110,0.5
13.224.161.116,0.5
13.224.161.215,0.5
61.133.192.35,0.5
162.240.81.21,0.5
194.181.228.95,0.5
182.61.200.19,0.5
54.144.73.197,0.5
18.207.85.246,0.5
34.193.227.236,0.5
107.22.247.231,0.5
172.67.190.184,0.5
104.21.10.180,0.5
45.79.14.106,0.5
52.96.164.226,0.5
174.36.228.136,0.5
104.22.10.176,0.5
104.22.11.176,0.5
172.67.20.56,0.5
118.123.249.114,0.5
118.123.253.132,0.5
60.247.150.254,0.5
104.21.73.188,0.5
172.67.165.109,0.5
27.128.211.249,0.5
27.128.211.250,0.5
104.21.4.104,0.5
172.67.131.251,0.5
5.230.92.247,0.5
106.39.41.65,0.5
219.239.227.66,0.5
219.238.238.48,0.5
162.240.61.22,0.5
91.239.207.133,0.5
68.66.226.93,0.5
116.90.51.70,0.5
205.159.76.31,0.5
104.26.4.219,0.5
104.26.5.219,0.5
172.67.73.117,0.5
192.185.117.6,0.5
128.121.146.101,0.5
23.195.109.113,0.5
52.96.230.50,0.5
40.99.236.66,0.5
52.96.88.178,0.5
121.40.200.238,0.5
31.13.73.169,0.5
162.241.203.51,0.5
184.168.97.220,0.5
31.13.106.4,0.5
13.226.120.32,0.5
13.226.120.56,0.5
13.226.120.63,0.5
116.255.186.126,0.5
154.70.207.242,0.5
202.112.118.14,0.5
13.226.120.98,0.5
13.226.120.31,0.5
13.226.120.123,0.5
13.225.20.55,0.5
13.225.20.202,0.5
13.225.20.173,0.5
13.225.20.91,0.5
31.13.86.21,0.5
92.223.20.243,0.5
92.223.20.242,0.5
172.67.134.214,0.5
104.21.6.122,0.5
131.72.236.103,0.5
172.67.154.226,0.5
104.21.6.137,0.5
13.226.123.166,0.5
13.226.123.17,0.5
13.226.123.32,0.5
13.226.123.224,0.5
192.254.233.206,0.5
54.192.60.208,0.5
54.192.60.123,0.5
54.192.60.5,0.5
54.192.60.204,0.5
75.126.115.192,0.5
198.54.114.131,0.5
74.208.236.37,0.5
172.96.176.118,0.5
45.76.162.69,0.5
184.168.103.64,0.5
185.68.16.110,0.5
198.57.151.35,0.5
35.235.86.96,0.5
218.3.94.83,0.5
192.185.74.111,0.5
208.91.197.132,0.5
220.197.31.44,0.5
217.160.0.158,0.5
89.42.218.242,0.5
178.162.193.112,0.5
139.144.72.205,0.5
72.167.87.179,0.5
149.255.62.46,0.5
41.185.8.129,0.5
122.205.109.48,0.5
18.169.74.64,0.5
69.57.172.42,0.5
54.208.19.25,0.5
112.74.114.159,0.5
112.74.115.22,0.5
120.25.230.90,0.5
112.74.114.137,0.5
104.21.95.78,0.5
172.67.169.222,0.5
193.107.69.123,0.5
120.133.52.211,0.5
31.13.95.35,0.5
161.132.46.20,0.5
0.0.0.0,0.5
192.185.86.146,0.5
183.181.98.74,0.5
45.112.246.84,0.5
106.15.82.103,0.5
109.244.157.209,0.5
196.46.176.231,0.5
158.69.141.175,0.5
162.241.85.21,0.5
45.89.127.226,0.5
179.61.189.85,0.5
138.128.181.219,0.5
198.54.126.15,0.5
152.199.39.144,0.5
192.254.148.69,0.5
172.67.137.24,0.5
104.21.62.164,0.5
198.54.115.226,0.5
43.141.131.181,0.5
182.254.61.70,0.5
43.141.9.220,0.5
182.254.60.235,0.5
43.141.9.236,0.5
58.205.214.156,0.5
182.254.59.196,0.5
43.141.68.64,0.5
43.141.11.54,0.5
43.141.9.136,0.5
58.205.214.153,0.5
182.254.60.242,0.5
182.254.61.123,0.5
47.92.100.53,0.5
47.100.93.132,0.5
47.100.235.97,0.5
47.92.99.221,0.5
137.132.21.18,0.5
172.96.187.214,0.5
172.67.161.102,0.5
104.21.15.41,0.5
52.98.200.194,0.5
203.207.104.140,0.5
104.21.96.49,0.5
172.67.173.68,0.5
223.119.248.50,0.5
223.119.248.43,0.5
198.187.29.126,0.5
185.151.30.191,0.5
43.226.16.8,0.5
66.29.146.119,0.5
31.14.70.243,0.5
52.217.115.81,0.5
52.217.84.164,0.5
52.216.58.241,0.5
52.216.8.115,0.5
3.5.25.145,0.5
52.216.178.27,0.5
52.216.216.73,0.5
52.217.224.145,0.5
172.67.150.106,0.5
104.21.11.222,0.5
70.32.23.19,0.5
173.201.177.241,0.5
183.47.107.179,0.5
183.47.109.31,0.5
183.47.104.241,0.5
183.47.113.13,0.5
183.47.113.243,0.5
183.47.107.212,0.5
104.22.76.109,0.5
172.67.38.170,0.5
104.22.77.109,0.5
192.0.66.23,0.5
74.125.166.38,0.5
43.141.70.32,0.5
43.141.70.89,0.5
41.185.8.62,0.5
195.252.110.171,0.5
172.67.220.55,0.5
104.21.78.102,0.5
118.178.113.70,0.5
202.119.80.178,0.5
67.220.86.120,0.5
35.172.243.12,0.5
3.223.242.83,0.5
108.160.165.173,0.5
223.119.248.66,0.5
70.32.23.85,0.5
43.231.168.211,0.5
59.82.31.115,0.5
69.171.229.11,0.5
110.42.100.107,0.5
110.42.100.68,0.5
110.42.100.98,0.5
110.42.100.16,0.5
110.42.100.27,0.5
110.42.100.109,0.5
110.42.100.20,0.5
110.42.100.19,0.5
110.42.100.21,0.5
110.42.100.24,0.5
110.42.100.108,0.5
110.42.100.29,0.5
110.42.100.30,0.5
186.224.105.90,0.5
140.210.65.66,0.5
140.210.65.88,0.5
42.81.206.228,0.5
20.49.140.221,0.5
36.7.109.160,0.5
219.143.121.153,0.5
103.73.161.206,0.5
76.74.235.170,0.5
104.21.63.13,0.5
172.67.142.16,0.5
172.67.175.136,0.5
104.21.91.163,0.5
123.126.131.78,0.5
123.125.111.77,0.5
192.185.129.121,0.5
49.235.252.229,0.5
208.97.152.199,0.5
200.58.110.72,0.5
120.226.243.140,0.5
169.255.59.10,0.5
94.126.169.126,0.5
162.213.255.16,0.5
94.126.169.125,0.5
203.208.42.22,0.5
140.142.142.189,0.5
69.27.47.10,0.5
172.67.143.75,0.5
104.21.87.122,0.5
58.205.218.2,0.5
58.205.218.18,0.5
85.195.73.202,0.5
162.241.43.247,0.5
1.179.112.197,0.5
1.179.112.195,0.5
1.179.112.196,0.5
186.64.116.185,0.5
104.244.43.6,0.5
159.69.36.243,0.5
89.252.179.182,0.5
209.42.195.71,0.5
109.234.164.187,0.5
217.160.0.137,0.5
40.100.47.50,0.5
40.100.20.226,0.5
52.98.84.242,0.5
40.100.22.18,0.5
40.100.47.82,0.5
202.114.71.179,0.5
77.223.97.91,0.5
199.168.190.26,0.5
47.106.53.176,0.5
40.99.149.178,0.5
52.98.179.178,0.5
52.98.179.194,0.5
52.98.253.2,0.5
169.255.59.74,0.5
37.252.224.70,0.5
173.255.143.180,0.5
172.105.178.19,0.5
85.239.243.95,0.5
192.68.197.15,0.5
49.13.115.227,0.5
47.113.75.121,0.5
104.26.9.141,0.5
104.26.8.141,0.5
172.67.72.170,0.5
104.47.71.138,0.5
104.47.71.202,0.5
192.185.87.130,0.5
191.101.228.176,0.5
13.224.167.2,0.5
13.224.167.114,0.5
42.186.111.78,0.5
78.47.229.153,0.5
47.110.172.48,0.5
182.61.200.129,0.5
183.134.40.130,0.5
183.134.40.133,0.5
183.134.40.135,0.5
172.217.160.91,0.5
57.129.1.133,0.5
103.11.191.91,0.5
107.180.2.89,0.5
104.21.6.3,0.5
172.67.134.27,0.5
103.6.198.233,0.5
118.31.232.152,0.5
211.95.137.12,0.5
192.185.113.233,0.5
101.91.42.96,0.5
40.99.220.242,0.5
52.98.160.226,0.5
40.101.72.242,0.5
40.99.221.18,0.5
52.97.161.2,0.5
52.98.177.18,0.5
172.67.216.155,0.5
104.21.75.74,0.5
109.244.232.225,0.5
202.120.108.164,0.5
178.162.206.251,0.5
103.247.11.162,0.5
74.208.236.102,0.5
212.47.208.136,0.5
77.81.164.225,0.5
47.95.108.6,0.5
39.107.11.7,0.5
39.107.11.210,0.5
39.107.11.112,0.5
39.107.11.194,0.5
39.107.11.172,0.5
59.110.73.45,0.5
59.110.73.39,0.5
59.110.73.31,0.5
136.147.129.3,0.5
80.158.43.38,0.5
192.185.131.24,0.5
51.222.40.124,0.5
217.76.58.88,0.5
198.54.126.162,0.5
128.242.240.253,0.5
166.62.10.36,0.5
37.187.155.37,0.5
128.242.245.180,0.5
74.125.164.198,0.5
179.61.189.249,0.5
20.65.67.134,0.5
47.110.178.85,0.5
106.14.229.64,0.5
223.6.249.175,0.5
128.242.240.125,0.5
144.76.85.238,0.5
142.93.135.72,0.5
27.124.122.161,0.5
149.56.16.240,0.5
82.219.84.103,0.5
68.66.248.44,0.5
71.132.30.15,0.5
54.223.33.210,0.5
40.99.163.242,0.5
40.99.227.82,0.5
40.126.16.161,0.5
20.190.144.142,0.5
20.190.144.143,0.5
20.190.144.141,0.5
40.126.16.162,0.5
199.188.200.50,0.5
213.186.33.19,0.5
139.99.3.221,0.5
89.39.208.36,0.5
195.35.39.237,0.5
23.111.166.42,0.5
91.194.110.7,0.5
34.111.254.92,0.5
44.207.225.202,0.5
34.206.136.168,0.5
3.224.7.181,0.5
27.131.110.242,0.5
172.67.138.205,0.5
104.21.70.194,0.5
17.248.164.36,0.5
94.24.37.17,0.5
113.106.92.197,0.5
65.49.68.152,0.5
172.67.172.204,0.5
104.21.47.213,0.5
104.22.49.95,0.5
104.22.48.95,0.5
172.67.13.218,0.5
192.119.9.178,0.5
183.90.245.28,0.5
172.66.40.203,0.5
172.66.43.53,0.5
104.244.45.246,0.5
210.32.8.126,0.5
52.117.165.205,0.5
39.107.83.115,0.5
47.102.145.50,0.5
101.35.220.127,0.5
114.132.126.59,0.5
8.134.122.50,0.5
3.123.239.72,0.5
3.123.188.246,0.5
47.113.75.137,0.5
47.104.254.112,0.5
118.190.85.82,0.5
41.77.115.130,0.5
172.67.135.99,0.5
104.21.26.48,0.5
23.195.109.72,0.5
47.100.217.112,0.5
185.246.46.123,0.5
153.92.215.13,0.5
199.16.156.71,0.5
103.104.50.100,0.5
129.82.210.195,0.5
192.64.118.77,0.5
208.91.112.55,0.5
59.82.122.10,0.5
223.119.238.8,0.5
114.116.241.98,0.5
65.99.225.31,0.5
8.142.93.255,0.5
192.185.164.90,0.5
103.253.213.45,0.5
34.213.240.129,0.5
44.231.206.152,0.5
54.191.47.42,0.5
8.129.216.156,0.5
185.206.27.83,0.5
66.29.141.199,0.5
54.192.18.63,0.5
23.210.167.208,0.5
157.90.36.208,0.5
192.185.102.248,0.5
39.107.196.71,0.5
162.144.159.205,0.5
185.208.130.156,0.5
52.98.179.82,0.5
108.160.165.189,0.5
157.90.6.91,0.5
40.79.207.82,0.5
160.153.129.222,0.5
52.29.206.193,0.5
82.163.179.52,0.5
23.111.150.178,0.5
198.54.115.107,0.5
223.223.182.225,0.5
185.58.73.18,0.5
23.195.108.235,0.5
166.62.28.129,0.5
180.163.249.223,0.5
112.64.200.139,0.5
65.181.111.170,0.5
103.147.154.179,0.5
129.100.0.79,0.5
202.201.0.72,0.5
158.106.128.147,0.5
129.7.202.5,0.5
103.203.218.118,0.5
13.127.61.97,0.5
3.7.199.49,0.5
52.66.95.198,0.5
185.78.22.80,0.5
103.58.102.44,0.5
170.249.236.133,0.5
58.205.218.21,0.5
58.205.218.20,0.5
162.213.255.54,0.5
162.213.255.37,0.5
139.59.57.33,0.5
202.115.72.105,0.5
13.89.142.250,0.5
203.175.9.111,0.5
198.252.104.151,0.5
123.60.127.38,0.5
119.3.116.175,0.5
119.3.116.136,0.5
123.60.127.28,0.5
193.26.115.174,0.5
103.8.25.46,0.5
87.98.128.166,0.5
220.181.128.172,0.5
103.241.192.66,0.5
192.64.112.83,0.5
104.18.1.130,0.5
104.18.0.130,0.5
13.111.40.69,0.5
67.215.3.243,0.5
78.135.65.25,0.5
192.185.46.60,0.5
81.88.52.119,0.5
186.64.116.65,0.5
162.144.21.164,0.5
40.99.65.82,0.5
52.98.37.98,0.5
113.219.239.52,0.5
220.181.39.86,0.5
162.241.61.123,0.5
185.137.235.119,0.5
67.222.154.14,0.5
194.177.200.132,0.5
210.76.211.73,0.5
45.158.12.45,0.5
185.53.12.181,0.5
140.143.215.232,0.5
51.83.46.149,0.5
131.111.20.161,0.5
47.101.88.3,0.5
18.132.146.6,0.5
206.221.176.239,0.5
66.135.37.14,0.5
67.225.141.93,0.5
52.76.225.3,0.5
54.251.215.225,0.5
52.77.184.113,0.5
106.39.169.69,0.5
162.241.203.81,0.5
192.185.208.124,0.5
162.213.255.15,0.5
192.185.209.103,0.5
50.31.176.165,0.5
119.28.54.212,0.5
67.222.148.220,0.5
123.59.230.132,0.5
39.105.240.141,0.5
71.137.16.114,0.5
115.236.121.28,0.5
208.109.27.67,0.5
54.90.91.252,0.5
34.224.64.105,0.5
3.81.62.44,0.5
35.170.67.162,0.5
3.235.13.119,0.5
35.153.169.72,0.5
52.55.115.253,0.5
52.201.2.80,0.5
49.233.94.23,0.5
82.157.159.36,0.5
88.119.160.96,0.5
107.180.26.70,0.5
198.50.224.149,0.5
192.185.215.34,0.5
42.194.253.60,0.5
42.194.252.90,0.5
185.250.237.29,0.5
40.99.9.2,0.5
52.98.46.98,0.5
40.99.77.98,0.5
40.99.76.194,0.5
119.8.155.130,0.5
72.249.57.139,0.5
40.101.76.146,0.5
52.97.174.2,0.5
108.167.171.58,0.5
20.135.2.0,0.5
118.228.48.78,0.5
35.192.109.6,0.5
168.143.171.189,0.5
45.167.178.92,0.5
185.162.89.190,0.5
45.151.132.50,0.5
200.6.152.233,0.5
112.65.149.78,0.5
179.61.189.101,0.5
191.101.228.39,0.5
13.224.167.125,0.5
190.90.160.172,0.5
36.189.218.51,0.5
198.57.210.199,0.5
146.75.92.239,0.5
198.50.173.10,0.5
23.185.0.2,0.5
144.195.13.213,0.5
166.62.108.178,0.5
77.81.121.32,0.5
108.179.252.178,0.5
50.6.138.24,0.5
162.213.251.134,0.5
162.241.216.167,0.5
117.30.234.182,0.5
185.234.224.34,0.5
199.59.149.206,0.5
104.21.74.98,0.5
172.67.201.195,0.5
148.66.138.188,0.5
61.152.229.78,0.5
168.119.154.12,0.5
199.193.116.105,0.5
92.204.55.210,0.5
107.149.146.240,0.5
104.21.8.106,0.5
172.67.157.76,0.5
52.20.195.32,0.5
23.22.90.252,0.5
34.200.97.200,0.5
190.8.176.115,0.5
81.19.215.20,0.5
49.212.243.11,0.5
78.138.112.35,0.5
205.220.176.251,0.5
47.242.201.163,0.5
121.12.125.49,0.5
35.232.231.196,0.5
185.2.4.30,0.5
75.119.201.105,0.5
218.92.227.235,0.5
18.65.25.112,0.5
18.65.25.110,0.5
18.65.25.27,0.5
18.65.25.42,0.5
185.98.131.198,0.5
35.244.135.187,0.5
162.215.254.94,0.5
192.185.195.154,0.5
54.66.244.27,0.5
116.202.156.22,0.5
165.227.44.49,0.5
180.163.239.238,0.5
42.236.102.110,0.5
180.163.237.175,0.5
190.107.177.232,0.5
202.194.40.239,0.5
103.147.154.182,0.5
143.205.174.183,0.5
186.64.116.150,0.5
185.199.175.131,0.5
34.230.206.233,0.5
104.26.11.134,0.5
104.26.10.134,0.5
172.67.70.32,0.5
202.115.32.49,0.5
210.19.94.140,0.5
211.159.143.113,0.5
198.54.119.151,0.5
195.110.34.158,0.5
184.168.96.0,0.5
192.254.185.183,0.5
172.67.140.79,0.5
104.21.94.210,0.5
68.178.153.122,0.5
172.104.42.237,0.5
192.250.227.17,0.5
3.123.173.253,0.5
3.126.196.62,0.5
18.194.67.170,0.5
124.70.126.226,0.5
124.70.126.224,0.5
124.70.125.224,0.5
124.70.125.226,0.5
70.32.23.79,0.5
95.217.229.38,0.5
45.60.158.238,0.5
108.139.126.70,0.5
108.139.126.54,0.5
108.139.126.59,0.5
108.139.126.173,0.5
106.0.62.87,0.5
85.10.159.53,0.5
190.8.176.126,0.5
13.224.167.111,0.5
13.224.167.106,0.5
45.113.122.172,0.5
20.60.133.132,0.5
162.0.209.222,0.5
222.24.129.57,0.5
68.178.244.145,0.5
59.110.185.244,0.5
109.106.254.179,0.5
85.92.72.29,0.5
69.171.229.73,0.5
104.21.83.102,0.5
172.67.222.26,0.5
5.79.125.143,0.5
108.167.188.214,0.5
192.185.166.54,0.5
40.99.213.18,0.5
52.97.211.130,0.5
52.97.219.210,0.5
156.67.213.31,0.5
185.151.30.187,0.5
65.99.252.126,0.5
164.132.215.56,0.5
179.61.189.97,0.5
223.119.142.101,0.5
198.54.121.168,0.5
103.117.212.209,0.5
216.128.183.163,0.5
27.39.220.1,0.5
147.135.130.87,0.5
217.160.0.173,0.5
186.64.119.235,0.5
108.160.169.46,0.5
104.244.46.208,0.5
172.67.197.23,0.5
104.21.92.182,0.5
13.226.120.54,0.5
13.226.120.110,0.5
13.226.120.120,0.5
160.153.54.132,0.5
61.50.134.234,0.5
185.151.30.204,0.5
164.160.91.47,0.5
69.90.161.145,0.5
184.168.98.84,0.5
40.101.146.2,0.5
115.238.129.210,0.5
118.212.234.151,0.5
36.248.43.190,0.5
1.56.98.55,0.5
36.248.43.182,0.5
211.93.211.105,0.5
36.248.43.178,0.5
221.204.209.136,0.5
115.56.76.113,0.5
118.212.234.34,0.5
36.248.64.241,0.5
118.212.234.31,0.5
116.153.4.110,0.5
42.236.89.133,0.5
36.248.64.53,0.5
118.212.234.185,0.5
92.205.145.140,0.5
202.38.251.178,0.5
209.133.218.2,0.5
65.108.109.87,0.5
141.211.243.251,0.5
104.21.1.92,0.5
172.67.128.246,0.5
203.175.8.93,0.5
104.26.9.129,0.5
172.67.69.88,0.5
104.26.8.129,0.5
109.244.199.239,0.5
109.244.199.32,0.5
186.64.114.215,0.5
95.216.26.57,0.5
103.200.23.179,0.5
217.160.0.148,0.5
143.244.51.8,0.5
143.244.51.248,0.5
143.244.51.3,0.5
143.244.51.15,0.5
143.244.51.5,0.5
143.244.51.203,0.5
143.244.51.11,0.5
185.180.13.20,0.5
192.185.36.81,0.5
104.21.30.55,0.5
172.67.150.156,0.5
204.44.192.59,0.5
172.67.181.100,0.5
104.21.72.102,0.5
104.244.43.57,0.5
173.201.191.223,0.5
212.81.213.147,0.5
13.236.43.253,0.5
104.21.77.175,0.5
172.67.210.158,0.5
58.34.105.31,0.5
121.43.176.163,0.5
62.173.146.63,0.5
104.244.46.211,0.5
132.66.251.11,0.5
108.167.132.112,0.5
43.137.128.148,0.5
43.137.129.117,0.5
199.59.148.202,0.5
20.93.211.47,0.5
107.155.89.42,0.5
203.191.149.81,0.5
52.197.34.16,0.5
13.115.81.74,0.5
172.67.211.69,0.5
104.21.37.181,0.5
192.124.249.80,0.5
59.110.117.85,0.5
204.155.159.109,0.5
76.74.235.230,0.5
192.95.16.225,0.5
52.96.163.226,0.5
52.96.230.114,0.5
198.187.29.27,0.5
99.86.17.99,0.5
99.86.17.93,0.5
99.86.17.9,0.5
99.86.17.110,0.5
162.144.1.242,0.5
91.228.167.26,0.5
92.205.169.152,0.5
153.37.235.67,0.5
190.90.160.170,0.5
155.254.16.28,0.5
95.217.121.137,0.5
118.184.78.78,0.5
183.131.158.102,0.5
183.131.158.123,0.5
128.199.117.37,0.5
102.130.122.231,0.5
3.92.22.42,0.5
3.85.202.158,0.5
54.163.64.144,0.5
52.91.235.93,0.5
18.215.145.14,0.5
185.215.113.84,0.5
52.96.223.66,0.5
40.97.131.146,0.5
52.96.59.194,0.5
52.96.181.114,0.5
177.234.145.146,0.5
190.8.176.166,0.5
108.160.167.174,0.5
34.102.186.45,0.5
166.62.10.45,0.5
31.13.95.17,0.5
199.79.62.225,0.5
148.66.137.114,0.5
174.136.25.175,0.5
74.48.44.147,0.5
43.254.133.189,0.5
114.67.251.123,0.5
186.227.204.51,0.5
162.159.129.87,0.5
162.159.130.87,0.5
198.20.90.34,0.5
101.230.204.228,0.5
183.255.249.88,0.5
112.30.248.75,0.5
36.159.98.134,0.5
119.3.116.107,0.5
123.60.127.1,0.5
119.3.116.165,0.5
123.60.127.64,0.5
151.106.49.26,0.5
67.227.188.171,0.5
66.96.149.17,0.5
38.98.219.152,0.5
121.201.64.66,0.5
34.195.16.139,0.5
18.234.8.50,0.5
174.129.165.207,0.5
52.54.36.84,0.5
195.159.29.135,0.5
166.111.204.9,0.5
185.148.45.79,0.5
89.42.218.101,0.5
115.152.254.98,0.5
115.152.253.89,0.5
42.186.150.188,0.5
42.186.150.187,0.5
185.199.220.75,0.5
185.45.7.97,0.5
135.181.211.197,0.5
60.190.240.200,0.5
23.229.166.168,0.5
103.228.136.22,0.5
42.186.235.234,0.5
50.87.180.88,0.5
198.54.120.103,0.5
198.59.144.140,0.5
104.244.42.137,0.5
104.244.42.73,0.5
104.244.42.9,0.5
104.244.42.201,0.5
66.154.14.157,0.5
223.119.140.95,0.5
52.97.19.162,0.5
52.97.26.66,0.5
52.97.78.98,0.5
52.97.34.130,0.5
84.17.57.3,0.5
84.17.57.14,0.5
84.17.57.6,0.5
150.95.83.209,0.5
52.98.64.34,0.5
40.99.78.146,0.5
40.99.78.130,0.5
199.59.148.6,0.5
68.70.164.19,0.5
94.23.123.177,0.5
52.191.96.132,0.5
13.224.161.40,0.5
13.224.161.137,0.5
13.224.161.17,0.5
13.224.161.83,0.5
36.110.213.143,0.5
180.163.249.138,0.5
171.8.167.68,0.5
180.163.251.224,0.5
104.16.106.6,0.5
104.16.107.6,0.5
103.103.192.238,0.5
223.119.130.19,0.5
210.152.243.234,0.5
120.224.34.69,0.5
119.188.96.39,0.5
222.173.32.5,0.5
104.21.14.50,0.5
172.67.202.56,0.5
52.97.16.146,0.5
52.97.11.210,0.5
52.97.11.178,0.5
52.97.78.50,0.5
173.237.190.240,0.5
69.90.163.160,0.5
162.241.103.189,0.5
103.6.198.140,0.5
47.94.216.45,0.5
116.153.45.152,0.5
162.0.209.133,0.5
68.66.255.233,0.5
52.98.179.114,0.5
52.98.252.98,0.5
52.98.179.146,0.5
40.99.149.162,0.5
72.249.55.24,0.5
89.110.53.69,0.5
174.138.187.131,0.5
177.52.181.15,0.5
52.216.78.136,0.5
52.216.27.160,0.5
52.216.36.138,0.5
52.216.56.194,0.5
52.216.41.178,0.5
54.231.193.186,0.5
54.231.162.162,0.5
52.217.124.186,0.5
65.49.26.98,0.5
46.22.47.6,0.5
175.27.22.2,0.5
172.67.208.242,0.5
104.21.58.219,0.5
207.189.124.66,0.5
173.201.184.58,0.5
34.214.171.221,0.5
185.60.219.41,0.5
121.194.4.83,0.5
45.113.20.62,0.5
45.113.20.61,0.5
174.136.28.70,0.5
119.45.69.215,0.5
136.243.40.139,0.5
103.233.1.219,0.5
130.211.24.203,0.5
190.8.176.78,0.5
45.77.216.121,0.5
52.92.249.217,0.5
52.92.179.9,0.5
52.92.227.89,0.5
52.218.183.177,0.5
52.92.184.33,0.5
52.92.225.121,0.5
52.218.235.67,0.5
52.92.240.209,0.5
176.58.108.207,0.5
118.139.161.199,0.5
66.29.132.89,0.5
199.188.206.59,0.5
14.128.14.2,0.5
104.21.16.70,0.5
172.67.166.227,0.5
5.100.152.246,0.5
52.98.141.66,0.5
40.99.128.50,0.5
40.100.148.178,0.5
40.99.128.162,0.5
40.99.133.34,0.5
40.99.131.194,0.5
112.213.89.21,0.5
52.98.171.242,0.5
52.98.152.178,0.5
141.8.192.93,0.5
104.21.77.119,0.5
172.67.207.93,0.5
52.216.29.84,0.5
3.5.29.158,0.5
3.5.25.211,0.5
52.217.193.121,0.5
3.5.17.132,0.5
3.5.25.33,0.5
52.217.203.233,0.5
52.217.230.89,0.5
196.22.132.220,0.5
198.12.243.136,0.5
103.76.231.42,0.5
139.196.19.26,0.5
3.214.112.20,0.5
54.156.50.232,0.5
54.152.124.210,0.5
120.39.214.44,0.5
49.71.74.76,0.5
59.56.29.125,0.5
61.179.224.63,0.5
116.162.180.244,0.5
185.156.219.153,0.5
45.76.49.77,0.5
128.242.240.93,0.5
103.152.79.223,0.5
120.133.44.197,0.5
109.234.161.41,0.5
47.101.83.161,0.5
131.159.19.110,0.5
210.245.90.250,0.5
50.87.146.77,0.5
3.18.61.251,0.5
172.99.188.56,0.5
168.143.162.58,0.5
119.18.54.46,0.5
104.21.34.105,0.5
172.67.159.26,0.5
68.178.223.119,0.5
199.96.58.177,0.5
158.160.118.17,0.5
47.95.171.34,0.5
72.14.182.189,0.5
52.104.139.25,0.5
43.250.142.113,0.5
109.234.164.204,0.5
34.120.160.218,0.5
45.82.107.56,0.5
13.56.39.27,0.5
13.56.22.212,0.5
115.182.216.55,0.5
185.107.57.42,0.5
162.0.232.75,0.5
202.119.245.248,0.5
172.66.0.96,0.5
162.159.140.98,0.5
192.144.136.200,0.5
143.95.38.148,0.5
163.44.198.72,0.5
162.125.2.3,0.5
184.171.244.2,0.5
85.187.128.31,0.5
135.125.98.64,0.5
125.253.92.60,0.5
203.124.44.88,0.5
177.73.237.237,0.5
44.215.143.29,0.5
148.66.137.40,0.5
179.61.189.29,0.5
103.152.79.182,0.5
220.160.52.68,0.5
112.54.44.53,0.5
112.111.2.61,0.5
179.61.189.183,0.5
109.70.148.40,0.5
18.155.68.127,0.5
18.155.68.96,0.5
18.155.68.84,0.5
18.155.68.99,0.5
211.144.27.23,0.5
107.180.88.37,0.5
173.254.24.47,0.5
52.97.186.114,0.5
40.99.217.50,0.5
52.97.232.194,0.5
108.160.169.186,0.5
198.12.253.137,0.5
40.99.9.50,0.5
52.98.58.34,0.5
52.98.123.210,0.5
185.220.245.24,0.5
34.194.39.199,0.5
54.88.35.99,0.5
3.86.37.148,0.5
54.85.246.96,0.5
3.0.158.126,0.5
51.250.69.53,0.5
108.160.170.41,0.5
202.119.107.40,0.5
193.48.96.10,0.5
103.110.127.12,0.5
52.98.228.18,0.5
52.97.233.98,0.5
40.99.220.194,0.5
52.98.229.2,0.5
52.98.235.2,0.5
192.185.145.145,0.5
162.241.125.95,0.5
104.21.79.75,0.5
172.67.169.87,0.5
172.67.131.183,0.5
104.21.10.199,0.5
104.21.13.139,0.5
172.67.200.96,0.5
217.160.207.115,0.5
47.101.138.44,0.5
72.52.144.121,0.5
104.194.8.143,0.5
172.96.160.210,0.5
172.96.161.6,0.5
104.194.8.120,0.5
86.107.32.154,0.5
138.128.189.50,0.5
18.27.74.51,0.5
45.126.43.27,0.5
109.234.161.110,0.5
156.67.209.40,0.5
104.21.42.107,0.5
172.67.205.64,0.5
66.29.153.213,0.5
103.159.36.42,0.5
207.148.117.199,0.5
77.79.239.194,0.5
49.7.36.23,0.5
103.28.12.167,0.5
213.136.76.107,0.5
162.241.62.58,0.5
40.99.67.194,0.5
192.81.241.100,0.5
52.96.3.130,0.5
52.96.166.18,0.5
52.96.31.178,0.5
39.105.227.129,0.5
39.107.146.21,0.5
39.106.233.111,0.5
173.254.56.31,0.5
203.208.39.88,0.5
199.16.158.12,0.5
54.192.18.20,0.5
54.192.18.122,0.5
199.16.158.182,0.5
162.241.85.201,0.5
210.32.15.20,0.5
148.251.135.153,0.5
47.102.0.154,0.5
106.15.149.70,0.5
106.15.149.128,0.5
47.100.134.67,0.5
106.15.253.172,0.5
106.15.253.196,0.5
106.15.253.211,0.5
106.15.149.219,0.5
142.171.97.12,0.5
124.251.126.21,0.5
185.199.220.55,0.5
192.81.170.5,0.5
103.76.228.120,0.5
104.21.11.244,0.5
172.67.193.32,0.5
183.61.120.17,0.5
183.61.120.16,0.5
137.189.41.2,0.5
66.63.178.35,0.5
5.230.92.179,0.5
195.201.73.55,0.5
192.124.249.165,0.5
144.76.112.150,0.5
216.172.184.60,0.5
109.244.26.220,0.5
109.244.26.219,0.5
172.104.22.63,0.5
198.187.31.83,0.5
194.104.108.22,0.5
194.104.110.22,0.5
172.96.187.53,0.5
221.236.30.60,0.5
65.21.120.32,0.5
67.199.150.81,0.5
31.13.96.195,0.5
124.70.125.122,0.5
124.70.125.128,0.5
210.245.90.202,0.5
103.55.39.194,0.5
31.13.85.169,0.5
111.62.242.14,0.5
41.185.8.119,0.5
122.115.55.60,0.5
202.201.0.99,0.5
148.251.123.147,0.5
209.204.225.179,0.5
192.254.232.209,0.5
162.19.164.17,0.5
208.71.169.140,0.5
122.112.217.156,0.5
103.147.154.165,0.5
47.113.75.126,0.5
77.72.0.158,0.5
186.64.119.195,0.5
45.159.188.248,0.5
59.110.185.32,0.5
170.72.40.143,0.5
62.72.18.18,0.5
128.32.13.215,0.5
95.217.24.104,0.5
140.174.2.78,0.5
8.141.169.199,0.5
65.60.5.219,0.5
109.244.236.234,0.5
161.97.185.9,0.5
104.244.43.35,0.5
40.101.70.194,0.5
52.97.181.34,0.5
39.105.203.17,0.5
69.162.95.2,0.5
110.42.9.8,0.5
23.100.233.65,0.5
192.227.171.66,0.5
40.99.69.146,0.5
50.63.179.9,0.5
91.189.114.27,0.5
117.187.129.203,0.5
35.85.213.231,0.5
54.189.115.5,0.5
211.144.20.5,0.5
195.78.67.48,0.5
46.250.210.45,0.5
47.94.245.68,0.5
218.197.48.217,0.5
103.102.0.150,0.5
198.187.31.163,0.5
110.42.98.119,0.5
61.147.70.243,0.5
192.124.249.85,0.5
65.109.88.87,0.5
222.78.44.42,0.5
192.185.26.14,0.5
139.144.66.74,0.5
162.144.4.132,0.5
47.103.134.62,0.5
112.124.227.197,0.5
5.61.57.250,0.5
69.48.151.79,0.5
146.112.255.69,0.5
89.26.237.203,0.5
193.232.146.13,0.5
198.12.225.140,0.5
46.252.148.24,0.5
111.32.191.12,0.5
112.13.104.10,0.5
36.155.8.10,0.5
111.32.191.10,0.5
112.13.104.12,0.5
36.155.8.12,0.5
114.142.162.113,0.5
185.93.166.132,0.5
202.53.17.67,0.5
67.223.118.14,0.5
68.66.224.37,0.5
27.44.122.145,0.5
27.44.125.117,0.5
27.44.125.91,0.5
27.44.125.45,0.5
85.187.128.54,0.5
94.130.236.103,0.5
39.106.158.243,0.5
49.235.112.12,0.5
192.185.174.58,0.5
222.132.143.16,0.5
211.91.67.108,0.5
108.160.163.117,0.5
23.229.186.37,0.5
104.198.14.52,0.5
5.230.92.230,0.5
91.228.167.133,0.5
154.84.6.17,0.5
42.62.125.105,0.5
42.62.125.104,0.5
185.30.32.144,0.5
23.195.110.2,0.5
104.21.50.65,0.5
172.67.157.142,0.5
118.26.34.84,0.5
118.26.34.85,0.5
65.21.72.20,0.5
138.117.150.9,0.5
66.22.35.2,0.5
194.163.41.45,0.5
52.85.15.108,0.5
52.85.15.218,0.5
52.85.15.149,0.5
52.85.15.113,0.5
103.224.182.238,0.5
202.204.175.20,0.5
172.190.32.55,0.5
78.40.10.97,0.5
41.187.100.30,0.5
94.136.168.101,0.5
121.36.216.178,0.5
104.21.36.42,0.5
172.67.185.47,0.5
223.119.239.48,0.5
203.112.92.245,0.5
104.18.39.49,0.5
172.64.148.207,0.5
27.124.114.163,0.5
47.91.249.107,0.5
146.75.94.217,0.5
34.194.57.87,0.5
3.217.241.196,0.5
199.59.149.236,0.5
18.211.8.33,0.5
44.205.221.57,0.5
54.90.232.132,0.5
173.254.87.47,0.5
108.179.193.42,0.5
40.99.205.114,0.5
52.98.201.82,0.5
52.97.133.146,0.5
52.97.165.146,0.5
192.185.29.223,0.5
120.197.33.6,0.5
210.76.75.84,0.5
157.122.49.6,0.5
104.248.217.194,0.5
185.20.51.238,0.5
59.110.185.222,0.5
136.159.208.125,0.5
3.211.154.213,0.5
52.70.193.102,0.5
109.203.108.149,0.5
220.181.128.242,0.5
172.67.25.118,0.5
104.22.42.75,0.5
104.22.43.75,0.5
115.152.251.93,0.5
74.86.151.162,0.5
107.149.146.242,0.5
200.121.120.116,0.5
222.196.238.5,0.5
190.8.176.18,0.5
38.6.239.109,0.5
158.140.2.53,0.5
58.205.220.36,0.5
58.205.220.33,0.5
58.205.220.32,0.5
58.205.220.34,0.5
68.66.226.103,0.5
66.29.132.94,0.5
103.21.59.169,0.5
109.244.232.160,0.5
109.244.232.172,0.5
52.96.191.242,0.5
52.96.157.98,0.5
52.96.79.162,0.5
52.213.114.86,0.5
111.118.215.219,0.5
104.21.15.150,0.5
172.67.206.85,0.5
58.49.200.200,0.5
162.241.203.11,0.5
198.54.115.99,0.5
108.167.149.240,0.5
45.138.134.33,0.5
218.16.123.243,0.5
162.241.2.218,0.5
104.16.252.55,0.5
108.138.101.134,0.5
108.138.101.14,0.5
108.138.101.224,0.5
108.138.101.137,0.5
108.181.214.213,0.5
120.226.10.29,0.5
52.98.159.242,0.5
52.98.159.210,0.5
192.185.177.15,0.5
45.64.128.99,0.5
198.38.91.55,0.5
104.18.215.59,0.5
104.18.214.59,0.5
23.111.64.26,0.5
184.28.218.32,0.5
89.233.107.176,0.5
52.96.242.2,0.5
52.96.182.162,0.5
40.97.200.162,0.5
52.96.119.226,0.5
103.6.198.108,0.5
181.214.142.2,0.5
107.180.47.57,0.5
213.136.93.164,0.5
192.185.193.214,0.5
54.192.18.38,0.5
54.192.18.22,0.5
54.192.18.21,0.5
125.64.43.68,0.5
125.64.43.69,0.5
109.234.164.212,0.5
70.38.21.232,0.5
61.152.229.207,0.5
101.226.30.11,0.5
172.67.161.128,0.5
104.21.66.156,0.5
183.61.120.34,0.5
208.91.199.230,0.5
50.31.174.138,0.5
40.100.46.114,0.5
40.100.47.34,0.5
125.217.94.47,0.5
211.33.130.22,0.5
65.99.252.228,0.5
148.163.48.215,0.5
217.144.104.111,0.5
162.241.85.93,0.5
143.244.50.89,0.5
180.85.12.3,0.5
8.219.159.87,0.5
8.219.247.14,0.5
121.194.7.73,0.5
121.194.7.74,0.5
159.138.107.149,0.5
217.21.91.196,0.5
167.71.20.219,0.5
167.172.138.218,0.5
31.14.70.242,0.5
40.99.36.66,0.5
41.185.8.230,0.5
175.27.0.139,0.5
109.244.218.10,0.5
43.137.155.131,0.5
35.155.152.211,0.5
52.220.228.62,0.5
18.140.73.131,0.5
111.13.25.243,0.5
109.244.228.244,0.5
109.244.228.31,0.5
178.218.165.103,0.5
52.108.9.12,0.5
52.108.8.12,0.5
40.99.235.146,0.5
211.171.233.129,0.5
211.40.39.251,0.5
211.168.53.110,0.5
58.151.148.90,0.5
179.153.102.52,0.5
189.232.10.46,0.5
187.204.45.8,0.5
91.104.83.7,0.5
101.37.42.200,0.5
108.139.241.152,0.5
108.139.241.171,0.5
108.139.241.37,0.5
108.139.241.142,0.5
41.185.8.63,0.5
172.104.39.140,0.5
118.190.60.149,0.5
173.236.65.234,0.5
34.102.176.0,0.5
54.192.18.97,0.5
54.192.18.83,0.5
45.136.20.178,0.5
183.90.242.28,0.5
47.95.85.41,0.5
185.84.28.15,0.5
172.67.131.42,0.5
104.21.3.202,0.5
47.57.130.33,0.5
54.231.166.89,0.5
52.216.248.156,0.5
52.216.35.241,0.5
16.182.100.209,0.5
52.216.76.236,0.5
52.217.132.9,0.5
16.182.101.65,0.5
54.231.202.217,0.5
104.21.68.202,0.5
172.67.198.114,0.5
172.67.179.12,0.5
104.21.51.107,0.5
172.67.211.159,0.5
104.21.35.23,0.5
18.67.21.72,0.5
18.67.21.46,0.5
18.67.21.26,0.5
18.67.21.226,0.5
44.227.191.97,0.5
52.26.81.110,0.5
44.229.37.157,0.5
173.254.32.85,0.5
108.167.140.132,0.5
209.85.229.6,0.5
64.210.147.16,0.5
64.210.147.19,0.5
64.210.147.22,0.5
64.210.147.23,0.5
64.210.147.20,0.5
64.210.147.18,0.5
64.210.147.21,0.5
64.210.147.17,0.5
92.204.133.143,0.5
198.54.120.105,0.5
118.178.1.47,0.5
218.192.12.128,0.5
72.52.178.23,0.5
69.171.234.48,0.5
199.59.148.9,0.5
207.24.42.235,0.5
170.249.219.18,0.5
185.30.108.61,0.5
23.23.157.209,0.5
44.196.32.212,0.5
52.3.183.229,0.5
64.20.37.43,0.5
208.109.202.49,0.5
128.249.42.239,0.5
203.167.14.41,0.5
218.197.101.14,0.5
201.148.104.108,0.5
50.87.151.172,0.5
127.0.0.2,0.5
102.130.121.150,0.5
77.245.159.12,0.5
104.223.62.200,0.5
54.192.18.90,0.5
54.192.18.125,0.5
54.192.18.123,0.5
35.169.63.230,0.5
112.48.165.122,0.5
39.107.239.80,0.5
45.77.43.41,0.5
169.60.78.87,0.5
208.91.199.109,0.5
88.198.22.18,0.5
52.105.228.55,0.5
172.67.187.18,0.5
104.21.92.57,0.5
52.2.173.12,0.5
3.87.130.85,0.5
203.208.32.97,0.5
92.42.111.219,0.5
162.241.61.153,0.5
13.225.103.61,0.5
13.225.103.74,0.5
104.21.4.166,0.5
172.67.132.69,0.5
17.33.201.133,0.5
17.33.200.238,0.5
17.33.202.88,0.5
87.236.16.222,0.5
75.98.175.112,0.5
92.204.220.72,0.5
205.167.25.177,0.5
205.167.25.178,0.5
205.167.25.171,0.5
205.167.25.167,0.5
205.167.25.172,0.5
205.167.25.168,0.5
52.96.215.18,0.5
120.77.228.63,0.5
54.250.12.199,0.5
13.231.40.239,0.5
123.129.198.225,0.5
202.89.233.101,0.5
202.89.233.100,0.5
188.93.95.21,0.5
132.148.213.67,0.5
47.113.75.192,0.5
110.65.10.248,0.5
201.148.104.8,0.5
92.42.33.93,0.5
162.241.123.65,0.5
31.13.94.41,0.5
162.0.235.69,0.5
103.107.218.234,0.5
103.107.217.66,0.5
103.102.202.120,0.5
103.107.217.29,0.5
202.119.32.33,0.5
104.18.9.9,0.5
104.18.8.9,0.5
101.201.62.21,0.5
219.143.71.193,0.5
192.185.35.98,0.5
162.241.60.244,0.5
91.212.162.125,0.5
66.198.240.51,0.5
209.124.66.18,0.5
121.40.40.16,0.5
54.192.16.142,0.5
54.192.16.87,0.5
54.192.16.223,0.5
54.192.16.209,0.5
157.240.13.8,0.5
220.181.159.207,0.5
101.236.69.45,0.5
103.37.152.58,0.5
107.180.4.126,0.5
192.185.193.146,0.5
68.232.203.70,0.5
162.144.67.20,0.5
223.119.217.215,0.5
85.187.145.226,0.5
203.161.32.165,0.5
187.18.5.28,0.5
107.180.40.22,0.5
142.34.194.118,0.5
198.54.126.165,0.5
198.12.217.77,0.5
31.200.242.111,0.5
8.134.50.24,0.5
8.134.32.222,0.5
8.134.64.214,0.5
220.160.52.179,0.5
107.180.41.169,0.5
31.22.4.240,0.5
35.201.76.221,0.5
47.75.19.38,0.5
39.102.140.62,0.5
192.185.22.253,0.5
185.51.191.27,0.5
209.126.12.51,0.5
196.41.123.141,0.5
172.67.180.173,0.5
104.21.35.235,0.5
162.241.80.15,0.5
106.52.34.121,0.5
99.84.109.149,0.5
99.84.109.143,0.5
99.84.109.7,0.5
99.84.109.107,0.5
175.102.178.96,0.5
106.11.43.215,0.5
123.255.65.89,0.5
183.252.181.84,0.5
202.66.174.31,0.5
193.29.227.45,0.5
223.119.248.82,0.5
223.119.248.90,0.5
40.100.146.178,0.5
40.99.133.242,0.5
52.98.0.130,0.5
52.98.143.130,0.5
52.98.142.178,0.5
52.98.0.34,0.5
103.104.50.64,0.5
52.96.22.178,0.5
40.99.245.50,0.5
40.99.245.34,0.5
52.96.122.98,0.5
52.96.8.130,0.5
52.96.91.66,0.5
52.96.103.2,0.5
109.203.123.192,0.5
65.99.252.179,0.5
86.107.32.142,0.5
89.117.96.162,0.5
13.224.157.244,0.5
154.0.166.208,0.5
162.0.209.125,0.5
183.216.179.30,0.5
103.18.208.148,0.5
108.179.252.198,0.5
202.160.129.164,0.5
217.21.72.73,0.5
136.156.155.74,0.5
37.27.57.153,0.5
192.185.52.170,0.5
178.63.30.78,0.5
109.68.165.209,0.5
13.226.120.70,0.5
13.226.120.117,0.5
210.76.76.131,0.5
45.141.58.51,0.5
5.2.85.46,0.5
59.110.185.25,0.5
104.219.248.99,0.5
172.67.161.119,0.5
104.21.73.107,0.5
223.119.206.189,0.5
138.128.163.34,0.5
54.91.59.199,0.5
52.20.78.240,0.5
3.220.57.224,0.5
3.232.242.170,0.5
82.98.171.70,0.5
131.226.202.20,0.5
13.238.99.138,0.5
13.54.130.134,0.5
52.64.159.96,0.5
166.62.27.58,0.5
185.90.56.91,0.5
172.96.161.186,0.5
23.33.184.236,0.5
221.122.83.25,0.5
5.189.161.236,0.5
160.153.128.26,0.5
147.92.146.242,0.5
104.21.75.253,0.5
172.67.184.142,0.5
148.251.54.62,0.5
51.38.54.197,0.5
104.21.235.114,0.5
104.21.235.113,0.5
199.188.200.48,0.5
5.104.83.51,0.5
104.18.32.60,0.5
172.64.155.196,0.5
109.234.167.98,0.5
128.119.50.91,0.5
68.66.200.211,0.5
106.122.200.202,0.5
174.37.154.236,0.5
108.170.28.35,0.5
191.101.228.17,0.5
185.90.59.231,0.5
190.107.178.49,0.5
70.32.23.48,0.5
220.194.117.141,0.5
173.236.212.213,0.5
172.67.221.71,0.5
104.21.94.82,0.5
68.178.224.16,0.5
184.72.1.148,0.5
64.34.67.250,0.5
104.18.5.138,0.5
104.18.4.138,0.5
149.56.117.69,0.5
72.167.42.217,0.5
140.143.214.191,0.5
154.8.188.193,0.5
49.233.116.126,0.5
81.70.227.86,0.5
212.1.211.173,0.5
67.23.238.109,0.5
149.56.147.198,0.5
120.76.43.192,0.5
54.192.18.108,0.5
212.45.144.138,0.5
162.0.232.219,0.5
162.241.169.207,0.5
13.224.167.13,0.5
13.224.167.23,0.5
103.74.50.106,0.5
103.74.50.105,0.5
162.213.251.204,0.5
119.39.120.57,0.5
8.139.73.64,0.5
104.21.36.157,0.5
172.67.196.122,0.5
188.241.222.211,0.5
52.98.204.146,0.5
52.98.196.18,0.5
173.194.56.40,0.5
23.225.30.101,0.5
204.44.192.78,0.5
80.91.126.9,0.5
52.97.164.2,0.5
40.99.221.34,0.5
52.97.211.50,0.5
52.98.161.34,0.5
18.154.144.55,0.5
18.154.144.122,0.5
18.154.144.89,0.5
18.154.144.63,0.5
43.152.15.142,0.5
43.152.14.129,0.5
172.67.218.151,0.5
104.21.78.78,0.5
195.35.6.220,0.5
216.246.46.69,0.5
208.91.199.91,0.5
206.247.4.213,0.5
104.26.3.123,0.5
104.26.2.123,0.5
172.67.68.13,0.5
52.96.88.82,0.5
52.96.32.2,0.5
52.96.109.146,0.5
52.96.88.66,0.5
115.231.99.114,0.5
209.59.168.220,0.5
170.39.213.161,0.5
139.17.1.2,0.5
208.91.198.82,0.5
166.111.4.40,0.5
94.130.135.171,0.5
34.117.56.211,0.5
59.110.185.98,0.5
162.0.232.45,0.5
91.92.243.114,0.5
217.160.0.18,0.5
40.99.129.146,0.5
40.99.133.50,0.5
52.98.77.50,0.5
40.99.129.34,0.5
40.99.131.162,0.5
40.99.128.114,0.5
162.0.235.186,0.5
68.66.226.77,0.5
52.98.80.210,0.5
52.98.46.146,0.5
40.99.76.82,0.5
52.98.50.2,0.5
120.226.26.187,0.5
47.93.126.130,0.5
172.67.207.61,0.5
104.21.66.202,0.5
68.178.145.227,0.5
141.226.228.48,0.5
129.215.97.226,0.5
104.21.62.136,0.5
172.67.136.47,0.5
185.111.89.228,0.5
103.74.119.98,0.5
120.133.217.45,0.5
120.133.255.52,0.5
211.147.75.120,0.5
211.148.19.70,0.5
184.86.217.70,0.5
64.225.91.73,0.5
172.67.178.235,0.5
104.21.31.173,0.5
116.203.26.49,0.5
205.185.208.154,0.5
59.110.185.48,0.5
104.26.5.201,0.5
104.26.4.201,0.5
172.67.75.55,0.5
104.192.141.1,0.5
202.108.88.41,0.5
18.25.16.111,0.5
192.185.74.76,0.5
216.37.42.60,0.5
52.97.26.50,0.5
52.97.78.82,0.5
52.97.79.242,0.5
52.97.33.114,0.5
95.211.197.162,0.5
128.199.241.152,0.5
20.150.79.68,0.5
20.150.70.36,0.5
20.150.38.228,0.5
192.185.184.201,0.5
162.0.209.123,0.5
144.76.37.139,0.5
172.67.218.123,0.5
104.21.53.201,0.5
3.5.64.51,0.5
52.218.56.24,0.5
52.218.29.96,0.5
52.218.91.32,0.5
3.5.71.191,0.5
52.218.28.136,0.5
3.5.66.215,0.5
52.218.41.16,0.5
52.96.157.82,0.5
52.96.164.130,0.5
192.185.114.198,0.5
162.214.152.82,0.5
108.167.188.208,0.5
110.43.68.154,0.5
162.240.22.198,0.5
45.116.141.196,0.5
62.77.153.100,0.5
20.60.57.139,0.5
162.254.39.138,0.5
39.97.120.3,0.5
213.239.202.83,0.5
59.82.31.142,0.5
155.31.251.37,0.5
81.181.254.23,0.5
13.225.103.5,0.5
13.225.103.69,0.5
13.225.103.24,0.5
13.225.103.119,0.5
137.220.58.128,0.5
202.116.65.223,0.5
65.109.38.105,0.5
54.179.142.208,0.5
54.254.41.225,0.5
13.224.161.4,0.5
13.224.161.146,0.5
13.224.161.155,0.5
111.206.174.2,0.5
111.206.174.3,0.5
54.165.240.143,0.5
23.108.55.81,0.5
217.160.0.60,0.5
68.178.245.28,0.5
185.245.180.129,0.5
208.109.41.244,0.5
165.22.216.201,0.5
103.86.177.233,0.5
182.92.163.95,0.5
169.254.254.100,0.5
162.240.10.194,0.5
89.117.139.137,0.5
210.76.57.253,0.5
172.67.157.174,0.5
104.21.14.33,0.5
68.178.239.231,0.5
185.247.61.32,0.5
190.90.160.166,0.5
170.72.23.85,0.5
35.174.229.33,0.5
44.194.161.170,0.5
54.161.110.241,0.5
52.23.60.200,0.5
18.213.82.182,0.5
3.210.179.225,0.5
54.83.27.187,0.5
162.241.203.105,0.5
185.216.114.20,0.5
3.94.70.174,0.5
44.198.244.196,0.5
185.150.190.123,0.5
179.61.189.163,0.5
89.32.251.13,0.5
217.16.182.232,0.5
89.42.218.237,0.5
211.137.121.128,0.5
209.95.56.60,0.5
185.213.91.177,0.5
50.6.138.154,0.5
162.255.119.219,0.5
191.101.228.114,0.5
148.72.244.212,0.5
47.101.41.71,0.5
160.153.250.128,0.5
23.203.135.18,0.5
23.203.135.48,0.5
128.135.53.99,0.5
219.218.128.177,0.5
198.54.114.201,0.5
45.133.250.2,0.5
185.104.172.205,0.5
202.205.80.182,0.5
158.255.46.94,0.5
59.110.190.190,0.5
192.185.120.230,0.5
23.111.189.130,0.5
54.192.18.37,0.5
23.48.201.27,0.5
23.48.201.33,0.5
93.158.134.121,0.5
117.175.61.128,0.5
199.59.150.39,0.5
78.135.82.192,0.5
31.44.83.199,0.5
104.21.95.132,0.5
172.67.144.250,0.5
162.213.255.91,0.5
108.179.253.63,0.5
104.18.0.228,0.5
104.18.1.228,0.5
146.190.55.236,0.5
103.160.170.74,0.5
104.21.8.56,0.5
172.67.188.81,0.5
104.244.43.104,0.5
185.162.89.5,0.5
47.90.6.61,0.5
186.202.153.146,0.5
222.143.34.225,0.5
182.92.35.40,0.5
39.97.30.210,0.5
13.225.103.45,0.5
111.206.227.150,0.5
104.26.8.32,0.5
172.67.71.251,0.5
104.26.9.32,0.5
31.14.23.111,0.5
208.109.58.44,0.5
185.27.134.33,0.5
125.211.197.60,0.5
88.99.137.18,0.5
192.185.4.38,0.5
142.132.136.117,0.5
104.21.90.82,0.5
172.67.197.174,0.5
5.230.92.236,0.5
162.241.62.216,0.5
204.197.172.130,0.5
18.209.242.38,0.5
195.29.178.23,0.5
65.99.225.37,0.5
45.130.230.6,0.5
106.75.121.202,0.5
106.75.121.208,0.5
120.92.119.111,0.5
120.92.211.98,0.5
120.92.44.66,0.5
120.92.84.53,0.5
120.131.1.180,0.5
103.195.185.3,0.5
192.76.146.204,0.5
202.92.7.104,0.5
199.96.59.95,0.5
191.101.228.26,0.5
191.101.228.63,0.5
20.120.65.166,0.5
207.174.212.128,0.5
204.93.224.184,0.5
52.137.91.148,0.5
172.67.218.2,0.5
104.21.43.37,0.5
17.252.196.23,0.5
43.250.140.31,0.5
23.33.92.43,0.5
23.33.92.28,0.5
172.67.68.254,0.5
104.26.6.164,0.5
104.26.7.164,0.5
54.192.18.96,0.5
54.192.18.13,0.5
46.105.132.100,0.5
111.203.20.220,0.5
157.240.12.36,0.5
178.162.215.139,0.5
128.199.238.27,0.5
220.181.174.226,0.5
185.55.225.242,0.5
192.185.167.112,0.5
43.137.128.133,0.5
194.163.42.213,0.5
162.240.26.146,0.5
104.21.73.108,0.5
172.67.189.169,0.5
67.223.118.126,0.5
5.101.173.45,0.5
40.99.217.146,0.5
52.98.227.210,0.5
52.98.228.34,0.5
52.98.224.178,0.5
52.98.234.242,0.5
173.201.184.81,0.5
192.185.129.215,0.5
192.81.210.116,0.5
212.71.245.237,0.5
185.80.48.2,0.5
54.148.163.72,0.5
100.22.7.160,0.5
54.70.50.28,0.5
198.187.29.142,0.5
104.21.47.247,0.5
172.67.174.214,0.5
185.154.136.24,0.5
92.205.2.7,0.5
108.160.165.212,0.5
172.67.187.60,0.5
104.21.4.242,0.5
112.47.33.17,0.5
218.9.77.40,0.5
192.185.21.1,0.5
65.52.183.71,0.5
119.3.232.73,0.5
139.9.129.75,0.5
185.166.140.12,0.5
185.166.140.11,0.5
185.166.140.10,0.5
207.210.232.20,0.5
45.60.125.229,0.5
91.234.46.212,0.5
172.104.185.189,0.5
20.205.243.166,0.5
3.216.87.62,0.5
54.174.64.139,0.5
199.91.155.87,0.5
179.61.189.206,0.5
202.90.110.14,0.5
202.90.108.28,0.5
106.53.144.102,0.5
162.0.229.251,0.5
205.162.42.171,0.5
52.98.171.226,0.5
120.55.197.157,0.5
120.26.77.63,0.5
199.16.158.190,0.5
172.67.185.251,0.5
104.21.0.109,0.5
23.33.184.241,0.5
23.33.184.244,0.5
60.205.218.54,0.5
13.226.225.52,0.5
13.226.225.51,0.5
13.226.225.7,0.5
13.226.225.92,0.5
13.225.95.217,0.5
13.225.95.92,0.5
13.225.95.44,0.5
13.225.95.192,0.5
138.128.188.146,0.5
58.42.9.185,0.5
45.130.41.12,0.5
180.222.102.202,0.5
180.222.102.201,0.5
5.9.122.222,0.5
104.219.248.45,0.5
183.237.146.37,0.5
201.217.243.198,0.5
120.53.205.31,0.5
192.185.90.125,0.5
192.185.155.5,0.5
81.18.67.23,0.5
34.42.56.19,0.5
172.67.159.22,0.5
104.21.34.101,0.5
79.98.104.6,0.5
13.107.6.171,0.5
86.107.36.16,0.5
199.59.149.205,0.5
5.9.71.182,0.5
20.60.194.225,0.5
167.235.239.164,0.5
35.209.126.122,0.5
41.185.64.155,0.5
173.193.105.246,0.5
185.181.124.20,0.5
13.35.37.225,0.5
13.35.37.179,0.5
13.35.37.121,0.5
13.35.37.151,0.5
172.67.211.158,0.5
104.21.35.22,0.5
34.228.154.219,0.5
52.0.81.214,0.5
66.29.146.205,0.5
216.69.172.57,0.5
47.92.17.17,0.5
192.185.5.67,0.5
65.181.111.172,0.5
13.224.227.79,0.5
13.224.227.223,0.5
13.224.227.92,0.5
13.224.227.89,0.5
104.21.32.208,0.5
172.67.187.122,0.5
106.11.52.98,0.5
65.8.184.158,0.5
65.8.184.25,0.5
65.8.184.35,0.5
65.8.184.183,0.5
119.23.80.65,0.5
179.61.189.122,0.5
175.6.29.133,0.5
175.6.29.142,0.5
175.6.29.135,0.5
175.6.29.137,0.5
175.6.29.146,0.5
175.6.29.147,0.5
175.6.29.132,0.5
175.6.29.134,0.5
175.6.29.131,0.5
175.6.29.136,0.5
175.6.29.138,0.5
175.6.29.143,0.5
175.6.29.145,0.5
124.237.225.137,0.5
51.222.40.139,0.5
108.160.169.179,0.5
89.42.218.206,0.5
103.229.73.123,0.5
65.60.20.182,0.5
52.217.75.193,0.5
52.217.174.97,0.5
54.231.130.201,0.5
52.216.185.251,0.5
3.5.10.196,0.5
52.216.48.201,0.5
52.216.88.115,0.5
3.5.27.112,0.5
103.47.150.247,0.5
134.170.3.184,0.5
182.239.58.3,0.5
112.213.89.186,0.5
191.101.228.83,0.5
198.54.125.59,0.5
148.66.138.111,0.5
95.156.237.87,0.5
185.159.153.84,0.5
78.110.50.106,0.5
58.63.233.69,0.5
223.119.229.207,0.5
157.185.188.1,0.5
47.110.177.75,0.5
185.194.90.6,0.5
108.129.51.58,0.5
18.202.76.126,0.5
34.252.251.254,0.5
3.253.176.139,0.5
192.185.16.232,0.5
109.234.161.76,0.5
146.75.93.46,0.5
195.242.103.105,0.5
104.21.52.239,0.5
172.67.205.119,0.5
92.205.4.95,0.5
103.147.154.162,0.5
185.70.92.179,0.5
50.87.199.144,0.5
155.52.206.12,0.5
198.54.126.51,0.5
188.212.252.240,0.5
89.107.184.20,0.5
62.77.153.150,0.5
8.134.189.170,0.5
172.105.238.142,0.5
74.207.253.89,0.5
66.254.114.211,0.5
198.54.126.52,0.5
52.218.183.74,0.5
3.5.80.111,0.5
52.218.234.217,0.5
52.92.202.50,0.5
3.5.84.124,0.5
52.92.189.210,0.5
52.218.229.113,0.5
52.218.246.201,0.5
185.92.195.96,0.5
104.21.21.16,0.5
172.67.195.247,0.5
172.67.149.161,0.5
104.21.95.237,0.5
18.165.121.80,0.5
18.165.121.22,0.5
18.165.121.194,0.5
18.165.121.180,0.5
172.67.219.64,0.5
104.21.24.146,0.5
111.75.211.156,0.5
108.167.180.91,0.5
101.35.22.239,0.5
43.138.244.219,0.5
8.134.70.41,0.5
47.102.109.161,0.5
193.30.119.111,0.5
185.206.27.34,0.5
172.67.133.182,0.5
104.21.14.10,0.5
99.83.247.83,0.5
75.2.53.133,0.5
54.39.81.129,0.5
1.66.92.209,0.5
1.66.92.208,0.5
1.66.92.199,0.5
112.86.231.196,0.5
59.70.228.6,0.5
162.241.61.249,0.5
103.30.0.66,0.5
52.96.230.242,0.5
40.99.227.34,0.5
52.96.88.210,0.5
104.21.33.213,0.5
172.67.166.220,0.5
40.97.212.18,0.5
40.99.191.130,0.5
52.96.57.2,0.5
104.18.39.149,0.5
172.64.148.107,0.5
179.61.189.118,0.5
51.159.14.89,0.5
207.148.1.216,0.5
13.226.220.48,0.5
13.226.220.185,0.5
13.226.220.22,0.5
13.226.220.68,0.5
13.226.123.44,0.5
13.226.123.195,0.5
13.226.123.113,0.5
211.64.142.154,0.5
222.187.225.110,0.5
180.163.237.73,0.5
35.162.215.41,0.5
34.213.135.239,0.5
52.35.215.173,0.5
106.4.158.184,0.5
107.161.176.90,0.5
131.111.133.30,0.5
52.96.185.194,0.5
52.96.181.226,0.5
52.96.97.130,0.5
52.96.37.34,0.5
52.41.208.95,0.5
46.17.173.123,0.5
23.108.103.231,0.5
139.5.86.149,0.5
67.217.57.26,0.5
103.83.194.130,0.5
147.154.237.60,0.5
103.135.32.157,0.5
172.67.129.82,0.5
104.21.2.148,0.5
198.251.81.49,0.5
112.90.157.7,0.5
112.90.157.8,0.5
112.90.157.5,0.5
112.90.157.3,0.5
112.90.157.6,0.5
112.90.157.4,0.5
104.20.67.143,0.5
172.67.34.170,0.5
104.20.68.143,0.5
103.181.234.7,0.5
192.99.70.154,0.5
52.96.51.98,0.5
44.196.50.88,0.5
3.229.31.187,0.5
185.111.234.11,0.5
109.244.209.124,0.5
185.61.154.207,0.5
129.132.19.216,0.5
129.164.128.233,0.5
196.41.123.191,0.5
157.90.225.61,0.5
94.23.145.222,0.5
47.115.146.246,0.5
72.167.59.179,0.5
44.227.19.130,0.5
5.161.50.20,0.5
112.213.89.73,0.5
195.191.25.21,0.5
184.168.101.160,0.5
185.125.161.70,0.5
35.75.154.223,0.5
202.116.48.3,0.5
54.192.18.60,0.5
186.64.119.200,0.5
198.54.120.145,0.5
5.189.177.94,0.5
202.204.112.10,0.5
104.21.2.211,0.5
172.67.129.179,0.5
140.246.103.219,0.5
178.63.45.179,0.5
13.224.161.31,0.5
13.224.161.21,0.5
13.224.161.18,0.5
13.224.161.204,0.5
34.214.170.3,0.5
208.115.215.106,0.5
101.200.58.136,0.5
106.14.229.136,0.5
198.54.125.150,0.5
166.62.75.225,0.5
59.110.190.221,0.5
41.185.8.216,0.5
65.99.225.172,0.5
69.90.162.170,0.5
20.185.212.106,0.5
194.163.145.137,0.5
103.110.127.115,0.5
117.50.93.63,0.5
185.136.84.129,0.5
54.39.11.129,0.5
52.97.220.18,0.5
52.97.151.98,0.5
52.98.213.194,0.5
52.97.183.162,0.5
52.98.213.146,0.5
52.98.213.114,0.5
147.154.36.62,0.5
20.75.91.15,0.5
141.8.192.103,0.5
185.87.187.131,0.5
188.40.167.110,0.5
86.107.32.28,0.5
35.242.243.226,0.5
52.216.221.144,0.5
52.217.201.176,0.5
52.217.123.120,0.5
52.217.122.16,0.5
52.217.164.216,0.5
16.182.37.128,0.5
52.217.227.248,0.5
52.217.129.96,0.5
186.224.105.80,0.5
18.66.40.128,0.5
18.66.40.118,0.5
18.66.40.20,0.5
18.66.40.183,0.5
47.100.40.201,0.5
20.60.220.97,0.5
121.251.249.39,0.5
121.251.249.38,0.5
52.5.12.126,0.5
35.173.7.190,0.5
52.55.253.247,0.5
162.241.211.148,0.5
38.29.223.42,0.5
23.235.240.142,0.5
38.29.223.142,0.5
198.252.105.94,0.5
59.110.117.133,0.5
104.18.34.83,0.5
172.64.153.173,0.5
104.21.2.89,0.5
172.67.128.254,0.5
52.192.24.3,0.5
13.231.46.175,0.5
152.61.140.10,0.5
223.119.214.238,0.5
202.194.15.159,0.5
103.240.220.35,0.5
59.110.185.111,0.5
17.253.118.202,0.5
17.253.118.201,0.5
223.119.208.249,0.5
199.60.103.70,0.5
199.60.103.170,0.5
124.146.171.124,0.5
108.163.221.124,0.5
104.21.13.223,0.5
172.67.133.79,0.5
219.217.226.17,0.5
112.74.1.138,0.5
120.35.29.63,0.5
217.160.0.212,0.5
94.46.167.185,0.5
223.119.242.179,0.5
104.21.38.194,0.5
172.67.138.29,0.5
47.113.75.180,0.5
96.44.137.28,0.5
80.88.87.254,0.5
198.54.116.56,0.5
109.234.160.38,0.5
108.160.170.45,0.5
66.29.132.117,0.5
3.227.78.107,0.5
40.97.221.114,0.5
40.97.220.34,0.5
103.20.190.80,0.5
192.185.52.218,0.5
199.188.206.3,0.5
93.125.99.85,0.5
185.60.216.50,0.5
109.234.162.37,0.5
133.242.207.78,0.5
192.185.213.238,0.5
58.220.70.95,0.5
199.188.200.110,0.5
45.76.189.18,0.5
148.163.143.147,0.5
54.192.248.133,0.5
54.192.248.204,0.5
54.192.248.183,0.5
54.192.248.158,0.5
34.218.151.126,0.5
44.231.202.244,0.5
52.89.178.42,0.5
217.21.73.48,0.5
198.251.84.7,0.5
162.241.61.68,0.5
5.172.176.24,0.5
52.51.98.190,0.5
18.202.47.133,0.5
34.242.55.161,0.5
54.192.18.73,0.5
47.92.18.13,0.5
52.222.250.121,0.5
52.222.250.220,0.5
52.222.250.26,0.5
52.222.250.36,0.5
103.125.255.40,0.5
108.167.132.147,0.5
18.26.5.43,0.5
49.7.27.88,0.5
211.151.8.251,0.5
194.146.104.10,0.5
119.18.49.24,0.5
121.15.214.143,0.5
65.181.111.169,0.5
192.254.225.204,0.5
111.118.215.154,0.5
67.23.238.17,0.5
172.67.200.38,0.5
104.21.82.100,0.5
122.10.51.134,0.5
68.178.149.50,0.5
68.178.147.71,0.5
172.67.129.72,0.5
104.21.2.139,0.5
188.164.201.250,0.5
85.9.63.219,0.5
140.82.63.111,0.5
103.227.176.5,0.5
67.223.118.156,0.5
54.253.149.44,0.5
194.181.228.80,0.5
198.57.247.187,0.5
125.76.229.233,0.5
92.204.139.85,0.5
59.82.31.244,0.5
104.21.48.93,0.5
172.67.183.63,0.5
162.214.123.34,0.5
201.148.104.179,0.5
104.21.19.56,0.5
172.67.185.68,0.5
129.211.179.197,0.5
129.211.161.170,0.5
172.67.149.171,0.5
104.21.29.193,0.5
47.101.88.17,0.5
5.230.92.221,0.5
106.39.169.42,0.5
47.75.19.77,0.5
103.152.79.181,0.5
192.248.172.128,0.5
120.92.144.250,0.5
157.122.49.7,0.5
120.197.33.7,0.5
210.76.75.85,0.5
78.142.63.228,0.5
147.8.162.253,0.5
185.33.54.11,0.5
14.29.178.186,0.5
40.118.80.223,0.5
179.61.192.67,0.5
123.231.70.119,0.5
188.241.120.6,0.5
194.15.112.248,0.5
5.253.86.15,0.5
217.144.105.212,0.5
42.186.192.167,0.5
18.209.81.34,0.5
34.195.134.147,0.5
198.91.87.101,0.5
172.104.82.74,0.5
68.65.122.235,0.5
102.218.213.31,0.5
139.99.4.168,0.5
104.21.51.21,0.5
172.67.218.122,0.5
185.56.218.3,0.5
208.88.224.99,0.5
41.185.8.61,0.5
172.67.215.5,0.5
104.21.50.245,0.5
93.93.51.201,0.5
128.242.245.125,0.5
45.7.230.150,0.5
169.48.189.138,0.5
47.113.75.183,0.5
89.207.22.105,0.5
130.88.101.165,0.5
140.210.88.241,0.5
45.113.20.97,0.5
45.113.20.92,0.5
45.113.20.98,0.5
45.113.20.79,0.5
45.113.20.80,0.5
45.113.20.91,0.5
140.210.88.240,0.5
140.210.88.243,0.5
140.210.88.242,0.5
103.8.25.11,0.5
109.232.217.128,0.5
104.21.15.88,0.5
172.67.161.254,0.5
139.5.86.161,0.5
192.124.249.132,0.5
52.97.202.66,0.5
40.99.205.98,0.5
52.98.207.2,0.5
5.189.139.208,0.5
68.66.248.45,0.5
172.67.192.104,0.5
104.21.81.253,0.5
47.110.178.66,0.5
3.138.164.131,0.5
170.249.207.154,0.5
104.21.14.145,0.5
172.67.159.175,0.5
77.238.121.250,0.5
67.223.118.106,0.5
64.202.191.224,0.5
39.96.127.170,0.5
112.175.184.61,0.5
170.72.33.248,0.5
192.185.131.153,0.5
67.225.140.108,0.5
106.15.160.224,0.5
111.124.200.42,0.5
38.180.29.65,0.5
162.0.209.76,0.5
101.237.39.111,0.5
223.119.221.67,0.5
103.139.103.172,0.5
46.30.213.155,0.5
185.193.27.47,0.5
104.45.81.79,0.5
13.224.161.140,0.5
13.224.161.229,0.5
13.224.161.52,0.5
13.224.161.180,0.5
216.250.96.181,0.5
103.75.117.169,0.5
131.72.236.113,0.5
172.67.209.149,0.5
104.21.77.157,0.5
103.20.202.153,0.5
44.195.50.185,0.5
54.83.31.178,0.5
3.216.11.49,0.5
85.187.128.28,0.5
49.7.36.224,0.5
5.180.184.231,0.5
91.203.63.75,0.5
195.216.197.40,0.5
66.29.146.76,0.5
47.92.97.157,0.5
112.46.2.18,0.5
87.240.132.67,0.5
87.240.132.72,0.5
93.186.225.194,0.5
87.240.137.164,0.5
87.240.129.133,0.5
87.240.132.78,0.5
138.253.13.50,0.5
223.119.202.62,0.5
186.64.118.50,0.5
141.95.35.115,0.5
174.141.234.138,0.5
173.201.191.100,0.5
172.67.172.2,0.5
104.21.79.238,0.5
202.193.160.49,0.5
202.193.160.52,0.5
42.99.140.57,0.5
42.99.140.41,0.5
109.223.63.239,0.5
183.179.229.6,0.5
52.96.113.210,0.5
83.149.93.137,0.5
162.251.85.153,0.5
191.101.228.233,0.5
154.12.224.67,0.5
185.146.22.233,0.5
210.40.0.34,0.5
162.241.2.34,0.5
172.67.183.206,0.5
104.21.48.104,0.5
64.13.192.74,0.5
64.29.151.221,0.5
103.229.73.106,0.5
185.185.15.4,0.5
162.0.209.150,0.5
72.55.148.136,0.5
23.94.150.194,0.5
210.56.51.193,0.5
162.241.219.182,0.5
164.160.91.37,0.5
212.47.208.143,0.5
192.119.110.104,0.5
109.234.160.84,0.5
121.40.195.238,0.5
121.40.128.214,0.5
121.40.189.47,0.5
120.55.71.177,0.5
121.40.226.146,0.5
162.241.2.49,0.5
159.69.163.101,0.5
116.202.60.226,0.5
157.90.85.57,0.5
202.79.171.18,0.5
170.72.74.166,0.5
13.224.167.31,0.5
13.224.167.91,0.5
121.43.157.168,0.5
198.54.121.136,0.5
77.111.241.65,0.5
104.21.11.207,0.5
172.67.192.162,0.5
218.197.155.113,0.5
185.32.188.31,0.5
185.81.2.128,0.5
195.35.44.145,0.5
217.146.69.9,0.5
109.70.148.46,0.5
202.119.224.202,0.5
221.121.143.159,0.5
64.37.52.152,0.5
104.21.70.140,0.5
172.67.136.49,0.5
136.143.191.162,0.5
13.226.120.125,0.5
13.226.120.24,0.5
13.226.120.10,0.5
13.226.120.17,0.5
104.21.92.90,0.5
172.67.190.222,0.5
104.21.56.85,0.5
172.67.181.178,0.5
92.205.144.175,0.5
47.104.38.201,0.5
72.29.70.183,0.5
37.244.28.102,0.5
54.74.68.52,0.5
34.248.98.230,0.5
34.253.178.11,0.5
162.0.209.113,0.5
47.106.53.218,0.5
20.209.35.164,0.5
185.66.41.205,0.5
222.198.118.164,0.5
121.194.0.143,0.5
52.68.219.14,0.5
46.51.234.129,0.5
119.188.15.230,0.5
27.221.108.51,0.5
112.13.67.101,0.5
108.160.169.181,0.5
8.131.208.122,0.5
194.49.94.85,0.5
154.206.193.10,0.5
74.81.94.123,0.5
153.92.10.143,0.5
179.61.137.100,0.5
40.99.220.226,0.5
52.98.160.210,0.5
52.98.160.162,0.5
52.97.178.2,0.5
103.212.226.233,0.5
148.251.127.55,0.5
198.38.88.84,0.5
157.255.133.76,0.5
23.195.109.127,0.5
213.13.26.153,0.5
213.13.26.154,0.5
213.13.26.152,0.5
104.26.4.138,0.5
104.26.5.138,0.5
172.67.70.226,0.5
116.202.32.223,0.5
34.210.66.112,0.5
13.33.50.28,0.5
13.33.50.126,0.5
13.33.50.69,0.5
13.33.50.139,0.5
154.8.158.225,0.5
47.95.85.23,0.5
167.250.5.28,0.5
104.244.43.128,0.5
183.61.189.170,0.5
49.233.57.123,0.5
49.233.57.124,0.5
152.136.7.96,0.5
152.136.7.97,0.5
152.136.238.129,0.5
152.136.238.130,0.5
68.65.122.198,0.5
47.104.38.244,0.5
162.241.85.74,0.5
106.53.131.19,0.5
42.194.152.37,0.5
104.247.168.116,0.5
23.195.109.137,0.5
179.61.189.15,0.5
5.77.41.150,0.5
65.181.111.31,0.5
206.189.203.32,0.5
136.142.171.31,0.5
202.196.64.199,0.5
112.126.122.245,0.5
112.126.122.35,0.5
47.94.116.51,0.5
104.19.148.8,0.5
104.19.147.8,0.5
202.116.64.232,0.5
13.249.90.23,0.5
13.249.90.201,0.5
13.249.90.9,0.5
13.249.90.127,0.5
13.225.103.40,0.5
13.225.103.102,0.5
85.195.81.16,0.5
36.155.192.250,0.5
122.194.221.251,0.5
58.215.136.250,0.5
58.215.136.251,0.5
122.194.221.250,0.5
36.155.192.251,0.5
202.116.48.97,0.5
192.3.201.175,0.5
195.110.124.133,0.5
117.18.237.177,0.5
13.225.95.185,0.5
13.225.95.175,0.5
13.225.95.120,0.5
13.225.95.181,0.5
179.61.189.92,0.5
179.61.189.172,0.5
120.221.80.216,0.5
140.249.62.72,0.5
119.167.234.54,0.5
36.248.56.97,0.5
168.119.145.77,0.5
211.66.136.21,0.5
52.96.93.194,0.5
40.99.180.18,0.5
40.99.227.194,0.5
52.96.85.66,0.5
40.99.253.162,0.5
52.96.49.66,0.5
139.99.123.118,0.5
107.162.137.224,0.5
52.96.122.2,0.5
52.96.104.50,0.5
52.96.165.178,0.5
52.97.150.2,0.5
52.98.227.162,0.5
52.98.227.146,0.5
111.202.89.78,0.5
198.54.115.253,0.5
45.136.229.236,0.5
52.96.180.114,0.5
52.96.119.130,0.5
152.195.32.11,0.5
81.88.52.40,0.5
142.44.253.80,0.5
162.0.235.13,0.5
169.44.171.149,0.5
38.242.223.66,0.5
175.27.2.41,0.5
13.226.123.77,0.5
13.226.123.183,0.5
13.226.123.43,0.5
13.226.123.78,0.5
130.208.214.3,0.5
89.32.248.32,0.5
139.162.17.123,0.5
123.60.127.75,0.5
119.3.116.170,0.5
1.94.68.10,0.5
1.94.73.10,0.5
119.3.116.171,0.5
123.60.127.34,0.5
120.92.58.76,0.5
93.188.2.51,0.5
101.89.224.25,0.5
173.255.250.29,0.5
5.161.177.192,0.5
193.219.28.2,0.5
146.75.92.193,0.5
47.98.173.47,0.5
122.201.127.17,0.5
128.210.5.17,0.5
46.4.96.88,0.5
103.152.249.43,0.5
160.153.0.175,0.5
162.215.254.118,0.5
161.129.154.59,0.5
18.195.235.189,0.5
3.126.133.169,0.5
18.157.122.248,0.5
157.90.176.32,0.5
5.9.197.244,0.5
163.43.87.203,0.5
178.254.10.136,0.5
185.206.24.61,0.5
107.180.74.77,0.5
185.84.28.56,0.5
162.0.235.215,0.5
80.82.113.174,0.5
15.165.3.35,0.5
13.124.224.165,0.5
179.61.189.158,0.5
59.63.165.45,0.5
208.109.22.54,0.5
198.20.112.19,0.5
208.109.41.234,0.5
46.252.153.53,0.5
120.25.177.115,0.5
192.185.210.166,0.5
104.21.95.133,0.5
172.67.144.251,0.5
185.33.54.8,0.5
107.161.23.47,0.5
185.27.133.7,0.5
198.251.88.65,0.5
79.142.73.155,0.5
179.61.189.145,0.5
192.185.79.198,0.5
103.191.241.242,0.5
161.129.152.83,0.5
93.125.99.7,0.5
151.101.2.166,0.5
151.101.194.166,0.5
151.101.130.166,0.5
151.101.66.166,0.5
190.8.176.118,0.5
104.17.218.177,0.5
104.17.219.177,0.5
104.17.217.177,0.5
104.17.221.177,0.5
104.17.220.177,0.5
103.83.81.108,0.5
42.0.28.63,0.5
164.160.91.27,0.5
121.36.45.96,0.5
103.6.244.18,0.5
103.212.121.151,0.5
104.18.30.131,0.5
104.18.31.131,0.5
196.203.199.20,0.5
